# Blender 5.2.1 LTS
# www.blender.org
mtllib 1x9_rails.mtl
o half_height_1x9_rails
v 0.342806 0.412785 -5.549267
v 0.308662 0.426981 -5.548449
v 0.308662 0.412785 -5.549267
v 0.318296 0.412785 -5.549267
v 0.308662 0.426981 -5.548449
v 0.342806 0.412785 -5.549267
v 0.352440 0.412785 -5.549267
v 0.352440 0.426981 -5.548449
v 0.300551 0.367076 -5.551901
v 0.360551 0.367076 -5.551901
v 0.360551 0.382538 -5.551010
v 0.342806 0.382538 -5.551010
v 0.342806 0.382538 -5.551010
v 0.318296 0.382538 -5.551010
v 0.300551 0.382538 -5.551010
v 0.300551 0.367076 -5.551901
v 0.318296 0.412785 -5.549267
v 0.318296 0.382538 -5.551010
v 0.342806 0.382538 -5.551010
v 0.342806 0.412785 -5.549267
v 0.360551 0.382538 -5.551010
v 0.360551 0.367076 -5.551901
v 0.360551 0.421841 -6.552426
v 0.360551 0.437303 -6.551535
v 0.470074 0.326590 -5.860112
v 0.470074 0.386495 -5.856659
v -0.469926 0.386495 -5.856659
v -0.469926 0.326590 -5.860112
v 0.470074 0.334554 -6.000218
v 0.470074 0.394459 -5.996766
v 0.470074 0.386495 -5.856659
v 0.470074 0.326590 -5.860112
v -0.469926 0.334554 -6.000218
v -0.469926 0.394459 -5.996766
v 0.470074 0.394459 -5.996766
v 0.470074 0.334554 -6.000218
v -0.469926 0.326590 -5.860112
v -0.469926 0.386495 -5.856659
v -0.469926 0.394459 -5.996766
v -0.469926 0.334554 -6.000218
v 0.470074 0.386495 -5.856659
v 0.470074 0.394459 -5.996766
v -0.469926 0.394459 -5.996766
v -0.469926 0.386495 -5.856659
v 0.300551 0.437303 -6.551535
v 0.300551 0.421841 -6.552426
v 0.300551 0.367076 -5.551901
v 0.300551 0.382538 -5.551010
v 0.352440 0.481746 -6.548973
v 0.308662 0.481746 -6.548973
v 0.308662 0.426981 -5.548449
v 0.352440 0.426981 -5.548449
v 0.360551 0.421841 -6.552426
v 0.360551 0.367076 -5.551901
v 0.300551 0.367076 -5.551901
v 0.300551 0.421841 -6.552426
v 0.318296 0.412785 -5.549267
v 0.318296 0.467550 -6.549791
v 0.318296 0.437303 -6.551535
v 0.318296 0.382538 -5.551010
v 0.308662 0.426981 -5.548449
v 0.308662 0.481746 -6.548973
v 0.308662 0.467550 -6.549791
v 0.308662 0.412785 -5.549267
v 0.318296 0.467550 -6.549791
v 0.318296 0.412785 -5.549267
v 0.308662 0.412785 -5.549267
v 0.308662 0.467550 -6.549791
v 0.300551 0.437303 -6.551535
v 0.300551 0.382538 -5.551010
v 0.318296 0.382538 -5.551010
v 0.318296 0.437303 -6.551535
v 0.342806 0.467550 -6.549791
v 0.342806 0.412785 -5.549267
v 0.342806 0.382538 -5.551010
v 0.342806 0.437303 -6.551535
v 0.352440 0.481746 -6.548973
v 0.352440 0.426981 -5.548449
v 0.352440 0.412785 -5.549267
v 0.352440 0.467550 -6.549791
v 0.352440 0.467550 -6.549791
v 0.352440 0.412785 -5.549267
v 0.342806 0.412785 -5.549267
v 0.342806 0.467550 -6.549791
v 0.342806 0.437303 -6.551535
v 0.342806 0.382538 -5.551010
v 0.360551 0.382538 -5.551010
v 0.360551 0.437303 -6.551535
v -0.308514 0.412785 -5.549267
v -0.308514 0.426981 -5.548449
v -0.342658 0.412785 -5.549267
v -0.318148 0.412785 -5.549267
v -0.352292 0.426981 -5.548449
v -0.352292 0.412785 -5.549267
v -0.342658 0.412785 -5.549267
v -0.308514 0.426981 -5.548449
v -0.360403 0.382538 -5.551010
v -0.360403 0.367076 -5.551901
v -0.318148 0.382538 -5.551010
v -0.342658 0.382538 -5.551010
v -0.300403 0.367076 -5.551901
v -0.300403 0.382538 -5.551010
v -0.318148 0.382538 -5.551010
v -0.360403 0.367076 -5.551901
v -0.318148 0.382538 -5.551010
v -0.318148 0.412785 -5.549267
v -0.342658 0.412785 -5.549267
v -0.342658 0.382538 -5.551010
v -0.360403 0.421841 -6.552426
v -0.360403 0.367076 -5.551901
v -0.360403 0.382538 -5.551010
v -0.360403 0.437303 -6.551535
v 0.470074 0.312368 -5.609924
v 0.470074 0.372272 -5.606471
v -0.469926 0.372272 -5.606471
v -0.469926 0.312368 -5.609924
v 0.470074 0.320332 -5.750029
v 0.470074 0.380237 -5.746576
v 0.470074 0.372272 -5.606471
v 0.470074 0.312368 -5.609924
v -0.469926 0.320332 -5.750029
v -0.469926 0.380237 -5.746576
v 0.470074 0.380237 -5.746576
v 0.470074 0.320332 -5.750029
v -0.469926 0.312368 -5.609924
v -0.469926 0.372272 -5.606471
v -0.469926 0.380237 -5.746576
v -0.469926 0.320332 -5.750029
v 0.470074 0.372272 -5.606471
v 0.470074 0.380237 -5.746576
v -0.469926 0.380237 -5.746576
v -0.469926 0.372272 -5.606471
v -0.300403 0.367076 -5.551901
v -0.300403 0.421841 -6.552426
v -0.300403 0.437303 -6.551535
v -0.300403 0.382538 -5.551010
v -0.308514 0.426981 -5.548449
v -0.308514 0.481746 -6.548973
v -0.352292 0.481746 -6.548973
v -0.352292 0.426981 -5.548449
v -0.300403 0.367076 -5.551901
v -0.360403 0.367076 -5.551901
v -0.360403 0.421841 -6.552426
v -0.300403 0.421841 -6.552426
v -0.318148 0.437303 -6.551535
v -0.318148 0.467550 -6.549791
v -0.318148 0.412785 -5.549267
v -0.318148 0.382538 -5.551010
v -0.308514 0.467550 -6.549791
v -0.308514 0.481746 -6.548973
v -0.308514 0.426981 -5.548449
v -0.308514 0.412785 -5.549267
v -0.308514 0.412785 -5.549267
v -0.318148 0.412785 -5.549267
v -0.318148 0.467550 -6.549791
v -0.308514 0.467550 -6.549791
v -0.318148 0.382538 -5.551010
v -0.300403 0.382538 -5.551010
v -0.300403 0.437303 -6.551535
v -0.318148 0.437303 -6.551535
v -0.342658 0.382538 -5.551010
v -0.342658 0.412785 -5.549267
v -0.342658 0.467550 -6.549791
v -0.342658 0.437303 -6.551535
v -0.352292 0.412785 -5.549267
v -0.352292 0.426981 -5.548449
v -0.352292 0.481746 -6.548973
v -0.352292 0.467550 -6.549791
v -0.342658 0.412785 -5.549267
v -0.352292 0.412785 -5.549267
v -0.352292 0.467550 -6.549791
v -0.342658 0.467550 -6.549791
v -0.360403 0.382538 -5.551010
v -0.342658 0.382538 -5.551010
v -0.342658 0.437303 -6.551535
v -0.360403 0.437303 -6.551535
v -0.287793 0.320210 -5.664693
v -0.287793 0.400083 -5.660089
v -0.317793 0.400083 -5.660089
v -0.317793 0.320210 -5.664693
v -0.287793 0.321916 -5.694716
v -0.287793 0.401789 -5.690112
v -0.287793 0.400083 -5.660089
v -0.287793 0.320210 -5.664693
v -0.317793 0.321916 -5.694716
v -0.317793 0.401789 -5.690112
v -0.287793 0.401789 -5.690112
v -0.287793 0.321916 -5.694716
v -0.317793 0.320210 -5.664693
v -0.317793 0.400083 -5.660089
v -0.317793 0.401789 -5.690112
v -0.317793 0.321916 -5.694716
v -0.287793 0.400083 -5.660089
v -0.287793 0.401789 -5.690112
v -0.317793 0.401789 -5.690112
v -0.317793 0.400083 -5.660089
v 0.317941 0.400083 -5.660089
v 0.287941 0.400083 -5.660089
v 0.287941 0.320210 -5.664693
v 0.317941 0.320210 -5.664693
v 0.287941 0.400083 -5.660089
v 0.287941 0.401789 -5.690112
v 0.287941 0.321916 -5.694716
v 0.287941 0.320210 -5.664693
v 0.287941 0.401789 -5.690112
v 0.317941 0.401789 -5.690112
v 0.317941 0.321916 -5.694716
v 0.287941 0.321916 -5.694716
v 0.317941 0.401789 -5.690112
v 0.317941 0.400083 -5.660089
v 0.317941 0.320210 -5.664693
v 0.317941 0.321916 -5.694716
v 0.317941 0.401789 -5.690112
v 0.287941 0.401789 -5.690112
v 0.287941 0.400083 -5.660089
v 0.317941 0.400083 -5.660089
v -0.287793 0.334432 -5.914882
v -0.287793 0.414305 -5.910278
v -0.317793 0.414305 -5.910278
v -0.317793 0.334432 -5.914882
v -0.287793 0.336139 -5.944905
v -0.287793 0.416011 -5.940301
v -0.287793 0.414305 -5.910278
v -0.287793 0.334432 -5.914882
v -0.317793 0.336139 -5.944905
v -0.317793 0.416011 -5.940301
v -0.287793 0.416011 -5.940301
v -0.287793 0.336139 -5.944905
v -0.317793 0.334432 -5.914882
v -0.317793 0.414305 -5.910278
v -0.317793 0.416011 -5.940301
v -0.317793 0.336139 -5.944905
v -0.287793 0.414305 -5.910278
v -0.287793 0.416011 -5.940301
v -0.317793 0.416011 -5.940301
v -0.317793 0.414305 -5.910278
v 0.317941 0.414305 -5.910278
v 0.287941 0.414305 -5.910278
v 0.287941 0.334432 -5.914882
v 0.317941 0.334432 -5.914882
v 0.287941 0.414305 -5.910278
v 0.287941 0.416011 -5.940301
v 0.287941 0.336139 -5.944905
v 0.287941 0.334432 -5.914882
v 0.287941 0.416011 -5.940301
v 0.317941 0.416011 -5.940301
v 0.317941 0.336139 -5.944905
v 0.287941 0.336139 -5.944905
v 0.317941 0.416011 -5.940301
v 0.317941 0.414305 -5.910278
v 0.317941 0.334432 -5.914882
v 0.317941 0.336139 -5.944905
v 0.317941 0.416011 -5.940301
v 0.287941 0.416011 -5.940301
v 0.287941 0.414305 -5.910278
v 0.317941 0.414305 -5.910278
v -0.287793 0.348654 -6.165071
v -0.287793 0.428527 -6.160468
v -0.317793 0.428527 -6.160468
v -0.317793 0.348654 -6.165071
v -0.287793 0.350361 -6.195094
v -0.287793 0.430234 -6.190490
v -0.287793 0.428527 -6.160468
v -0.287793 0.348654 -6.165071
v -0.317793 0.350361 -6.195094
v -0.317793 0.430234 -6.190490
v -0.287793 0.430234 -6.190490
v -0.287793 0.350361 -6.195094
v -0.317793 0.348654 -6.165071
v -0.317793 0.428527 -6.160468
v -0.317793 0.430234 -6.190490
v -0.317793 0.350361 -6.195094
v -0.287793 0.428527 -6.160468
v -0.287793 0.430234 -6.190490
v -0.317793 0.430234 -6.190490
v -0.317793 0.428527 -6.160468
v 0.317941 0.428527 -6.160468
v 0.287941 0.428527 -6.160468
v 0.287941 0.348654 -6.165071
v 0.317941 0.348654 -6.165071
v 0.287941 0.428527 -6.160468
v 0.287941 0.430234 -6.190490
v 0.287941 0.350361 -6.195094
v 0.287941 0.348654 -6.165071
v 0.287941 0.430234 -6.190490
v 0.317941 0.430234 -6.190490
v 0.317941 0.350361 -6.195094
v 0.287941 0.350361 -6.195094
v 0.317941 0.430234 -6.190490
v 0.317941 0.428527 -6.160468
v 0.317941 0.348654 -6.165071
v 0.317941 0.350361 -6.195094
v 0.317941 0.430234 -6.190490
v 0.287941 0.430234 -6.190490
v 0.287941 0.428527 -6.160468
v 0.317941 0.428527 -6.160468
v -0.287793 0.362877 -6.415259
v -0.287793 0.442749 -6.410656
v -0.317793 0.442749 -6.410656
v -0.317793 0.362877 -6.415259
v -0.287793 0.364584 -6.445282
v -0.287793 0.444456 -6.440679
v -0.287793 0.442749 -6.410656
v -0.287793 0.362877 -6.415259
v -0.317793 0.364584 -6.445282
v -0.317793 0.444456 -6.440679
v -0.287793 0.444456 -6.440679
v -0.287793 0.364584 -6.445282
v -0.317793 0.362877 -6.415259
v -0.317793 0.442749 -6.410656
v -0.317793 0.444456 -6.440679
v -0.317793 0.364584 -6.445282
v -0.287793 0.442749 -6.410656
v -0.287793 0.444456 -6.440679
v -0.317793 0.444456 -6.440679
v -0.317793 0.442749 -6.410656
v 0.317941 0.442749 -6.410656
v 0.287941 0.442749 -6.410656
v 0.287941 0.362877 -6.415259
v 0.317941 0.362877 -6.415259
v 0.287941 0.442749 -6.410656
v 0.287941 0.444456 -6.440679
v 0.287941 0.364584 -6.445282
v 0.287941 0.362877 -6.415259
v 0.287941 0.444456 -6.440679
v 0.317941 0.444456 -6.440679
v 0.317941 0.364584 -6.445282
v 0.287941 0.364584 -6.445282
v 0.317941 0.444456 -6.440679
v 0.317941 0.442749 -6.410656
v 0.317941 0.362877 -6.415259
v 0.317941 0.364584 -6.445282
v 0.317941 0.444456 -6.440679
v 0.287941 0.444456 -6.440679
v 0.287941 0.442749 -6.410656
v 0.317941 0.442749 -6.410656
v 0.470074 0.355034 -6.360490
v 0.470074 0.414939 -6.357038
v -0.469926 0.414939 -6.357038
v -0.469926 0.355034 -6.360490
v 0.470074 0.362999 -6.500596
v 0.470074 0.422904 -6.497143
v 0.470074 0.414939 -6.357038
v 0.470074 0.355034 -6.360490
v -0.469926 0.362999 -6.500596
v -0.469926 0.422904 -6.497143
v 0.470074 0.422904 -6.497143
v 0.470074 0.362999 -6.500596
v -0.469926 0.355034 -6.360490
v -0.469926 0.414939 -6.357038
v -0.469926 0.422904 -6.497143
v -0.469926 0.362999 -6.500596
v 0.470074 0.414939 -6.357038
v 0.470074 0.422904 -6.497143
v -0.469926 0.422904 -6.497143
v -0.469926 0.414939 -6.357038
v 0.470074 0.340812 -6.110301
v 0.470074 0.400717 -6.106849
v -0.469926 0.400717 -6.106849
v -0.469926 0.340812 -6.110301
v 0.470074 0.348777 -6.250407
v 0.470074 0.408681 -6.246954
v 0.470074 0.400717 -6.106849
v 0.470074 0.340812 -6.110301
v -0.469926 0.348777 -6.250407
v -0.469926 0.408681 -6.246954
v 0.470074 0.408681 -6.246954
v 0.470074 0.348777 -6.250407
v -0.469926 0.340812 -6.110301
v -0.469926 0.400717 -6.106849
v -0.469926 0.408681 -6.246954
v -0.469926 0.348777 -6.250407
v 0.470074 0.400717 -6.106849
v 0.470074 0.408681 -6.246954
v -0.469926 0.408681 -6.246954
v -0.469926 0.400717 -6.106849
v -0.469926 0.312368 -5.609924
v -0.469926 0.320332 -5.750029
v 0.470074 0.320332 -5.750029
v 0.470074 0.312368 -5.609924
v -0.469926 0.326590 -5.860112
v -0.469926 0.334554 -6.000218
v 0.470074 0.334554 -6.000218
v 0.470074 0.326590 -5.860112
v -0.469926 0.340812 -6.110301
v -0.469926 0.348777 -6.250407
v 0.470074 0.348777 -6.250407
v 0.470074 0.340812 -6.110301
v -0.469926 0.355034 -6.360490
v -0.469926 0.362999 -6.500596
v 0.470074 0.362999 -6.500596
v 0.470074 0.355034 -6.360490
v 0.470074 0.397701 -7.111057
v 0.470074 0.457606 -7.107604
v -0.469926 0.457606 -7.107604
v -0.469926 0.397701 -7.111057
v 0.470074 0.405665 -7.251163
v 0.470074 0.465570 -7.247709
v 0.470074 0.457606 -7.107604
v 0.470074 0.397701 -7.111057
v -0.469926 0.405665 -7.251163
v -0.469926 0.465570 -7.247709
v 0.470074 0.465570 -7.247709
v 0.470074 0.405665 -7.251163
v -0.469926 0.397701 -7.111057
v -0.469926 0.457606 -7.107604
v -0.469926 0.465570 -7.247709
v -0.469926 0.405665 -7.251163
v 0.470074 0.457606 -7.107604
v 0.470074 0.465570 -7.247709
v -0.469926 0.465570 -7.247709
v -0.469926 0.457606 -7.107604
v 0.360551 0.437303 -6.551535
v 0.360551 0.421841 -6.552426
v 0.360551 0.478730 -7.553181
v 0.360551 0.494192 -7.552290
v 0.470074 0.383479 -6.860868
v 0.470074 0.443383 -6.857415
v -0.469926 0.443383 -6.857415
v -0.469926 0.383479 -6.860868
v 0.470074 0.391443 -7.000974
v 0.470074 0.451348 -6.997520
v 0.470074 0.443383 -6.857415
v 0.470074 0.383479 -6.860868
v -0.469926 0.391443 -7.000974
v -0.469926 0.451348 -6.997520
v 0.470074 0.451348 -6.997520
v 0.470074 0.391443 -7.000974
v -0.469926 0.383479 -6.860868
v -0.469926 0.443383 -6.857415
v -0.469926 0.451348 -6.997520
v -0.469926 0.391443 -7.000974
v 0.470074 0.443383 -6.857415
v 0.470074 0.451348 -6.997520
v -0.469926 0.451348 -6.997520
v -0.469926 0.443383 -6.857415
v 0.300551 0.494192 -7.552290
v 0.300551 0.478730 -7.553181
v 0.300551 0.421841 -6.552426
v 0.300551 0.437303 -6.551535
v 0.352440 0.538635 -7.549729
v 0.308662 0.538635 -7.549729
v 0.308662 0.481746 -6.548973
v 0.352440 0.481746 -6.548973
v 0.360551 0.478730 -7.553181
v 0.360551 0.421841 -6.552426
v 0.300551 0.421841 -6.552426
v 0.300551 0.478730 -7.553181
v 0.318296 0.467550 -6.549791
v 0.318296 0.524439 -7.550547
v 0.318296 0.494192 -7.552290
v 0.318296 0.437303 -6.551535
v 0.308662 0.481746 -6.548973
v 0.308662 0.538635 -7.549729
v 0.308662 0.524439 -7.550547
v 0.308662 0.467550 -6.549791
v 0.318296 0.524439 -7.550547
v 0.318296 0.467550 -6.549791
v 0.308662 0.467550 -6.549791
v 0.308662 0.524439 -7.550547
v 0.300551 0.494192 -7.552290
v 0.300551 0.437303 -6.551535
v 0.318296 0.437303 -6.551535
v 0.318296 0.494192 -7.552290
v 0.342806 0.524439 -7.550547
v 0.342806 0.467550 -6.549791
v 0.342806 0.437303 -6.551535
v 0.342806 0.494192 -7.552290
v 0.352440 0.538635 -7.549729
v 0.352440 0.481746 -6.548973
v 0.352440 0.467550 -6.549791
v 0.352440 0.524439 -7.550547
v 0.352440 0.524439 -7.550547
v 0.352440 0.467550 -6.549791
v 0.342806 0.467550 -6.549791
v 0.342806 0.524439 -7.550547
v 0.342806 0.494192 -7.552290
v 0.342806 0.437303 -6.551535
v 0.360551 0.437303 -6.551535
v 0.360551 0.494192 -7.552290
v 0.470074 0.411923 -7.361245
v 0.470074 0.471828 -7.357792
v -0.469926 0.471828 -7.357792
v -0.469926 0.411923 -7.361245
v 0.470074 0.419888 -7.501351
v 0.470074 0.479792 -7.497898
v 0.470074 0.471828 -7.357792
v 0.470074 0.411923 -7.361245
v -0.469926 0.419888 -7.501351
v -0.469926 0.479792 -7.497898
v 0.470074 0.479792 -7.497898
v 0.470074 0.419888 -7.501351
v -0.469926 0.411923 -7.361245
v -0.469926 0.471828 -7.357792
v -0.469926 0.479792 -7.497898
v -0.469926 0.419888 -7.501351
v 0.470074 0.471828 -7.357792
v 0.470074 0.479792 -7.497898
v -0.469926 0.479792 -7.497898
v -0.469926 0.471828 -7.357792
v -0.360403 0.478730 -7.553181
v -0.360403 0.421841 -6.552426
v -0.360403 0.437303 -6.551535
v -0.360403 0.494192 -7.552290
v 0.470074 0.369256 -6.610678
v 0.470074 0.429161 -6.607226
v -0.469926 0.429161 -6.607226
v -0.469926 0.369256 -6.610678
v 0.470074 0.377221 -6.750784
v 0.470074 0.437126 -6.747332
v 0.470074 0.429161 -6.607226
v 0.470074 0.369256 -6.610678
v -0.469926 0.377221 -6.750784
v -0.469926 0.437126 -6.747332
v 0.470074 0.437126 -6.747332
v 0.470074 0.377221 -6.750784
v -0.469926 0.369256 -6.610678
v -0.469926 0.429161 -6.607226
v -0.469926 0.437126 -6.747332
v -0.469926 0.377221 -6.750784
v 0.470074 0.429161 -6.607226
v 0.470074 0.437126 -6.747332
v -0.469926 0.437126 -6.747332
v -0.469926 0.429161 -6.607226
v -0.300403 0.421841 -6.552426
v -0.300403 0.478730 -7.553181
v -0.300403 0.494192 -7.552290
v -0.300403 0.437303 -6.551535
v -0.308514 0.481746 -6.548973
v -0.308514 0.538635 -7.549729
v -0.352292 0.538635 -7.549729
v -0.352292 0.481746 -6.548973
v -0.300403 0.421841 -6.552426
v -0.360403 0.421841 -6.552426
v -0.360403 0.478730 -7.553181
v -0.300403 0.478730 -7.553181
v -0.318148 0.494192 -7.552290
v -0.318148 0.524439 -7.550547
v -0.318148 0.467550 -6.549791
v -0.318148 0.437303 -6.551535
v -0.308514 0.524439 -7.550547
v -0.308514 0.538635 -7.549729
v -0.308514 0.481746 -6.548973
v -0.308514 0.467550 -6.549791
v -0.308514 0.467550 -6.549791
v -0.318148 0.467550 -6.549791
v -0.318148 0.524439 -7.550547
v -0.308514 0.524439 -7.550547
v -0.318148 0.437303 -6.551535
v -0.300403 0.437303 -6.551535
v -0.300403 0.494192 -7.552290
v -0.318148 0.494192 -7.552290
v -0.342658 0.437303 -6.551535
v -0.342658 0.467550 -6.549791
v -0.342658 0.524439 -7.550547
v -0.342658 0.494192 -7.552290
v -0.352292 0.467550 -6.549791
v -0.352292 0.481746 -6.548973
v -0.352292 0.538635 -7.549729
v -0.352292 0.524439 -7.550547
v -0.342658 0.467550 -6.549791
v -0.352292 0.467550 -6.549791
v -0.352292 0.524439 -7.550547
v -0.342658 0.524439 -7.550547
v -0.360403 0.437303 -6.551535
v -0.342658 0.437303 -6.551535
v -0.342658 0.494192 -7.552290
v -0.360403 0.494192 -7.552290
v -0.287793 0.377099 -6.665449
v -0.287793 0.456972 -6.660845
v -0.317793 0.456972 -6.660845
v -0.317793 0.377099 -6.665449
v -0.287793 0.378805 -6.695472
v -0.287793 0.458678 -6.690868
v -0.287793 0.456972 -6.660845
v -0.287793 0.377099 -6.665449
v -0.317793 0.378805 -6.695472
v -0.317793 0.458678 -6.690868
v -0.287793 0.458678 -6.690868
v -0.287793 0.378805 -6.695472
v -0.317793 0.377099 -6.665449
v -0.317793 0.456972 -6.660845
v -0.317793 0.458678 -6.690868
v -0.317793 0.378805 -6.695472
v -0.287793 0.456972 -6.660845
v -0.287793 0.458678 -6.690868
v -0.317793 0.458678 -6.690868
v -0.317793 0.456972 -6.660845
v 0.317941 0.456972 -6.660845
v 0.287941 0.456972 -6.660845
v 0.287941 0.377099 -6.665449
v 0.317941 0.377099 -6.665449
v 0.287941 0.456972 -6.660845
v 0.287941 0.458678 -6.690868
v 0.287941 0.378805 -6.695472
v 0.287941 0.377099 -6.665449
v 0.287941 0.458678 -6.690868
v 0.317941 0.458678 -6.690868
v 0.317941 0.378805 -6.695472
v 0.287941 0.378805 -6.695472
v 0.317941 0.458678 -6.690868
v 0.317941 0.456972 -6.660845
v 0.317941 0.377099 -6.665449
v 0.317941 0.378805 -6.695472
v 0.317941 0.458678 -6.690868
v 0.287941 0.458678 -6.690868
v 0.287941 0.456972 -6.660845
v 0.317941 0.456972 -6.660845
v -0.287793 0.391321 -6.915637
v -0.287793 0.471193 -6.911034
v -0.317793 0.471193 -6.911034
v -0.317793 0.391321 -6.915637
v -0.287793 0.393028 -6.945661
v -0.287793 0.472900 -6.941056
v -0.287793 0.471193 -6.911034
v -0.287793 0.391321 -6.915637
v -0.317793 0.393028 -6.945661
v -0.317793 0.472900 -6.941056
v -0.287793 0.472900 -6.941056
v -0.287793 0.393028 -6.945661
v -0.317793 0.391321 -6.915637
v -0.317793 0.471193 -6.911034
v -0.317793 0.472900 -6.941056
v -0.317793 0.393028 -6.945661
v -0.287793 0.471193 -6.911034
v -0.287793 0.472900 -6.941056
v -0.317793 0.472900 -6.941056
v -0.317793 0.471193 -6.911034
v 0.317941 0.471193 -6.911034
v 0.287941 0.471193 -6.911034
v 0.287941 0.391321 -6.915637
v 0.317941 0.391321 -6.915637
v 0.287941 0.471193 -6.911034
v 0.287941 0.472900 -6.941056
v 0.287941 0.393028 -6.945661
v 0.287941 0.391321 -6.915637
v 0.287941 0.472900 -6.941056
v 0.317941 0.472900 -6.941056
v 0.317941 0.393028 -6.945661
v 0.287941 0.393028 -6.945661
v 0.317941 0.472900 -6.941056
v 0.317941 0.471193 -6.911034
v 0.317941 0.391321 -6.915637
v 0.317941 0.393028 -6.945661
v 0.317941 0.472900 -6.941056
v 0.287941 0.472900 -6.941056
v 0.287941 0.471193 -6.911034
v 0.317941 0.471193 -6.911034
v -0.287793 0.405543 -7.165826
v -0.287793 0.485416 -7.161222
v -0.317793 0.485416 -7.161222
v -0.317793 0.405543 -7.165826
v -0.287793 0.407250 -7.195849
v -0.287793 0.487123 -7.191245
v -0.287793 0.485416 -7.161222
v -0.287793 0.405543 -7.165826
v -0.317793 0.407250 -7.195849
v -0.317793 0.487123 -7.191245
v -0.287793 0.487123 -7.191245
v -0.287793 0.407250 -7.195849
v -0.317793 0.405543 -7.165826
v -0.317793 0.485416 -7.161222
v -0.317793 0.487123 -7.191245
v -0.317793 0.407250 -7.195849
v -0.287793 0.485416 -7.161222
v -0.287793 0.487123 -7.191245
v -0.317793 0.487123 -7.191245
v -0.317793 0.485416 -7.161222
v 0.317941 0.485416 -7.161222
v 0.287941 0.485416 -7.161222
v 0.287941 0.405543 -7.165826
v 0.317941 0.405543 -7.165826
v 0.287941 0.485416 -7.161222
v 0.287941 0.487123 -7.191245
v 0.287941 0.407250 -7.195849
v 0.287941 0.405543 -7.165826
v 0.287941 0.487123 -7.191245
v 0.317941 0.487123 -7.191245
v 0.317941 0.407250 -7.195849
v 0.287941 0.407250 -7.195849
v 0.317941 0.487123 -7.191245
v 0.317941 0.485416 -7.161222
v 0.317941 0.405543 -7.165826
v 0.317941 0.407250 -7.195849
v 0.317941 0.487123 -7.191245
v 0.287941 0.487123 -7.191245
v 0.287941 0.485416 -7.161222
v 0.317941 0.485416 -7.161222
v -0.287793 0.419766 -7.416015
v -0.287793 0.499638 -7.411411
v -0.317793 0.499638 -7.411411
v -0.317793 0.419766 -7.416015
v -0.287793 0.421472 -7.446038
v -0.287793 0.501345 -7.441434
v -0.287793 0.499638 -7.411411
v -0.287793 0.419766 -7.416015
v -0.317793 0.421472 -7.446038
v -0.317793 0.501345 -7.441434
v -0.287793 0.501345 -7.441434
v -0.287793 0.421472 -7.446038
v -0.317793 0.419766 -7.416015
v -0.317793 0.499638 -7.411411
v -0.317793 0.501345 -7.441434
v -0.317793 0.421472 -7.446038
v -0.287793 0.499638 -7.411411
v -0.287793 0.501345 -7.441434
v -0.317793 0.501345 -7.441434
v -0.317793 0.499638 -7.411411
v 0.317941 0.499638 -7.411411
v 0.287941 0.499638 -7.411411
v 0.287941 0.419766 -7.416015
v 0.317941 0.419766 -7.416015
v 0.287941 0.499638 -7.411411
v 0.287941 0.501345 -7.441434
v 0.287941 0.421472 -7.446038
v 0.287941 0.419766 -7.416015
v 0.287941 0.501345 -7.441434
v 0.317941 0.501345 -7.441434
v 0.317941 0.421472 -7.446038
v 0.287941 0.421472 -7.446038
v 0.317941 0.501345 -7.441434
v 0.317941 0.499638 -7.411411
v 0.317941 0.419766 -7.416015
v 0.317941 0.421472 -7.446038
v 0.317941 0.501345 -7.441434
v 0.287941 0.501345 -7.441434
v 0.287941 0.499638 -7.411411
v 0.317941 0.499638 -7.411411
v -0.469926 0.369256 -6.610678
v -0.469926 0.377221 -6.750784
v 0.470074 0.377221 -6.750784
v 0.470074 0.369256 -6.610678
v -0.469926 0.383479 -6.860868
v -0.469926 0.391443 -7.000974
v 0.470074 0.391443 -7.000974
v 0.470074 0.383479 -6.860868
v -0.469926 0.397701 -7.111057
v -0.469926 0.405665 -7.251163
v 0.470074 0.405665 -7.251163
v 0.470074 0.397701 -7.111057
v -0.469926 0.411923 -7.361245
v -0.469926 0.419888 -7.501351
v 0.470074 0.419888 -7.501351
v 0.470074 0.411923 -7.361245
v 0.470074 0.426145 -7.611434
v 0.470074 0.486050 -7.607981
v -0.469926 0.486050 -7.607981
v -0.469926 0.426145 -7.611434
v 0.470074 0.434110 -7.751540
v 0.470074 0.494015 -7.748087
v 0.470074 0.486050 -7.607981
v 0.470074 0.426145 -7.611434
v -0.469926 0.434110 -7.751540
v -0.469926 0.494015 -7.748087
v 0.470074 0.494015 -7.748087
v 0.470074 0.434110 -7.751540
v -0.469926 0.426145 -7.611434
v -0.469926 0.486050 -7.607981
v -0.469926 0.494015 -7.748087
v -0.469926 0.434110 -7.751540
v 0.470074 0.486050 -7.607981
v 0.470074 0.494015 -7.748087
v -0.469926 0.494015 -7.748087
v -0.469926 0.486050 -7.607981
v 0.360551 0.548065 -8.500000
v 0.360551 0.494192 -7.552290
v 0.360551 0.478730 -7.553181
v 0.360551 0.532553 -8.500000
v 0.470074 0.454590 -8.111812
v 0.470074 0.514495 -8.108359
v -0.469926 0.514495 -8.108359
v -0.469926 0.454590 -8.111812
v 0.470074 0.462554 -8.251917
v 0.470074 0.522459 -8.248465
v 0.470074 0.514495 -8.108359
v 0.470074 0.454590 -8.111812
v -0.469926 0.462554 -8.251917
v -0.469926 0.522459 -8.248465
v 0.470074 0.522459 -8.248465
v 0.470074 0.462554 -8.251917
v -0.469926 0.454590 -8.111812
v -0.469926 0.514495 -8.108359
v -0.469926 0.522459 -8.248465
v -0.469926 0.462554 -8.251917
v 0.470074 0.514495 -8.108359
v 0.470074 0.522459 -8.248465
v -0.469926 0.522459 -8.248465
v -0.469926 0.514495 -8.108359
v 0.300551 0.548065 -8.500000
v 0.300551 0.532553 -8.500000
v 0.300551 0.478730 -7.553181
v 0.300551 0.494192 -7.552290
v 0.352440 0.592654 -8.500000
v 0.308662 0.592654 -8.500000
v 0.308662 0.538635 -7.549729
v 0.352440 0.538635 -7.549729
v 0.360551 0.532553 -8.500000
v 0.360551 0.478730 -7.553181
v 0.300551 0.478730 -7.553181
v 0.300551 0.532553 -8.500000
v 0.318296 0.524439 -7.550547
v 0.318296 0.578411 -8.500000
v 0.318296 0.548065 -8.500000
v 0.318296 0.494192 -7.552290
v 0.308662 0.538635 -7.549729
v 0.308662 0.592654 -8.500000
v 0.308662 0.578411 -8.500000
v 0.308662 0.524439 -7.550547
v 0.318296 0.578411 -8.500000
v 0.318296 0.524439 -7.550547
v 0.308662 0.524439 -7.550547
v 0.308662 0.578411 -8.500000
v 0.300551 0.548065 -8.500000
v 0.300551 0.494192 -7.552290
v 0.318296 0.494192 -7.552290
v 0.318296 0.548065 -8.500000
v 0.342806 0.578411 -8.500000
v 0.342806 0.524439 -7.550547
v 0.342806 0.494192 -7.552290
v 0.342806 0.548065 -8.500000
v 0.352440 0.592654 -8.500000
v 0.352440 0.538635 -7.549729
v 0.352440 0.524439 -7.550547
v 0.352440 0.578411 -8.500000
v 0.352440 0.578411 -8.500000
v 0.352440 0.524439 -7.550547
v 0.342806 0.524439 -7.550547
v 0.342806 0.578411 -8.500000
v 0.342806 0.548065 -8.500000
v 0.342806 0.494192 -7.552290
v 0.360551 0.494192 -7.552290
v 0.360551 0.548065 -8.500000
v 0.470074 0.440368 -7.861623
v 0.470074 0.500272 -7.858171
v -0.469926 0.500272 -7.858171
v -0.469926 0.440368 -7.861623
v 0.470074 0.448332 -8.001728
v 0.470074 0.508236 -7.998276
v 0.470074 0.500272 -7.858171
v 0.470074 0.440368 -7.861623
v -0.469926 0.448332 -8.001728
v -0.469926 0.508236 -7.998276
v 0.470074 0.508236 -7.998276
v 0.470074 0.448332 -8.001728
v -0.469926 0.440368 -7.861623
v -0.469926 0.500272 -7.858171
v -0.469926 0.508236 -7.998276
v -0.469926 0.448332 -8.001728
v 0.470074 0.500272 -7.858171
v 0.470074 0.508236 -7.998276
v -0.469926 0.508236 -7.998276
v -0.469926 0.500272 -7.858171
v -0.360403 0.532553 -8.500000
v -0.360403 0.478730 -7.553181
v -0.360403 0.494192 -7.552290
v -0.360403 0.548065 -8.500000
v 0.470074 0.468812 -8.362000
v 0.470074 0.528717 -8.358548
v -0.469926 0.528717 -8.358548
v -0.469926 0.468812 -8.362000
v 0.470074 0.476657 -8.500000
v 0.470074 0.513322 -8.500000
v 0.470074 0.536681 -8.498653
v 0.470074 0.528717 -8.358548
v 0.470074 0.468812 -8.362000
v -0.469926 0.513322 -8.500000
v -0.469926 0.536681 -8.498653
v 0.470074 0.536681 -8.498653
v 0.470074 0.513322 -8.500000
v -0.469926 0.476657 -8.500000
v -0.469926 0.468812 -8.362000
v -0.469926 0.528717 -8.358548
v -0.469926 0.536681 -8.498653
v -0.469926 0.513322 -8.500000
v 0.470074 0.528717 -8.358548
v 0.470074 0.536681 -8.498653
v -0.469926 0.536681 -8.498653
v -0.469926 0.528717 -8.358548
v -0.300403 0.478730 -7.553181
v -0.300403 0.532553 -8.500000
v -0.300403 0.548065 -8.500000
v -0.300403 0.494192 -7.552290
v -0.308514 0.538635 -7.549729
v -0.308514 0.592654 -8.500000
v -0.352292 0.592654 -8.500000
v -0.352292 0.538635 -7.549729
v -0.300403 0.532553 -8.500000
v -0.300403 0.478730 -7.553181
v -0.360403 0.478730 -7.553181
v -0.360403 0.532553 -8.500000
v -0.318148 0.548065 -8.500000
v -0.318148 0.578411 -8.500000
v -0.318148 0.524439 -7.550547
v -0.318148 0.494192 -7.552290
v -0.308514 0.578411 -8.500000
v -0.308514 0.592654 -8.500000
v -0.308514 0.538635 -7.549729
v -0.308514 0.524439 -7.550547
v -0.308514 0.578411 -8.500000
v -0.308514 0.524439 -7.550547
v -0.318148 0.524439 -7.550547
v -0.318148 0.578411 -8.500000
v -0.318148 0.548065 -8.500000
v -0.318148 0.494192 -7.552290
v -0.300403 0.494192 -7.552290
v -0.300403 0.548065 -8.500000
v -0.342658 0.548065 -8.500000
v -0.342658 0.494192 -7.552290
v -0.342658 0.524439 -7.550547
v -0.342658 0.578411 -8.500000
v -0.352292 0.578411 -8.500000
v -0.352292 0.524439 -7.550547
v -0.352292 0.538635 -7.549729
v -0.352292 0.592654 -8.500000
v -0.342658 0.578411 -8.500000
v -0.342658 0.524439 -7.550547
v -0.352292 0.524439 -7.550547
v -0.352292 0.578411 -8.500000
v -0.360403 0.548065 -8.500000
v -0.360403 0.494192 -7.552290
v -0.342658 0.494192 -7.552290
v -0.342658 0.548065 -8.500000
v -0.287793 0.433988 -7.666204
v -0.287793 0.513861 -7.661600
v -0.317793 0.513861 -7.661600
v -0.317793 0.433988 -7.666204
v -0.287793 0.435694 -7.696226
v -0.287793 0.515567 -7.691622
v -0.287793 0.513861 -7.661600
v -0.287793 0.433988 -7.666204
v -0.317793 0.435694 -7.696226
v -0.317793 0.515567 -7.691622
v -0.287793 0.515567 -7.691622
v -0.287793 0.435694 -7.696226
v -0.317793 0.433988 -7.666204
v -0.317793 0.513861 -7.661600
v -0.317793 0.515567 -7.691622
v -0.317793 0.435694 -7.696226
v -0.287793 0.513861 -7.661600
v -0.287793 0.515567 -7.691622
v -0.317793 0.515567 -7.691622
v -0.317793 0.513861 -7.661600
v 0.317941 0.513861 -7.661600
v 0.287941 0.513861 -7.661600
v 0.287941 0.433988 -7.666204
v 0.317941 0.433988 -7.666204
v 0.287941 0.513861 -7.661600
v 0.287941 0.515567 -7.691622
v 0.287941 0.435694 -7.696226
v 0.287941 0.433988 -7.666204
v 0.287941 0.515567 -7.691622
v 0.317941 0.515567 -7.691622
v 0.317941 0.435694 -7.696226
v 0.287941 0.435694 -7.696226
v 0.317941 0.515567 -7.691622
v 0.317941 0.513861 -7.661600
v 0.317941 0.433988 -7.666204
v 0.317941 0.435694 -7.696226
v 0.317941 0.515567 -7.691622
v 0.287941 0.515567 -7.691622
v 0.287941 0.513861 -7.661600
v 0.317941 0.513861 -7.661600
v -0.287793 0.448210 -7.916392
v -0.287793 0.528082 -7.911789
v -0.317793 0.528082 -7.911789
v -0.317793 0.448210 -7.916392
v -0.287793 0.449916 -7.946415
v -0.287793 0.529789 -7.941812
v -0.287793 0.528082 -7.911789
v -0.287793 0.448210 -7.916392
v -0.317793 0.449916 -7.946415
v -0.317793 0.529789 -7.941812
v -0.287793 0.529789 -7.941812
v -0.287793 0.449916 -7.946415
v -0.317793 0.448210 -7.916392
v -0.317793 0.528082 -7.911789
v -0.317793 0.529789 -7.941812
v -0.317793 0.449916 -7.946415
v -0.287793 0.528082 -7.911789
v -0.287793 0.529789 -7.941812
v -0.317793 0.529789 -7.941812
v -0.317793 0.528082 -7.911789
v 0.317941 0.528082 -7.911789
v 0.287941 0.528082 -7.911789
v 0.287941 0.448210 -7.916392
v 0.317941 0.448210 -7.916392
v 0.287941 0.528082 -7.911789
v 0.287941 0.529789 -7.941812
v 0.287941 0.449916 -7.946415
v 0.287941 0.448210 -7.916392
v 0.287941 0.529789 -7.941812
v 0.317941 0.529789 -7.941812
v 0.317941 0.449916 -7.946415
v 0.287941 0.449916 -7.946415
v 0.317941 0.529789 -7.941812
v 0.317941 0.528082 -7.911789
v 0.317941 0.448210 -7.916392
v 0.317941 0.449916 -7.946415
v 0.317941 0.529789 -7.941812
v 0.287941 0.529789 -7.941812
v 0.287941 0.528082 -7.911789
v 0.317941 0.528082 -7.911789
v -0.287793 0.462432 -8.166581
v -0.287793 0.542305 -8.161978
v -0.317793 0.542305 -8.161978
v -0.317793 0.462432 -8.166581
v -0.287793 0.464139 -8.196604
v -0.287793 0.544011 -8.192000
v -0.287793 0.542305 -8.161978
v -0.287793 0.462432 -8.166581
v -0.317793 0.464139 -8.196604
v -0.317793 0.544011 -8.192000
v -0.287793 0.544011 -8.192000
v -0.287793 0.464139 -8.196604
v -0.317793 0.462432 -8.166581
v -0.317793 0.542305 -8.161978
v -0.317793 0.544011 -8.192000
v -0.317793 0.464139 -8.196604
v -0.287793 0.542305 -8.161978
v -0.287793 0.544011 -8.192000
v -0.317793 0.544011 -8.192000
v -0.317793 0.542305 -8.161978
v 0.317941 0.542305 -8.161978
v 0.287941 0.542305 -8.161978
v 0.287941 0.462432 -8.166581
v 0.317941 0.462432 -8.166581
v 0.287941 0.542305 -8.161978
v 0.287941 0.544011 -8.192000
v 0.287941 0.464139 -8.196604
v 0.287941 0.462432 -8.166581
v 0.287941 0.544011 -8.192000
v 0.317941 0.544011 -8.192000
v 0.317941 0.464139 -8.196604
v 0.287941 0.464139 -8.196604
v 0.317941 0.544011 -8.192000
v 0.317941 0.542305 -8.161978
v 0.317941 0.462432 -8.166581
v 0.317941 0.464139 -8.196604
v 0.317941 0.544011 -8.192000
v 0.287941 0.544011 -8.192000
v 0.287941 0.542305 -8.161978
v 0.317941 0.542305 -8.161978
v -0.287793 0.476654 -8.416771
v -0.287793 0.556527 -8.412167
v -0.317793 0.556527 -8.412167
v -0.317793 0.476654 -8.416771
v -0.287793 0.478361 -8.446794
v -0.287793 0.558234 -8.442189
v -0.287793 0.556527 -8.412167
v -0.287793 0.476654 -8.416771
v -0.317793 0.478361 -8.446794
v -0.317793 0.558234 -8.442189
v -0.287793 0.558234 -8.442189
v -0.287793 0.478361 -8.446794
v -0.317793 0.476654 -8.416771
v -0.317793 0.556527 -8.412167
v -0.317793 0.558234 -8.442189
v -0.317793 0.478361 -8.446794
v -0.287793 0.556527 -8.412167
v -0.287793 0.558234 -8.442189
v -0.317793 0.558234 -8.442189
v -0.317793 0.556527 -8.412167
v 0.317941 0.556527 -8.412167
v 0.287941 0.556527 -8.412167
v 0.287941 0.476654 -8.416771
v 0.317941 0.476654 -8.416771
v 0.287941 0.556527 -8.412167
v 0.287941 0.558234 -8.442189
v 0.287941 0.478361 -8.446794
v 0.287941 0.476654 -8.416771
v 0.287941 0.558234 -8.442189
v 0.317941 0.558234 -8.442189
v 0.317941 0.478361 -8.446794
v 0.287941 0.478361 -8.446794
v 0.317941 0.558234 -8.442189
v 0.317941 0.556527 -8.412167
v 0.317941 0.476654 -8.416771
v 0.317941 0.478361 -8.446794
v 0.317941 0.558234 -8.442189
v 0.287941 0.558234 -8.442189
v 0.287941 0.556527 -8.412167
v 0.317941 0.556527 -8.412167
v -0.469926 0.426145 -7.611434
v -0.469926 0.434110 -7.751540
v 0.470074 0.434110 -7.751540
v 0.470074 0.426145 -7.611434
v -0.469926 0.440368 -7.861623
v -0.469926 0.448332 -8.001728
v 0.470074 0.448332 -8.001728
v 0.470074 0.440368 -7.861623
v -0.469926 0.454590 -8.111812
v -0.469926 0.462554 -8.251917
v 0.470074 0.462554 -8.251917
v 0.470074 0.454590 -8.111812
v -0.469926 0.468812 -8.362000
v -0.469926 0.476657 -8.500000
v 0.470074 0.476657 -8.500000
v 0.470074 0.468812 -8.362000
v 0.470074 0.357534 -5.316987
v 0.470074 0.365534 -5.456758
v -0.469926 0.365534 -5.456758
v -0.469926 0.357534 -5.316987
v 0.470074 0.282469 -5.055529
v 0.470074 0.342371 -5.052100
v -0.469926 0.342371 -5.052100
v -0.469926 0.282469 -5.055529
v 0.470074 0.290469 -5.195300
v 0.470074 0.350371 -5.191872
v 0.470074 0.342371 -5.052100
v 0.470074 0.282469 -5.055529
v -0.469926 0.290469 -5.195300
v -0.469926 0.350371 -5.191872
v 0.470074 0.350371 -5.191872
v 0.470074 0.290469 -5.195300
v 0.317941 0.387071 -5.400435
v 0.317941 0.385357 -5.370484
v 0.317941 0.305487 -5.375057
v 0.317941 0.307202 -5.405007
v 0.470074 0.297632 -5.320416
v 0.470074 0.357534 -5.316987
v -0.469926 0.357534 -5.316987
v -0.469926 0.297632 -5.320416
v 0.470074 0.305632 -5.460187
v 0.470074 0.365534 -5.456758
v 0.470074 0.357534 -5.316987
v 0.470074 0.297632 -5.320416
v -0.469926 0.305632 -5.460187
v -0.469926 0.365534 -5.456758
v 0.470074 0.365534 -5.456758
v 0.470074 0.305632 -5.460187
v -0.469926 0.297632 -5.320416
v -0.469926 0.357534 -5.316987
v -0.469926 0.365534 -5.456758
v -0.469926 0.305632 -5.460187
v 0.317941 0.387071 -5.400435
v 0.287941 0.387071 -5.400435
v 0.287941 0.385357 -5.370484
v 0.317941 0.385357 -5.370484
v -0.469926 0.282469 -5.055529
v -0.469926 0.342371 -5.052100
v -0.469926 0.350371 -5.191872
v -0.469926 0.290469 -5.195300
v 0.470074 0.342371 -5.052100
v 0.470074 0.350371 -5.191872
v -0.469926 0.350371 -5.191872
v -0.469926 0.342371 -5.052100
v -0.469926 0.252835 -4.537844
v -0.469926 0.260837 -4.677616
v 0.470074 0.260837 -4.677616
v 0.470074 0.252835 -4.537844
v -0.469926 0.267801 -4.799279
v -0.469926 0.275801 -4.939050
v 0.470074 0.275801 -4.939050
v 0.470074 0.267801 -4.799279
v -0.469926 0.282469 -5.055529
v -0.469926 0.290469 -5.195300
v 0.470074 0.290469 -5.195300
v 0.470074 0.282469 -5.055529
v -0.469926 0.297632 -5.320416
v -0.469926 0.305632 -5.460187
v 0.470074 0.305632 -5.460187
v 0.470074 0.297632 -5.320416
v 0.342806 0.071098 0.514175
v 0.308662 0.085293 0.514988
v 0.308662 0.071098 0.514175
v 0.318296 0.071098 0.514175
v 0.308662 0.085293 0.514988
v 0.342806 0.071098 0.514175
v 0.352440 0.071098 0.514175
v 0.352440 0.085293 0.514988
v 0.300551 0.025391 0.511559
v 0.360551 0.025391 0.511559
v 0.360551 0.040852 0.512444
v 0.342806 0.040852 0.512444
v 0.342806 0.040852 0.512444
v 0.318296 0.040852 0.512444
v 0.300551 0.040852 0.512444
v 0.300551 0.025391 0.511559
v 0.318296 0.071098 0.514175
v 0.318296 0.040852 0.512444
v 0.342806 0.040852 0.512444
v 0.342806 0.071098 0.514175
v 0.360551 0.040852 0.512444
v 0.360551 0.025391 0.511559
v 0.360551 0.076813 -0.486282
v 0.360551 0.092274 -0.485397
v 0.470074 -0.018616 0.204393
v 0.470074 0.041286 0.207822
v -0.469926 0.041286 0.207822
v -0.469926 -0.018616 0.204393
v 0.470074 -0.010616 0.064622
v 0.470074 0.049286 0.068050
v 0.470074 0.041286 0.207822
v 0.470074 -0.018616 0.204393
v -0.469926 -0.010616 0.064622
v -0.469926 0.049286 0.068050
v 0.470074 0.049286 0.068050
v 0.470074 -0.010616 0.064622
v -0.469926 -0.018616 0.204393
v -0.469926 0.041286 0.207822
v -0.469926 0.049286 0.068050
v -0.469926 -0.010616 0.064622
v 0.470074 0.041286 0.207822
v 0.470074 0.049286 0.068050
v -0.469926 0.049286 0.068050
v -0.469926 0.041286 0.207822
v 0.300551 0.092274 -0.485397
v 0.300551 0.076813 -0.486282
v 0.300551 0.025391 0.511559
v 0.300551 0.040852 0.512444
v 0.352440 0.136715 -0.482853
v 0.308662 0.136715 -0.482853
v 0.308662 0.085293 0.514988
v 0.352440 0.085293 0.514988
v 0.360551 0.076813 -0.486282
v 0.360551 0.025391 0.511559
v 0.300551 0.025391 0.511559
v 0.300551 0.076813 -0.486282
v 0.318296 0.071098 0.514175
v 0.318296 0.122520 -0.483666
v 0.318296 0.092274 -0.485397
v 0.318296 0.040852 0.512444
v 0.308662 0.085293 0.514988
v 0.308662 0.136715 -0.482853
v 0.308662 0.122520 -0.483666
v 0.308662 0.071098 0.514175
v 0.318296 0.122520 -0.483666
v 0.318296 0.071098 0.514175
v 0.308662 0.071098 0.514175
v 0.308662 0.122520 -0.483666
v 0.300551 0.092274 -0.485397
v 0.300551 0.040852 0.512444
v 0.318296 0.040852 0.512444
v 0.318296 0.092274 -0.485397
v 0.342806 0.122520 -0.483666
v 0.342806 0.071098 0.514175
v 0.342806 0.040852 0.512444
v 0.342806 0.092274 -0.485397
v 0.352440 0.136715 -0.482853
v 0.352440 0.085293 0.514988
v 0.352440 0.071098 0.514175
v 0.352440 0.122520 -0.483666
v 0.352440 0.122520 -0.483666
v 0.352440 0.071098 0.514175
v 0.342806 0.071098 0.514175
v 0.342806 0.122520 -0.483666
v 0.342806 0.092274 -0.485397
v 0.342806 0.040852 0.512444
v 0.360551 0.040852 0.512444
v 0.360551 0.092274 -0.485397
v -0.308514 0.071098 0.514175
v -0.308514 0.085293 0.514988
v -0.342658 0.071098 0.514175
v -0.318148 0.071098 0.514175
v -0.352292 0.085293 0.514988
v -0.352292 0.071098 0.514175
v -0.342658 0.071098 0.514175
v -0.308514 0.085293 0.514988
v -0.360403 0.040852 0.512444
v -0.360403 0.025391 0.511559
v -0.318148 0.040852 0.512444
v -0.342658 0.040852 0.512444
v -0.300403 0.025391 0.511559
v -0.300403 0.040852 0.512444
v -0.318148 0.040852 0.512444
v -0.360403 0.025391 0.511559
v -0.318148 0.040852 0.512444
v -0.318148 0.071098 0.514175
v -0.342658 0.071098 0.514175
v -0.342658 0.040852 0.512444
v -0.360403 0.076813 -0.486282
v -0.360403 0.025391 0.511559
v -0.360403 0.040852 0.512444
v -0.360403 0.092274 -0.485397
v 0.470074 -0.032903 0.453984
v 0.470074 0.026999 0.457414
v -0.469926 0.026999 0.457414
v -0.469926 -0.032903 0.453984
v 0.470074 -0.024903 0.314213
v 0.470074 0.035000 0.317642
v 0.470074 0.026999 0.457414
v 0.470074 -0.032903 0.453984
v -0.469926 -0.024903 0.314213
v -0.469926 0.035000 0.317642
v 0.470074 0.035000 0.317642
v 0.470074 -0.024903 0.314213
v -0.469926 -0.032903 0.453984
v -0.469926 0.026999 0.457414
v -0.469926 0.035000 0.317642
v -0.469926 -0.024903 0.314213
v 0.470074 0.026999 0.457414
v 0.470074 0.035000 0.317642
v -0.469926 0.035000 0.317642
v -0.469926 0.026999 0.457414
v -0.300403 0.025391 0.511559
v -0.300403 0.076813 -0.486282
v -0.300403 0.092274 -0.485397
v -0.300403 0.040852 0.512444
v -0.308514 0.085293 0.514988
v -0.308514 0.136715 -0.482853
v -0.352292 0.136715 -0.482853
v -0.352292 0.085293 0.514988
v -0.300403 0.025391 0.511559
v -0.360403 0.025391 0.511559
v -0.360403 0.076813 -0.486282
v -0.300403 0.076813 -0.486282
v -0.318148 0.092274 -0.485397
v -0.318148 0.122520 -0.483666
v -0.318148 0.071098 0.514175
v -0.318148 0.040852 0.512444
v -0.308514 0.122520 -0.483666
v -0.308514 0.136715 -0.482853
v -0.308514 0.085293 0.514988
v -0.308514 0.071098 0.514175
v -0.308514 0.071098 0.514175
v -0.318148 0.071098 0.514175
v -0.318148 0.122520 -0.483666
v -0.308514 0.122520 -0.483666
v -0.318148 0.040852 0.512444
v -0.300403 0.040852 0.512444
v -0.300403 0.092274 -0.485397
v -0.318148 0.092274 -0.485397
v -0.342658 0.040852 0.512444
v -0.342658 0.071098 0.514175
v -0.342658 0.122520 -0.483666
v -0.342658 0.092274 -0.485397
v -0.352292 0.071098 0.514175
v -0.352292 0.085293 0.514988
v -0.352292 0.136715 -0.482853
v -0.352292 0.122520 -0.483666
v -0.342658 0.071098 0.514175
v -0.352292 0.071098 0.514175
v -0.352292 0.122520 -0.483666
v -0.342658 0.122520 -0.483666
v -0.360403 0.040852 0.512444
v -0.342658 0.040852 0.512444
v -0.342658 0.092274 -0.485397
v -0.360403 0.092274 -0.485397
v -0.287793 -0.025046 0.399344
v -0.287793 0.054823 0.403916
v -0.317793 0.054823 0.403916
v -0.317793 -0.025046 0.399344
v -0.287793 -0.023333 0.369393
v -0.287793 0.056537 0.373965
v -0.287793 0.054823 0.403916
v -0.287793 -0.025046 0.399344
v -0.317793 -0.023333 0.369393
v -0.317793 0.056537 0.373965
v -0.287793 0.056537 0.373965
v -0.287793 -0.023333 0.369393
v -0.317793 -0.025046 0.399344
v -0.317793 0.054823 0.403916
v -0.317793 0.056537 0.373965
v -0.317793 -0.023333 0.369393
v -0.287793 0.054823 0.403916
v -0.287793 0.056537 0.373965
v -0.317793 0.056537 0.373965
v -0.317793 0.054823 0.403916
v 0.317941 0.054823 0.403916
v 0.287941 0.054823 0.403916
v 0.287941 -0.025046 0.399344
v 0.317941 -0.025046 0.399344
v 0.287941 0.054823 0.403916
v 0.287941 0.056537 0.373965
v 0.287941 -0.023333 0.369393
v 0.287941 -0.025046 0.399344
v 0.287941 0.056537 0.373965
v 0.317941 0.056537 0.373965
v 0.317941 -0.023333 0.369393
v 0.287941 -0.023333 0.369393
v 0.317941 0.056537 0.373965
v 0.317941 0.054823 0.403916
v 0.317941 -0.025046 0.399344
v 0.317941 -0.023333 0.369393
v 0.317941 0.056537 0.373965
v 0.287941 0.056537 0.373965
v 0.287941 0.054823 0.403916
v 0.317941 0.054823 0.403916
v -0.287793 -0.010760 0.149753
v -0.287793 0.069109 0.154325
v -0.317793 0.069109 0.154325
v -0.317793 -0.010760 0.149753
v -0.287793 -0.009046 0.119802
v -0.287793 0.070824 0.124374
v -0.287793 0.069109 0.154325
v -0.287793 -0.010760 0.149753
v -0.317793 -0.009046 0.119802
v -0.317793 0.070824 0.124374
v -0.287793 0.070824 0.124374
v -0.287793 -0.009046 0.119802
v -0.317793 -0.010760 0.149753
v -0.317793 0.069109 0.154325
v -0.317793 0.070824 0.124374
v -0.317793 -0.009046 0.119802
v -0.287793 0.069109 0.154325
v -0.287793 0.070824 0.124374
v -0.317793 0.070824 0.124374
v -0.317793 0.069109 0.154325
v 0.317941 0.069109 0.154325
v 0.287941 0.069109 0.154325
v 0.287941 -0.010760 0.149753
v 0.317941 -0.010760 0.149753
v 0.287941 0.069109 0.154325
v 0.287941 0.070824 0.124374
v 0.287941 -0.009046 0.119802
v 0.287941 -0.010760 0.149753
v 0.287941 0.070824 0.124374
v 0.317941 0.070824 0.124374
v 0.317941 -0.009046 0.119802
v 0.287941 -0.009046 0.119802
v 0.317941 0.070824 0.124374
v 0.317941 0.069109 0.154325
v 0.317941 -0.010760 0.149753
v 0.317941 -0.009046 0.119802
v 0.317941 0.070824 0.124374
v 0.287941 0.070824 0.124374
v 0.287941 0.069109 0.154325
v 0.317941 0.069109 0.154325
v -0.287793 0.003527 -0.099838
v -0.287793 0.083396 -0.095267
v -0.317793 0.083396 -0.095267
v -0.317793 0.003527 -0.099838
v -0.287793 0.005242 -0.129789
v -0.287793 0.085111 -0.125218
v -0.287793 0.083396 -0.095267
v -0.287793 0.003527 -0.099838
v -0.317793 0.005242 -0.129789
v -0.317793 0.085111 -0.125218
v -0.287793 0.085111 -0.125218
v -0.287793 0.005242 -0.129789
v -0.317793 0.003527 -0.099838
v -0.317793 0.083396 -0.095267
v -0.317793 0.085111 -0.125218
v -0.317793 0.005242 -0.129789
v -0.287793 0.083396 -0.095267
v -0.287793 0.085111 -0.125218
v -0.317793 0.085111 -0.125218
v -0.317793 0.083396 -0.095267
v 0.317941 0.083396 -0.095267
v 0.287941 0.083396 -0.095267
v 0.287941 0.003527 -0.099838
v 0.317941 0.003527 -0.099838
v 0.287941 0.083396 -0.095267
v 0.287941 0.085111 -0.125218
v 0.287941 0.005242 -0.129789
v 0.287941 0.003527 -0.099838
v 0.287941 0.085111 -0.125218
v 0.317941 0.085111 -0.125218
v 0.317941 0.005242 -0.129789
v 0.287941 0.005242 -0.129789
v 0.317941 0.085111 -0.125218
v 0.317941 0.083396 -0.095267
v 0.317941 0.003527 -0.099838
v 0.317941 0.005242 -0.129789
v 0.317941 0.085111 -0.125218
v 0.287941 0.085111 -0.125218
v 0.287941 0.083396 -0.095267
v 0.317941 0.083396 -0.095267
v -0.287793 0.017814 -0.349430
v -0.287793 0.097683 -0.344859
v -0.317793 0.097683 -0.344859
v -0.317793 0.017814 -0.349430
v -0.287793 0.019529 -0.379381
v -0.287793 0.099398 -0.374810
v -0.287793 0.097683 -0.344859
v -0.287793 0.017814 -0.349430
v -0.317793 0.019529 -0.379381
v -0.317793 0.099398 -0.374810
v -0.287793 0.099398 -0.374810
v -0.287793 0.019529 -0.379381
v -0.317793 0.017814 -0.349430
v -0.317793 0.097683 -0.344859
v -0.317793 0.099398 -0.374810
v -0.317793 0.019529 -0.379381
v -0.287793 0.097683 -0.344859
v -0.287793 0.099398 -0.374810
v -0.317793 0.099398 -0.374810
v -0.317793 0.097683 -0.344859
v 0.317941 0.097683 -0.344859
v 0.287941 0.097683 -0.344859
v 0.287941 0.017814 -0.349430
v 0.317941 0.017814 -0.349430
v 0.287941 0.097683 -0.344859
v 0.287941 0.099398 -0.374810
v 0.287941 0.019529 -0.379381
v 0.287941 0.017814 -0.349430
v 0.287941 0.099398 -0.374810
v 0.317941 0.099398 -0.374810
v 0.317941 0.019529 -0.379381
v 0.287941 0.019529 -0.379381
v 0.317941 0.099398 -0.374810
v 0.317941 0.097683 -0.344859
v 0.317941 0.017814 -0.349430
v 0.317941 0.019529 -0.379381
v 0.317941 0.099398 -0.374810
v 0.287941 0.099398 -0.374810
v 0.287941 0.097683 -0.344859
v 0.317941 0.097683 -0.344859
v 0.470074 0.009957 -0.294789
v 0.470074 0.069860 -0.291361
v -0.469926 0.069860 -0.291361
v -0.469926 0.009957 -0.294789
v 0.470074 0.017959 -0.434561
v 0.470074 0.077861 -0.431132
v 0.470074 0.069860 -0.291361
v 0.470074 0.009957 -0.294789
v -0.469926 0.017959 -0.434561
v -0.469926 0.077861 -0.431132
v 0.470074 0.077861 -0.431132
v 0.470074 0.017959 -0.434561
v -0.469926 0.009957 -0.294789
v -0.469926 0.069860 -0.291361
v -0.469926 0.077861 -0.431132
v -0.469926 0.017959 -0.434561
v 0.470074 0.069860 -0.291361
v 0.470074 0.077861 -0.431132
v -0.469926 0.077861 -0.431132
v -0.469926 0.069860 -0.291361
v 0.470074 -0.004329 -0.045198
v 0.470074 0.055573 -0.041770
v -0.469926 0.055573 -0.041770
v -0.469926 -0.004329 -0.045198
v 0.470074 0.003672 -0.184969
v 0.470074 0.063573 -0.181541
v 0.470074 0.055573 -0.041770
v 0.470074 -0.004329 -0.045198
v -0.469926 0.003672 -0.184969
v -0.469926 0.063573 -0.181541
v 0.470074 0.063573 -0.181541
v 0.470074 0.003672 -0.184969
v -0.469926 -0.004329 -0.045198
v -0.469926 0.055573 -0.041770
v -0.469926 0.063573 -0.181541
v -0.469926 0.003672 -0.184969
v 0.470074 0.055573 -0.041770
v 0.470074 0.063573 -0.181541
v -0.469926 0.063573 -0.181541
v -0.469926 0.055573 -0.041770
v -0.469926 -0.032903 0.453984
v -0.469926 -0.024903 0.314213
v 0.470074 -0.024903 0.314213
v 0.470074 -0.032903 0.453984
v -0.469926 -0.018616 0.204393
v -0.469926 -0.010616 0.064622
v 0.470074 -0.010616 0.064622
v 0.470074 -0.018616 0.204393
v -0.469926 -0.004329 -0.045198
v -0.469926 0.003672 -0.184969
v 0.470074 0.003672 -0.184969
v 0.470074 -0.004329 -0.045198
v -0.469926 0.009957 -0.294789
v -0.469926 0.017959 -0.434561
v 0.470074 0.017959 -0.434561
v 0.470074 0.009957 -0.294789
v 0.470074 0.052819 -1.043564
v 0.470074 0.112721 -1.040135
v -0.469926 0.112721 -1.040135
v -0.469926 0.052819 -1.043564
v 0.470074 0.060819 -1.183336
v 0.470074 0.120721 -1.179906
v 0.470074 0.112721 -1.040135
v 0.470074 0.052819 -1.043564
v -0.469926 0.060819 -1.183336
v -0.469926 0.120721 -1.179906
v 0.470074 0.120721 -1.179906
v 0.470074 0.060819 -1.183336
v -0.469926 0.052819 -1.043564
v -0.469926 0.112721 -1.040135
v -0.469926 0.120721 -1.179906
v -0.469926 0.060819 -1.183336
v 0.470074 0.112721 -1.040135
v 0.470074 0.120721 -1.179906
v -0.469926 0.120721 -1.179906
v -0.469926 0.112721 -1.040135
v 0.360551 0.092274 -0.485397
v 0.360551 0.076813 -0.486282
v 0.360551 0.133961 -1.484648
v 0.360551 0.149422 -1.483763
v 0.470074 0.038532 -0.793973
v 0.470074 0.098434 -0.790544
v -0.469926 0.098434 -0.790544
v -0.469926 0.038532 -0.793973
v 0.470074 0.046532 -0.933744
v 0.470074 0.106434 -0.930315
v 0.470074 0.098434 -0.790544
v 0.470074 0.038532 -0.793973
v -0.469926 0.046532 -0.933744
v -0.469926 0.106434 -0.930315
v 0.470074 0.106434 -0.930315
v 0.470074 0.046532 -0.933744
v -0.469926 0.038532 -0.793973
v -0.469926 0.098434 -0.790544
v -0.469926 0.106434 -0.930315
v -0.469926 0.046532 -0.933744
v 0.470074 0.098434 -0.790544
v 0.470074 0.106434 -0.930315
v -0.469926 0.106434 -0.930315
v -0.469926 0.098434 -0.790544
v 0.300551 0.149422 -1.483763
v 0.300551 0.133961 -1.484648
v 0.300551 0.076813 -0.486282
v 0.300551 0.092274 -0.485397
v 0.352440 0.193862 -1.481219
v 0.308662 0.193862 -1.481219
v 0.308662 0.136715 -0.482853
v 0.352440 0.136715 -0.482853
v 0.360551 0.133961 -1.484648
v 0.360551 0.076813 -0.486282
v 0.300551 0.076813 -0.486282
v 0.300551 0.133961 -1.484648
v 0.318296 0.122520 -0.483666
v 0.318296 0.179667 -1.482032
v 0.318296 0.149422 -1.483763
v 0.318296 0.092274 -0.485397
v 0.308662 0.136715 -0.482853
v 0.308662 0.193862 -1.481219
v 0.308662 0.179667 -1.482032
v 0.308662 0.122520 -0.483666
v 0.318296 0.179667 -1.482032
v 0.318296 0.122520 -0.483666
v 0.308662 0.122520 -0.483666
v 0.308662 0.179667 -1.482032
v 0.300551 0.149422 -1.483763
v 0.300551 0.092274 -0.485397
v 0.318296 0.092274 -0.485397
v 0.318296 0.149422 -1.483763
v 0.342806 0.179667 -1.482032
v 0.342806 0.122520 -0.483666
v 0.342806 0.092274 -0.485397
v 0.342806 0.149422 -1.483763
v 0.352440 0.193862 -1.481219
v 0.352440 0.136715 -0.482853
v 0.352440 0.122520 -0.483666
v 0.352440 0.179667 -1.482032
v 0.352440 0.179667 -1.482032
v 0.352440 0.122520 -0.483666
v 0.342806 0.122520 -0.483666
v 0.342806 0.179667 -1.482032
v 0.342806 0.149422 -1.483763
v 0.342806 0.092274 -0.485397
v 0.360551 0.092274 -0.485397
v 0.360551 0.149422 -1.483763
v 0.470074 0.067105 -1.293156
v 0.470074 0.127008 -1.289726
v -0.469926 0.127008 -1.289726
v -0.469926 0.067105 -1.293156
v 0.470074 0.075106 -1.432927
v 0.470074 0.135008 -1.429497
v 0.470074 0.127008 -1.289726
v 0.470074 0.067105 -1.293156
v -0.469926 0.075106 -1.432927
v -0.469926 0.135008 -1.429497
v 0.470074 0.135008 -1.429497
v 0.470074 0.075106 -1.432927
v -0.469926 0.067105 -1.293156
v -0.469926 0.127008 -1.289726
v -0.469926 0.135008 -1.429497
v -0.469926 0.075106 -1.432927
v 0.470074 0.127008 -1.289726
v 0.470074 0.135008 -1.429497
v -0.469926 0.135008 -1.429497
v -0.469926 0.127008 -1.289726
v -0.360403 0.133961 -1.484648
v -0.360403 0.076813 -0.486282
v -0.360403 0.092274 -0.485397
v -0.360403 0.149422 -1.483763
v 0.470074 0.024245 -0.544381
v 0.470074 0.084146 -0.540952
v -0.469926 0.084146 -0.540952
v -0.469926 0.024245 -0.544381
v 0.470074 0.032245 -0.684152
v 0.470074 0.092148 -0.680724
v 0.470074 0.084146 -0.540952
v 0.470074 0.024245 -0.544381
v -0.469926 0.032245 -0.684152
v -0.469926 0.092148 -0.680724
v 0.470074 0.092148 -0.680724
v 0.470074 0.032245 -0.684152
v -0.469926 0.024245 -0.544381
v -0.469926 0.084146 -0.540952
v -0.469926 0.092148 -0.680724
v -0.469926 0.032245 -0.684152
v 0.470074 0.084146 -0.540952
v 0.470074 0.092148 -0.680724
v -0.469926 0.092148 -0.680724
v -0.469926 0.084146 -0.540952
v -0.300403 0.076813 -0.486282
v -0.300403 0.133961 -1.484648
v -0.300403 0.149422 -1.483763
v -0.300403 0.092274 -0.485397
v -0.308514 0.136715 -0.482853
v -0.308514 0.193862 -1.481219
v -0.352292 0.193862 -1.481219
v -0.352292 0.136715 -0.482853
v -0.300403 0.076813 -0.486282
v -0.360403 0.076813 -0.486282
v -0.360403 0.133961 -1.484648
v -0.300403 0.133961 -1.484648
v -0.318148 0.149422 -1.483763
v -0.318148 0.179667 -1.482032
v -0.318148 0.122520 -0.483666
v -0.318148 0.092274 -0.485397
v -0.308514 0.179667 -1.482032
v -0.308514 0.193862 -1.481219
v -0.308514 0.136715 -0.482853
v -0.308514 0.122520 -0.483666
v -0.308514 0.122520 -0.483666
v -0.318148 0.122520 -0.483666
v -0.318148 0.179667 -1.482032
v -0.308514 0.179667 -1.482032
v -0.318148 0.092274 -0.485397
v -0.300403 0.092274 -0.485397
v -0.300403 0.149422 -1.483763
v -0.318148 0.149422 -1.483763
v -0.342658 0.092274 -0.485397
v -0.342658 0.122520 -0.483666
v -0.342658 0.179667 -1.482032
v -0.342658 0.149422 -1.483763
v -0.352292 0.122520 -0.483666
v -0.352292 0.136715 -0.482853
v -0.352292 0.193862 -1.481219
v -0.352292 0.179667 -1.482032
v -0.342658 0.122520 -0.483666
v -0.352292 0.122520 -0.483666
v -0.352292 0.179667 -1.482032
v -0.342658 0.179667 -1.482032
v -0.360403 0.092274 -0.485397
v -0.342658 0.092274 -0.485397
v -0.342658 0.149422 -1.483763
v -0.360403 0.149422 -1.483763
v -0.287793 0.032101 -0.599022
v -0.287793 0.111971 -0.594450
v -0.317793 0.111971 -0.594450
v -0.317793 0.032101 -0.599022
v -0.287793 0.033815 -0.628973
v -0.287793 0.113684 -0.624401
v -0.287793 0.111971 -0.594450
v -0.287793 0.032101 -0.599022
v -0.317793 0.033815 -0.628973
v -0.317793 0.113684 -0.624401
v -0.287793 0.113684 -0.624401
v -0.287793 0.033815 -0.628973
v -0.317793 0.032101 -0.599022
v -0.317793 0.111971 -0.594450
v -0.317793 0.113684 -0.624401
v -0.317793 0.033815 -0.628973
v -0.287793 0.111971 -0.594450
v -0.287793 0.113684 -0.624401
v -0.317793 0.113684 -0.624401
v -0.317793 0.111971 -0.594450
v 0.317941 0.111971 -0.594450
v 0.287941 0.111971 -0.594450
v 0.287941 0.032101 -0.599022
v 0.317941 0.032101 -0.599022
v 0.287941 0.111971 -0.594450
v 0.287941 0.113684 -0.624401
v 0.287941 0.033815 -0.628973
v 0.287941 0.032101 -0.599022
v 0.287941 0.113684 -0.624401
v 0.317941 0.113684 -0.624401
v 0.317941 0.033815 -0.628973
v 0.287941 0.033815 -0.628973
v 0.317941 0.113684 -0.624401
v 0.317941 0.111971 -0.594450
v 0.317941 0.032101 -0.599022
v 0.317941 0.033815 -0.628973
v 0.317941 0.113684 -0.624401
v 0.287941 0.113684 -0.624401
v 0.287941 0.111971 -0.594450
v 0.317941 0.111971 -0.594450
v -0.287793 0.046388 -0.848613
v -0.287793 0.126257 -0.844041
v -0.317793 0.126257 -0.844041
v -0.317793 0.046388 -0.848613
v -0.287793 0.048102 -0.878564
v -0.287793 0.127971 -0.873992
v -0.287793 0.126257 -0.844041
v -0.287793 0.046388 -0.848613
v -0.317793 0.048102 -0.878564
v -0.317793 0.127971 -0.873992
v -0.287793 0.127971 -0.873992
v -0.287793 0.048102 -0.878564
v -0.317793 0.046388 -0.848613
v -0.317793 0.126257 -0.844041
v -0.317793 0.127971 -0.873992
v -0.317793 0.048102 -0.878564
v -0.287793 0.126257 -0.844041
v -0.287793 0.127971 -0.873992
v -0.317793 0.127971 -0.873992
v -0.317793 0.126257 -0.844041
v 0.317941 0.126257 -0.844041
v 0.287941 0.126257 -0.844041
v 0.287941 0.046388 -0.848613
v 0.317941 0.046388 -0.848613
v 0.287941 0.126257 -0.844041
v 0.287941 0.127971 -0.873992
v 0.287941 0.048102 -0.878564
v 0.287941 0.046388 -0.848613
v 0.287941 0.127971 -0.873992
v 0.317941 0.127971 -0.873992
v 0.317941 0.048102 -0.878564
v 0.287941 0.048102 -0.878564
v 0.317941 0.127971 -0.873992
v 0.317941 0.126257 -0.844041
v 0.317941 0.046388 -0.848613
v 0.317941 0.048102 -0.878564
v 0.317941 0.127971 -0.873992
v 0.287941 0.127971 -0.873992
v 0.287941 0.126257 -0.844041
v 0.317941 0.126257 -0.844041
v -0.287793 0.060675 -1.098205
v -0.287793 0.140544 -1.093632
v -0.317793 0.140544 -1.093632
v -0.317793 0.060675 -1.098205
v -0.287793 0.062389 -1.128156
v -0.287793 0.142259 -1.123583
v -0.287793 0.140544 -1.093632
v -0.287793 0.060675 -1.098205
v -0.317793 0.062389 -1.128156
v -0.317793 0.142259 -1.123583
v -0.287793 0.142259 -1.123583
v -0.287793 0.062389 -1.128156
v -0.317793 0.060675 -1.098205
v -0.317793 0.140544 -1.093632
v -0.317793 0.142259 -1.123583
v -0.317793 0.062389 -1.128156
v -0.287793 0.140544 -1.093632
v -0.287793 0.142259 -1.123583
v -0.317793 0.142259 -1.123583
v -0.317793 0.140544 -1.093632
v 0.317941 0.140544 -1.093632
v 0.287941 0.140544 -1.093632
v 0.287941 0.060675 -1.098205
v 0.317941 0.060675 -1.098205
v 0.287941 0.140544 -1.093632
v 0.287941 0.142259 -1.123583
v 0.287941 0.062389 -1.128156
v 0.287941 0.060675 -1.098205
v 0.287941 0.142259 -1.123583
v 0.317941 0.142259 -1.123583
v 0.317941 0.062389 -1.128156
v 0.287941 0.062389 -1.128156
v 0.317941 0.142259 -1.123583
v 0.317941 0.140544 -1.093632
v 0.317941 0.060675 -1.098205
v 0.317941 0.062389 -1.128156
v 0.317941 0.142259 -1.123583
v 0.287941 0.142259 -1.123583
v 0.287941 0.140544 -1.093632
v 0.317941 0.140544 -1.093632
v -0.287793 0.074962 -1.347796
v -0.287793 0.154831 -1.343224
v -0.317793 0.154831 -1.343224
v -0.317793 0.074962 -1.347796
v -0.287793 0.076677 -1.377747
v -0.287793 0.156546 -1.373175
v -0.287793 0.154831 -1.343224
v -0.287793 0.074962 -1.347796
v -0.317793 0.076677 -1.377747
v -0.317793 0.156546 -1.373175
v -0.287793 0.156546 -1.373175
v -0.287793 0.076677 -1.377747
v -0.317793 0.074962 -1.347796
v -0.317793 0.154831 -1.343224
v -0.317793 0.156546 -1.373175
v -0.317793 0.076677 -1.377747
v -0.287793 0.154831 -1.343224
v -0.287793 0.156546 -1.373175
v -0.317793 0.156546 -1.373175
v -0.317793 0.154831 -1.343224
v 0.317941 0.154831 -1.343224
v 0.287941 0.154831 -1.343224
v 0.287941 0.074962 -1.347796
v 0.317941 0.074962 -1.347796
v 0.287941 0.154831 -1.343224
v 0.287941 0.156546 -1.373175
v 0.287941 0.076677 -1.377747
v 0.287941 0.074962 -1.347796
v 0.287941 0.156546 -1.373175
v 0.317941 0.156546 -1.373175
v 0.317941 0.076677 -1.377747
v 0.287941 0.076677 -1.377747
v 0.317941 0.156546 -1.373175
v 0.317941 0.154831 -1.343224
v 0.317941 0.074962 -1.347796
v 0.317941 0.076677 -1.377747
v 0.317941 0.156546 -1.373175
v 0.287941 0.156546 -1.373175
v 0.287941 0.154831 -1.343224
v 0.317941 0.154831 -1.343224
v -0.469926 0.024245 -0.544381
v -0.469926 0.032245 -0.684152
v 0.470074 0.032245 -0.684152
v 0.470074 0.024245 -0.544381
v -0.469926 0.038532 -0.793973
v -0.469926 0.046532 -0.933744
v 0.470074 0.046532 -0.933744
v 0.470074 0.038532 -0.793973
v -0.469926 0.052819 -1.043564
v -0.469926 0.060819 -1.183336
v 0.470074 0.060819 -1.183336
v 0.470074 0.052819 -1.043564
v -0.469926 0.067105 -1.293156
v -0.469926 0.075106 -1.432927
v 0.470074 0.075106 -1.432927
v 0.470074 0.067105 -1.293156
v 0.470074 0.081392 -1.542747
v 0.470074 0.141294 -1.539318
v -0.469926 0.141294 -1.539318
v -0.469926 0.081392 -1.542747
v 0.470074 0.089394 -1.682518
v 0.470074 0.149295 -1.679090
v 0.470074 0.141294 -1.539318
v 0.470074 0.081392 -1.542747
v -0.469926 0.089394 -1.682518
v -0.469926 0.149295 -1.679090
v 0.470074 0.149295 -1.679090
v 0.470074 0.089394 -1.682518
v -0.469926 0.081392 -1.542747
v -0.469926 0.141294 -1.539318
v -0.469926 0.149295 -1.679090
v -0.469926 0.089394 -1.682518
v 0.470074 0.141294 -1.539318
v 0.470074 0.149295 -1.679090
v -0.469926 0.149295 -1.679090
v -0.469926 0.141294 -1.539318
v 0.360551 0.149422 -1.483763
v 0.360551 0.133961 -1.484648
v 0.360551 0.191108 -2.483014
v 0.360551 0.206570 -2.482129
v 0.470074 0.109967 -2.041929
v 0.470074 0.169868 -2.038501
v -0.469926 0.169868 -2.038501
v -0.469926 0.109967 -2.041929
v 0.470074 0.117967 -2.181701
v 0.470074 0.177869 -2.178272
v 0.470074 0.169868 -2.038501
v 0.470074 0.109967 -2.041929
v -0.469926 0.117967 -2.181701
v -0.469926 0.177869 -2.178272
v 0.470074 0.177869 -2.178272
v 0.470074 0.117967 -2.181701
v -0.469926 0.109967 -2.041929
v -0.469926 0.169868 -2.038501
v -0.469926 0.177869 -2.178272
v -0.469926 0.117967 -2.181701
v 0.470074 0.169868 -2.038501
v 0.470074 0.177869 -2.178272
v -0.469926 0.177869 -2.178272
v -0.469926 0.169868 -2.038501
v 0.300551 0.206570 -2.482129
v 0.300551 0.191108 -2.483014
v 0.300551 0.133961 -1.484648
v 0.300551 0.149422 -1.483763
v 0.352440 0.251010 -2.479584
v 0.308662 0.251010 -2.479584
v 0.308662 0.193862 -1.481219
v 0.352440 0.193862 -1.481219
v 0.360551 0.191108 -2.483014
v 0.360551 0.133961 -1.484648
v 0.300551 0.133961 -1.484648
v 0.300551 0.191108 -2.483014
v 0.318296 0.179667 -1.482032
v 0.318296 0.236815 -2.480397
v 0.318296 0.206570 -2.482129
v 0.318296 0.149422 -1.483763
v 0.308662 0.193862 -1.481219
v 0.308662 0.251010 -2.479584
v 0.308662 0.236815 -2.480397
v 0.308662 0.179667 -1.482032
v 0.318296 0.236815 -2.480397
v 0.318296 0.179667 -1.482032
v 0.308662 0.179667 -1.482032
v 0.308662 0.236815 -2.480397
v 0.300551 0.206570 -2.482129
v 0.300551 0.149422 -1.483763
v 0.318296 0.149422 -1.483763
v 0.318296 0.206570 -2.482129
v 0.342806 0.236815 -2.480397
v 0.342806 0.179667 -1.482032
v 0.342806 0.149422 -1.483763
v 0.342806 0.206570 -2.482129
v 0.352440 0.251010 -2.479584
v 0.352440 0.193862 -1.481219
v 0.352440 0.179667 -1.482032
v 0.352440 0.236815 -2.480397
v 0.352440 0.236815 -2.480397
v 0.352440 0.179667 -1.482032
v 0.342806 0.179667 -1.482032
v 0.342806 0.236815 -2.480397
v 0.342806 0.206570 -2.482129
v 0.342806 0.149422 -1.483763
v 0.360551 0.149422 -1.483763
v 0.360551 0.206570 -2.482129
v 0.470074 0.095679 -1.792338
v 0.470074 0.155581 -1.788910
v -0.469926 0.155581 -1.788910
v -0.469926 0.095679 -1.792338
v 0.470074 0.103680 -1.932109
v 0.470074 0.163582 -1.928681
v 0.470074 0.155581 -1.788910
v 0.470074 0.095679 -1.792338
v -0.469926 0.103680 -1.932109
v -0.469926 0.163582 -1.928681
v 0.470074 0.163582 -1.928681
v 0.470074 0.103680 -1.932109
v -0.469926 0.095679 -1.792338
v -0.469926 0.155581 -1.788910
v -0.469926 0.163582 -1.928681
v -0.469926 0.103680 -1.932109
v 0.470074 0.155581 -1.788910
v 0.470074 0.163582 -1.928681
v -0.469926 0.163582 -1.928681
v -0.469926 0.155581 -1.788910
v -0.360403 0.191108 -2.483014
v -0.360403 0.133961 -1.484648
v -0.360403 0.149422 -1.483763
v -0.360403 0.206570 -2.482129
v 0.470074 0.124253 -2.291521
v 0.470074 0.184156 -2.288093
v -0.469926 0.184156 -2.288093
v -0.469926 0.124253 -2.291521
v 0.470074 0.132254 -2.431293
v 0.470074 0.192156 -2.427864
v 0.470074 0.184156 -2.288093
v 0.470074 0.124253 -2.291521
v -0.469926 0.132254 -2.431293
v -0.469926 0.192156 -2.427864
v 0.470074 0.192156 -2.427864
v 0.470074 0.132254 -2.431293
v -0.469926 0.124253 -2.291521
v -0.469926 0.184156 -2.288093
v -0.469926 0.192156 -2.427864
v -0.469926 0.132254 -2.431293
v 0.470074 0.184156 -2.288093
v 0.470074 0.192156 -2.427864
v -0.469926 0.192156 -2.427864
v -0.469926 0.184156 -2.288093
v -0.300403 0.133961 -1.484648
v -0.300403 0.191108 -2.483014
v -0.300403 0.206570 -2.482129
v -0.300403 0.149422 -1.483763
v -0.308514 0.193862 -1.481219
v -0.308514 0.251010 -2.479584
v -0.352292 0.251010 -2.479584
v -0.352292 0.193862 -1.481219
v -0.300403 0.133961 -1.484648
v -0.360403 0.133961 -1.484648
v -0.360403 0.191108 -2.483014
v -0.300403 0.191108 -2.483014
v -0.318148 0.206570 -2.482129
v -0.318148 0.236815 -2.480397
v -0.318148 0.179667 -1.482032
v -0.318148 0.149422 -1.483763
v -0.308514 0.236815 -2.480397
v -0.308514 0.251010 -2.479584
v -0.308514 0.193862 -1.481219
v -0.308514 0.179667 -1.482032
v -0.308514 0.179667 -1.482032
v -0.318148 0.179667 -1.482032
v -0.318148 0.236815 -2.480397
v -0.308514 0.236815 -2.480397
v -0.318148 0.149422 -1.483763
v -0.300403 0.149422 -1.483763
v -0.300403 0.206570 -2.482129
v -0.318148 0.206570 -2.482129
v -0.342658 0.149422 -1.483763
v -0.342658 0.179667 -1.482032
v -0.342658 0.236815 -2.480397
v -0.342658 0.206570 -2.482129
v -0.352292 0.179667 -1.482032
v -0.352292 0.193862 -1.481219
v -0.352292 0.251010 -2.479584
v -0.352292 0.236815 -2.480397
v -0.342658 0.179667 -1.482032
v -0.352292 0.179667 -1.482032
v -0.352292 0.236815 -2.480397
v -0.342658 0.236815 -2.480397
v -0.360403 0.149422 -1.483763
v -0.342658 0.149422 -1.483763
v -0.342658 0.206570 -2.482129
v -0.360403 0.206570 -2.482129
v -0.287793 0.089249 -1.597387
v -0.287793 0.169118 -1.592815
v -0.317793 0.169118 -1.592815
v -0.317793 0.089249 -1.597387
v -0.287793 0.090963 -1.627338
v -0.287793 0.170832 -1.622766
v -0.287793 0.169118 -1.592815
v -0.287793 0.089249 -1.597387
v -0.317793 0.090963 -1.627338
v -0.317793 0.170832 -1.622766
v -0.287793 0.170832 -1.622766
v -0.287793 0.090963 -1.627338
v -0.317793 0.089249 -1.597387
v -0.317793 0.169118 -1.592815
v -0.317793 0.170832 -1.622766
v -0.317793 0.090963 -1.627338
v -0.287793 0.169118 -1.592815
v -0.287793 0.170832 -1.622766
v -0.317793 0.170832 -1.622766
v -0.317793 0.169118 -1.592815
v 0.317941 0.169118 -1.592815
v 0.287941 0.169118 -1.592815
v 0.287941 0.089249 -1.597387
v 0.317941 0.089249 -1.597387
v 0.287941 0.169118 -1.592815
v 0.287941 0.170832 -1.622766
v 0.287941 0.090963 -1.627338
v 0.287941 0.089249 -1.597387
v 0.287941 0.170832 -1.622766
v 0.317941 0.170832 -1.622766
v 0.317941 0.090963 -1.627338
v 0.287941 0.090963 -1.627338
v 0.317941 0.170832 -1.622766
v 0.317941 0.169118 -1.592815
v 0.317941 0.089249 -1.597387
v 0.317941 0.090963 -1.627338
v 0.317941 0.170832 -1.622766
v 0.287941 0.170832 -1.622766
v 0.287941 0.169118 -1.592815
v 0.317941 0.169118 -1.592815
v -0.287793 0.103535 -1.846978
v -0.287793 0.183404 -1.842407
v -0.317793 0.183404 -1.842407
v -0.317793 0.103535 -1.846978
v -0.287793 0.105250 -1.876929
v -0.287793 0.185119 -1.872358
v -0.287793 0.183404 -1.842407
v -0.287793 0.103535 -1.846978
v -0.317793 0.105250 -1.876929
v -0.317793 0.185119 -1.872358
v -0.287793 0.185119 -1.872358
v -0.287793 0.105250 -1.876929
v -0.317793 0.103535 -1.846978
v -0.317793 0.183404 -1.842407
v -0.317793 0.185119 -1.872358
v -0.317793 0.105250 -1.876929
v -0.287793 0.183404 -1.842407
v -0.287793 0.185119 -1.872358
v -0.317793 0.185119 -1.872358
v -0.317793 0.183404 -1.842407
v 0.317941 0.183404 -1.842407
v 0.287941 0.183404 -1.842407
v 0.287941 0.103535 -1.846978
v 0.317941 0.103535 -1.846978
v 0.287941 0.183404 -1.842407
v 0.287941 0.185119 -1.872358
v 0.287941 0.105250 -1.876929
v 0.287941 0.103535 -1.846978
v 0.287941 0.185119 -1.872358
v 0.317941 0.185119 -1.872358
v 0.317941 0.105250 -1.876929
v 0.287941 0.105250 -1.876929
v 0.317941 0.185119 -1.872358
v 0.317941 0.183404 -1.842407
v 0.317941 0.103535 -1.846978
v 0.317941 0.105250 -1.876929
v 0.317941 0.185119 -1.872358
v 0.287941 0.185119 -1.872358
v 0.287941 0.183404 -1.842407
v 0.317941 0.183404 -1.842407
v -0.287793 0.117822 -2.096570
v -0.287793 0.197692 -2.091999
v -0.317793 0.197692 -2.091999
v -0.317793 0.117822 -2.096570
v -0.287793 0.119537 -2.126521
v -0.287793 0.199406 -2.121950
v -0.287793 0.197692 -2.091999
v -0.287793 0.117822 -2.096570
v -0.317793 0.119537 -2.126521
v -0.317793 0.199406 -2.121950
v -0.287793 0.199406 -2.121950
v -0.287793 0.119537 -2.126521
v -0.317793 0.117822 -2.096570
v -0.317793 0.197692 -2.091999
v -0.317793 0.199406 -2.121950
v -0.317793 0.119537 -2.126521
v -0.287793 0.197692 -2.091999
v -0.287793 0.199406 -2.121950
v -0.317793 0.199406 -2.121950
v -0.317793 0.197692 -2.091999
v 0.317941 0.197692 -2.091999
v 0.287941 0.197692 -2.091999
v 0.287941 0.117822 -2.096570
v 0.317941 0.117822 -2.096570
v 0.287941 0.197692 -2.091999
v 0.287941 0.199406 -2.121950
v 0.287941 0.119537 -2.126521
v 0.287941 0.117822 -2.096570
v 0.287941 0.199406 -2.121950
v 0.317941 0.199406 -2.121950
v 0.317941 0.119537 -2.126521
v 0.287941 0.119537 -2.126521
v 0.317941 0.199406 -2.121950
v 0.317941 0.197692 -2.091999
v 0.317941 0.117822 -2.096570
v 0.317941 0.119537 -2.126521
v 0.317941 0.199406 -2.121950
v 0.287941 0.199406 -2.121950
v 0.287941 0.197692 -2.091999
v 0.317941 0.197692 -2.091999
v -0.287793 0.132110 -2.346162
v -0.287793 0.211979 -2.341590
v -0.317793 0.211979 -2.341590
v -0.317793 0.132110 -2.346162
v -0.287793 0.133824 -2.376113
v -0.287793 0.213693 -2.371541
v -0.287793 0.211979 -2.341590
v -0.287793 0.132110 -2.346162
v -0.317793 0.133824 -2.376113
v -0.317793 0.213693 -2.371541
v -0.287793 0.213693 -2.371541
v -0.287793 0.133824 -2.376113
v -0.317793 0.132110 -2.346162
v -0.317793 0.211979 -2.341590
v -0.317793 0.213693 -2.371541
v -0.317793 0.133824 -2.376113
v -0.287793 0.211979 -2.341590
v -0.287793 0.213693 -2.371541
v -0.317793 0.213693 -2.371541
v -0.317793 0.211979 -2.341590
v 0.317941 0.211979 -2.341590
v 0.287941 0.211979 -2.341590
v 0.287941 0.132110 -2.346162
v 0.317941 0.132110 -2.346162
v 0.287941 0.211979 -2.341590
v 0.287941 0.213693 -2.371541
v 0.287941 0.133824 -2.376113
v 0.287941 0.132110 -2.346162
v 0.287941 0.213693 -2.371541
v 0.317941 0.213693 -2.371541
v 0.317941 0.133824 -2.376113
v 0.287941 0.133824 -2.376113
v 0.317941 0.213693 -2.371541
v 0.317941 0.211979 -2.341590
v 0.317941 0.132110 -2.346162
v 0.317941 0.133824 -2.376113
v 0.317941 0.213693 -2.371541
v 0.287941 0.213693 -2.371541
v 0.287941 0.211979 -2.341590
v 0.317941 0.211979 -2.341590
v -0.469926 0.081392 -1.542747
v -0.469926 0.089394 -1.682518
v 0.470074 0.089394 -1.682518
v 0.470074 0.081392 -1.542747
v -0.469926 0.095679 -1.792338
v -0.469926 0.103680 -1.932109
v 0.470074 0.103680 -1.932109
v 0.470074 0.095679 -1.792338
v -0.469926 0.109967 -2.041929
v -0.469926 0.117967 -2.181701
v 0.470074 0.117967 -2.181701
v 0.470074 0.109967 -2.041929
v -0.469926 0.124253 -2.291521
v -0.469926 0.132254 -2.431293
v 0.470074 0.132254 -2.431293
v 0.470074 0.124253 -2.291521
v 0.470074 0.181402 -3.289887
v 0.470074 0.241303 -3.286458
v -0.469926 0.241303 -3.286458
v -0.469926 0.181402 -3.289887
v 0.470074 0.189402 -3.429658
v 0.470074 0.249304 -3.426230
v 0.470074 0.241303 -3.286458
v 0.470074 0.181402 -3.289887
v -0.469926 0.189402 -3.429658
v -0.469926 0.249304 -3.426230
v 0.470074 0.249304 -3.426230
v 0.470074 0.189402 -3.429658
v -0.469926 0.181402 -3.289887
v -0.469926 0.241303 -3.286458
v -0.469926 0.249304 -3.426230
v -0.469926 0.189402 -3.429658
v 0.470074 0.241303 -3.286458
v 0.470074 0.249304 -3.426230
v -0.469926 0.249304 -3.426230
v -0.469926 0.241303 -3.286458
v 0.360551 0.206570 -2.482129
v 0.360551 0.191108 -2.483014
v 0.360551 0.248256 -3.481379
v 0.360551 0.263717 -3.480494
v 0.470074 0.138540 -2.541113
v 0.470074 0.198442 -2.537684
v -0.469926 0.198442 -2.537684
v -0.469926 0.138540 -2.541113
v 0.470074 0.146541 -2.680884
v 0.470074 0.206443 -2.677455
v 0.470074 0.198442 -2.537684
v 0.470074 0.138540 -2.541113
v -0.469926 0.146541 -2.680884
v -0.469926 0.206443 -2.677455
v 0.470074 0.206443 -2.677455
v 0.470074 0.146541 -2.680884
v -0.469926 0.138540 -2.541113
v -0.469926 0.198442 -2.537684
v -0.469926 0.206443 -2.677455
v -0.469926 0.146541 -2.680884
v 0.470074 0.198442 -2.537684
v 0.470074 0.206443 -2.677455
v -0.469926 0.206443 -2.677455
v -0.469926 0.198442 -2.537684
v 0.300551 0.263717 -3.480494
v 0.300551 0.248256 -3.481379
v 0.300551 0.191108 -2.483014
v 0.300551 0.206570 -2.482129
v 0.352440 0.308158 -3.477951
v 0.308662 0.308158 -3.477951
v 0.308662 0.251010 -2.479584
v 0.352440 0.251010 -2.479584
v 0.360551 0.248256 -3.481379
v 0.360551 0.191108 -2.483014
v 0.300551 0.191108 -2.483014
v 0.300551 0.248256 -3.481379
v 0.318296 0.236815 -2.480397
v 0.318296 0.293963 -3.478763
v 0.318296 0.263717 -3.480494
v 0.318296 0.206570 -2.482129
v 0.308662 0.251010 -2.479584
v 0.308662 0.308158 -3.477951
v 0.308662 0.293963 -3.478763
v 0.308662 0.236815 -2.480397
v 0.318296 0.293963 -3.478763
v 0.318296 0.236815 -2.480397
v 0.308662 0.236815 -2.480397
v 0.308662 0.293963 -3.478763
v 0.300551 0.263717 -3.480494
v 0.300551 0.206570 -2.482129
v 0.318296 0.206570 -2.482129
v 0.318296 0.263717 -3.480494
v 0.342806 0.293963 -3.478763
v 0.342806 0.236815 -2.480397
v 0.342806 0.206570 -2.482129
v 0.342806 0.263717 -3.480494
v 0.352440 0.308158 -3.477951
v 0.352440 0.251010 -2.479584
v 0.352440 0.236815 -2.480397
v 0.352440 0.293963 -3.478763
v 0.352440 0.293963 -3.478763
v 0.352440 0.236815 -2.480397
v 0.342806 0.236815 -2.480397
v 0.342806 0.293963 -3.478763
v 0.342806 0.263717 -3.480494
v 0.342806 0.206570 -2.482129
v 0.360551 0.206570 -2.482129
v 0.360551 0.263717 -3.480494
v 0.470074 0.167114 -3.040296
v 0.470074 0.227016 -3.036866
v -0.469926 0.227016 -3.036866
v -0.469926 0.167114 -3.040296
v 0.470074 0.175115 -3.180067
v 0.470074 0.235017 -3.176637
v 0.470074 0.227016 -3.036866
v 0.470074 0.167114 -3.040296
v -0.469926 0.175115 -3.180067
v -0.469926 0.235017 -3.176637
v 0.470074 0.235017 -3.176637
v 0.470074 0.175115 -3.180067
v -0.469926 0.167114 -3.040296
v -0.469926 0.227016 -3.036866
v -0.469926 0.235017 -3.176637
v -0.469926 0.175115 -3.180067
v 0.470074 0.227016 -3.036866
v 0.470074 0.235017 -3.176637
v -0.469926 0.235017 -3.176637
v -0.469926 0.227016 -3.036866
v -0.360403 0.248256 -3.481379
v -0.360403 0.191108 -2.483014
v -0.360403 0.206570 -2.482129
v -0.360403 0.263717 -3.480494
v 0.470074 0.152827 -2.790704
v 0.470074 0.212729 -2.787275
v -0.469926 0.212729 -2.787275
v -0.469926 0.152827 -2.790704
v 0.470074 0.160828 -2.930475
v 0.470074 0.220730 -2.927046
v 0.470074 0.212729 -2.787275
v 0.470074 0.152827 -2.790704
v -0.469926 0.160828 -2.930475
v -0.469926 0.220730 -2.927046
v 0.470074 0.220730 -2.927046
v 0.470074 0.160828 -2.930475
v -0.469926 0.152827 -2.790704
v -0.469926 0.212729 -2.787275
v -0.469926 0.220730 -2.927046
v -0.469926 0.160828 -2.930475
v 0.470074 0.212729 -2.787275
v 0.470074 0.220730 -2.927046
v -0.469926 0.220730 -2.927046
v -0.469926 0.212729 -2.787275
v -0.300403 0.191108 -2.483014
v -0.300403 0.248256 -3.481379
v -0.300403 0.263717 -3.480494
v -0.300403 0.206570 -2.482129
v -0.308514 0.251010 -2.479584
v -0.308514 0.308158 -3.477951
v -0.352292 0.308158 -3.477951
v -0.352292 0.251010 -2.479584
v -0.300403 0.191108 -2.483014
v -0.360403 0.191108 -2.483014
v -0.360403 0.248256 -3.481379
v -0.300403 0.248256 -3.481379
v -0.318148 0.263717 -3.480494
v -0.318148 0.293963 -3.478763
v -0.318148 0.236815 -2.480397
v -0.318148 0.206570 -2.482129
v -0.308514 0.293963 -3.478763
v -0.308514 0.308158 -3.477951
v -0.308514 0.251010 -2.479584
v -0.308514 0.236815 -2.480397
v -0.308514 0.236815 -2.480397
v -0.318148 0.236815 -2.480397
v -0.318148 0.293963 -3.478763
v -0.308514 0.293963 -3.478763
v -0.318148 0.206570 -2.482129
v -0.300403 0.206570 -2.482129
v -0.300403 0.263717 -3.480494
v -0.318148 0.263717 -3.480494
v -0.342658 0.206570 -2.482129
v -0.342658 0.236815 -2.480397
v -0.342658 0.293963 -3.478763
v -0.342658 0.263717 -3.480494
v -0.352292 0.236815 -2.480397
v -0.352292 0.251010 -2.479584
v -0.352292 0.308158 -3.477951
v -0.352292 0.293963 -3.478763
v -0.342658 0.236815 -2.480397
v -0.352292 0.236815 -2.480397
v -0.352292 0.293963 -3.478763
v -0.342658 0.293963 -3.478763
v -0.360403 0.206570 -2.482129
v -0.342658 0.206570 -2.482129
v -0.342658 0.263717 -3.480494
v -0.360403 0.263717 -3.480494
v -0.287793 0.146397 -2.595753
v -0.287793 0.226266 -2.591181
v -0.317793 0.226266 -2.591181
v -0.317793 0.146397 -2.595753
v -0.287793 0.148110 -2.625704
v -0.287793 0.227980 -2.621132
v -0.287793 0.226266 -2.591181
v -0.287793 0.146397 -2.595753
v -0.317793 0.148110 -2.625704
v -0.317793 0.227980 -2.621132
v -0.287793 0.227980 -2.621132
v -0.287793 0.148110 -2.625704
v -0.317793 0.146397 -2.595753
v -0.317793 0.226266 -2.591181
v -0.317793 0.227980 -2.621132
v -0.317793 0.148110 -2.625704
v -0.287793 0.226266 -2.591181
v -0.287793 0.227980 -2.621132
v -0.317793 0.227980 -2.621132
v -0.317793 0.226266 -2.591181
v 0.317941 0.226266 -2.591181
v 0.287941 0.226266 -2.591181
v 0.287941 0.146397 -2.595753
v 0.317941 0.146397 -2.595753
v 0.287941 0.226266 -2.591181
v 0.287941 0.227980 -2.621132
v 0.287941 0.148110 -2.625704
v 0.287941 0.146397 -2.595753
v 0.287941 0.227980 -2.621132
v 0.317941 0.227980 -2.621132
v 0.317941 0.148110 -2.625704
v 0.287941 0.148110 -2.625704
v 0.317941 0.227980 -2.621132
v 0.317941 0.226266 -2.591181
v 0.317941 0.146397 -2.595753
v 0.317941 0.148110 -2.625704
v 0.317941 0.227980 -2.621132
v 0.287941 0.227980 -2.621132
v 0.287941 0.226266 -2.591181
v 0.317941 0.226266 -2.591181
v -0.287793 0.160683 -2.845345
v -0.287793 0.240552 -2.840772
v -0.317793 0.240552 -2.840772
v -0.317793 0.160683 -2.845345
v -0.287793 0.162398 -2.875296
v -0.287793 0.242267 -2.870723
v -0.287793 0.240552 -2.840772
v -0.287793 0.160683 -2.845345
v -0.317793 0.162398 -2.875296
v -0.317793 0.242267 -2.870723
v -0.287793 0.242267 -2.870723
v -0.287793 0.162398 -2.875296
v -0.317793 0.160683 -2.845345
v -0.317793 0.240552 -2.840772
v -0.317793 0.242267 -2.870723
v -0.317793 0.162398 -2.875296
v -0.287793 0.240552 -2.840772
v -0.287793 0.242267 -2.870723
v -0.317793 0.242267 -2.870723
v -0.317793 0.240552 -2.840772
v 0.317941 0.240552 -2.840772
v 0.287941 0.240552 -2.840772
v 0.287941 0.160683 -2.845345
v 0.317941 0.160683 -2.845345
v 0.287941 0.240552 -2.840772
v 0.287941 0.242267 -2.870723
v 0.287941 0.162398 -2.875296
v 0.287941 0.160683 -2.845345
v 0.287941 0.242267 -2.870723
v 0.317941 0.242267 -2.870723
v 0.317941 0.162398 -2.875296
v 0.287941 0.162398 -2.875296
v 0.317941 0.242267 -2.870723
v 0.317941 0.240552 -2.840772
v 0.317941 0.160683 -2.845345
v 0.317941 0.162398 -2.875296
v 0.317941 0.242267 -2.870723
v 0.287941 0.242267 -2.870723
v 0.287941 0.240552 -2.840772
v 0.317941 0.240552 -2.840772
v -0.287793 0.174970 -3.094936
v -0.287793 0.254839 -3.090364
v -0.317793 0.254839 -3.090364
v -0.317793 0.174970 -3.094936
v -0.287793 0.176685 -3.124887
v -0.287793 0.256554 -3.120315
v -0.287793 0.254839 -3.090364
v -0.287793 0.174970 -3.094936
v -0.317793 0.176685 -3.124887
v -0.317793 0.256554 -3.120315
v -0.287793 0.256554 -3.120315
v -0.287793 0.176685 -3.124887
v -0.317793 0.174970 -3.094936
v -0.317793 0.254839 -3.090364
v -0.317793 0.256554 -3.120315
v -0.317793 0.176685 -3.124887
v -0.287793 0.254839 -3.090364
v -0.287793 0.256554 -3.120315
v -0.317793 0.256554 -3.120315
v -0.317793 0.254839 -3.090364
v 0.317941 0.254839 -3.090364
v 0.287941 0.254839 -3.090364
v 0.287941 0.174970 -3.094936
v 0.317941 0.174970 -3.094936
v 0.287941 0.254839 -3.090364
v 0.287941 0.256554 -3.120315
v 0.287941 0.176685 -3.124887
v 0.287941 0.174970 -3.094936
v 0.287941 0.256554 -3.120315
v 0.317941 0.256554 -3.120315
v 0.317941 0.176685 -3.124887
v 0.287941 0.176685 -3.124887
v 0.317941 0.256554 -3.120315
v 0.317941 0.254839 -3.090364
v 0.317941 0.174970 -3.094936
v 0.317941 0.176685 -3.124887
v 0.317941 0.256554 -3.120315
v 0.287941 0.256554 -3.120315
v 0.287941 0.254839 -3.090364
v 0.317941 0.254839 -3.090364
v -0.287793 0.189257 -3.344527
v -0.287793 0.269127 -3.339955
v -0.317793 0.269127 -3.339955
v -0.317793 0.189257 -3.344527
v -0.287793 0.190972 -3.374478
v -0.287793 0.270841 -3.369906
v -0.287793 0.269127 -3.339955
v -0.287793 0.189257 -3.344527
v -0.317793 0.190972 -3.374478
v -0.317793 0.270841 -3.369906
v -0.287793 0.270841 -3.369906
v -0.287793 0.190972 -3.374478
v -0.317793 0.189257 -3.344527
v -0.317793 0.269127 -3.339955
v -0.317793 0.270841 -3.369906
v -0.317793 0.190972 -3.374478
v -0.287793 0.269127 -3.339955
v -0.287793 0.270841 -3.369906
v -0.317793 0.270841 -3.369906
v -0.317793 0.269127 -3.339955
v 0.317941 0.269127 -3.339955
v 0.287941 0.269127 -3.339955
v 0.287941 0.189257 -3.344527
v 0.317941 0.189257 -3.344527
v 0.287941 0.269127 -3.339955
v 0.287941 0.270841 -3.369906
v 0.287941 0.190972 -3.374478
v 0.287941 0.189257 -3.344527
v 0.287941 0.270841 -3.369906
v 0.317941 0.270841 -3.369906
v 0.317941 0.190972 -3.374478
v 0.287941 0.190972 -3.374478
v 0.317941 0.270841 -3.369906
v 0.317941 0.269127 -3.339955
v 0.317941 0.189257 -3.344527
v 0.317941 0.190972 -3.374478
v 0.317941 0.270841 -3.369906
v 0.287941 0.270841 -3.369906
v 0.287941 0.269127 -3.339955
v 0.317941 0.269127 -3.339955
v -0.469926 0.138540 -2.541113
v -0.469926 0.146541 -2.680884
v 0.470074 0.146541 -2.680884
v 0.470074 0.138540 -2.541113
v -0.469926 0.152827 -2.790704
v -0.469926 0.160828 -2.930475
v 0.470074 0.160828 -2.930475
v 0.470074 0.152827 -2.790704
v -0.469926 0.167114 -3.040296
v -0.469926 0.175115 -3.180067
v 0.470074 0.175115 -3.180067
v 0.470074 0.167114 -3.040296
v -0.469926 0.181402 -3.289887
v -0.469926 0.189402 -3.429658
v 0.470074 0.189402 -3.429658
v 0.470074 0.181402 -3.289887
v 0.470074 0.195688 -3.539478
v 0.470074 0.255590 -3.536050
v -0.469926 0.255590 -3.536050
v -0.469926 0.195688 -3.539478
v 0.470074 0.203689 -3.679250
v 0.470074 0.263591 -3.675821
v 0.470074 0.255590 -3.536050
v 0.470074 0.195688 -3.539478
v -0.469926 0.203689 -3.679250
v -0.469926 0.263591 -3.675821
v 0.470074 0.263591 -3.675821
v 0.470074 0.203689 -3.679250
v -0.469926 0.195688 -3.539478
v -0.469926 0.255590 -3.536050
v -0.469926 0.263591 -3.675821
v -0.469926 0.203689 -3.679250
v 0.470074 0.255590 -3.536050
v 0.470074 0.263591 -3.675821
v -0.469926 0.263591 -3.675821
v -0.469926 0.255590 -3.536050
v 0.360551 0.263717 -3.480494
v 0.360551 0.248256 -3.481379
v 0.360551 0.305404 -4.479745
v 0.360551 0.320865 -4.478860
v 0.470074 0.238549 -4.288253
v 0.470074 0.298451 -4.284824
v -0.469926 0.298451 -4.284824
v -0.469926 0.238549 -4.288253
v 0.470074 0.246550 -4.428024
v 0.470074 0.306452 -4.424595
v 0.470074 0.298451 -4.284824
v 0.470074 0.238549 -4.288253
v -0.469926 0.246550 -4.428024
v -0.469926 0.306452 -4.424595
v 0.470074 0.306452 -4.424595
v 0.470074 0.246550 -4.428024
v -0.469926 0.238549 -4.288253
v -0.469926 0.298451 -4.284824
v -0.469926 0.306452 -4.424595
v -0.469926 0.246550 -4.428024
v 0.470074 0.298451 -4.284824
v 0.470074 0.306452 -4.424595
v -0.469926 0.306452 -4.424595
v -0.469926 0.298451 -4.284824
v 0.300551 0.320865 -4.478860
v 0.300551 0.305404 -4.479745
v 0.300551 0.248256 -3.481379
v 0.300551 0.263717 -3.480494
v 0.352440 0.365306 -4.476315
v 0.308662 0.365306 -4.476315
v 0.308662 0.308158 -3.477951
v 0.352440 0.308158 -3.477951
v 0.360551 0.305404 -4.479745
v 0.360551 0.248256 -3.481379
v 0.300551 0.248256 -3.481379
v 0.300551 0.305404 -4.479745
v 0.318296 0.293963 -3.478763
v 0.318296 0.351110 -4.477129
v 0.318296 0.320865 -4.478860
v 0.318296 0.263717 -3.480494
v 0.308662 0.308158 -3.477951
v 0.308662 0.365306 -4.476315
v 0.308662 0.351110 -4.477129
v 0.308662 0.293963 -3.478763
v 0.318296 0.351110 -4.477129
v 0.318296 0.293963 -3.478763
v 0.308662 0.293963 -3.478763
v 0.308662 0.351110 -4.477129
v 0.300551 0.320865 -4.478860
v 0.300551 0.263717 -3.480494
v 0.318296 0.263717 -3.480494
v 0.318296 0.320865 -4.478860
v 0.342806 0.351110 -4.477129
v 0.342806 0.293963 -3.478763
v 0.342806 0.263717 -3.480494
v 0.342806 0.320865 -4.478860
v 0.352440 0.365306 -4.476315
v 0.352440 0.308158 -3.477951
v 0.352440 0.293963 -3.478763
v 0.352440 0.351110 -4.477129
v 0.352440 0.351110 -4.477129
v 0.352440 0.293963 -3.478763
v 0.342806 0.293963 -3.478763
v 0.342806 0.351110 -4.477129
v 0.342806 0.320865 -4.478860
v 0.342806 0.263717 -3.480494
v 0.360551 0.263717 -3.480494
v 0.360551 0.320865 -4.478860
v 0.470074 0.209975 -3.789070
v 0.470074 0.269877 -3.785641
v -0.469926 0.269877 -3.785641
v -0.469926 0.209975 -3.789070
v 0.470074 0.217975 -3.928841
v 0.470074 0.277877 -3.925412
v 0.470074 0.269877 -3.785641
v 0.470074 0.209975 -3.789070
v -0.469926 0.217975 -3.928841
v -0.469926 0.277877 -3.925412
v 0.470074 0.277877 -3.925412
v 0.470074 0.217975 -3.928841
v -0.469926 0.209975 -3.789070
v -0.469926 0.269877 -3.785641
v -0.469926 0.277877 -3.925412
v -0.469926 0.217975 -3.928841
v 0.470074 0.269877 -3.785641
v 0.470074 0.277877 -3.925412
v -0.469926 0.277877 -3.925412
v -0.469926 0.269877 -3.785641
v -0.360403 0.305404 -4.479745
v -0.360403 0.248256 -3.481379
v -0.360403 0.263717 -3.480494
v -0.360403 0.320865 -4.478860
v 0.470074 0.224262 -4.038661
v 0.470074 0.284164 -4.035233
v -0.469926 0.284164 -4.035233
v -0.469926 0.224262 -4.038661
v 0.470074 0.232262 -4.178433
v 0.470074 0.292164 -4.175004
v 0.470074 0.284164 -4.035233
v 0.470074 0.224262 -4.038661
v -0.469926 0.232262 -4.178433
v -0.469926 0.292164 -4.175004
v 0.470074 0.292164 -4.175004
v 0.470074 0.232262 -4.178433
v -0.469926 0.224262 -4.038661
v -0.469926 0.284164 -4.035233
v -0.469926 0.292164 -4.175004
v -0.469926 0.232262 -4.178433
v 0.470074 0.284164 -4.035233
v 0.470074 0.292164 -4.175004
v -0.469926 0.292164 -4.175004
v -0.469926 0.284164 -4.035233
v -0.300403 0.248256 -3.481379
v -0.300403 0.305404 -4.479745
v -0.300403 0.320865 -4.478860
v -0.300403 0.263717 -3.480494
v -0.308514 0.308158 -3.477951
v -0.308514 0.365306 -4.476315
v -0.352292 0.365306 -4.476315
v -0.352292 0.308158 -3.477951
v -0.300403 0.248256 -3.481379
v -0.360403 0.248256 -3.481379
v -0.360403 0.305404 -4.479745
v -0.300403 0.305404 -4.479745
v -0.318148 0.320865 -4.478860
v -0.318148 0.351110 -4.477129
v -0.318148 0.293963 -3.478763
v -0.318148 0.263717 -3.480494
v -0.308514 0.351110 -4.477129
v -0.308514 0.365306 -4.476315
v -0.308514 0.308158 -3.477951
v -0.308514 0.293963 -3.478763
v -0.308514 0.293963 -3.478763
v -0.318148 0.293963 -3.478763
v -0.318148 0.351110 -4.477129
v -0.308514 0.351110 -4.477129
v -0.318148 0.263717 -3.480494
v -0.300403 0.263717 -3.480494
v -0.300403 0.320865 -4.478860
v -0.318148 0.320865 -4.478860
v -0.342658 0.263717 -3.480494
v -0.342658 0.293963 -3.478763
v -0.342658 0.351110 -4.477129
v -0.342658 0.320865 -4.478860
v -0.352292 0.293963 -3.478763
v -0.352292 0.308158 -3.477951
v -0.352292 0.365306 -4.476315
v -0.352292 0.351110 -4.477129
v -0.342658 0.293963 -3.478763
v -0.352292 0.293963 -3.478763
v -0.352292 0.351110 -4.477129
v -0.342658 0.351110 -4.477129
v -0.360403 0.263717 -3.480494
v -0.342658 0.263717 -3.480494
v -0.342658 0.320865 -4.478860
v -0.360403 0.320865 -4.478860
v -0.287793 0.203545 -3.594119
v -0.287793 0.283414 -3.589547
v -0.317793 0.283414 -3.589547
v -0.317793 0.203545 -3.594119
v -0.287793 0.205258 -3.624069
v -0.287793 0.285128 -3.619498
v -0.287793 0.283414 -3.589547
v -0.287793 0.203545 -3.594119
v -0.317793 0.205258 -3.624069
v -0.317793 0.285128 -3.619498
v -0.287793 0.285128 -3.619498
v -0.287793 0.205258 -3.624069
v -0.317793 0.203545 -3.594119
v -0.317793 0.283414 -3.589547
v -0.317793 0.285128 -3.619498
v -0.317793 0.205258 -3.624069
v -0.287793 0.283414 -3.589547
v -0.287793 0.285128 -3.619498
v -0.317793 0.285128 -3.619498
v -0.317793 0.283414 -3.589547
v 0.317941 0.283414 -3.589547
v 0.287941 0.283414 -3.589547
v 0.287941 0.203545 -3.594119
v 0.317941 0.203545 -3.594119
v 0.287941 0.283414 -3.589547
v 0.287941 0.285128 -3.619498
v 0.287941 0.205258 -3.624069
v 0.287941 0.203545 -3.594119
v 0.287941 0.285128 -3.619498
v 0.317941 0.285128 -3.619498
v 0.317941 0.205258 -3.624069
v 0.287941 0.205258 -3.624069
v 0.317941 0.285128 -3.619498
v 0.317941 0.283414 -3.589547
v 0.317941 0.203545 -3.594119
v 0.317941 0.205258 -3.624069
v 0.317941 0.285128 -3.619498
v 0.287941 0.285128 -3.619498
v 0.287941 0.283414 -3.589547
v 0.317941 0.283414 -3.589547
v -0.287793 0.217831 -3.843710
v -0.287793 0.297700 -3.839139
v -0.317793 0.297700 -3.839139
v -0.317793 0.217831 -3.843710
v -0.287793 0.219545 -3.873661
v -0.287793 0.299415 -3.869090
v -0.287793 0.297700 -3.839139
v -0.287793 0.217831 -3.843710
v -0.317793 0.219545 -3.873661
v -0.317793 0.299415 -3.869090
v -0.287793 0.299415 -3.869090
v -0.287793 0.219545 -3.873661
v -0.317793 0.217831 -3.843710
v -0.317793 0.297700 -3.839139
v -0.317793 0.299415 -3.869090
v -0.317793 0.219545 -3.873661
v -0.287793 0.297700 -3.839139
v -0.287793 0.299415 -3.869090
v -0.317793 0.299415 -3.869090
v -0.317793 0.297700 -3.839139
v 0.317941 0.297700 -3.839139
v 0.287941 0.297700 -3.839139
v 0.287941 0.217831 -3.843710
v 0.317941 0.217831 -3.843710
v 0.287941 0.297700 -3.839139
v 0.287941 0.299415 -3.869090
v 0.287941 0.219545 -3.873661
v 0.287941 0.217831 -3.843710
v 0.287941 0.299415 -3.869090
v 0.317941 0.299415 -3.869090
v 0.317941 0.219545 -3.873661
v 0.287941 0.219545 -3.873661
v 0.317941 0.299415 -3.869090
v 0.317941 0.297700 -3.839139
v 0.317941 0.217831 -3.843710
v 0.317941 0.219545 -3.873661
v 0.317941 0.299415 -3.869090
v 0.287941 0.299415 -3.869090
v 0.287941 0.297700 -3.839139
v 0.317941 0.297700 -3.839139
v -0.287793 0.232118 -4.093302
v -0.287793 0.311987 -4.088730
v -0.317793 0.311987 -4.088730
v -0.317793 0.232118 -4.093302
v -0.287793 0.233833 -4.123253
v -0.287793 0.313702 -4.118681
v -0.287793 0.311987 -4.088730
v -0.287793 0.232118 -4.093302
v -0.317793 0.233833 -4.123253
v -0.317793 0.313702 -4.118681
v -0.287793 0.313702 -4.118681
v -0.287793 0.233833 -4.123253
v -0.317793 0.232118 -4.093302
v -0.317793 0.311987 -4.088730
v -0.317793 0.313702 -4.118681
v -0.317793 0.233833 -4.123253
v -0.287793 0.311987 -4.088730
v -0.287793 0.313702 -4.118681
v -0.317793 0.313702 -4.118681
v -0.317793 0.311987 -4.088730
v 0.317941 0.311987 -4.088730
v 0.287941 0.311987 -4.088730
v 0.287941 0.232118 -4.093302
v 0.317941 0.232118 -4.093302
v 0.287941 0.311987 -4.088730
v 0.287941 0.313702 -4.118681
v 0.287941 0.233833 -4.123253
v 0.287941 0.232118 -4.093302
v 0.287941 0.313702 -4.118681
v 0.317941 0.313702 -4.118681
v 0.317941 0.233833 -4.123253
v 0.287941 0.233833 -4.123253
v 0.317941 0.313702 -4.118681
v 0.317941 0.311987 -4.088730
v 0.317941 0.232118 -4.093302
v 0.317941 0.233833 -4.123253
v 0.317941 0.313702 -4.118681
v 0.287941 0.313702 -4.118681
v 0.287941 0.311987 -4.088730
v 0.317941 0.311987 -4.088730
v -0.287793 0.246405 -4.342893
v -0.287793 0.326274 -4.338321
v -0.317793 0.326274 -4.338321
v -0.317793 0.246405 -4.342893
v -0.287793 0.248120 -4.372844
v -0.287793 0.327989 -4.368272
v -0.287793 0.326274 -4.338321
v -0.287793 0.246405 -4.342893
v -0.317793 0.248120 -4.372844
v -0.317793 0.327989 -4.368272
v -0.287793 0.327989 -4.368272
v -0.287793 0.248120 -4.372844
v -0.317793 0.246405 -4.342893
v -0.317793 0.326274 -4.338321
v -0.317793 0.327989 -4.368272
v -0.317793 0.248120 -4.372844
v -0.287793 0.326274 -4.338321
v -0.287793 0.327989 -4.368272
v -0.317793 0.327989 -4.368272
v -0.317793 0.326274 -4.338321
v 0.317941 0.326274 -4.338321
v 0.287941 0.326274 -4.338321
v 0.287941 0.246405 -4.342893
v 0.317941 0.246405 -4.342893
v 0.287941 0.326274 -4.338321
v 0.287941 0.327989 -4.368272
v 0.287941 0.248120 -4.372844
v 0.287941 0.246405 -4.342893
v 0.287941 0.327989 -4.368272
v 0.317941 0.327989 -4.368272
v 0.317941 0.248120 -4.372844
v 0.287941 0.248120 -4.372844
v 0.317941 0.327989 -4.368272
v 0.317941 0.326274 -4.338321
v 0.317941 0.246405 -4.342893
v 0.317941 0.248120 -4.372844
v 0.317941 0.327989 -4.368272
v 0.287941 0.327989 -4.368272
v 0.287941 0.326274 -4.338321
v 0.317941 0.326274 -4.338321
v -0.469926 0.195688 -3.539478
v -0.469926 0.203689 -3.679250
v 0.470074 0.203689 -3.679250
v 0.470074 0.195688 -3.539478
v -0.469926 0.209975 -3.789070
v -0.469926 0.217975 -3.928841
v 0.470074 0.217975 -3.928841
v 0.470074 0.209975 -3.789070
v -0.469926 0.224262 -4.038661
v -0.469926 0.232262 -4.178433
v 0.470074 0.232262 -4.178433
v 0.470074 0.224262 -4.038661
v -0.469926 0.238549 -4.288253
v -0.469926 0.246550 -4.428024
v 0.470074 0.246550 -4.428024
v 0.470074 0.238549 -4.288253
v 0.470074 0.252835 -4.537844
v 0.470074 0.312737 -4.534415
v -0.469926 0.312737 -4.534415
v -0.469926 0.252835 -4.537844
v 0.470074 0.260837 -4.677616
v 0.470074 0.320739 -4.674186
v 0.470074 0.312737 -4.534415
v 0.470074 0.252835 -4.537844
v -0.469926 0.260837 -4.677616
v -0.469926 0.320739 -4.674186
v 0.470074 0.320739 -4.674186
v 0.470074 0.260837 -4.677616
v -0.469926 0.252835 -4.537844
v -0.469926 0.312737 -4.534415
v -0.469926 0.320739 -4.674186
v -0.469926 0.260837 -4.677616
v 0.470074 0.312737 -4.534415
v 0.470074 0.320739 -4.674186
v -0.469926 0.320739 -4.674186
v -0.469926 0.312737 -4.534415
v 0.360551 0.320865 -4.478860
v 0.360551 0.305404 -4.479745
v 0.360551 0.367597 -5.566246
v 0.360551 0.383058 -5.565361
v 0.318296 0.383058 -5.565361
v 0.342806 0.383058 -5.565361
v 0.360551 0.383058 -5.565361
v 0.360551 0.367597 -5.566246
v 0.360551 0.367597 -5.566246
v 0.300551 0.367597 -5.566246
v 0.300551 0.383058 -5.565361
v 0.318296 0.383058 -5.565361
v 0.342806 0.413303 -5.563630
v 0.318296 0.413303 -5.563630
v 0.308662 0.413303 -5.563630
v 0.308662 0.427499 -5.562817
v 0.308662 0.427499 -5.562817
v 0.352440 0.427499 -5.562817
v 0.352440 0.413303 -5.563630
v 0.342806 0.413303 -5.563630
v 0.342806 0.383058 -5.565361
v 0.318296 0.383058 -5.565361
v 0.318296 0.413303 -5.563630
v 0.342806 0.413303 -5.563630
v 0.300551 0.383058 -5.565361
v 0.300551 0.367597 -5.566246
v 0.300551 0.305404 -4.479745
v 0.300551 0.320865 -4.478860
v 0.352440 0.427499 -5.562817
v 0.308662 0.427499 -5.562817
v 0.308662 0.365306 -4.476315
v 0.352440 0.365306 -4.476315
v 0.360551 0.367597 -5.566246
v 0.360551 0.305404 -4.479745
v 0.300551 0.305404 -4.479745
v 0.300551 0.367597 -5.566246
v 0.318296 0.351110 -4.477129
v 0.318296 0.413303 -5.563630
v 0.318296 0.383058 -5.565361
v 0.318296 0.320865 -4.478860
v 0.308662 0.365306 -4.476315
v 0.308662 0.427499 -5.562817
v 0.308662 0.413303 -5.563630
v 0.308662 0.351110 -4.477129
v 0.318296 0.413303 -5.563630
v 0.318296 0.351110 -4.477129
v 0.308662 0.351110 -4.477129
v 0.308662 0.413303 -5.563630
v 0.300551 0.383058 -5.565361
v 0.300551 0.320865 -4.478860
v 0.318296 0.320865 -4.478860
v 0.318296 0.383058 -5.565361
v 0.342806 0.413303 -5.563630
v 0.342806 0.351110 -4.477129
v 0.342806 0.320865 -4.478860
v 0.342806 0.383058 -5.565361
v 0.352440 0.427499 -5.562817
v 0.352440 0.365306 -4.476315
v 0.352440 0.351110 -4.477129
v 0.352440 0.413303 -5.563630
v 0.352440 0.413303 -5.563630
v 0.352440 0.351110 -4.477129
v 0.342806 0.351110 -4.477129
v 0.342806 0.413303 -5.563630
v 0.342806 0.383058 -5.565361
v 0.342806 0.320865 -4.478860
v 0.360551 0.320865 -4.478860
v 0.360551 0.383058 -5.565361
v 0.470074 0.267801 -4.799279
v 0.470074 0.327703 -4.795849
v -0.469926 0.327703 -4.795849
v -0.469926 0.267801 -4.799279
v 0.470074 0.275801 -4.939050
v 0.470074 0.335703 -4.935620
v 0.470074 0.327703 -4.795849
v 0.470074 0.267801 -4.799279
v -0.469926 0.275801 -4.939050
v -0.469926 0.335703 -4.935620
v 0.470074 0.335703 -4.935620
v 0.470074 0.275801 -4.939050
v -0.469926 0.267801 -4.799279
v -0.469926 0.327703 -4.795849
v -0.469926 0.335703 -4.935620
v -0.469926 0.275801 -4.939050
v 0.470074 0.327703 -4.795849
v 0.470074 0.335703 -4.935620
v -0.469926 0.335703 -4.935620
v -0.469926 0.327703 -4.795849
v -0.360403 0.367597 -5.566246
v -0.360403 0.305404 -4.479745
v -0.360403 0.320865 -4.478860
v -0.360403 0.383058 -5.565361
v -0.300403 0.367597 -5.566246
v -0.360403 0.367597 -5.566246
v -0.318148 0.383058 -5.565361
v -0.300403 0.383058 -5.565361
v -0.360403 0.383058 -5.565361
v -0.342658 0.383058 -5.565361
v -0.318148 0.383058 -5.565361
v -0.360403 0.367597 -5.566246
v -0.352292 0.413303 -5.563630
v -0.352292 0.427499 -5.562817
v -0.318148 0.413303 -5.563630
v -0.342658 0.413303 -5.563630
v -0.308514 0.427499 -5.562817
v -0.308514 0.413303 -5.563630
v -0.318148 0.413303 -5.563630
v -0.352292 0.427499 -5.562817
v -0.342658 0.413303 -5.563630
v -0.318148 0.413303 -5.563630
v -0.318148 0.383058 -5.565361
v -0.342658 0.383058 -5.565361
v -0.300403 0.305404 -4.479745
v -0.300403 0.367597 -5.566246
v -0.300403 0.383058 -5.565361
v -0.300403 0.320865 -4.478860
v -0.308514 0.365306 -4.476315
v -0.308514 0.427499 -5.562817
v -0.352292 0.427499 -5.562817
v -0.352292 0.365306 -4.476315
v -0.300403 0.305404 -4.479745
v -0.360403 0.305404 -4.479745
v -0.360403 0.367597 -5.566246
v -0.300403 0.367597 -5.566246
v -0.318148 0.383058 -5.565361
v -0.318148 0.413303 -5.563630
v -0.318148 0.351110 -4.477129
v -0.318148 0.320865 -4.478860
v -0.308514 0.413303 -5.563630
v -0.308514 0.427499 -5.562817
v -0.308514 0.365306 -4.476315
v -0.308514 0.351110 -4.477129
v -0.308514 0.351110 -4.477129
v -0.318148 0.351110 -4.477129
v -0.318148 0.413303 -5.563630
v -0.308514 0.413303 -5.563630
v -0.318148 0.320865 -4.478860
v -0.300403 0.320865 -4.478860
v -0.300403 0.383058 -5.565361
v -0.318148 0.383058 -5.565361
v -0.342658 0.320865 -4.478860
v -0.342658 0.351110 -4.477129
v -0.342658 0.413303 -5.563630
v -0.342658 0.383058 -5.565361
v -0.352292 0.351110 -4.477129
v -0.352292 0.365306 -4.476315
v -0.352292 0.427499 -5.562817
v -0.352292 0.413303 -5.563630
v -0.342658 0.351110 -4.477129
v -0.352292 0.351110 -4.477129
v -0.352292 0.413303 -5.563630
v -0.342658 0.413303 -5.563630
v -0.360403 0.320865 -4.478860
v -0.342658 0.320865 -4.478860
v -0.342658 0.383058 -5.565361
v -0.360403 0.383058 -5.565361
v -0.287793 0.260692 -4.592484
v -0.287793 0.340562 -4.587913
v -0.317793 0.340562 -4.587913
v -0.317793 0.260692 -4.592484
v -0.287793 0.262406 -4.622436
v -0.287793 0.342276 -4.617864
v -0.287793 0.340562 -4.587913
v -0.287793 0.260692 -4.592484
v -0.317793 0.262406 -4.622436
v -0.317793 0.342276 -4.617864
v -0.287793 0.342276 -4.617864
v -0.287793 0.262406 -4.622436
v -0.317793 0.260692 -4.592484
v -0.317793 0.340562 -4.587913
v -0.317793 0.342276 -4.617864
v -0.317793 0.262406 -4.622436
v -0.287793 0.340562 -4.587913
v -0.287793 0.342276 -4.617864
v -0.317793 0.342276 -4.617864
v -0.317793 0.340562 -4.587913
v 0.317941 0.340562 -4.587913
v 0.287941 0.340562 -4.587913
v 0.287941 0.260692 -4.592484
v 0.317941 0.260692 -4.592484
v 0.287941 0.340562 -4.587913
v 0.287941 0.342276 -4.617864
v 0.287941 0.262406 -4.622436
v 0.287941 0.260692 -4.592484
v 0.287941 0.342276 -4.617864
v 0.317941 0.342276 -4.617864
v 0.317941 0.262406 -4.622436
v 0.287941 0.262406 -4.622436
v 0.317941 0.342276 -4.617864
v 0.317941 0.340562 -4.587913
v 0.317941 0.260692 -4.592484
v 0.317941 0.262406 -4.622436
v 0.317941 0.342276 -4.617864
v 0.287941 0.342276 -4.617864
v 0.287941 0.340562 -4.587913
v 0.317941 0.340562 -4.587913
v -0.287793 0.275657 -4.853919
v -0.287793 0.355526 -4.849347
v -0.317793 0.355526 -4.849347
v -0.317793 0.275657 -4.853919
v -0.287793 0.277371 -4.883870
v -0.287793 0.357241 -4.879298
v -0.287793 0.355526 -4.849347
v -0.287793 0.275657 -4.853919
v -0.317793 0.277371 -4.883870
v -0.317793 0.357241 -4.879298
v -0.287793 0.357241 -4.879298
v -0.287793 0.277371 -4.883870
v -0.317793 0.275657 -4.853919
v -0.317793 0.355526 -4.849347
v -0.317793 0.357241 -4.879298
v -0.317793 0.277371 -4.883870
v -0.287793 0.355526 -4.849347
v -0.287793 0.357241 -4.879298
v -0.317793 0.357241 -4.879298
v -0.317793 0.355526 -4.849347
v 0.317941 0.355526 -4.849347
v 0.287941 0.355526 -4.849347
v 0.287941 0.275657 -4.853919
v 0.317941 0.275657 -4.853919
v 0.287941 0.355526 -4.849347
v 0.287941 0.357241 -4.879298
v 0.287941 0.277371 -4.883870
v 0.287941 0.275657 -4.853919
v 0.287941 0.357241 -4.879298
v 0.317941 0.357241 -4.879298
v 0.317941 0.277371 -4.883870
v 0.287941 0.277371 -4.883870
v 0.317941 0.357241 -4.879298
v 0.317941 0.355526 -4.849347
v 0.317941 0.275657 -4.853919
v 0.317941 0.277371 -4.883870
v 0.317941 0.357241 -4.879298
v 0.287941 0.357241 -4.879298
v 0.287941 0.355526 -4.849347
v 0.317941 0.355526 -4.849347
v -0.287793 0.290325 -5.110169
v -0.287793 0.370194 -5.105598
v -0.317793 0.370194 -5.105598
v -0.317793 0.290325 -5.110169
v -0.287793 0.292039 -5.140120
v -0.287793 0.371909 -5.135549
v -0.287793 0.370194 -5.105598
v -0.287793 0.290325 -5.110169
v -0.317793 0.292039 -5.140120
v -0.317793 0.371909 -5.135549
v -0.287793 0.371909 -5.135549
v -0.287793 0.292039 -5.140120
v -0.317793 0.290325 -5.110169
v -0.317793 0.370194 -5.105598
v -0.317793 0.371909 -5.135549
v -0.317793 0.292039 -5.140120
v -0.287793 0.370194 -5.105598
v -0.287793 0.371909 -5.135549
v -0.317793 0.371909 -5.135549
v -0.317793 0.370194 -5.105598
v 0.317941 0.370194 -5.105598
v 0.287941 0.370194 -5.105598
v 0.287941 0.290325 -5.110169
v 0.317941 0.290325 -5.110169
v 0.287941 0.370194 -5.105598
v 0.287941 0.371909 -5.135549
v 0.287941 0.292039 -5.140120
v 0.287941 0.290325 -5.110169
v 0.287941 0.371909 -5.135549
v 0.317941 0.371909 -5.135549
v 0.317941 0.292039 -5.140120
v 0.287941 0.292039 -5.140120
v 0.317941 0.371909 -5.135549
v 0.317941 0.370194 -5.105598
v 0.317941 0.290325 -5.110169
v 0.317941 0.292039 -5.140120
v 0.317941 0.371909 -5.135549
v 0.287941 0.371909 -5.135549
v 0.287941 0.370194 -5.105598
v 0.317941 0.370194 -5.105598
v -0.287793 0.305487 -5.375057
v -0.287793 0.385357 -5.370484
v -0.317793 0.385357 -5.370484
v -0.317793 0.305487 -5.375057
v -0.287793 0.307202 -5.405007
v -0.287793 0.387071 -5.400435
v -0.287793 0.385357 -5.370484
v -0.287793 0.305487 -5.375057
v -0.317793 0.307202 -5.405007
v -0.317793 0.387071 -5.400435
v -0.287793 0.387071 -5.400435
v -0.287793 0.307202 -5.405007
v -0.317793 0.305487 -5.375057
v -0.317793 0.385357 -5.370484
v -0.317793 0.387071 -5.400435
v -0.317793 0.307202 -5.405007
v -0.287793 0.385357 -5.370484
v -0.287793 0.387071 -5.400435
v -0.317793 0.387071 -5.400435
v -0.317793 0.385357 -5.370484
v 0.317941 0.385357 -5.370484
v 0.287941 0.385357 -5.370484
v 0.287941 0.305487 -5.375057
v 0.317941 0.305487 -5.375057
v 0.287941 0.385357 -5.370484
v 0.287941 0.387071 -5.400435
v 0.287941 0.307202 -5.405007
v 0.287941 0.305487 -5.375057
v 0.287941 0.387071 -5.400435
v 0.317941 0.387071 -5.400435
v 0.317941 0.307202 -5.405007
v 0.287941 0.307202 -5.405007
v -0.360403 0.532553 -8.500000
v -0.360403 0.548065 -8.500000
v -0.300403 0.548065 -8.500000
v -0.300403 0.532553 -8.500000
v -0.342658 0.548065 -8.500000
v -0.342658 0.578411 -8.500000
v -0.318148 0.578411 -8.500000
v -0.318148 0.548065 -8.500000
v -0.352292 0.578411 -8.500000
v -0.352292 0.592654 -8.500000
v -0.308514 0.592654 -8.500000
v -0.308514 0.578411 -8.500000
v 0.300551 0.532553 -8.500000
v 0.300551 0.548065 -8.500000
v 0.360551 0.548065 -8.500000
v 0.360551 0.532553 -8.500000
v 0.318296 0.548065 -8.500000
v 0.318296 0.578411 -8.500000
v 0.342806 0.578411 -8.500000
v 0.342806 0.548065 -8.500000
v 0.308662 0.578411 -8.500000
v 0.308662 0.592654 -8.500000
v 0.352440 0.592654 -8.500000
v 0.352440 0.578411 -8.500000
v 0.470074 0.525002 -8.499327
v -0.469926 0.498765 -8.360274
vn -0.0000 -0.1386 0.9903
vn -0.0000 -0.1386 0.9904
vn 1.0000 -0.0000 -0.0000
vn -0.0000 0.1386 -0.9903
vn -1.0000 -0.0000 -0.0000
vn -0.0000 0.9905 0.1378
vn -0.0000 0.9907 0.1358
vn -0.0000 -0.9907 -0.1358
vn -0.0000 -0.9905 -0.1378
vn -0.0000 -0.0000 -1.0000
vn -0.0000 0.9904 0.1382
vn -0.0000 -0.1382 0.9904
vn -0.0000 0.1382 -0.9904
vn -0.0000 -0.9904 -0.1382
vn -0.0000 0.9912 0.1326
vn -0.0000 -0.9912 -0.1326
vt 0.980127 0.103062
vt 0.949641 0.115757
vt 0.949641 0.103062
vt 0.958243 0.103062
vt 0.988729 0.103062
vt 0.988729 0.115757
vt 0.942399 0.062186
vt 0.995971 0.062186
vt 0.995971 0.076013
vt 0.980127 0.076013
vt 0.958243 0.076013
vt 0.942399 0.076013
vt 0.000000 0.062150
vt 0.000000 0.048121
vt 0.905875 0.048121
vt 0.905875 0.062150
vt 0.979692 0.781451
vt 0.979692 0.844034
vt -0.000781 0.844034
vt -0.000781 0.781451
vt 0.145247 0.656284
vt 0.145247 0.718868
vt -0.000781 0.718868
vt -0.000781 0.656284
vt 0.979692 0.718868
vt 0.302823 0.656284
vt 0.302823 0.718868
vt 0.156795 0.718868
vt 0.156795 0.656284
vt 0.999897 0.349106
vt 0.999897 0.498042
vt -0.000103 0.498042
vt -0.000103 0.349106
vt 0.000000 0.034093
vt 0.905875 0.034093
vt 0.000200 0.259595
vt 0.000200 0.219937
vt 0.906075 0.219937
vt 0.906075 0.259595
vt 0.905753 0.210448
vt -0.000122 0.210448
vt -0.000122 0.156096
vt 0.905753 0.156096
vt 0.905875 0.121202
vt 0.000000 0.121202
vt 0.000000 0.093759
vt 0.905875 0.093759
vt 0.905875 0.025761
vt 0.000000 0.025761
vt 0.000000 0.012881
vt 0.905875 0.012881
vt 0.906387 0.330358
vt 0.000512 0.330358
vt 0.000512 0.321630
vt 0.906387 0.321630
vt 0.000200 0.296828
vt 0.906075 0.296828
vt 0.906075 0.312903
vt 0.000200 0.312903
vt 0.905875 0.089593
vt 0.000000 0.089593
vt 0.000000 0.000000
vt 0.905875 0.000000
vt 0.000512 0.312903
vt 0.906387 0.312903
vt 0.000200 0.281378
vt 0.906075 0.281378
vt 0.906075 0.297453
vt 0.000200 0.297453
vt 1.000000 0.851064
vt 1.000000 1.000000
vt 0.000000 1.000000
vt 0.000000 0.851064
vt 0.999050 0.183297
vt 0.999050 0.342604
vt 0.939310 0.342604
vt 0.939310 0.183297
vt 0.985655 0.132863
vt 0.985655 0.179437
vt 0.939081 0.179437
vt 0.939081 0.132863
vt 0.146184 0.656284
vt 0.146184 0.718868
vt 0.000156 0.718868
vt 0.000156 0.656284
vt 0.980629 0.718868
vt 0.980629 0.781451
vt 0.000156 0.781451
vt 0.999534 0.505675
vt 0.999534 0.654611
vt -0.000466 0.654611
vt -0.000466 0.505675
vt -0.000426 0.653929
vt -0.000426 0.505120
vt 0.998728 0.505120
vt 0.998728 0.653929
vt 0.000200 0.572556
vt 0.000200 0.423746
vt 0.999354 0.423746
vt 0.999354 0.572556
vt 0.000825 0.495470
vt 0.000825 0.346659
vt 0.999978 0.346659
vt 0.999978 0.495470
vt -0.000425 0.655753
vt -0.000425 0.506943
vt 0.998729 0.506943
vt 0.998729 0.655753
vt 0.000200 0.497462
vt 0.000200 0.348653
vt 0.999354 0.348653
vt 0.999354 0.497462
vt -0.000425 0.572792
vt -0.000425 0.423983
vt 0.998729 0.423983
vt 0.998729 0.572792
vt 0.000825 0.624385
vt 0.000825 0.475576
vt 0.999978 0.475576
vt 0.999978 0.624385
vt -0.001049 0.532934
vt -0.001049 0.384123
vt 0.998104 0.384123
vt 0.998104 0.532934
vt 0.857859 0.062150
vt 0.857052 0.048121
vt 0.048016 0.048121
vt 0.048823 0.034093
vt 0.045897 0.259595
vt 0.045897 0.219937
vt 0.856930 0.210448
vt 0.856930 0.156096
vt 0.046438 0.121202
vt 0.048016 0.093759
vt 0.045697 0.025761
vt 0.046438 0.012881
vt 0.859949 0.330358
vt 0.859949 0.321630
vt 0.048216 0.296828
vt 0.048216 0.312903
vt 0.859437 0.089593
vt 0.860178 0.012881
vt 0.859437 0.000000
vt 0.859949 0.312903
vt 0.048216 0.281378
vt 0.048216 0.297453
vt 0.143988 0.656284
vt 0.146184 0.694464
vt 0.988729 0.115757
vt 0.988729 0.103062
vt 0.980127 0.103062
vt 0.949641 0.115757
vt 0.980629 0.757047
vt 0.000156 0.757047
vt 0.158991 0.656284
vt 0.000200 0.653239
vt 0.000200 0.504428
vt 0.999354 0.504428
vt 0.999354 0.653239
vt 0.000825 0.494323
vt 0.000825 0.345512
vt 0.999978 0.345512
vt 0.999978 0.494323
vt 0.000825 0.653981
vt 0.000825 0.505172
vt 0.999978 0.505172
vt 0.999978 0.653981
vt 0.002074 0.654353
vt 0.002074 0.507780
vt 1.001228 0.507780
vt 1.001228 0.654353
vt 0.001449 0.773259
vt 0.001449 0.624449
vt 1.000603 0.624449
vt 1.000603 0.773259
vt 0.001449 0.494918
vt 0.001449 0.346107
vt 1.000603 0.346107
vt 1.000603 0.494918
vt 0.001449 0.777414
vt 0.001449 0.628606
vt 1.000603 0.628606
vt 1.000603 0.777414
vt 0.001449 0.495398
vt 0.001449 0.346589
vt 1.000603 0.346589
vt 1.000603 0.495398
vt 0.002074 0.505543
vt 1.001228 0.505543
vt 0.002074 0.653474
vt 0.002074 0.504665
vt 1.001228 0.504665
vt 1.001228 0.653474
vt 0.002699 0.497684
vt 0.002699 0.348873
vt 1.001852 0.348873
vt 1.001852 0.497684
vt 0.002074 0.759786
vt 0.002074 0.610975
vt 1.001228 0.610975
vt 1.001228 0.759786
vt 0.002074 0.494054
vt 0.002074 0.345243
vt 1.001228 0.345243
vt 1.001228 0.494054
vt 0.000200 0.761778
vt 0.000200 0.612967
vt 0.999354 0.612967
vt 0.999354 0.761778
vt 0.000200 0.496045
vt 0.000200 0.347237
vt 0.999354 0.347237
vt 0.999354 0.496045
vt 0.000825 0.783758
vt 0.000825 0.634950
vt 0.999978 0.634950
vt 0.999978 0.783758
vt 0.000825 0.518026
vt 0.000825 0.369218
vt 0.999978 0.369218
vt 0.999978 0.518026
vt 0.980908 0.014240
vt 0.959024 0.014240
vt 0.943180 0.014240
vt 0.943180 0.000413
vt 0.996752 0.000413
vt 0.996752 0.014240
vt 0.959024 0.041289
vt 0.980908 0.041289
vt 0.989510 0.041289
vt 0.989510 0.053985
vt 0.950422 0.053985
vt 0.950422 0.041289
vt 0.958243 0.076013
vt 0.942399 0.076013
vt 0.942399 0.062186
vt 0.995971 0.062186
vt 0.995971 0.076013
vt 0.980127 0.076013
vt 0.958243 0.103062
vt 0.949641 0.103062
vt 0.156795 0.694464
vt 0.146184 0.706666
vt 0.302823 0.687576
s 1
f 1/1/1 2/2/1 3/3/1 4/4/1
f 5/2/1 6/1/1 7/5/1 8/6/1
f 9/7/2 10/8/2 11/9/2 12/10/2
f 13/10/2 14/11/2 15/12/2 16/7/2
f 17/4/1 18/11/1 19/10/1 20/1/1
f 21/13/3 22/14/3 23/15/3 24/16/3
f 25/17/1 26/18/1 27/19/1 28/20/1
f 29/21/3 30/22/3 31/23/3 32/24/3
f 33/25/4 34/17/4 35/20/4 36/23/4
f 37/26/5 38/27/5 39/28/5 40/29/5
f 41/30/6 42/31/6 43/32/6 44/33/6
f 45/14/5 46/34/5 47/35/5 48/15/5
f 49/36/7 50/37/7 51/38/7 52/39/7
f 53/40/8 54/41/8 55/42/8 56/43/8
f 57/44/5 58/45/5 59/46/5 60/47/5
f 61/48/5 62/49/5 63/50/5 64/51/5
f 65/52/8 66/53/8 67/54/8 68/55/8
f 69/56/7 70/57/7 71/58/7 72/59/7
f 73/60/3 74/61/3 75/13/3 76/16/3
f 77/51/3 78/50/3 79/62/3 80/63/3
f 81/55/8 82/54/8 83/64/8 84/65/8
f 85/66/7 86/67/7 87/68/7 88/69/7
f 89/3/1 90/2/1 91/1/1 92/4/1
f 93/6/1 94/5/1 95/1/1 96/2/1
f 97/9/2 98/8/2 99/11/2 100/10/2
f 101/7/2 102/12/2 103/11/2 104/8/2
f 105/11/1 106/4/1 107/1/1 108/10/1
f 109/15/5 110/14/5 111/13/5 112/16/5
f 113/17/1 114/18/1 115/19/1 116/20/1
f 117/21/3 118/22/3 119/23/3 120/24/3
f 121/25/4 122/17/4 123/20/4 124/23/4
f 125/26/5 126/27/5 127/28/5 128/29/5
f 129/70/6 130/71/6 131/72/6 132/73/6
f 133/35/3 134/34/3 135/14/3 136/15/3
f 137/38/7 138/37/7 139/36/7 140/39/7
f 141/42/8 142/41/8 143/40/8 144/43/8
f 145/46/3 146/45/3 147/44/3 148/47/3
f 149/50/3 150/49/3 151/48/3 152/51/3
f 153/54/8 154/53/8 155/52/8 156/55/8
f 157/58/7 158/57/7 159/56/7 160/59/7
f 161/13/5 162/61/5 163/60/5 164/16/5
f 165/62/5 166/50/5 167/51/5 168/63/5
f 169/64/8 170/54/8 171/55/8 172/65/8
f 173/68/7 174/67/7 175/66/7 176/69/7
f 177/74/1 178/75/1 179/76/1 180/77/1
f 181/74/3 182/75/3 183/76/3 184/77/3
f 185/74/4 186/75/4 187/76/4 188/77/4
f 189/74/5 190/75/5 191/76/5 192/77/5
f 193/78/6 194/79/6 195/80/6 196/81/6
f 197/76/1 198/75/1 199/74/1 200/77/1
f 201/76/5 202/75/5 203/74/5 204/77/5
f 205/76/4 206/75/4 207/74/4 208/77/4
f 209/76/3 210/75/3 211/74/3 212/77/3
f 213/80/6 214/79/6 215/78/6 216/81/6
f 217/74/1 218/75/1 219/76/1 220/77/1
f 221/74/3 222/75/3 223/76/3 224/77/3
f 225/74/4 226/75/4 227/76/4 228/77/4
f 229/74/5 230/75/5 231/76/5 232/77/5
f 233/78/6 234/79/6 235/80/6 236/81/6
f 237/76/1 238/75/1 239/74/1 240/77/1
f 241/76/5 242/75/5 243/74/5 244/77/5
f 245/76/4 246/75/4 247/74/4 248/77/4
f 249/76/3 250/75/3 251/74/3 252/77/3
f 253/80/6 254/79/6 255/78/6 256/81/6
f 257/74/1 258/75/1 259/76/1 260/77/1
f 261/74/3 262/75/3 263/76/3 264/77/3
f 265/74/4 266/75/4 267/76/4 268/77/4
f 269/74/5 270/75/5 271/76/5 272/77/5
f 273/78/6 274/79/6 275/80/6 276/81/6
f 277/76/1 278/75/1 279/74/1 280/77/1
f 281/76/5 282/75/5 283/74/5 284/77/5
f 285/76/4 286/75/4 287/74/4 288/77/4
f 289/76/3 290/75/3 291/74/3 292/77/3
f 293/80/6 294/79/6 295/78/6 296/81/6
f 297/74/1 298/75/1 299/76/1 300/77/1
f 301/74/3 302/75/3 303/76/3 304/77/3
f 305/74/4 306/75/4 307/76/4 308/77/4
f 309/74/5 310/75/5 311/76/5 312/77/5
f 313/78/6 314/79/6 315/80/6 316/81/6
f 317/76/1 318/75/1 319/74/1 320/77/1
f 321/76/5 322/75/5 323/74/5 324/77/5
f 325/76/4 326/75/4 327/74/4 328/77/4
f 329/76/3 330/75/3 331/74/3 332/77/3
f 333/80/6 334/79/6 335/78/6 336/81/6
f 337/17/1 338/18/1 339/19/1 340/20/1
f 341/82/3 342/83/3 343/84/3 344/85/3
f 345/86/4 346/87/4 347/88/4 348/84/4
f 349/26/5 350/27/5 351/28/5 352/29/5
f 353/89/6 354/90/6 355/91/6 356/92/6
f 357/17/1 358/18/1 359/19/1 360/20/1
f 361/21/3 362/22/3 363/23/3 364/24/3
f 365/25/4 366/17/4 367/20/4 368/23/4
f 369/26/5 370/27/5 371/28/5 372/29/5
f 373/70/6 374/71/6 375/72/6 376/73/6
f 377/93/9 378/94/9 379/95/9 380/96/9
f 381/97/9 382/98/9 383/99/9 384/100/9
f 385/101/9 386/102/9 387/103/9 388/104/9
f 389/105/9 390/106/9 391/107/9 392/108/9
f 393/17/1 394/18/1 395/19/1 396/20/1
f 397/21/3 398/22/3 399/23/3 400/24/3
f 401/25/4 402/17/4 403/20/4 404/23/4
f 405/26/5 406/27/5 407/28/5 408/29/5
f 409/70/6 410/71/6 411/72/6 412/73/6
f 413/13/3 414/14/3 415/15/3 416/16/3
f 417/17/1 418/18/1 419/19/1 420/20/1
f 421/21/3 422/22/3 423/23/3 424/24/3
f 425/25/4 426/17/4 427/20/4 428/23/4
f 429/26/5 430/27/5 431/28/5 432/29/5
f 433/30/6 434/31/6 435/32/6 436/33/6
f 437/14/5 438/34/5 439/35/5 440/15/5
f 441/36/6 442/37/6 443/38/6 444/39/6
f 445/40/9 446/41/9 447/42/9 448/43/9
f 449/44/5 450/45/5 451/46/5 452/47/5
f 453/48/5 454/49/5 455/50/5 456/51/5
f 457/52/9 458/53/9 459/54/9 460/55/9
f 461/56/6 462/57/6 463/58/6 464/59/6
f 465/60/3 466/61/3 467/13/3 468/16/3
f 469/51/3 470/50/3 471/62/3 472/63/3
f 473/55/9 474/54/9 475/64/9 476/65/9
f 477/66/6 478/67/6 479/68/6 480/69/6
f 481/17/1 482/18/1 483/19/1 484/20/1
f 485/82/3 486/83/3 487/84/3 488/85/3
f 489/86/4 490/87/4 491/88/4 492/84/4
f 493/26/5 494/27/5 495/28/5 496/29/5
f 497/89/6 498/90/6 499/91/6 500/92/6
f 501/15/5 502/14/5 503/13/5 504/16/5
f 505/17/1 506/18/1 507/19/1 508/20/1
f 509/21/3 510/22/3 511/23/3 512/24/3
f 513/25/4 514/17/4 515/20/4 516/23/4
f 517/26/5 518/27/5 519/28/5 520/29/5
f 521/70/6 522/71/6 523/72/6 524/73/6
f 525/35/3 526/34/3 527/14/3 528/15/3
f 529/38/6 530/37/6 531/36/6 532/39/6
f 533/42/9 534/41/9 535/40/9 536/43/9
f 537/46/3 538/45/3 539/44/3 540/47/3
f 541/50/3 542/49/3 543/48/3 544/51/3
f 545/54/9 546/53/9 547/52/9 548/55/9
f 549/58/6 550/57/6 551/56/6 552/59/6
f 553/13/5 554/61/5 555/60/5 556/16/5
f 557/62/5 558/50/5 559/51/5 560/63/5
f 561/64/9 562/54/9 563/55/9 564/65/9
f 565/68/6 566/67/6 567/66/6 568/69/6
f 569/74/1 570/75/1 571/76/1 572/77/1
f 573/74/3 574/75/3 575/76/3 576/77/3
f 577/74/4 578/75/4 579/76/4 580/77/4
f 581/74/5 582/75/5 583/76/5 584/77/5
f 585/78/6 586/79/6 587/80/6 588/81/6
f 589/76/1 590/75/1 591/74/1 592/77/1
f 593/76/5 594/75/5 595/74/5 596/77/5
f 597/76/4 598/75/4 599/74/4 600/77/4
f 601/76/3 602/75/3 603/74/3 604/77/3
f 605/80/6 606/79/6 607/78/6 608/81/6
f 609/74/1 610/75/1 611/76/1 612/77/1
f 613/74/3 614/75/3 615/76/3 616/77/3
f 617/74/4 618/75/4 619/76/4 620/77/4
f 621/74/5 622/75/5 623/76/5 624/77/5
f 625/78/6 626/79/6 627/80/6 628/81/6
f 629/76/1 630/75/1 631/74/1 632/77/1
f 633/76/5 634/75/5 635/74/5 636/77/5
f 637/76/4 638/75/4 639/74/4 640/77/4
f 641/76/3 642/75/3 643/74/3 644/77/3
f 645/80/6 646/79/6 647/78/6 648/81/6
f 649/74/1 650/75/1 651/76/1 652/77/1
f 653/74/3 654/75/3 655/76/3 656/77/3
f 657/74/4 658/75/4 659/76/4 660/77/4
f 661/74/5 662/75/5 663/76/5 664/77/5
f 665/78/6 666/79/6 667/80/6 668/81/6
f 669/76/1 670/75/1 671/74/1 672/77/1
f 673/76/5 674/75/5 675/74/5 676/77/5
f 677/76/4 678/75/4 679/74/4 680/77/4
f 681/76/3 682/75/3 683/74/3 684/77/3
f 685/80/6 686/79/6 687/78/6 688/81/6
f 689/74/1 690/75/1 691/76/1 692/77/1
f 693/74/3 694/75/3 695/76/3 696/77/3
f 697/74/4 698/75/4 699/76/4 700/77/4
f 701/74/5 702/75/5 703/76/5 704/77/5
f 705/78/6 706/79/6 707/80/6 708/81/6
f 709/76/1 710/75/1 711/74/1 712/77/1
f 713/76/5 714/75/5 715/74/5 716/77/5
f 717/76/4 718/75/4 719/74/4 720/77/4
f 721/76/3 722/75/3 723/74/3 724/77/3
f 725/80/6 726/79/6 727/78/6 728/81/6
f 729/109/9 730/110/9 731/111/9 732/112/9
f 733/113/9 734/114/9 735/115/9 736/116/9
f 737/117/9 738/118/9 739/119/9 740/120/9
f 741/121/9 742/122/9 743/123/9 744/124/9
f 745/17/1 746/18/1 747/19/1 748/20/1
f 749/21/3 750/22/3 751/23/3 752/24/3
f 753/25/4 754/17/4 755/20/4 756/23/4
f 757/26/5 758/27/5 759/28/5 760/29/5
f 761/70/6 762/71/6 763/72/6 764/73/6
f 765/125/3 766/13/3 767/14/3 768/126/3
f 769/17/1 770/18/1 771/19/1 772/20/1
f 773/21/3 774/22/3 775/23/3 776/24/3
f 777/25/4 778/17/4 779/20/4 780/23/4
f 781/26/5 782/27/5 783/28/5 784/29/5
f 785/70/6 786/71/6 787/72/6 788/73/6
f 789/127/5 790/128/5 791/35/5 792/15/5
f 793/129/6 794/130/6 795/38/6 796/39/6
f 797/131/9 798/41/9 799/42/9 800/132/9
f 801/44/5 802/133/5 803/134/5 804/47/5
f 805/48/5 806/135/5 807/136/5 808/51/5
f 809/137/9 810/53/9 811/54/9 812/138/9
f 813/139/6 814/57/6 815/58/6 816/140/6
f 817/141/3 818/61/3 819/13/3 820/125/3
f 821/142/3 822/50/3 823/62/3 824/143/3
f 825/138/9 826/54/9 827/64/9 828/144/9
f 829/145/6 830/67/6 831/68/6 832/146/6
f 833/17/1 834/18/1 835/19/1 836/20/1
f 837/21/3 838/22/3 839/23/3 840/24/3
f 841/25/4 842/17/4 843/20/4 844/23/4
f 845/26/5 846/27/5 847/28/5 848/29/5
f 849/30/6 850/31/6 851/32/6 852/33/6
f 853/126/5 854/14/5 855/13/5 856/125/5
f 857/17/1 858/18/1 859/19/1 860/20/1
f 861/147/3 862/148/3 3315/243/3 865/85/3
f 3313/149/10 3314/150/10 3309/151/10 3312/152/10
f 866/153/4 867/87/4 868/88/4 869/154/4
f 874/242/5 870/155/5 871/26/5 3316/244/5
f 3315/243/3 863/83/3 864/84/3 865/85/3
f 875/89/6 876/90/6 877/91/6 878/92/6
f 879/35/3 880/128/3 881/127/3 882/15/3
f 883/38/6 884/130/6 885/129/6 886/39/6
f 887/132/9 888/42/9 889/41/9 890/131/9
f 891/134/3 892/133/3 893/44/3 894/47/3
f 895/136/3 896/135/3 897/48/3 898/51/3
f 899/138/9 900/54/9 901/53/9 902/137/9
f 903/140/6 904/58/6 905/57/6 906/139/6
f 907/125/5 908/13/5 909/61/5 910/141/5
f 911/143/5 912/62/5 913/50/5 914/142/5
f 915/144/9 916/64/9 917/54/9 918/138/9
f 919/146/6 920/68/6 921/67/6 922/145/6
f 923/74/1 924/75/1 925/76/1 926/77/1
f 927/74/3 928/75/3 929/76/3 930/77/3
f 931/74/4 932/75/4 933/76/4 934/77/4
f 935/74/5 936/75/5 937/76/5 938/77/5
f 939/78/6 940/79/6 941/80/6 942/81/6
f 943/76/1 944/75/1 945/74/1 946/77/1
f 947/76/5 948/75/5 949/74/5 950/77/5
f 951/76/4 952/75/4 953/74/4 954/77/4
f 955/76/3 956/75/3 957/74/3 958/77/3
f 959/80/6 960/79/6 961/78/6 962/81/6
f 963/74/1 964/75/1 965/76/1 966/77/1
f 967/74/3 968/75/3 969/76/3 970/77/3
f 971/74/4 972/75/4 973/76/4 974/77/4
f 975/74/5 976/75/5 977/76/5 978/77/5
f 979/78/6 980/79/6 981/80/6 982/81/6
f 983/76/1 984/75/1 985/74/1 986/77/1
f 987/76/5 988/75/5 989/74/5 990/77/5
f 991/76/4 992/75/4 993/74/4 994/77/4
f 995/76/3 996/75/3 997/74/3 998/77/3
f 999/80/6 1000/79/6 1001/78/6 1002/81/6
f 1003/74/1 1004/75/1 1005/76/1 1006/77/1
f 1007/74/3 1008/75/3 1009/76/3 1010/77/3
f 1011/74/4 1012/75/4 1013/76/4 1014/77/4
f 1015/74/5 1016/75/5 1017/76/5 1018/77/5
f 1019/78/6 1020/79/6 1021/80/6 1022/81/6
f 1023/76/1 1024/75/1 1025/74/1 1026/77/1
f 1027/76/5 1028/75/5 1029/74/5 1030/77/5
f 1031/76/4 1032/75/4 1033/74/4 1034/77/4
f 1035/76/3 1036/75/3 1037/74/3 1038/77/3
f 1039/80/6 1040/79/6 1041/78/6 1042/81/6
f 1043/74/1 1044/75/1 1045/76/1 1046/77/1
f 1047/74/3 1048/75/3 1049/76/3 1050/77/3
f 1051/74/4 1052/75/4 1053/76/4 1054/77/4
f 1055/74/5 1056/75/5 1057/76/5 1058/77/5
f 1059/78/6 1060/79/6 1061/80/6 1062/81/6
f 1063/76/1 1064/75/1 1065/74/1 1066/77/1
f 1067/76/5 1068/75/5 1069/74/5 1070/77/5
f 1071/76/4 1072/75/4 1073/74/4 1074/77/4
f 1075/76/3 1076/75/3 1077/74/3 1078/77/3
f 1079/80/6 1080/79/6 1081/78/6 1082/81/6
f 1083/156/9 1084/157/9 1085/158/9 1086/159/9
f 1087/160/9 1088/161/9 1089/162/9 1090/163/9
f 1091/164/9 1092/165/9 1093/166/9 1094/167/9
f 1095/168/9 1096/169/9 1097/170/9 1098/171/9
f 1099/89/11 1100/90/11 1101/91/11 1102/92/11
f 1103/17/12 1104/18/12 1105/19/12 1106/20/12
f 1107/21/3 1108/22/3 1109/23/3 1110/24/3
f 1111/25/13 1112/17/13 1113/20/13 1114/23/13
f 1115/76/3 1116/75/3 1117/74/3 1118/77/3
f 1119/17/12 1120/18/12 1121/19/12 1122/20/12
f 1123/82/3 1124/83/3 1125/84/3 1126/85/3
f 1127/86/13 1128/87/13 1129/88/13 1130/84/13
f 1131/26/5 1132/27/5 1133/28/5 1134/29/5
f 1135/80/11 1136/79/11 1137/78/11 1138/81/11
f 1139/26/5 1140/27/5 1141/28/5 1142/29/5
f 1143/70/11 1144/71/11 1145/72/11 1146/73/11
f 1147/172/14 1148/173/14 1149/174/14 1150/175/14
f 1151/176/14 1152/177/14 1153/178/14 1154/179/14
f 1155/180/14 1156/181/14 1157/182/14 1158/183/14
f 1159/184/14 1160/185/14 1161/186/14 1162/187/14
f 1163/1/12 1164/2/12 1165/3/12 1166/4/12
f 1167/2/12 1168/1/12 1169/5/12 1170/6/12
f 1171/7/12 1172/8/12 1173/9/12 1174/10/12
f 1175/10/12 1176/11/12 1177/12/12 1178/7/12
f 1179/4/12 1180/11/12 1181/10/12 1182/1/12
f 1183/13/3 1184/14/3 1185/15/3 1186/16/3
f 1187/17/12 1188/18/12 1189/19/12 1190/20/12
f 1191/21/3 1192/22/3 1193/23/3 1194/24/3
f 1195/25/13 1196/17/13 1197/20/13 1198/23/13
f 1199/26/5 1200/27/5 1201/28/5 1202/29/5
f 1203/30/11 1204/31/11 1205/32/11 1206/33/11
f 1207/14/5 1208/34/5 1209/35/5 1210/15/5
f 1211/36/15 1212/37/15 1213/38/15 1214/39/15
f 1215/40/16 1216/41/16 1217/42/16 1218/43/16
f 1219/44/5 1220/45/5 1221/46/5 1222/47/5
f 1223/48/5 1224/49/5 1225/50/5 1226/51/5
f 1227/52/16 1228/53/16 1229/54/16 1230/55/16
f 1231/56/15 1232/57/15 1233/58/15 1234/59/15
f 1235/60/3 1236/61/3 1237/13/3 1238/16/3
f 1239/51/3 1240/50/3 1241/62/3 1242/63/3
f 1243/55/16 1244/54/16 1245/64/16 1246/65/16
f 1247/66/15 1248/67/15 1249/68/15 1250/69/15
f 1251/3/12 1252/2/12 1253/1/12 1254/4/12
f 1255/6/12 1256/5/12 1257/1/12 1258/2/12
f 1259/9/12 1260/8/12 1261/11/12 1262/10/12
f 1263/7/12 1264/12/12 1265/11/12 1266/8/12
f 1267/11/12 1268/4/12 1269/1/12 1270/10/12
f 1271/15/5 1272/14/5 1273/13/5 1274/16/5
f 1275/17/12 1276/18/12 1277/19/12 1278/20/12
f 1279/21/3 1280/22/3 1281/23/3 1282/24/3
f 1283/25/13 1284/17/13 1285/20/13 1286/23/13
f 1287/26/5 1288/27/5 1289/28/5 1290/29/5
f 1291/70/11 1292/71/11 1293/72/11 1294/73/11
f 1295/35/3 1296/34/3 1297/14/3 1298/15/3
f 1299/38/15 1300/37/15 1301/36/15 1302/39/15
f 1303/42/16 1304/41/16 1305/40/16 1306/43/16
f 1307/46/3 1308/45/3 1309/44/3 1310/47/3
f 1311/50/3 1312/49/3 1313/48/3 1314/51/3
f 1315/54/16 1316/53/16 1317/52/16 1318/55/16
f 1319/58/15 1320/57/15 1321/56/15 1322/59/15
f 1323/13/5 1324/61/5 1325/60/5 1326/16/5
f 1327/62/5 1328/50/5 1329/51/5 1330/63/5
f 1331/64/16 1332/54/16 1333/55/16 1334/65/16
f 1335/68/15 1336/67/15 1337/66/15 1338/69/15
f 1339/74/12 1340/75/12 1341/76/12 1342/77/12
f 1343/74/3 1344/75/3 1345/76/3 1346/77/3
f 1347/74/13 1348/75/13 1349/76/13 1350/77/13
f 1351/74/5 1352/75/5 1353/76/5 1354/77/5
f 1355/78/11 1356/79/11 1357/80/11 1358/81/11
f 1359/76/12 1360/75/12 1361/74/12 1362/77/12
f 1363/76/5 1364/75/5 1365/74/5 1366/77/5
f 1367/76/13 1368/75/13 1369/74/13 1370/77/13
f 1371/76/3 1372/75/3 1373/74/3 1374/77/3
f 1375/80/11 1376/79/11 1377/78/11 1378/81/11
f 1379/74/12 1380/75/12 1381/76/12 1382/77/12
f 1383/74/3 1384/75/3 1385/76/3 1386/77/3
f 1387/74/13 1388/75/13 1389/76/13 1390/77/13
f 1391/74/5 1392/75/5 1393/76/5 1394/77/5
f 1395/78/11 1396/79/11 1397/80/11 1398/81/11
f 1399/76/12 1400/75/12 1401/74/12 1402/77/12
f 1403/76/5 1404/75/5 1405/74/5 1406/77/5
f 1407/76/13 1408/75/13 1409/74/13 1410/77/13
f 1411/76/3 1412/75/3 1413/74/3 1414/77/3
f 1415/80/11 1416/79/11 1417/78/11 1418/81/11
f 1419/74/12 1420/75/12 1421/76/12 1422/77/12
f 1423/74/3 1424/75/3 1425/76/3 1426/77/3
f 1427/74/13 1428/75/13 1429/76/13 1430/77/13
f 1431/74/5 1432/75/5 1433/76/5 1434/77/5
f 1435/78/11 1436/79/11 1437/80/11 1438/81/11
f 1439/76/12 1440/75/12 1441/74/12 1442/77/12
f 1443/76/5 1444/75/5 1445/74/5 1446/77/5
f 1447/76/13 1448/75/13 1449/74/13 1450/77/13
f 1451/76/3 1452/75/3 1453/74/3 1454/77/3
f 1455/80/11 1456/79/11 1457/78/11 1458/81/11
f 1459/74/12 1460/75/12 1461/76/12 1462/77/12
f 1463/74/3 1464/75/3 1465/76/3 1466/77/3
f 1467/74/13 1468/75/13 1469/76/13 1470/77/13
f 1471/74/5 1472/75/5 1473/76/5 1474/77/5
f 1475/78/11 1476/79/11 1477/80/11 1478/81/11
f 1479/76/12 1480/75/12 1481/74/12 1482/77/12
f 1483/76/5 1484/75/5 1485/74/5 1486/77/5
f 1487/76/13 1488/75/13 1489/74/13 1490/77/13
f 1491/76/3 1492/75/3 1493/74/3 1494/77/3
f 1495/80/11 1496/79/11 1497/78/11 1498/81/11
f 1499/17/12 1500/18/12 1501/19/12 1502/20/12
f 1503/82/3 1504/83/3 1505/84/3 1506/85/3
f 1507/86/13 1508/87/13 1509/88/13 1510/84/13
f 1511/26/5 1512/27/5 1513/28/5 1514/29/5
f 1515/89/11 1516/90/11 1517/91/11 1518/92/11
f 1519/17/12 1520/18/12 1521/19/12 1522/20/12
f 1523/21/3 1524/22/3 1525/23/3 1526/24/3
f 1527/25/13 1528/17/13 1529/20/13 1530/23/13
f 1531/26/5 1532/27/5 1533/28/5 1534/29/5
f 1535/70/11 1536/71/11 1537/72/11 1538/73/11
f 1539/93/14 1540/94/14 1541/95/14 1542/96/14
f 1543/97/14 1544/98/14 1545/99/14 1546/100/14
f 1547/101/14 1548/102/14 1549/103/14 1550/104/14
f 1551/105/14 1552/106/14 1553/107/14 1554/108/14
f 1555/17/12 1556/18/12 1557/19/12 1558/20/12
f 1559/21/3 1560/22/3 1561/23/3 1562/24/3
f 1563/25/13 1564/17/13 1565/20/13 1566/23/13
f 1567/26/5 1568/27/5 1569/28/5 1570/29/5
f 1571/70/11 1572/71/11 1573/72/11 1574/73/11
f 1575/13/3 1576/14/3 1577/15/3 1578/16/3
f 1579/17/12 1580/18/12 1581/19/12 1582/20/12
f 1583/21/3 1584/22/3 1585/23/3 1586/24/3
f 1587/25/13 1588/17/13 1589/20/13 1590/23/13
f 1591/26/5 1592/27/5 1593/28/5 1594/29/5
f 1595/30/11 1596/31/11 1597/32/11 1598/33/11
f 1599/14/5 1600/34/5 1601/35/5 1602/15/5
f 1603/36/11 1604/37/11 1605/38/11 1606/39/11
f 1607/40/14 1608/41/14 1609/42/14 1610/43/14
f 1611/44/5 1612/45/5 1613/46/5 1614/47/5
f 1615/48/5 1616/49/5 1617/50/5 1618/51/5
f 1619/52/14 1620/53/14 1621/54/14 1622/55/14
f 1623/56/11 1624/57/11 1625/58/11 1626/59/11
f 1627/60/3 1628/61/3 1629/13/3 1630/16/3
f 1631/51/3 1632/50/3 1633/62/3 1634/63/3
f 1635/55/14 1636/54/14 1637/64/14 1638/65/14
f 1639/66/11 1640/67/11 1641/68/11 1642/69/11
f 1643/17/12 1644/18/12 1645/19/12 1646/20/12
f 1647/82/3 1648/83/3 1649/84/3 1650/85/3
f 1651/86/13 1652/87/13 1653/88/13 1654/84/13
f 1655/26/5 1656/27/5 1657/28/5 1658/29/5
f 1659/89/11 1660/90/11 1661/91/11 1662/92/11
f 1663/15/5 1664/14/5 1665/13/5 1666/16/5
f 1667/17/12 1668/18/12 1669/19/12 1670/20/12
f 1671/21/3 1672/22/3 1673/23/3 1674/24/3
f 1675/25/13 1676/17/13 1677/20/13 1678/23/13
f 1679/26/5 1680/27/5 1681/28/5 1682/29/5
f 1683/70/11 1684/71/11 1685/72/11 1686/73/11
f 1687/35/3 1688/34/3 1689/14/3 1690/15/3
f 1691/38/11 1692/37/11 1693/36/11 1694/39/11
f 1695/42/14 1696/41/14 1697/40/14 1698/43/14
f 1699/46/3 1700/45/3 1701/44/3 1702/47/3
f 1703/50/3 1704/49/3 1705/48/3 1706/51/3
f 1707/54/14 1708/53/14 1709/52/14 1710/55/14
f 1711/58/11 1712/57/11 1713/56/11 1714/59/11
f 1715/13/5 1716/61/5 1717/60/5 1718/16/5
f 1719/62/5 1720/50/5 1721/51/5 1722/63/5
f 1723/64/14 1724/54/14 1725/55/14 1726/65/14
f 1727/68/11 1728/67/11 1729/66/11 1730/69/11
f 1731/74/12 1732/75/12 1733/76/12 1734/77/12
f 1735/74/3 1736/75/3 1737/76/3 1738/77/3
f 1739/74/13 1740/75/13 1741/76/13 1742/77/13
f 1743/74/5 1744/75/5 1745/76/5 1746/77/5
f 1747/78/11 1748/79/11 1749/80/11 1750/81/11
f 1751/76/12 1752/75/12 1753/74/12 1754/77/12
f 1755/76/5 1756/75/5 1757/74/5 1758/77/5
f 1759/76/13 1760/75/13 1761/74/13 1762/77/13
f 1763/76/3 1764/75/3 1765/74/3 1766/77/3
f 1767/80/11 1768/79/11 1769/78/11 1770/81/11
f 1771/74/12 1772/75/12 1773/76/12 1774/77/12
f 1775/74/3 1776/75/3 1777/76/3 1778/77/3
f 1779/74/13 1780/75/13 1781/76/13 1782/77/13
f 1783/74/5 1784/75/5 1785/76/5 1786/77/5
f 1787/78/11 1788/79/11 1789/80/11 1790/81/11
f 1791/76/12 1792/75/12 1793/74/12 1794/77/12
f 1795/76/5 1796/75/5 1797/74/5 1798/77/5
f 1799/76/13 1800/75/13 1801/74/13 1802/77/13
f 1803/76/3 1804/75/3 1805/74/3 1806/77/3
f 1807/80/11 1808/79/11 1809/78/11 1810/81/11
f 1811/74/12 1812/75/12 1813/76/12 1814/77/12
f 1815/74/3 1816/75/3 1817/76/3 1818/77/3
f 1819/74/13 1820/75/13 1821/76/13 1822/77/13
f 1823/74/5 1824/75/5 1825/76/5 1826/77/5
f 1827/78/11 1828/79/11 1829/80/11 1830/81/11
f 1831/76/12 1832/75/12 1833/74/12 1834/77/12
f 1835/76/5 1836/75/5 1837/74/5 1838/77/5
f 1839/76/13 1840/75/13 1841/74/13 1842/77/13
f 1843/76/3 1844/75/3 1845/74/3 1846/77/3
f 1847/80/11 1848/79/11 1849/78/11 1850/81/11
f 1851/74/12 1852/75/12 1853/76/12 1854/77/12
f 1855/74/3 1856/75/3 1857/76/3 1858/77/3
f 1859/74/13 1860/75/13 1861/76/13 1862/77/13
f 1863/74/5 1864/75/5 1865/76/5 1866/77/5
f 1867/78/11 1868/79/11 1869/80/11 1870/81/11
f 1871/76/12 1872/75/12 1873/74/12 1874/77/12
f 1875/76/5 1876/75/5 1877/74/5 1878/77/5
f 1879/76/13 1880/75/13 1881/74/13 1882/77/13
f 1883/76/3 1884/75/3 1885/74/3 1886/77/3
f 1887/80/11 1888/79/11 1889/78/11 1890/81/11
f 1891/109/14 1892/110/14 1893/111/14 1894/112/14
f 1895/113/14 1896/114/14 1897/115/14 1898/116/14
f 1899/117/14 1900/118/14 1901/119/14 1902/120/14
f 1903/121/14 1904/122/14 1905/123/14 1906/124/14
f 1907/17/12 1908/18/12 1909/19/12 1910/20/12
f 1911/21/3 1912/22/3 1913/23/3 1914/24/3
f 1915/25/13 1916/17/13 1917/20/13 1918/23/13
f 1919/26/5 1920/27/5 1921/28/5 1922/29/5
f 1923/70/11 1924/71/11 1925/72/11 1926/73/11
f 1927/13/3 1928/14/3 1929/15/3 1930/16/3
f 1931/17/12 1932/18/12 1933/19/12 1934/20/12
f 1935/21/3 1936/22/3 1937/23/3 1938/24/3
f 1939/25/13 1940/17/13 1941/20/13 1942/23/13
f 1943/26/5 1944/27/5 1945/28/5 1946/29/5
f 1947/70/11 1948/71/11 1949/72/11 1950/73/11
f 1951/14/5 1952/34/5 1953/35/5 1954/15/5
f 1955/36/11 1956/37/11 1957/38/11 1958/39/11
f 1959/40/14 1960/41/14 1961/42/14 1962/43/14
f 1963/44/5 1964/45/5 1965/46/5 1966/47/5
f 1967/48/5 1968/49/5 1969/50/5 1970/51/5
f 1971/52/14 1972/53/14 1973/54/14 1974/55/14
f 1975/56/11 1976/57/11 1977/58/11 1978/59/11
f 1979/60/3 1980/61/3 1981/13/3 1982/16/3
f 1983/51/3 1984/50/3 1985/62/3 1986/63/3
f 1987/55/14 1988/54/14 1989/64/14 1990/65/14
f 1991/66/11 1992/67/11 1993/68/11 1994/69/11
f 1995/17/12 1996/18/12 1997/19/12 1998/20/12
f 1999/21/3 2000/22/3 2001/23/3 2002/24/3
f 2003/25/13 2004/17/13 2005/20/13 2006/23/13
f 2007/26/5 2008/27/5 2009/28/5 2010/29/5
f 2011/30/11 2012/31/11 2013/32/11 2014/33/11
f 2015/15/5 2016/14/5 2017/13/5 2018/16/5
f 2019/17/12 2020/18/12 2021/19/12 2022/20/12
f 2023/82/3 2024/83/3 2025/84/3 2026/85/3
f 2027/86/13 2028/87/13 2029/88/13 2030/84/13
f 2031/26/5 2032/27/5 2033/28/5 2034/29/5
f 2035/89/11 2036/90/11 2037/91/11 2038/92/11
f 2039/35/3 2040/34/3 2041/14/3 2042/15/3
f 2043/38/11 2044/37/11 2045/36/11 2046/39/11
f 2047/42/14 2048/41/14 2049/40/14 2050/43/14
f 2051/46/3 2052/45/3 2053/44/3 2054/47/3
f 2055/50/3 2056/49/3 2057/48/3 2058/51/3
f 2059/54/14 2060/53/14 2061/52/14 2062/55/14
f 2063/58/11 2064/57/11 2065/56/11 2066/59/11
f 2067/13/5 2068/61/5 2069/60/5 2070/16/5
f 2071/62/5 2072/50/5 2073/51/5 2074/63/5
f 2075/64/14 2076/54/14 2077/55/14 2078/65/14
f 2079/68/11 2080/67/11 2081/66/11 2082/69/11
f 2083/74/12 2084/75/12 2085/76/12 2086/77/12
f 2087/74/3 2088/75/3 2089/76/3 2090/77/3
f 2091/74/13 2092/75/13 2093/76/13 2094/77/13
f 2095/74/5 2096/75/5 2097/76/5 2098/77/5
f 2099/78/11 2100/79/11 2101/80/11 2102/81/11
f 2103/76/12 2104/75/12 2105/74/12 2106/77/12
f 2107/76/5 2108/75/5 2109/74/5 2110/77/5
f 2111/76/13 2112/75/13 2113/74/13 2114/77/13
f 2115/76/3 2116/75/3 2117/74/3 2118/77/3
f 2119/80/11 2120/79/11 2121/78/11 2122/81/11
f 2123/74/12 2124/75/12 2125/76/12 2126/77/12
f 2127/74/3 2128/75/3 2129/76/3 2130/77/3
f 2131/74/13 2132/75/13 2133/76/13 2134/77/13
f 2135/74/5 2136/75/5 2137/76/5 2138/77/5
f 2139/78/11 2140/79/11 2141/80/11 2142/81/11
f 2143/76/12 2144/75/12 2145/74/12 2146/77/12
f 2147/76/5 2148/75/5 2149/74/5 2150/77/5
f 2151/76/13 2152/75/13 2153/74/13 2154/77/13
f 2155/76/3 2156/75/3 2157/74/3 2158/77/3
f 2159/80/11 2160/79/11 2161/78/11 2162/81/11
f 2163/74/12 2164/75/12 2165/76/12 2166/77/12
f 2167/74/3 2168/75/3 2169/76/3 2170/77/3
f 2171/74/13 2172/75/13 2173/76/13 2174/77/13
f 2175/74/5 2176/75/5 2177/76/5 2178/77/5
f 2179/78/11 2180/79/11 2181/80/11 2182/81/11
f 2183/76/12 2184/75/12 2185/74/12 2186/77/12
f 2187/76/5 2188/75/5 2189/74/5 2190/77/5
f 2191/76/13 2192/75/13 2193/74/13 2194/77/13
f 2195/76/3 2196/75/3 2197/74/3 2198/77/3
f 2199/80/11 2200/79/11 2201/78/11 2202/81/11
f 2203/74/12 2204/75/12 2205/76/12 2206/77/12
f 2207/74/3 2208/75/3 2209/76/3 2210/77/3
f 2211/74/13 2212/75/13 2213/76/13 2214/77/13
f 2215/74/5 2216/75/5 2217/76/5 2218/77/5
f 2219/78/11 2220/79/11 2221/80/11 2222/81/11
f 2223/76/12 2224/75/12 2225/74/12 2226/77/12
f 2227/76/5 2228/75/5 2229/74/5 2230/77/5
f 2231/76/13 2232/75/13 2233/74/13 2234/77/13
f 2235/76/3 2236/75/3 2237/74/3 2238/77/3
f 2239/80/11 2240/79/11 2241/78/11 2242/81/11
f 2243/156/14 2244/157/14 2245/158/14 2246/159/14
f 2247/160/14 2248/161/14 2249/162/14 2250/163/14
f 2251/164/14 2252/165/14 2253/166/14 2254/167/14
f 2255/168/14 2256/188/14 2257/189/14 2258/171/14
f 2259/17/12 2260/18/12 2261/19/12 2262/20/12
f 2263/82/3 2264/83/3 2265/84/3 2266/85/3
f 2267/86/13 2268/87/13 2269/88/13 2270/84/13
f 2271/26/5 2272/27/5 2273/28/5 2274/29/5
f 2275/89/11 2276/90/11 2277/91/11 2278/92/11
f 2279/13/3 2280/14/3 2281/15/3 2282/16/3
f 2283/17/12 2284/18/12 2285/19/12 2286/20/12
f 2287/21/3 2288/22/3 2289/23/3 2290/24/3
f 2291/25/13 2292/17/13 2293/20/13 2294/23/13
f 2295/26/5 2296/27/5 2297/28/5 2298/29/5
f 2299/70/11 2300/71/11 2301/72/11 2302/73/11
f 2303/14/5 2304/34/5 2305/35/5 2306/15/5
f 2307/36/11 2308/37/11 2309/38/11 2310/39/11
f 2311/40/14 2312/41/14 2313/42/14 2314/43/14
f 2315/44/5 2316/45/5 2317/46/5 2318/47/5
f 2319/48/5 2320/49/5 2321/50/5 2322/51/5
f 2323/52/14 2324/53/14 2325/54/14 2326/55/14
f 2327/56/11 2328/57/11 2329/58/11 2330/59/11
f 2331/60/3 2332/61/3 2333/13/3 2334/16/3
f 2335/51/3 2336/50/3 2337/62/3 2338/63/3
f 2339/55/14 2340/54/14 2341/64/14 2342/65/14
f 2343/66/11 2344/67/11 2345/68/11 2346/69/11
f 2347/17/12 2348/18/12 2349/19/12 2350/20/12
f 2351/21/3 2352/22/3 2353/23/3 2354/24/3
f 2355/25/13 2356/17/13 2357/20/13 2358/23/13
f 2359/26/5 2360/27/5 2361/28/5 2362/29/5
f 2363/70/11 2364/71/11 2365/72/11 2366/73/11
f 2367/15/5 2368/14/5 2369/13/5 2370/16/5
f 2371/17/12 2372/18/12 2373/19/12 2374/20/12
f 2375/21/3 2376/22/3 2377/23/3 2378/24/3
f 2379/25/13 2380/17/13 2381/20/13 2382/23/13
f 2383/26/5 2384/27/5 2385/28/5 2386/29/5
f 2387/30/11 2388/31/11 2389/32/11 2390/33/11
f 2391/35/3 2392/34/3 2393/14/3 2394/15/3
f 2395/38/11 2396/37/11 2397/36/11 2398/39/11
f 2399/42/14 2400/41/14 2401/40/14 2402/43/14
f 2403/46/3 2404/45/3 2405/44/3 2406/47/3
f 2407/50/3 2408/49/3 2409/48/3 2410/51/3
f 2411/54/14 2412/53/14 2413/52/14 2414/55/14
f 2415/58/11 2416/57/11 2417/56/11 2418/59/11
f 2419/13/5 2420/61/5 2421/60/5 2422/16/5
f 2423/62/5 2424/50/5 2425/51/5 2426/63/5
f 2427/64/14 2428/54/14 2429/55/14 2430/65/14
f 2431/68/11 2432/67/11 2433/66/11 2434/69/11
f 2435/74/12 2436/75/12 2437/76/12 2438/77/12
f 2439/74/3 2440/75/3 2441/76/3 2442/77/3
f 2443/74/13 2444/75/13 2445/76/13 2446/77/13
f 2447/74/5 2448/75/5 2449/76/5 2450/77/5
f 2451/78/11 2452/79/11 2453/80/11 2454/81/11
f 2455/76/12 2456/75/12 2457/74/12 2458/77/12
f 2459/76/5 2460/75/5 2461/74/5 2462/77/5
f 2463/76/13 2464/75/13 2465/74/13 2466/77/13
f 2467/76/3 2468/75/3 2469/74/3 2470/77/3
f 2471/80/11 2472/79/11 2473/78/11 2474/81/11
f 2475/74/12 2476/75/12 2477/76/12 2478/77/12
f 2479/74/3 2480/75/3 2481/76/3 2482/77/3
f 2483/74/13 2484/75/13 2485/76/13 2486/77/13
f 2487/74/5 2488/75/5 2489/76/5 2490/77/5
f 2491/78/11 2492/79/11 2493/80/11 2494/81/11
f 2495/76/12 2496/75/12 2497/74/12 2498/77/12
f 2499/76/5 2500/75/5 2501/74/5 2502/77/5
f 2503/76/13 2504/75/13 2505/74/13 2506/77/13
f 2507/76/3 2508/75/3 2509/74/3 2510/77/3
f 2511/80/11 2512/79/11 2513/78/11 2514/81/11
f 2515/74/12 2516/75/12 2517/76/12 2518/77/12
f 2519/74/3 2520/75/3 2521/76/3 2522/77/3
f 2523/74/13 2524/75/13 2525/76/13 2526/77/13
f 2527/74/5 2528/75/5 2529/76/5 2530/77/5
f 2531/78/11 2532/79/11 2533/80/11 2534/81/11
f 2535/76/12 2536/75/12 2537/74/12 2538/77/12
f 2539/76/5 2540/75/5 2541/74/5 2542/77/5
f 2543/76/13 2544/75/13 2545/74/13 2546/77/13
f 2547/76/3 2548/75/3 2549/74/3 2550/77/3
f 2551/80/11 2552/79/11 2553/78/11 2554/81/11
f 2555/74/12 2556/75/12 2557/76/12 2558/77/12
f 2559/74/3 2560/75/3 2561/76/3 2562/77/3
f 2563/74/13 2564/75/13 2565/76/13 2566/77/13
f 2567/74/5 2568/75/5 2569/76/5 2570/77/5
f 2571/78/11 2572/79/11 2573/80/11 2574/81/11
f 2575/76/12 2576/75/12 2577/74/12 2578/77/12
f 2579/76/5 2580/75/5 2581/74/5 2582/77/5
f 2583/76/13 2584/75/13 2585/74/13 2586/77/13
f 2587/76/3 2588/75/3 2589/74/3 2590/77/3
f 2591/80/11 2592/79/11 2593/78/11 2594/81/11
f 2595/190/14 2596/191/14 2597/192/14 2598/193/14
f 2599/194/14 2600/195/14 2601/196/14 2602/197/14
f 2603/198/14 2604/199/14 2605/200/14 2606/201/14
f 2607/202/14 2608/203/14 2609/204/14 2610/205/14
f 2611/17/12 2612/18/12 2613/19/12 2614/20/12
f 2615/21/3 2616/22/3 2617/23/3 2618/24/3
f 2619/25/13 2620/17/13 2621/20/13 2622/23/13
f 2623/26/5 2624/27/5 2625/28/5 2626/29/5
f 2627/70/11 2628/71/11 2629/72/11 2630/73/11
f 2631/13/3 2632/14/3 2633/15/3 2634/16/3
f 2635/17/12 2636/18/12 2637/19/12 2638/20/12
f 2639/82/3 2640/83/3 2641/84/3 2642/85/3
f 2643/86/13 2644/87/13 2645/88/13 2646/84/13
f 2647/26/5 2648/27/5 2649/28/5 2650/29/5
f 2651/89/11 2652/90/11 2653/91/11 2654/92/11
f 2655/14/5 2656/34/5 2657/35/5 2658/15/5
f 2659/36/11 2660/37/11 2661/38/11 2662/39/11
f 2663/40/14 2664/41/14 2665/42/14 2666/43/14
f 2667/44/5 2668/45/5 2669/46/5 2670/47/5
f 2671/48/5 2672/49/5 2673/50/5 2674/51/5
f 2675/52/14 2676/53/14 2677/54/14 2678/55/14
f 2679/56/11 2680/57/11 2681/58/11 2682/59/11
f 2683/60/3 2684/61/3 2685/13/3 2686/16/3
f 2687/51/3 2688/50/3 2689/62/3 2690/63/3
f 2691/55/14 2692/54/14 2693/64/14 2694/65/14
f 2695/66/11 2696/67/11 2697/68/11 2698/69/11
f 2699/17/12 2700/18/12 2701/19/12 2702/20/12
f 2703/21/3 2704/22/3 2705/23/3 2706/24/3
f 2707/25/13 2708/17/13 2709/20/13 2710/23/13
f 2711/26/5 2712/27/5 2713/28/5 2714/29/5
f 2715/30/11 2716/31/11 2717/32/11 2718/33/11
f 2719/15/5 2720/14/5 2721/13/5 2722/16/5
f 2723/17/12 2724/18/12 2725/19/12 2726/20/12
f 2727/21/3 2728/22/3 2729/23/3 2730/24/3
f 2731/25/13 2732/17/13 2733/20/13 2734/23/13
f 2735/26/5 2736/27/5 2737/28/5 2738/29/5
f 2739/70/11 2740/71/11 2741/72/11 2742/73/11
f 2743/35/3 2744/34/3 2745/14/3 2746/15/3
f 2747/38/11 2748/37/11 2749/36/11 2750/39/11
f 2751/42/14 2752/41/14 2753/40/14 2754/43/14
f 2755/46/3 2756/45/3 2757/44/3 2758/47/3
f 2759/50/3 2760/49/3 2761/48/3 2762/51/3
f 2763/54/14 2764/53/14 2765/52/14 2766/55/14
f 2767/58/11 2768/57/11 2769/56/11 2770/59/11
f 2771/13/5 2772/61/5 2773/60/5 2774/16/5
f 2775/62/5 2776/50/5 2777/51/5 2778/63/5
f 2779/64/14 2780/54/14 2781/55/14 2782/65/14
f 2783/68/11 2784/67/11 2785/66/11 2786/69/11
f 2787/74/12 2788/75/12 2789/76/12 2790/77/12
f 2791/74/3 2792/75/3 2793/76/3 2794/77/3
f 2795/74/13 2796/75/13 2797/76/13 2798/77/13
f 2799/74/5 2800/75/5 2801/76/5 2802/77/5
f 2803/78/11 2804/79/11 2805/80/11 2806/81/11
f 2807/76/12 2808/75/12 2809/74/12 2810/77/12
f 2811/76/5 2812/75/5 2813/74/5 2814/77/5
f 2815/76/13 2816/75/13 2817/74/13 2818/77/13
f 2819/76/3 2820/75/3 2821/74/3 2822/77/3
f 2823/80/11 2824/79/11 2825/78/11 2826/81/11
f 2827/74/12 2828/75/12 2829/76/12 2830/77/12
f 2831/74/3 2832/75/3 2833/76/3 2834/77/3
f 2835/74/13 2836/75/13 2837/76/13 2838/77/13
f 2839/74/5 2840/75/5 2841/76/5 2842/77/5
f 2843/78/11 2844/79/11 2845/80/11 2846/81/11
f 2847/76/12 2848/75/12 2849/74/12 2850/77/12
f 2851/76/5 2852/75/5 2853/74/5 2854/77/5
f 2855/76/13 2856/75/13 2857/74/13 2858/77/13
f 2859/76/3 2860/75/3 2861/74/3 2862/77/3
f 2863/80/11 2864/79/11 2865/78/11 2866/81/11
f 2867/74/12 2868/75/12 2869/76/12 2870/77/12
f 2871/74/3 2872/75/3 2873/76/3 2874/77/3
f 2875/74/13 2876/75/13 2877/76/13 2878/77/13
f 2879/74/5 2880/75/5 2881/76/5 2882/77/5
f 2883/78/11 2884/79/11 2885/80/11 2886/81/11
f 2887/76/12 2888/75/12 2889/74/12 2890/77/12
f 2891/76/5 2892/75/5 2893/74/5 2894/77/5
f 2895/76/13 2896/75/13 2897/74/13 2898/77/13
f 2899/76/3 2900/75/3 2901/74/3 2902/77/3
f 2903/80/11 2904/79/11 2905/78/11 2906/81/11
f 2907/74/12 2908/75/12 2909/76/12 2910/77/12
f 2911/74/3 2912/75/3 2913/76/3 2914/77/3
f 2915/74/13 2916/75/13 2917/76/13 2918/77/13
f 2919/74/5 2920/75/5 2921/76/5 2922/77/5
f 2923/78/11 2924/79/11 2925/80/11 2926/81/11
f 2927/76/12 2928/75/12 2929/74/12 2930/77/12
f 2931/76/5 2932/75/5 2933/74/5 2934/77/5
f 2935/76/13 2936/75/13 2937/74/13 2938/77/13
f 2939/76/3 2940/75/3 2941/74/3 2942/77/3
f 2943/80/11 2944/79/11 2945/78/11 2946/81/11
f 2947/206/14 2948/207/14 2949/208/14 2950/209/14
f 2951/210/14 2952/211/14 2953/212/14 2954/213/14
f 2955/214/14 2956/215/14 2957/216/14 2958/217/14
f 2959/218/14 2960/219/14 2961/220/14 2962/221/14
f 2963/17/12 2964/18/12 2965/19/12 2966/20/12
f 2967/21/3 2968/22/3 2969/23/3 2970/24/3
f 2971/25/13 2972/17/13 2973/20/13 2974/23/13
f 2975/26/5 2976/27/5 2977/28/5 2978/29/5
f 2979/70/11 2980/71/11 2981/72/11 2982/73/11
f 2983/13/3 2984/14/3 2985/15/3 2986/16/3
f 2987/222/13 2988/223/13 2989/224/13 2990/225/13
f 2991/225/13 2992/226/13 2993/227/13 2994/222/13
f 2995/228/13 2996/229/13 2997/230/13 2998/231/13
f 2999/231/13 3000/232/13 3001/233/13 3002/228/13
f 3003/223/13 3004/222/13 3005/229/13 3006/228/13
f 3007/14/5 3008/34/5 3009/35/5 3010/15/5
f 3011/36/11 3012/37/11 3013/38/11 3014/39/11
f 3015/40/14 3016/41/14 3017/42/14 3018/43/14
f 3019/44/5 3020/45/5 3021/46/5 3022/47/5
f 3023/48/5 3024/49/5 3025/50/5 3026/51/5
f 3027/52/14 3028/53/14 3029/54/14 3030/55/14
f 3031/56/11 3032/57/11 3033/58/11 3034/59/11
f 3035/60/3 3036/61/3 3037/13/3 3038/16/3
f 3039/51/3 3040/50/3 3041/62/3 3042/63/3
f 3043/55/14 3044/54/14 3045/64/14 3046/65/14
f 3047/66/11 3048/67/11 3049/68/11 3050/69/11
f 3051/17/12 3052/18/12 3053/19/12 3054/20/12
f 3055/21/3 3056/22/3 3057/23/3 3058/24/3
f 3059/25/13 3060/17/13 3061/20/13 3062/23/13
f 3063/26/5 3064/27/5 3065/28/5 3066/29/5
f 3067/30/11 3068/31/11 3069/32/11 3070/33/11
f 3071/15/5 3072/14/5 3073/13/5 3074/16/5
f 3075/226/13 3076/225/13 3077/222/13 3078/227/13
f 3079/224/13 3080/223/13 3081/222/13 3082/225/13
f 3083/233/13 3084/232/13 3085/229/13 3086/228/13
f 3087/231/13 3088/230/13 3089/229/13 3090/232/13
f 3091/228/13 3092/229/13 3093/222/13 3094/223/13
f 3095/35/3 3096/34/3 3097/14/3 3098/15/3
f 3099/38/11 3100/37/11 3101/36/11 3102/39/11
f 3103/42/14 3104/41/14 3105/40/14 3106/43/14
f 3107/46/3 3108/45/3 3109/44/3 3110/47/3
f 3111/50/3 3112/49/3 3113/48/3 3114/51/3
f 3115/54/14 3116/53/14 3117/52/14 3118/55/14
f 3119/58/11 3120/57/11 3121/56/11 3122/59/11
f 3123/13/5 3124/61/5 3125/60/5 3126/16/5
f 3127/62/5 3128/50/5 3129/51/5 3130/63/5
f 3131/64/14 3132/54/14 3133/55/14 3134/65/14
f 3135/68/11 3136/67/11 3137/66/11 3138/69/11
f 3139/74/12 3140/75/12 3141/76/12 3142/77/12
f 3143/74/3 3144/75/3 3145/76/3 3146/77/3
f 3147/74/13 3148/75/13 3149/76/13 3150/77/13
f 3151/74/5 3152/75/5 3153/76/5 3154/77/5
f 3155/78/11 3156/79/11 3157/80/11 3158/81/11
f 3159/76/12 3160/75/12 3161/74/12 3162/77/12
f 3163/76/5 3164/75/5 3165/74/5 3166/77/5
f 3167/76/13 3168/75/13 3169/74/13 3170/77/13
f 3171/76/3 3172/75/3 3173/74/3 3174/77/3
f 3175/80/11 3176/79/11 3177/78/11 3178/81/11
f 3179/74/12 3180/75/12 3181/76/12 3182/77/12
f 3183/74/3 3184/75/3 3185/76/3 3186/77/3
f 3187/74/13 3188/75/13 3189/76/13 3190/77/13
f 3191/74/5 3192/75/5 3193/76/5 3194/77/5
f 3195/78/11 3196/79/11 3197/80/11 3198/81/11
f 3199/76/12 3200/75/12 3201/74/12 3202/77/12
f 3203/76/5 3204/75/5 3205/74/5 3206/77/5
f 3207/76/13 3208/75/13 3209/74/13 3210/77/13
f 3211/76/3 3212/75/3 3213/74/3 3214/77/3
f 3215/80/11 3216/79/11 3217/78/11 3218/81/11
f 3219/74/12 3220/75/12 3221/76/12 3222/77/12
f 3223/74/3 3224/75/3 3225/76/3 3226/77/3
f 3227/74/13 3228/75/13 3229/76/13 3230/77/13
f 3231/74/5 3232/75/5 3233/76/5 3234/77/5
f 3235/78/11 3236/79/11 3237/80/11 3238/81/11
f 3239/76/12 3240/75/12 3241/74/12 3242/77/12
f 3243/76/5 3244/75/5 3245/74/5 3246/77/5
f 3247/76/13 3248/75/13 3249/74/13 3250/77/13
f 3251/76/3 3252/75/3 3253/74/3 3254/77/3
f 3255/80/11 3256/79/11 3257/78/11 3258/81/11
f 3259/74/12 3260/75/12 3261/76/12 3262/77/12
f 3263/74/3 3264/75/3 3265/76/3 3266/77/3
f 3267/74/13 3268/75/13 3269/76/13 3270/77/13
f 3271/74/5 3272/75/5 3273/76/5 3274/77/5
f 3275/78/11 3276/79/11 3277/80/11 3278/81/11
f 3279/76/12 3280/75/12 3281/74/12 3282/77/12
f 3283/76/5 3284/75/5 3285/74/5 3286/77/5
f 3287/76/13 3288/75/13 3289/74/13 3290/77/13
f 3298/234/10 3293/235/10 3294/236/10 3291/237/10
f 3291/237/10 3292/238/10 3295/239/10 3298/234/10
f 3297/240/10 3298/234/10 3295/239/10 3296/151/10
f 3296/151/10 3299/150/10 3300/149/10 3297/240/10
f 3301/152/10 3302/241/10 3297/240/10 3300/149/10
f 3310/239/10 3305/238/10 3306/237/10 3303/236/10
f 3303/236/10 3304/235/10 3307/234/10 3310/239/10
f 3309/151/10 3310/239/10 3307/234/10 3308/240/10
f 3308/240/10 3311/241/10 3312/152/10 3309/151/10
f 874/242/5 3316/244/5 872/27/5 873/28/5
