# Blender 5.2.1 LTS
# www.blender.org
mtllib 1x6_rails.mtl
o half_height_45_deg_1x6_rails
v 0.218205 0.085803 -0.218205
v 0.225017 0.071584 -0.225017
v 0.242348 0.071584 -0.242348
v 0.242348 0.071584 -0.242348
v 0.249160 0.085803 -0.249160
v 0.218205 0.085803 -0.218205
v 0.254896 0.025803 -0.254896
v 0.242348 0.041289 -0.242348
v 0.212470 0.025803 -0.212470
v 0.225017 0.041289 -0.225017
v 0.212470 0.025803 -0.212470
v 0.242348 0.041289 -0.242348
v 0.225017 0.041289 -0.225017
v 0.242348 0.071584 -0.242348
v 0.225017 0.071584 -0.225017
v 0.249160 0.085803 -0.249160
v -0.453772 0.129577 -0.952092
v -0.453180 0.143771 -0.951500
v -0.927949 0.129577 -0.477915
v -0.218205 0.071584 0.218205
v -0.225017 0.071584 0.225017
v -0.917307 0.083875 -0.492368
v -0.254896 0.025803 0.254896
v -0.959733 0.083875 -0.449942
v 0.249160 0.071584 -0.249160
v -0.460584 0.129577 -0.945280
v -0.453772 0.129577 -0.952092
v 0.212470 0.025803 -0.212470
v -0.449942 0.083875 -0.959733
v 0.254896 0.025803 -0.254896
v 0.218205 0.085803 -0.218205
v -0.484727 0.129577 -0.921137
v 0.218205 0.071584 -0.218205
v -0.945280 0.129577 -0.460584
v -0.249160 0.071584 0.249161
v -0.952092 0.129577 -0.453772
v 0.212470 0.041289 -0.212470
v -0.479176 0.099334 -0.929210
v -0.491724 0.099334 -0.916662
v -0.218205 0.085803 0.218205
v -0.225017 0.071584 0.225017
v -0.218205 0.071584 0.218205
v -0.249161 0.085803 0.249161
v -0.242348 0.071584 0.242348
v -0.218205 0.085803 0.218205
v -0.254896 0.025803 0.254896
v -0.242348 0.041289 0.242348
v -0.254896 0.041289 0.254896
v -0.212469 0.025803 0.212469
v -0.225017 0.041289 0.225017
v -0.254896 0.025803 0.254896
v -0.225017 0.071584 0.225017
v -0.242348 0.041289 0.242348
v -0.225017 0.041289 0.225017
v -0.484135 0.143771 -0.920545
v 0.249160 0.085803 -0.249160
v -0.453180 0.143771 -0.951500
v -0.449942 0.083875 -0.959733
v 0.254896 0.041289 -0.254896
v 0.254896 0.025803 -0.254896
v 0.225017 0.071584 -0.225017
v -0.484727 0.129577 -0.921137
v -0.477915 0.129577 -0.927949
v -0.946541 0.099334 -0.461845
v -0.254896 0.041289 0.254896
v -0.242348 0.041289 0.242348
v -0.916662 0.099334 -0.491724
v -0.225017 0.041289 0.225017
v -0.212469 0.041289 0.212469
v 0.254896 0.041289 -0.254896
v -0.461845 0.099334 -0.946541
v 0.242348 0.041289 -0.242348
v -0.278953 0.060348 0.128152
v -0.303497 -0.019513 0.146035
v -0.282283 -0.019513 0.124822
v -0.300129 0.062114 0.106976
v -0.282283 -0.019513 0.124822
v -0.303460 -0.017747 0.103646
v -0.321343 0.062114 0.128189
v -0.303460 -0.017747 0.103646
v -0.324673 -0.017747 0.124859
v -0.300166 0.060348 0.149366
v -0.324673 -0.017747 0.124859
v -0.303497 -0.019513 0.146035
v -0.300129 0.062114 0.106976
v -0.300166 0.060348 0.149366
v -0.278953 0.060348 0.128152
v 0.128152 0.060348 -0.278953
v 0.146035 -0.019513 -0.303496
v 0.149366 0.060348 -0.300166
v 0.106976 0.062114 -0.300129
v 0.124822 -0.019513 -0.282283
v 0.128152 0.060348 -0.278953
v 0.128189 0.062114 -0.321343
v 0.103646 -0.017747 -0.303460
v 0.106976 0.062114 -0.300129
v 0.149366 0.060348 -0.300166
v 0.124859 -0.017747 -0.324673
v 0.128189 0.062114 -0.321343
v 0.106976 0.062114 -0.300129
v 0.149366 0.060348 -0.300166
v 0.128189 0.062114 -0.321343
v 0.294734 0.032432 -0.369946
v -0.372444 -0.027464 0.292236
v 0.292236 -0.027464 -0.372444
v 0.195911 0.040674 -0.468769
v 0.292236 -0.027464 -0.372444
v 0.193413 -0.019222 -0.471267
v -0.468769 0.040674 0.195911
v 0.193413 -0.019222 -0.471267
v -0.471267 -0.019222 0.193413
v -0.369946 0.032432 0.294734
v -0.471267 -0.019222 0.193413
v -0.372444 -0.027464 0.292236
v 0.195911 0.040674 -0.468769
v -0.369946 0.032432 0.294734
v 0.294734 0.032432 -0.369946
v 0.292236 -0.027464 -0.372444
v -0.471267 -0.019222 0.193413
v 0.193413 -0.019222 -0.471267
v -0.920545 0.143771 -0.484135
v -0.249161 0.085803 0.249161
v -0.218205 0.085803 0.218205
v -0.959733 0.083875 -0.449942
v -0.254896 0.041289 0.254896
v -0.959089 0.099334 -0.449297
v 0.212470 0.041289 -0.212470
v -0.492368 0.083875 -0.917307
v 0.212470 0.025803 -0.212470
v -0.455423 0.075066 -0.048318
v -0.479967 -0.004795 -0.030435
v -0.458753 -0.004795 -0.051648
v -0.476600 0.076832 -0.069494
v -0.458753 -0.004795 -0.051648
v -0.479930 -0.003029 -0.072824
v -0.497813 0.076832 -0.048281
v -0.479930 -0.003029 -0.072824
v -0.501143 -0.003029 -0.051611
v -0.476636 0.075066 -0.027105
v -0.501143 -0.003029 -0.051611
v -0.479967 -0.004795 -0.030435
v -0.476600 0.076832 -0.069494
v -0.476636 0.075066 -0.027105
v -0.455423 0.075066 -0.048318
v -0.048318 0.075066 -0.455423
v -0.030435 -0.004795 -0.479967
v -0.027105 0.075066 -0.476636
v -0.069494 0.076832 -0.476600
v -0.051648 -0.004795 -0.458753
v -0.048318 0.075066 -0.455423
v -0.048281 0.076832 -0.497813
v -0.072824 -0.003029 -0.479930
v -0.069494 0.076832 -0.476600
v -0.027105 0.075066 -0.476636
v -0.051611 -0.003029 -0.501143
v -0.048281 0.076832 -0.497813
v -0.069494 0.076832 -0.476600
v -0.027105 0.075066 -0.476636
v -0.048281 0.076832 -0.497813
v 0.118264 0.047150 -0.546416
v -0.548914 -0.012746 0.115766
v 0.115766 -0.012746 -0.548914
v 0.019441 0.055392 -0.645240
v 0.115766 -0.012746 -0.548914
v 0.016943 -0.004504 -0.647737
v -0.645240 0.055392 0.019441
v 0.016943 -0.004504 -0.647737
v -0.647737 -0.004504 0.016943
v -0.546416 0.047150 0.118264
v -0.647737 -0.004504 0.016943
v -0.548914 -0.012746 0.115766
v 0.019441 0.055392 -0.645240
v -0.546416 0.047150 0.118264
v 0.118264 0.047150 -0.546416
v 0.115766 -0.012746 -0.548914
v -0.647737 -0.004504 0.016943
v 0.016943 -0.004504 -0.647737
v 0.225017 0.071584 -0.225017
v -0.479176 0.099334 -0.929210
v 0.225017 0.041289 -0.225017
v 0.242348 0.071584 -0.242348
v -0.461845 0.099334 -0.946541
v -0.460584 0.129577 -0.945280
v -0.225017 0.071584 0.225017
v -0.929210 0.099334 -0.479176
v -0.927949 0.129577 -0.477915
v -0.242348 0.071584 0.242348
v -0.946541 0.099334 -0.461845
v -0.242348 0.041289 0.242348
v -0.631893 0.089784 -0.224788
v -0.656437 0.009922 -0.206905
v -0.635224 0.009922 -0.228118
v -0.653070 0.091550 -0.245964
v -0.635224 0.009922 -0.228118
v -0.656400 0.011688 -0.249294
v -0.674283 0.091550 -0.224751
v -0.656400 0.011688 -0.249294
v -0.677613 0.011688 -0.228081
v -0.653106 0.089784 -0.203575
v -0.677613 0.011688 -0.228081
v -0.656437 0.009922 -0.206905
v -0.653070 0.091550 -0.245964
v -0.653106 0.089784 -0.203575
v -0.631893 0.089784 -0.224788
v -0.224788 0.089784 -0.631893
v -0.206905 0.009922 -0.656437
v -0.203575 0.089784 -0.653106
v -0.245964 0.091550 -0.653070
v -0.228118 0.009922 -0.635224
v -0.224788 0.089784 -0.631893
v -0.224751 0.091550 -0.674283
v -0.249294 0.011688 -0.656400
v -0.245964 0.091550 -0.653070
v -0.203575 0.089784 -0.653106
v -0.228081 0.011688 -0.677613
v -0.224751 0.091550 -0.674283
v -0.245964 0.091550 -0.653070
v -0.203575 0.089784 -0.653106
v -0.224751 0.091550 -0.674283
v -0.058206 0.061868 -0.722886
v -0.725384 0.001972 -0.060704
v -0.060704 0.001972 -0.725384
v -0.157029 0.070109 -0.821710
v -0.060704 0.001972 -0.725384
v -0.159527 0.010214 -0.824207
v -0.821710 0.070109 -0.157029
v -0.159527 0.010214 -0.824207
v -0.824207 0.010214 -0.159527
v -0.722886 0.061868 -0.058206
v -0.824207 0.010214 -0.159527
v -0.725384 0.001972 -0.060704
v -0.157029 0.070109 -0.821710
v -0.722886 0.061868 -0.058206
v -0.058206 0.061868 -0.722886
v -0.060704 0.001972 -0.725384
v -0.824207 0.010214 -0.159527
v -0.159527 0.010214 -0.824207
v -0.249161 0.085803 0.249161
v -0.952092 0.129577 -0.453772
v -0.249160 0.071584 0.249161
v -0.917307 0.083875 -0.492368
v -0.212469 0.041289 0.212469
v -0.212469 0.025803 0.212469
v -0.218205 0.085803 0.218205
v -0.921137 0.129577 -0.484727
v -0.920545 0.143771 -0.484135
v -0.808363 0.104501 -0.401258
v -0.832907 0.024640 -0.383375
v -0.811694 0.024640 -0.404588
v -0.829540 0.106267 -0.422434
v -0.811694 0.024640 -0.404588
v -0.832870 0.026406 -0.425765
v -0.850753 0.106267 -0.401221
v -0.832870 0.026406 -0.425765
v -0.854083 0.026406 -0.404551
v -0.829577 0.104501 -0.380045
v -0.854083 0.026406 -0.404551
v -0.832907 0.024640 -0.383375
v -0.829540 0.106267 -0.422434
v -0.829577 0.104501 -0.380045
v -0.808363 0.104501 -0.401258
v -0.401258 0.104501 -0.808363
v -0.383375 0.024640 -0.832907
v -0.380045 0.104501 -0.829576
v -0.422434 0.106267 -0.829540
v -0.404588 0.024640 -0.811694
v -0.401258 0.104501 -0.808363
v -0.401221 0.106267 -0.850753
v -0.425765 0.026406 -0.832870
v -0.422434 0.106267 -0.829540
v -0.380045 0.104501 -0.829576
v -0.404551 0.026406 -0.854083
v -0.401221 0.106267 -0.850753
v -0.422434 0.106267 -0.829540
v -0.380045 0.104501 -0.829576
v -0.401221 0.106267 -0.850753
v -0.234676 0.076585 -0.899356
v -0.901854 0.016689 -0.237174
v -0.237174 0.016689 -0.901854
v -0.333499 0.084827 -0.998180
v -0.237174 0.016689 -0.901854
v -0.335997 0.024931 -1.000677
v -0.998180 0.084827 -0.333499
v -0.335997 0.024931 -1.000677
v -1.000677 0.024931 -0.335997
v -0.899356 0.076585 -0.234676
v -1.000677 0.024931 -0.335997
v -0.901854 0.016689 -0.237174
v -0.333499 0.084827 -0.998180
v -0.899356 0.076585 -0.234676
v -0.234676 0.076585 -0.899356
v -0.237174 0.016689 -0.901854
v -1.000677 0.024931 -0.335997
v -0.335997 0.024931 -1.000677
v -0.959089 0.099334 -0.449297
v -1.665614 0.142746 -1.155822
v -0.959733 0.083875 -0.449942
v -0.453180 0.143771 -0.951500
v -1.190016 0.202642 -1.626425
v -0.484135 0.143771 -0.920545
v -1.183795 0.188448 -1.633829
v -0.479176 0.099334 -0.929210
v -0.477915 0.129577 -0.927949
v -0.491724 0.099334 -0.916662
v -1.198249 0.142746 -1.623187
v -0.492368 0.083875 -0.917307
v -1.190016 0.202642 -1.626425
v -0.484727 0.129577 -0.921137
v -0.484135 0.143771 -0.920545
v -0.479176 0.099334 -0.929210
v -1.197604 0.158205 -1.622543
v -0.491724 0.099334 -0.916662
v -0.453772 0.129577 -0.952092
v -1.159060 0.202642 -1.657381
v -0.453180 0.143771 -0.951500
v -0.461845 0.099334 -0.946541
v -1.155178 0.158205 -1.664969
v -1.167725 0.158205 -1.652421
v -1.155822 0.142746 -1.665614
v -0.449297 0.099334 -0.959089
v -0.449942 0.083875 -0.959733
v -0.477915 0.129577 -0.927949
v -1.190608 0.188448 -1.627017
v -1.183795 0.188448 -1.633829
v -0.927949 0.129577 -0.477915
v -1.635090 0.158205 -1.185056
v -1.633829 0.188448 -1.183795
v -1.665614 0.142746 -1.155822
v -0.917307 0.083875 -0.492368
v -0.959733 0.083875 -0.449942
v -0.984833 0.119219 -0.577728
v -1.009377 0.039358 -0.559845
v -0.988164 0.039358 -0.581058
v -1.006010 0.120985 -0.598904
v -0.988164 0.039358 -0.581058
v -1.009340 0.041124 -0.602235
v -1.027223 0.120985 -0.577691
v -1.009340 0.041124 -0.602235
v -1.030553 0.041124 -0.581021
v -1.006047 0.119219 -0.556515
v -1.030553 0.041124 -0.581021
v -1.009377 0.039358 -0.559845
v -1.006010 0.120985 -0.598904
v -1.006047 0.119219 -0.556515
v -0.984833 0.119219 -0.577728
v -0.577728 0.119219 -0.984833
v -0.559845 0.039358 -1.009377
v -0.556515 0.119219 -1.006047
v -0.598904 0.120985 -1.006010
v -0.581058 0.039358 -0.988164
v -0.577728 0.119219 -0.984833
v -0.577691 0.120985 -1.027223
v -0.602235 0.041124 -1.009340
v -0.598904 0.120985 -1.006010
v -0.556515 0.119219 -1.006047
v -0.581021 0.041124 -1.030553
v -0.577691 0.120985 -1.027223
v -0.598904 0.120985 -1.006010
v -0.556515 0.119219 -1.006047
v -0.577691 0.120985 -1.027223
v -0.411146 0.091303 -1.075827
v -1.078324 0.031407 -0.413644
v -0.413644 0.031407 -1.078324
v -0.509969 0.099545 -1.174650
v -0.413644 0.031407 -1.078324
v -0.512467 0.039649 -1.177147
v -1.174650 0.099545 -0.509969
v -0.512467 0.039649 -1.177147
v -1.177148 0.039649 -0.512467
v -1.075827 0.091303 -0.411146
v -1.177148 0.039649 -0.512467
v -1.078324 0.031407 -0.413644
v -0.509969 0.099545 -1.174650
v -1.075827 0.091303 -0.411146
v -0.411146 0.091303 -1.075827
v -0.413644 0.031407 -1.078324
v -1.177148 0.039649 -0.512467
v -0.512467 0.039649 -1.177147
v -1.626425 0.202642 -1.190016
v -0.951500 0.143771 -0.453180
v -0.920545 0.143771 -0.484135
v -0.453772 0.129577 -0.952092
v -1.166464 0.188448 -1.651160
v -1.159652 0.188448 -1.657973
v -1.161304 0.133937 -0.754198
v -1.185847 0.054075 -0.736315
v -1.164634 0.054075 -0.757528
v -1.182480 0.135703 -0.775375
v -1.164634 0.054075 -0.757528
v -1.185810 0.055841 -0.778705
v -1.203693 0.135703 -0.754161
v -1.185810 0.055841 -0.778705
v -1.207023 0.055841 -0.757492
v -1.182517 0.133937 -0.732985
v -1.207023 0.055841 -0.757492
v -1.185847 0.054075 -0.736315
v -1.182480 0.135703 -0.775375
v -1.182517 0.133937 -0.732985
v -1.161304 0.133937 -0.754198
v -0.754198 0.133937 -1.161304
v -0.736315 0.054075 -1.185847
v -0.732985 0.133937 -1.182517
v -0.775375 0.135703 -1.182480
v -0.757528 0.054075 -1.164634
v -0.754198 0.133937 -1.161304
v -0.754161 0.135703 -1.203693
v -0.778705 0.055841 -1.185810
v -0.775375 0.135703 -1.182480
v -0.732985 0.133937 -1.182517
v -0.757492 0.055841 -1.207023
v -0.754161 0.135703 -1.203693
v -0.775375 0.135703 -1.182480
v -0.732985 0.133937 -1.182517
v -0.754161 0.135703 -1.203693
v -0.587616 0.106021 -1.252297
v -1.254794 0.046125 -0.590114
v -0.590114 0.046125 -1.254794
v -0.686440 0.114263 -1.351120
v -0.590114 0.046125 -1.254794
v -0.688937 0.054367 -1.353617
v -1.351120 0.114263 -0.686439
v -0.688937 0.054367 -1.353617
v -1.353618 0.054367 -0.688937
v -1.252297 0.106021 -0.587616
v -1.353618 0.054367 -0.688937
v -1.254794 0.046125 -0.590114
v -0.686440 0.114263 -1.351120
v -1.252297 0.106021 -0.587616
v -0.587616 0.106021 -1.252297
v -0.590114 0.046125 -1.254794
v -1.353618 0.054367 -0.688937
v -0.688937 0.054367 -1.353617
v -1.652422 0.158205 -1.167725
v -0.945280 0.129577 -0.460584
v -1.651160 0.188448 -1.166464
v -1.633829 0.188448 -1.183795
v -0.921137 0.129577 -0.484727
v -0.927949 0.129577 -0.477915
v -1.337774 0.148654 -0.930668
v -1.362317 0.068793 -0.912785
v -1.341104 0.068793 -0.933998
v -1.358950 0.150420 -0.951845
v -1.341104 0.068793 -0.933998
v -1.362280 0.070559 -0.955175
v -1.380163 0.150420 -0.930631
v -1.362280 0.070559 -0.955175
v -1.383493 0.070559 -0.933962
v -1.358987 0.148654 -0.909455
v -1.383493 0.070559 -0.933962
v -1.362317 0.068793 -0.912785
v -1.358950 0.150420 -0.951845
v -1.358987 0.148654 -0.909455
v -1.337774 0.148654 -0.930668
v -0.930668 0.148654 -1.337774
v -0.912785 0.068793 -1.362317
v -0.909455 0.148654 -1.358987
v -0.951845 0.150420 -1.358950
v -0.933998 0.068793 -1.341104
v -0.930668 0.148654 -1.337774
v -0.930631 0.150420 -1.380163
v -0.955175 0.070559 -1.362280
v -0.951845 0.150420 -1.358950
v -0.909455 0.148654 -1.358987
v -0.933962 0.070559 -1.383493
v -0.930631 0.150420 -1.380163
v -0.951845 0.150420 -1.358950
v -0.909455 0.148654 -1.358987
v -0.930631 0.150420 -1.380163
v -0.764086 0.120738 -1.428767
v -1.431264 0.060842 -0.766584
v -0.766584 0.060842 -1.431264
v -0.862910 0.128980 -1.527590
v -0.766584 0.060842 -1.431264
v -0.865407 0.069084 -1.530088
v -1.527590 0.128980 -0.862910
v -0.865407 0.069084 -1.530088
v -1.530088 0.069084 -0.865407
v -1.428767 0.120738 -0.764086
v -1.530088 0.069084 -0.865407
v -1.431264 0.060842 -0.766584
v -0.862910 0.128980 -1.527590
v -1.428767 0.120738 -0.764086
v -0.764086 0.120738 -1.428767
v -0.766584 0.060842 -1.431264
v -1.530088 0.069084 -0.865407
v -0.865407 0.069084 -1.530088
v -0.449942 0.083875 -0.959733
v -1.198249 0.142746 -1.623187
v -1.155822 0.142746 -1.665614
v -1.623187 0.142746 -1.198249
v -0.916662 0.099334 -0.491724
v -0.917307 0.083875 -0.492368
v -1.652422 0.158205 -1.167725
v -0.959089 0.099334 -0.449297
v -0.946541 0.099334 -0.461845
v -0.461845 0.099334 -0.946541
v -1.166464 0.188448 -1.651160
v -0.460584 0.129577 -0.945280
v -1.657381 0.202642 -1.159060
v -0.952092 0.129577 -0.453772
v -0.951500 0.143771 -0.453180
v -1.635090 0.158205 -1.185056
v -0.916662 0.099334 -0.491724
v -1.622543 0.158205 -1.197604
v -1.657973 0.188448 -1.159652
v -0.945280 0.129577 -0.460584
v -0.952092 0.129577 -0.453772
v -0.921137 0.129577 -0.484727
v -1.626425 0.202642 -1.190016
v -0.920545 0.143771 -0.484135
v -1.514244 0.163372 -1.107138
v -1.538787 0.083511 -1.089255
v -1.517574 0.083511 -1.110469
v -1.535420 0.165138 -1.128315
v -1.517574 0.083511 -1.110469
v -1.538750 0.085277 -1.131645
v -1.556633 0.165138 -1.107101
v -1.538750 0.085277 -1.131645
v -1.559964 0.085277 -1.110432
v -1.535457 0.163372 -1.085925
v -1.559964 0.085277 -1.110432
v -1.538787 0.083511 -1.089255
v -1.535420 0.165138 -1.128315
v -1.535457 0.163372 -1.085925
v -1.514244 0.163372 -1.107138
v -1.107138 0.163372 -1.514244
v -1.089255 0.083511 -1.538787
v -1.085925 0.163372 -1.535457
v -1.128315 0.165138 -1.535420
v -1.110469 0.083511 -1.517574
v -1.107138 0.163372 -1.514244
v -1.107102 0.165138 -1.556633
v -1.131645 0.085277 -1.538750
v -1.128315 0.165138 -1.535420
v -1.085925 0.163372 -1.535457
v -1.110432 0.085277 -1.559963
v -1.107102 0.165138 -1.556633
v -1.128315 0.165138 -1.535420
v -1.085925 0.163372 -1.535457
v -1.107102 0.165138 -1.556633
v -0.940557 0.135456 -1.605237
v -1.607735 0.075560 -0.943054
v -0.943054 0.075560 -1.607734
v -1.039380 0.143698 -1.704060
v -0.943054 0.075560 -1.607734
v -1.041877 0.083802 -1.706558
v -1.704060 0.143698 -1.039380
v -1.041877 0.083802 -1.706558
v -1.706558 0.083802 -1.041877
v -1.605237 0.135456 -0.940556
v -1.706558 0.083802 -1.041877
v -1.607735 0.075560 -0.943054
v -1.039380 0.143698 -1.704060
v -1.605237 0.135456 -0.940556
v -0.940557 0.135456 -1.605237
v -0.943054 0.075560 -1.607734
v -1.706558 0.083802 -1.041877
v -1.041877 0.083802 -1.706558
v -1.665614 0.142746 -1.155822
v -2.370850 0.217076 -1.861058
v -2.371494 0.201617 -1.861703
v -1.190016 0.202642 -1.626425
v -1.864940 0.261513 -2.363261
v -1.895896 0.261513 -2.332305
v -2.363853 0.247318 -1.865532
v -1.657381 0.202642 -1.159060
v -2.363261 0.261513 -1.864940
v -2.358302 0.217076 -1.873605
v -1.651160 0.188448 -1.166464
v -2.357041 0.247318 -1.872344
v -1.861703 0.201617 -2.371494
v -1.155178 0.158205 -1.664969
v -1.155822 0.142746 -1.665614
v -1.183795 0.188448 -1.633829
v -1.896488 0.247318 -2.332897
v -1.889676 0.247318 -2.339710
v -1.198249 0.142746 -1.623187
v -1.861703 0.201617 -2.371494
v -1.155822 0.142746 -1.665614
v -1.889676 0.247318 -2.339710
v -1.185057 0.158205 -1.635090
v -1.183795 0.188448 -1.633829
v -1.159652 0.188448 -1.657973
v -1.864940 0.261513 -2.363261
v -1.159060 0.202642 -1.657381
v -1.197604 0.158205 -1.622543
v -1.904129 0.201617 -2.329068
v -1.198249 0.142746 -1.623187
v -1.690714 0.178090 -1.283608
v -1.715257 0.098228 -1.265725
v -1.694044 0.098228 -1.286938
v -1.711890 0.179856 -1.304785
v -1.694044 0.098228 -1.286938
v -1.715221 0.099995 -1.308115
v -1.733104 0.179856 -1.283572
v -1.715221 0.099995 -1.308115
v -1.736434 0.099995 -1.286902
v -1.711927 0.178090 -1.262395
v -1.736434 0.099995 -1.286902
v -1.715257 0.098228 -1.265725
v -1.711890 0.179856 -1.304785
v -1.711927 0.178090 -1.262395
v -1.690714 0.178090 -1.283608
v -1.283608 0.178090 -1.690714
v -1.265725 0.098228 -1.715257
v -1.262395 0.178090 -1.711927
v -1.304785 0.179856 -1.711890
v -1.286939 0.098228 -1.694044
v -1.283608 0.178090 -1.690714
v -1.283572 0.179856 -1.733103
v -1.308115 0.099995 -1.715220
v -1.304785 0.179856 -1.711890
v -1.262395 0.178090 -1.711927
v -1.286902 0.099995 -1.736434
v -1.283572 0.179856 -1.733103
v -1.304785 0.179856 -1.711890
v -1.262395 0.178090 -1.711927
v -1.283572 0.179856 -1.733103
v -1.117027 0.150174 -1.781707
v -1.784205 0.090278 -1.119524
v -1.119524 0.090278 -1.784205
v -1.215850 0.158416 -1.880530
v -1.119524 0.090278 -1.784205
v -1.218348 0.098520 -1.883028
v -1.880530 0.158416 -1.215850
v -1.218348 0.098520 -1.883028
v -1.883028 0.098520 -1.218347
v -1.781707 0.150174 -1.117027
v -1.883028 0.098520 -1.218347
v -1.784205 0.090278 -1.119524
v -1.215850 0.158416 -1.880530
v -1.781707 0.150174 -1.117027
v -1.117027 0.150174 -1.781707
v -1.119524 0.090278 -1.784205
v -1.883028 0.098520 -1.218347
v -1.218348 0.098520 -1.883028
v -1.166464 0.188448 -1.651160
v -1.865532 0.247318 -2.363853
v -1.159652 0.188448 -1.657973
v -1.896488 0.247318 -2.332897
v -1.190016 0.202642 -1.626425
v -1.895896 0.261513 -2.332305
v -1.867184 0.192807 -1.460078
v -1.891727 0.112946 -1.442195
v -1.870514 0.112946 -1.463409
v -1.888361 0.194573 -1.481255
v -1.870514 0.112946 -1.463409
v -1.891691 0.114712 -1.484585
v -1.909574 0.194573 -1.460042
v -1.891691 0.114712 -1.484585
v -1.912904 0.114712 -1.463372
v -1.888397 0.192807 -1.438865
v -1.912904 0.114712 -1.463372
v -1.891727 0.112946 -1.442195
v -1.888361 0.194573 -1.481255
v -1.888397 0.192807 -1.438865
v -1.867184 0.192807 -1.460078
v -1.460078 0.192807 -1.867184
v -1.442196 0.112946 -1.891727
v -1.438865 0.192807 -1.888397
v -1.481255 0.194573 -1.888360
v -1.463409 0.112946 -1.870514
v -1.460078 0.192807 -1.867184
v -1.460042 0.194573 -1.909573
v -1.484585 0.114712 -1.891690
v -1.481255 0.194573 -1.888360
v -1.438865 0.192807 -1.888397
v -1.463372 0.114712 -1.912904
v -1.460042 0.194573 -1.909573
v -1.481255 0.194573 -1.888360
v -1.438865 0.192807 -1.888397
v -1.460042 0.194573 -1.909573
v -1.293497 0.164891 -1.958177
v -1.960675 0.104995 -1.295994
v -1.295994 0.104995 -1.960675
v -1.392320 0.173133 -2.057000
v -1.295994 0.104995 -1.960675
v -1.394818 0.113237 -2.059498
v -2.057000 0.173133 -1.392320
v -1.394818 0.113237 -2.059498
v -2.059498 0.113237 -1.394817
v -1.958177 0.164891 -1.293497
v -2.059498 0.113237 -1.394817
v -1.960675 0.104995 -1.295994
v -1.392320 0.173133 -2.057000
v -1.958177 0.164891 -1.293497
v -1.293497 0.164891 -1.958177
v -1.295994 0.104995 -1.960675
v -2.059498 0.113237 -1.394817
v -1.394818 0.113237 -2.059498
v -2.363853 0.247318 -1.865532
v -1.651160 0.188448 -1.166464
v -1.657973 0.188448 -1.159652
v -1.166464 0.188448 -1.651160
v -1.873606 0.217076 -2.358302
v -1.872345 0.247318 -2.357041
v -2.332305 0.261513 -1.895896
v -1.627017 0.188448 -1.190608
v -2.332897 0.247318 -1.896488
v -2.339710 0.247318 -1.889676
v -1.635090 0.158205 -1.185056
v -2.340971 0.217076 -1.890937
v -2.043654 0.207525 -1.636548
v -2.068197 0.127664 -1.618665
v -2.046984 0.127664 -1.639879
v -2.064831 0.209291 -1.657725
v -2.046984 0.127664 -1.639879
v -2.068161 0.129430 -1.661055
v -2.086044 0.209291 -1.636512
v -2.068161 0.129430 -1.661055
v -2.089374 0.129430 -1.639842
v -2.064867 0.207525 -1.615335
v -2.089374 0.129430 -1.639842
v -2.068197 0.127664 -1.618665
v -2.064831 0.209291 -1.657725
v -2.064867 0.207525 -1.615335
v -2.043654 0.207525 -1.636548
v -1.636549 0.207525 -2.043654
v -1.618666 0.127664 -2.068197
v -1.615335 0.207525 -2.064867
v -1.657725 0.209291 -2.064830
v -1.639879 0.127664 -2.046984
v -1.636549 0.207525 -2.043654
v -1.636512 0.209291 -2.086044
v -1.661055 0.129430 -2.068161
v -1.657725 0.209291 -2.064830
v -1.615335 0.207525 -2.064867
v -1.639842 0.129430 -2.089374
v -1.636512 0.209291 -2.086044
v -1.657725 0.209291 -2.064830
v -1.615335 0.207525 -2.064867
v -1.636512 0.209291 -2.086044
v -1.469967 0.179609 -2.134647
v -2.137145 0.119713 -1.472464
v -1.472465 0.119713 -2.137145
v -1.568790 0.187851 -2.233470
v -1.472465 0.119713 -2.137145
v -1.571288 0.127955 -2.235968
v -2.233470 0.187851 -1.568790
v -1.571288 0.127955 -2.235968
v -2.235968 0.127955 -1.571288
v -2.134647 0.179609 -1.469967
v -2.235968 0.127955 -1.571288
v -2.137145 0.119713 -1.472464
v -1.568790 0.187851 -2.233470
v -2.134647 0.179609 -1.469967
v -1.469967 0.179609 -2.134647
v -1.472465 0.119713 -2.137145
v -2.235968 0.127955 -1.571288
v -1.571288 0.127955 -2.235968
v -2.328423 0.217076 -1.903484
v -1.635090 0.158205 -1.185056
v -1.622543 0.158205 -1.197604
v -1.185057 0.158205 -1.635090
v -1.903485 0.217076 -2.328423
v -1.197604 0.158205 -1.622543
v -2.329068 0.201617 -1.904129
v -1.622543 0.158205 -1.197604
v -1.623187 0.142746 -1.198249
v -2.329068 0.201617 -1.904129
v -1.665614 0.142746 -1.155822
v -2.371494 0.201617 -1.861703
v -1.167725 0.158205 -1.652421
v -1.861058 0.217076 -2.370849
v -1.873606 0.217076 -2.358302
v -2.332305 0.261513 -1.895896
v -1.657381 0.202642 -1.159060
v -1.626425 0.202642 -1.190016
v -2.370850 0.217076 -1.861058
v -1.652422 0.158205 -1.167725
v -2.358302 0.217076 -1.873605
v -2.332897 0.247318 -1.896488
v -1.633829 0.188448 -1.183795
v -2.339710 0.247318 -1.889676
v -2.220124 0.222243 -1.813018
v -2.244668 0.142381 -1.795135
v -2.223454 0.142381 -1.816349
v -2.241301 0.224009 -1.834195
v -2.223454 0.142381 -1.816349
v -2.244631 0.144148 -1.837525
v -2.262514 0.224009 -1.812982
v -2.244631 0.144148 -1.837525
v -2.265844 0.144148 -1.816312
v -2.241337 0.222243 -1.791805
v -2.265844 0.144148 -1.816312
v -2.244668 0.142381 -1.795135
v -2.241301 0.224009 -1.834195
v -2.241337 0.222243 -1.791805
v -2.220124 0.222243 -1.813018
v -1.813019 0.222243 -2.220124
v -1.795136 0.142381 -2.244667
v -1.791806 0.222243 -2.241337
v -1.834195 0.224009 -2.241301
v -1.816349 0.142381 -2.223454
v -1.813019 0.222243 -2.220124
v -1.812982 0.224009 -2.262514
v -1.837525 0.144148 -2.244631
v -1.834195 0.224009 -2.241301
v -1.791806 0.222243 -2.241337
v -1.816312 0.144148 -2.265844
v -1.812982 0.224009 -2.262514
v -1.834195 0.224009 -2.241301
v -1.791806 0.222243 -2.241337
v -1.812982 0.224009 -2.262514
v -1.646437 0.194327 -2.311117
v -2.313615 0.134431 -1.648934
v -1.648935 0.134431 -2.313615
v -1.745260 0.202569 -2.409940
v -1.648935 0.134431 -2.313615
v -1.747758 0.142673 -2.412438
v -2.409941 0.202569 -1.745260
v -1.747758 0.142673 -2.412438
v -2.412438 0.142673 -1.747758
v -2.311117 0.194327 -1.646437
v -2.412438 0.142673 -1.747758
v -2.313615 0.134431 -1.648934
v -1.745260 0.202569 -2.409940
v -2.311117 0.194327 -1.646437
v -1.646437 0.194327 -2.311117
v -1.648935 0.134431 -2.313615
v -2.412438 0.142673 -1.747758
v -1.747758 0.142673 -2.412438
v -3.034948 0.260488 -2.610009
v -2.328423 0.217076 -1.903484
v -2.329068 0.201617 -1.904129
v -1.872345 0.247318 -2.357041
v -2.571413 0.306189 -3.069733
v -1.865532 0.247318 -2.363853
v -1.873606 0.217076 -2.358302
v -2.578225 0.306189 -3.062921
v -1.872345 0.247318 -2.357041
v -3.069142 0.320383 -2.570821
v -2.363853 0.247318 -1.865532
v -2.363261 0.261513 -1.864940
v -3.062921 0.306189 -2.578225
v -2.358302 0.217076 -1.873605
v -2.357041 0.247318 -1.872344
v -1.865532 0.247318 -2.363853
v -2.570821 0.320383 -3.069141
v -1.864940 0.261513 -2.363261
v -2.396594 0.236960 -1.989488
v -2.421138 0.157099 -1.971606
v -2.399924 0.157099 -1.992819
v -2.417771 0.238727 -2.010665
v -2.399924 0.157099 -1.992819
v -2.421101 0.158865 -2.013995
v -2.438984 0.238727 -1.989452
v -2.421101 0.158865 -2.013995
v -2.442314 0.158865 -1.992782
v -2.417807 0.236960 -1.968275
v -2.442314 0.158865 -1.992782
v -2.421138 0.157099 -1.971606
v -2.417771 0.238727 -2.010665
v -2.417807 0.236960 -1.968275
v -2.396594 0.236960 -1.989488
v -1.989489 0.236960 -2.396594
v -1.971606 0.157099 -2.421137
v -1.968276 0.236960 -2.417807
v -2.010665 0.238727 -2.417770
v -1.992819 0.157099 -2.399924
v -1.989489 0.236960 -2.396594
v -1.989452 0.238727 -2.438984
v -2.013996 0.158865 -2.421101
v -2.010665 0.238727 -2.417770
v -1.968276 0.236960 -2.417807
v -1.992782 0.158865 -2.442314
v -1.989452 0.238727 -2.438984
v -2.010665 0.238727 -2.417770
v -1.968276 0.236960 -2.417807
v -1.989452 0.238727 -2.438984
v -1.822907 0.209044 -2.487587
v -2.490085 0.149148 -1.825405
v -1.825405 0.149148 -2.490085
v -1.921730 0.217286 -2.586411
v -1.825405 0.149148 -2.490085
v -1.924228 0.157390 -2.588908
v -2.586411 0.217286 -1.921730
v -1.924228 0.157390 -2.588908
v -2.588908 0.157390 -1.924228
v -2.487587 0.209044 -1.822907
v -2.588908 0.157390 -1.924228
v -2.490085 0.149148 -1.825405
v -1.921730 0.217286 -2.586411
v -2.487587 0.209044 -1.822907
v -1.822907 0.209044 -2.487587
v -1.825405 0.149148 -2.490085
v -2.588908 0.157390 -1.924228
v -1.924228 0.157390 -2.588908
v -3.045590 0.306189 -2.595556
v -2.332897 0.247318 -1.896488
v -2.339710 0.247318 -1.889676
v -2.601777 0.320383 -3.038186
v -1.864940 0.261513 -2.363261
v -2.570821 0.320383 -3.069141
v -2.573064 0.251678 -2.165959
v -2.597608 0.171817 -2.148076
v -2.576395 0.171817 -2.169289
v -2.594241 0.253444 -2.187135
v -2.576395 0.171817 -2.169289
v -2.597571 0.173583 -2.190465
v -2.615454 0.253444 -2.165922
v -2.597571 0.173583 -2.190465
v -2.618784 0.173583 -2.169252
v -2.594277 0.251678 -2.144746
v -2.618784 0.173583 -2.169252
v -2.597608 0.171817 -2.148076
v -2.594241 0.253444 -2.187135
v -2.594277 0.251678 -2.144746
v -2.573064 0.251678 -2.165959
v -2.165959 0.251678 -2.573064
v -2.148076 0.171817 -2.597608
v -2.144746 0.251678 -2.594277
v -2.187135 0.253444 -2.594241
v -2.169289 0.171817 -2.576395
v -2.165959 0.251678 -2.573064
v -2.165922 0.253444 -2.615454
v -2.190466 0.173583 -2.597571
v -2.187135 0.253444 -2.594241
v -2.144746 0.251678 -2.594277
v -2.169252 0.173583 -2.618784
v -2.165922 0.253444 -2.615454
v -2.187135 0.253444 -2.594241
v -2.144746 0.251678 -2.594277
v -2.165922 0.253444 -2.615454
v -1.999377 0.223762 -2.664057
v -2.666555 0.163866 -2.001875
v -2.001875 0.163866 -2.666555
v -2.098200 0.232004 -2.762881
v -2.001875 0.163866 -2.666555
v -2.100698 0.172108 -2.765378
v -2.762881 0.232004 -2.098200
v -2.100698 0.172108 -2.765378
v -2.765378 0.172108 -2.100698
v -2.664058 0.223762 -1.999377
v -2.765378 0.172108 -2.100698
v -2.666555 0.163866 -2.001875
v -2.098200 0.232004 -2.762881
v -2.664058 0.223762 -1.999377
v -1.999377 0.223762 -2.664057
v -2.001875 0.163866 -2.666555
v -2.765378 0.172108 -2.100698
v -2.100698 0.172108 -2.765378
v -2.340971 0.217076 -1.890937
v -3.045590 0.306189 -2.595556
v -2.339710 0.247318 -1.889676
v -1.873606 0.217076 -2.358302
v -2.566939 0.275947 -3.076730
v -2.579486 0.275947 -3.064182
v -1.903485 0.217076 -2.328423
v -2.596817 0.275947 -3.046851
v -2.609365 0.275947 -3.034303
v -1.889676 0.247318 -2.339710
v -2.602369 0.306189 -3.038778
v -2.595556 0.306189 -3.045590
v -3.069734 0.306189 -2.571413
v -2.357041 0.247318 -1.872344
v -2.363853 0.247318 -1.865532
v -3.077375 0.260488 -2.567583
v -2.329068 0.201617 -1.904129
v -2.371494 0.201617 -1.861703
v -1.861703 0.201617 -2.371494
v -2.610010 0.260488 -3.034948
v -2.567583 0.260488 -3.077374
v -2.566939 0.275947 -3.076730
v -1.861703 0.201617 -2.371494
v -2.567583 0.260488 -3.077374
v -2.749535 0.266396 -2.342429
v -2.774078 0.186535 -2.324546
v -2.752865 0.186535 -2.345759
v -2.770711 0.268162 -2.363605
v -2.752865 0.186535 -2.345759
v -2.774041 0.188301 -2.366936
v -2.791924 0.268162 -2.342392
v -2.774041 0.188301 -2.366936
v -2.795254 0.188301 -2.345722
v -2.770748 0.266396 -2.321216
v -2.795254 0.188301 -2.345722
v -2.774078 0.186535 -2.324546
v -2.770711 0.268162 -2.363605
v -2.770748 0.266396 -2.321216
v -2.749535 0.266396 -2.342429
v -2.342429 0.266396 -2.749534
v -2.324546 0.186535 -2.774078
v -2.321216 0.266396 -2.770747
v -2.363606 0.268162 -2.770711
v -2.345759 0.186535 -2.752864
v -2.342429 0.266396 -2.749534
v -2.342392 0.268162 -2.791924
v -2.366936 0.188301 -2.774041
v -2.363606 0.268162 -2.770711
v -2.321216 0.266396 -2.770747
v -2.345723 0.188301 -2.795254
v -2.342392 0.268162 -2.791924
v -2.363606 0.268162 -2.770711
v -2.321216 0.266396 -2.770747
v -2.342392 0.268162 -2.791924
v -2.175847 0.238480 -2.840528
v -2.843025 0.178584 -2.178345
v -2.178345 0.178584 -2.843025
v -2.274670 0.246722 -2.939351
v -2.178345 0.178584 -2.843025
v -2.277168 0.186826 -2.941848
v -2.939351 0.246722 -2.274670
v -2.277168 0.186826 -2.941848
v -2.941849 0.186826 -2.277168
v -2.840528 0.238480 -2.175847
v -2.941849 0.186826 -2.277168
v -2.843025 0.178584 -2.178345
v -2.274670 0.246722 -2.939351
v -2.840528 0.238480 -2.175847
v -2.175847 0.238480 -2.840528
v -2.178345 0.178584 -2.843025
v -2.941849 0.186826 -2.277168
v -2.277168 0.186826 -2.941848
v -3.064182 0.275947 -2.579486
v -2.370850 0.217076 -1.861058
v -2.358302 0.217076 -1.873605
v -3.034304 0.275947 -2.609365
v -2.340971 0.217076 -1.890937
v -2.328423 0.217076 -1.903484
v -3.069142 0.320383 -2.570821
v -2.332305 0.261513 -1.895896
v -3.038186 0.320383 -2.601776
v -3.038186 0.320383 -2.601776
v -2.332897 0.247318 -1.896488
v -3.038778 0.306189 -2.602368
v -2.596817 0.275947 -3.046851
v -1.889676 0.247318 -2.339710
v -2.595556 0.306189 -3.045590
v -2.370850 0.217076 -1.861058
v -3.077375 0.260488 -2.567583
v -2.371494 0.201617 -1.861703
v -2.610010 0.260488 -3.034948
v -1.903485 0.217076 -2.328423
v -2.609365 0.275947 -3.034303
v -2.602369 0.306189 -3.038778
v -1.895896 0.261513 -2.332305
v -2.601777 0.320383 -3.038186
v -2.926004 0.281114 -2.518899
v -2.950548 0.201252 -2.501016
v -2.929335 0.201252 -2.522229
v -2.947181 0.282880 -2.540076
v -2.929335 0.201252 -2.522229
v -2.950511 0.203018 -2.543406
v -2.968394 0.282880 -2.518862
v -2.950511 0.203018 -2.543406
v -2.971725 0.203018 -2.522192
v -2.947218 0.281114 -2.497686
v -2.971725 0.203018 -2.522192
v -2.950548 0.201252 -2.501016
v -2.947181 0.282880 -2.540076
v -2.947218 0.281114 -2.497686
v -2.926004 0.281114 -2.518899
v -2.518899 0.281114 -2.926004
v -2.501016 0.201252 -2.950548
v -2.497686 0.281114 -2.947217
v -2.540076 0.282880 -2.947181
v -2.522229 0.201252 -2.929335
v -2.518899 0.281114 -2.926004
v -2.518862 0.282880 -2.968394
v -2.543406 0.203018 -2.950511
v -2.540076 0.282880 -2.947181
v -2.497686 0.281114 -2.947217
v -2.522193 0.203018 -2.971724
v -2.518862 0.282880 -2.968394
v -2.540076 0.282880 -2.947181
v -2.497686 0.281114 -2.947217
v -2.518862 0.282880 -2.968394
v -2.352317 0.253197 -3.016998
v -3.019495 0.193302 -2.354815
v -2.354815 0.193302 -3.019495
v -2.451141 0.261439 -3.115821
v -2.354815 0.193302 -3.019495
v -2.453638 0.201543 -3.118319
v -3.115821 0.261439 -2.451140
v -2.453638 0.201543 -3.118319
v -3.118319 0.201543 -2.453638
v -3.016998 0.253197 -2.352317
v -3.118319 0.201543 -2.453638
v -3.019495 0.193302 -2.354815
v -2.451141 0.261439 -3.115821
v -3.016998 0.253197 -2.352317
v -2.352317 0.253197 -3.016998
v -2.354815 0.193302 -3.019495
v -3.118319 0.201543 -2.453638
v -2.453638 0.201543 -3.118319
v -3.751471 0.365060 -3.301436
v -3.038778 0.306189 -2.602368
v -3.045590 0.306189 -2.595556
v -3.273464 0.319358 -3.783255
v -2.566939 0.275947 -3.076730
v -2.567583 0.260488 -3.077374
v -2.570821 0.320383 -3.069141
v -3.277293 0.365060 -3.775614
v -3.276701 0.379254 -3.775022
v -3.768802 0.365060 -3.284105
v -3.064182 0.275947 -2.579486
v -3.062921 0.306189 -2.578225
v -3.740829 0.319358 -3.315890
v -3.077375 0.260488 -2.567583
v -3.783255 0.319358 -3.273463
v -3.038778 0.306189 -2.602368
v -3.744066 0.379254 -3.307657
v -3.038186 0.320383 -2.601776
v -3.046851 0.275947 -2.596817
v -3.751471 0.365060 -3.301436
v -3.045590 0.306189 -2.595556
v -2.567583 0.260488 -3.077374
v -3.315890 0.319358 -3.740829
v -3.273464 0.319358 -3.783255
v -3.740829 0.319358 -3.315890
v -3.034304 0.275947 -2.609365
v -3.034948 0.260488 -2.610009
v -3.102475 0.295831 -2.695369
v -3.127018 0.215970 -2.677486
v -3.105805 0.215970 -2.698699
v -3.123651 0.297597 -2.716545
v -3.105805 0.215970 -2.698699
v -3.126981 0.217736 -2.719876
v -3.144864 0.297597 -2.695332
v -3.126981 0.217736 -2.719876
v -3.148194 0.217736 -2.698662
v -3.123688 0.295831 -2.674156
v -3.148194 0.217736 -2.698662
v -3.127018 0.215970 -2.677486
v -3.123651 0.297597 -2.716545
v -3.123688 0.295831 -2.674156
v -3.102475 0.295831 -2.695369
v -2.695369 0.295831 -3.102475
v -2.677486 0.215970 -3.127018
v -2.674156 0.295831 -3.123688
v -2.716546 0.297597 -3.123651
v -2.698700 0.215970 -3.105805
v -2.695369 0.295831 -3.102475
v -2.695332 0.297597 -3.144864
v -2.719876 0.217736 -3.126981
v -2.716546 0.297597 -3.123651
v -2.674156 0.295831 -3.123688
v -2.698663 0.217736 -3.148194
v -2.695332 0.297597 -3.144864
v -2.716546 0.297597 -3.123651
v -2.674156 0.295831 -3.123688
v -2.695332 0.297597 -3.144864
v -2.528787 0.267915 -3.193468
v -3.195966 0.208019 -2.531285
v -2.531285 0.208019 -3.195965
v -2.627611 0.276157 -3.292291
v -2.531285 0.208019 -3.195965
v -2.630109 0.216261 -3.294789
v -3.292291 0.276157 -2.627610
v -2.630109 0.216261 -3.294789
v -3.294789 0.216261 -2.630108
v -3.193468 0.267915 -2.528787
v -3.294789 0.216261 -2.630108
v -3.195966 0.208019 -2.531285
v -2.627611 0.276157 -3.292291
v -3.193468 0.267915 -2.528787
v -2.528787 0.267915 -3.193468
v -2.531285 0.208019 -3.195965
v -3.294789 0.216261 -2.630108
v -2.630109 0.216261 -3.294789
v -3.307657 0.379254 -3.744066
v -2.570821 0.320383 -3.069141
v -3.276701 0.379254 -3.775022
v -2.571413 0.306189 -3.069733
v -3.284106 0.365060 -3.768801
v -3.277293 0.365060 -3.775614
v -2.602369 0.306189 -3.038778
v -3.301437 0.365060 -3.751470
v -2.595556 0.306189 -3.045590
v -3.744066 0.379254 -3.307657
v -3.069142 0.320383 -2.570821
v -3.038186 0.320383 -2.601776
v -3.278945 0.310549 -2.871839
v -3.303488 0.230688 -2.853956
v -3.282275 0.230688 -2.875170
v -3.300121 0.312315 -2.893016
v -3.282275 0.230688 -2.875170
v -3.303452 0.232454 -2.896346
v -3.321334 0.312315 -2.871802
v -3.303452 0.232454 -2.896346
v -3.324665 0.232454 -2.875133
v -3.300158 0.310549 -2.850626
v -3.324665 0.232454 -2.875133
v -3.303488 0.230688 -2.853956
v -3.300121 0.312315 -2.893016
v -3.300158 0.310549 -2.850626
v -3.278945 0.310549 -2.871839
v -2.871840 0.310549 -3.278944
v -2.853956 0.230688 -3.303488
v -2.850626 0.310549 -3.300158
v -2.893016 0.312315 -3.300121
v -2.875170 0.230688 -3.282275
v -2.871840 0.310549 -3.278944
v -2.871803 0.312315 -3.321334
v -2.896346 0.232454 -3.303451
v -2.893016 0.312315 -3.300121
v -2.850626 0.310549 -3.300158
v -2.875133 0.232454 -3.324664
v -2.871803 0.312315 -3.321334
v -2.893016 0.312315 -3.300121
v -2.850626 0.310549 -3.300158
v -2.871803 0.312315 -3.321334
v -2.705257 0.282633 -3.369938
v -3.372436 0.222737 -2.707755
v -2.707755 0.222737 -3.372435
v -2.804081 0.290875 -3.468761
v -2.707755 0.222737 -3.372435
v -2.806579 0.230979 -3.471259
v -3.468761 0.290875 -2.804081
v -2.806579 0.230979 -3.471259
v -3.471259 0.230979 -2.806578
v -3.369938 0.282633 -2.705257
v -3.471259 0.230979 -2.806578
v -3.372436 0.222737 -2.707755
v -2.804081 0.290875 -3.468761
v -3.369938 0.282633 -2.705257
v -2.705257 0.282633 -3.369938
v -2.707755 0.222737 -3.372435
v -3.471259 0.230979 -2.806578
v -2.806579 0.230979 -3.471259
v -3.301437 0.365060 -3.751470
v -2.596817 0.275947 -3.046851
v -2.595556 0.306189 -3.045590
v -3.775614 0.365060 -3.277293
v -3.069142 0.320383 -2.570821
v -3.775022 0.379254 -3.276701
v -2.578225 0.306189 -3.062921
v -3.285367 0.334817 -3.770062
v -3.284106 0.365060 -3.768801
v -3.455415 0.325267 -3.048309
v -3.479958 0.245405 -3.030426
v -3.458745 0.245405 -3.051640
v -3.476591 0.327033 -3.069486
v -3.458745 0.245405 -3.051640
v -3.479921 0.247171 -3.072816
v -3.497804 0.327033 -3.048272
v -3.479921 0.247171 -3.072816
v -3.501135 0.247171 -3.051603
v -3.476628 0.325267 -3.027096
v -3.501135 0.247171 -3.051603
v -3.479958 0.245405 -3.030426
v -3.476591 0.327033 -3.069486
v -3.476628 0.325267 -3.027096
v -3.455415 0.325267 -3.048309
v -3.048310 0.325267 -3.455415
v -3.030427 0.245405 -3.479958
v -3.027096 0.325267 -3.476628
v -3.069486 0.327033 -3.476591
v -3.051640 0.245405 -3.458745
v -3.048310 0.325267 -3.455415
v -3.048273 0.327033 -3.497804
v -3.072816 0.247171 -3.479921
v -3.069486 0.327033 -3.476591
v -3.027096 0.325267 -3.476628
v -3.051603 0.247171 -3.501134
v -3.048273 0.327033 -3.497804
v -3.069486 0.327033 -3.476591
v -3.027096 0.325267 -3.476628
v -3.048273 0.327033 -3.497804
v -2.881727 0.297351 -3.546408
v -3.548906 0.237455 -2.884225
v -2.884225 0.237455 -3.548905
v -2.980551 0.305592 -3.645231
v -2.884225 0.237455 -3.548905
v -2.983049 0.245697 -3.647729
v -3.645231 0.305592 -2.980551
v -2.983049 0.245697 -3.647729
v -3.647729 0.245697 -2.983048
v -3.546408 0.297351 -2.881727
v -3.647729 0.245697 -2.983048
v -3.548906 0.237455 -2.884225
v -2.980551 0.305592 -3.645231
v -3.546408 0.297351 -2.881727
v -2.881727 0.297351 -3.546408
v -2.884225 0.237455 -3.548905
v -3.647729 0.245697 -2.983048
v -2.983049 0.245697 -3.647729
v -3.768802 0.365060 -3.284105
v -3.069734 0.306189 -2.571413
v -3.775614 0.365060 -3.277293
v -3.782610 0.334817 -3.272819
v -3.064182 0.275947 -2.579486
v -3.770063 0.334817 -3.285366
v -3.308249 0.365060 -3.744658
v -2.601777 0.320383 -3.038186
v -3.307657 0.379254 -3.744066
v -2.609365 0.275947 -3.034303
v -3.315890 0.319358 -3.740829
v -2.610010 0.260488 -3.034948
v -3.740184 0.334817 -3.315245
v -3.046851 0.275947 -2.596817
v -3.034304 0.275947 -2.609365
v -3.077375 0.260488 -2.567583
v -3.782610 0.334817 -3.272819
v -3.783255 0.319358 -3.273463
v -2.609365 0.275947 -3.034303
v -3.302698 0.334817 -3.752731
v -3.315245 0.334817 -3.740184
v -2.579486 0.275947 -3.064182
v -3.272819 0.334817 -3.782610
v -3.285367 0.334817 -3.770062
v -3.631885 0.339984 -3.224779
v -3.656429 0.260123 -3.206896
v -3.635215 0.260123 -3.228110
v -3.653061 0.341750 -3.245956
v -3.635215 0.260123 -3.228110
v -3.656392 0.261889 -3.249286
v -3.674274 0.341750 -3.224742
v -3.656392 0.261889 -3.249286
v -3.677605 0.261889 -3.228073
v -3.653098 0.339984 -3.203566
v -3.677605 0.261889 -3.228073
v -3.656429 0.260123 -3.206896
v -3.653061 0.341750 -3.245956
v -3.653098 0.339984 -3.203566
v -3.631885 0.339984 -3.224779
v -3.224780 0.339984 -3.631885
v -3.206897 0.260123 -3.656428
v -3.203567 0.339984 -3.653098
v -3.245956 0.341750 -3.653061
v -3.228110 0.260123 -3.635215
v -3.224780 0.339984 -3.631885
v -3.224743 0.341750 -3.674274
v -3.249286 0.261889 -3.656391
v -3.245956 0.341750 -3.653061
v -3.203567 0.339984 -3.653098
v -3.228073 0.261889 -3.677604
v -3.224743 0.341750 -3.674274
v -3.245956 0.341750 -3.653061
v -3.203567 0.339984 -3.653098
v -3.224743 0.341750 -3.674274
v -3.058197 0.312068 -3.722878
v -3.725376 0.252172 -3.060695
v -3.060695 0.252172 -3.725375
v -3.157021 0.320310 -3.821701
v -3.060695 0.252172 -3.725375
v -3.159519 0.260414 -3.824199
v -3.821702 0.320310 -3.157021
v -3.159519 0.260414 -3.824199
v -3.824199 0.260414 -3.159518
v -3.722878 0.312068 -3.058197
v -3.824199 0.260414 -3.159518
v -3.725376 0.252172 -3.060695
v -3.157021 0.320310 -3.821701
v -3.722878 0.312068 -3.058197
v -3.058197 0.312068 -3.722878
v -3.060695 0.252172 -3.725375
v -3.824199 0.260414 -3.159518
v -3.159519 0.260414 -3.824199
v -3.307657 0.379254 -3.744066
v -3.982582 0.438125 -4.480902
v -4.013537 0.438125 -4.449946
v -3.315890 0.319358 -3.740829
v -3.979344 0.378229 -4.489135
v -3.273464 0.319358 -3.783255
v -4.446709 0.378229 -4.021770
v -3.740184 0.334817 -3.315245
v -3.740829 0.319358 -3.315890
v -3.285367 0.334817 -3.770062
v -3.989986 0.423931 -4.474681
v -3.284106 0.365060 -3.768801
v -4.481494 0.423931 -3.983173
v -3.768802 0.365060 -3.284105
v -3.775614 0.365060 -3.277293
v -3.979344 0.378229 -4.489135
v -3.272819 0.334817 -3.782610
v -3.273464 0.319358 -3.783255
v -3.808355 0.354702 -3.401250
v -3.832899 0.274841 -3.383367
v -3.811686 0.274841 -3.404580
v -3.829531 0.356468 -3.422426
v -3.811686 0.274841 -3.404580
v -3.832861 0.276607 -3.425756
v -3.850744 0.356468 -3.401212
v -3.832861 0.276607 -3.425756
v -3.854075 0.276607 -3.404543
v -3.829568 0.354702 -3.380036
v -3.854075 0.276607 -3.404543
v -3.832899 0.274841 -3.383367
v -3.829531 0.356468 -3.422426
v -3.829568 0.354702 -3.380036
v -3.808355 0.354702 -3.401250
v -3.401250 0.354702 -3.808355
v -3.383367 0.274841 -3.832898
v -3.380037 0.354702 -3.829568
v -3.422426 0.356468 -3.829531
v -3.404580 0.274841 -3.811685
v -3.401250 0.354702 -3.808355
v -3.401213 0.356468 -3.850744
v -3.425756 0.276607 -3.832861
v -3.422426 0.356468 -3.829531
v -3.380037 0.354702 -3.829568
v -3.404543 0.276607 -3.854074
v -3.401213 0.356468 -3.850744
v -3.422426 0.356468 -3.829531
v -3.380037 0.354702 -3.829568
v -3.401213 0.356468 -3.850744
v -3.234668 0.326786 -3.899348
v -3.901846 0.266890 -3.237165
v -3.237165 0.266890 -3.901845
v -3.333491 0.335028 -3.998171
v -3.237165 0.266890 -3.901845
v -3.335989 0.275132 -4.000669
v -3.998172 0.335028 -3.333491
v -3.335989 0.275132 -4.000669
v -4.000669 0.275132 -3.335989
v -3.899348 0.326786 -3.234667
v -4.000669 0.275132 -3.335989
v -3.901846 0.266890 -3.237165
v -3.333491 0.335028 -3.998171
v -3.899348 0.326786 -3.234667
v -3.234668 0.326786 -3.899348
v -3.237165 0.266890 -3.901845
v -4.000669 0.275132 -3.335989
v -3.335989 0.275132 -4.000669
v -3.752732 0.334817 -3.302697
v -4.457351 0.423931 -4.007317
v -3.751471 0.365060 -3.301436
v -3.744658 0.365060 -3.308249
v -4.449947 0.438125 -4.013537
v -3.744066 0.379254 -3.307657
v -3.315245 0.334817 -3.740184
v -4.008578 0.393688 -4.458611
v -4.021126 0.393688 -4.446064
v -4.480903 0.438125 -3.982581
v -3.775614 0.365060 -3.277293
v -3.775022 0.379254 -3.276701
v -3.984825 0.369420 -3.577720
v -4.009369 0.289558 -3.559837
v -3.988155 0.289558 -3.581050
v -4.006001 0.371186 -3.598896
v -3.988155 0.289558 -3.581050
v -4.009332 0.291324 -3.602226
v -4.027215 0.371186 -3.577682
v -4.009332 0.291324 -3.602226
v -4.030545 0.291324 -3.581013
v -4.006039 0.369420 -3.556506
v -4.030545 0.291324 -3.581013
v -4.009369 0.289558 -3.559837
v -4.006001 0.371186 -3.598896
v -4.006039 0.369420 -3.556506
v -3.984825 0.369420 -3.577720
v -3.577720 0.369420 -3.984825
v -3.559837 0.289558 -4.009368
v -3.556507 0.369420 -4.006038
v -3.598896 0.371186 -4.006001
v -3.581050 0.289558 -3.988155
v -3.577720 0.369420 -3.984825
v -3.577683 0.371186 -4.027215
v -3.602226 0.291324 -4.009331
v -3.598896 0.371186 -4.006001
v -3.556507 0.369420 -4.006038
v -3.581013 0.291324 -4.030545
v -3.577683 0.371186 -4.027215
v -3.598896 0.371186 -4.006001
v -3.556507 0.369420 -4.006038
v -3.577683 0.371186 -4.027215
v -3.411138 0.341504 -4.075818
v -4.078316 0.281608 -3.413635
v -3.413635 0.281608 -4.078316
v -3.509961 0.349746 -4.174641
v -3.413635 0.281608 -4.078316
v -3.512459 0.289850 -4.177139
v -4.174642 0.349746 -3.509961
v -3.512459 0.289850 -4.177139
v -4.177139 0.289850 -3.512459
v -4.075818 0.341504 -3.411138
v -4.177139 0.289850 -3.512459
v -4.078316 0.281608 -3.413635
v -3.509961 0.349746 -4.174641
v -4.075818 0.341504 -3.411138
v -3.411138 0.341504 -4.075818
v -3.413635 0.281608 -4.078316
v -4.177139 0.289850 -3.512459
v -3.512459 0.289850 -4.177139
v -4.014129 0.423931 -4.450538
v -3.307657 0.379254 -3.744066
v -4.013537 0.438125 -4.449946
v -3.277293 0.365060 -3.775614
v -3.989986 0.423931 -4.474681
v -3.983174 0.423931 -4.481494
v -4.007317 0.423931 -4.457350
v -3.302698 0.334817 -3.752731
v -3.301437 0.365060 -3.751470
v -4.161295 0.384137 -3.754190
v -4.185839 0.304276 -3.736307
v -4.164626 0.304276 -3.757520
v -4.182472 0.385903 -3.775366
v -4.164626 0.304276 -3.757520
v -4.185802 0.306042 -3.778696
v -4.203685 0.385903 -3.754153
v -4.185802 0.306042 -3.778696
v -4.207015 0.306042 -3.757483
v -4.182508 0.384137 -3.732976
v -4.207015 0.306042 -3.757483
v -4.185839 0.304276 -3.736307
v -4.182472 0.385903 -3.775366
v -4.182508 0.384137 -3.732976
v -4.161295 0.384137 -3.754190
v -3.754190 0.384137 -4.161295
v -3.736307 0.304276 -4.185839
v -3.732977 0.384137 -4.182508
v -3.775366 0.385903 -4.182471
v -3.757520 0.304276 -4.164625
v -3.754190 0.384137 -4.161295
v -3.754153 0.385903 -4.203684
v -3.778697 0.306042 -4.185802
v -3.775366 0.385903 -4.182471
v -3.732977 0.384137 -4.182508
v -3.757483 0.306042 -4.207015
v -3.754153 0.385903 -4.203684
v -3.775366 0.385903 -4.182471
v -3.732977 0.384137 -4.182508
v -3.754153 0.385903 -4.203684
v -3.587608 0.356221 -4.252288
v -4.254786 0.296325 -3.590105
v -3.590106 0.296325 -4.254786
v -3.686431 0.364463 -4.351111
v -3.590106 0.296325 -4.254786
v -3.688929 0.304567 -4.353609
v -4.351112 0.364463 -3.686431
v -3.688929 0.304567 -4.353609
v -4.353610 0.304567 -3.688929
v -4.252288 0.356221 -3.587608
v -4.353610 0.304567 -3.688929
v -4.254786 0.296325 -3.590105
v -3.686431 0.364463 -4.351111
v -4.252288 0.356221 -3.587608
v -3.587608 0.356221 -4.252288
v -3.590106 0.296325 -4.254786
v -4.353610 0.304567 -3.688929
v -3.688929 0.304567 -4.353609
v -3.315890 0.319358 -3.740829
v -4.021126 0.393688 -4.446064
v -4.021770 0.378229 -4.446709
v -3.782610 0.334817 -3.272819
v -4.489135 0.378229 -3.979343
v -3.783255 0.319358 -3.273463
v -4.475943 0.393688 -3.991246
v -3.768802 0.365060 -3.284105
v -4.474682 0.423931 -3.989985
v -3.276701 0.379254 -3.775022
v -3.983174 0.423931 -4.481494
v -3.982582 0.438125 -4.480902
v -4.475943 0.393688 -3.991246
v -3.782610 0.334817 -3.272819
v -3.770063 0.334817 -3.285366
v -4.446064 0.393688 -4.021125
v -3.752732 0.334817 -3.302697
v -3.740184 0.334817 -3.315245
v -3.272819 0.334817 -3.782610
v -3.991247 0.393688 -4.475943
v -3.285367 0.334817 -3.770062
v -4.449947 0.438125 -4.013537
v -3.775022 0.379254 -3.276701
v -3.744066 0.379254 -3.307657
v -3.308249 0.365060 -3.744658
v -4.007317 0.423931 -4.457350
v -3.301437 0.365060 -3.751470
v -4.457351 0.423931 -4.007317
v -3.744658 0.365060 -3.308249
v -3.751471 0.365060 -3.301436
v -4.489135 0.378229 -3.979343
v -3.740829 0.319358 -3.315890
v -3.783255 0.319358 -3.273463
v -4.337766 0.398855 -3.930660
v -4.362309 0.318994 -3.912777
v -4.341096 0.318994 -3.933990
v -4.358942 0.400621 -3.951836
v -4.341096 0.318994 -3.933990
v -4.362272 0.320760 -3.955166
v -4.380155 0.400621 -3.930623
v -4.362272 0.320760 -3.955166
v -4.383485 0.320760 -3.933953
v -4.358979 0.398855 -3.909446
v -4.383485 0.320760 -3.933953
v -4.362309 0.318994 -3.912777
v -4.358942 0.400621 -3.951836
v -4.358979 0.398855 -3.909446
v -4.337766 0.398855 -3.930660
v -3.930660 0.398855 -4.337765
v -3.912777 0.318994 -4.362309
v -3.909447 0.398855 -4.358978
v -3.951837 0.400621 -4.358942
v -3.933990 0.318994 -4.341095
v -3.930660 0.398855 -4.337765
v -3.930623 0.400621 -4.380155
v -3.955167 0.320760 -4.362272
v -3.951837 0.400621 -4.358942
v -3.909447 0.398855 -4.358978
v -3.933954 0.320760 -4.383485
v -3.930623 0.400621 -4.380155
v -3.951837 0.400621 -4.358942
v -3.909447 0.398855 -4.358978
v -3.930623 0.400621 -4.380155
v -3.764078 0.370939 -4.428758
v -4.431256 0.311043 -3.766575
v -3.766576 0.311043 -4.431256
v -3.862902 0.379181 -4.527582
v -3.766576 0.311043 -4.431256
v -3.865399 0.319285 -4.530079
v -4.527582 0.379181 -3.862901
v -3.865399 0.319285 -4.530079
v -4.530080 0.319285 -3.865399
v -4.428759 0.370939 -3.764078
v -4.530080 0.319285 -3.865399
v -4.431256 0.311043 -3.766575
v -3.862902 0.379181 -4.527582
v -4.428759 0.370939 -3.764078
v -3.764078 0.370939 -4.428758
v -3.766576 0.311043 -4.431256
v -4.530080 0.319285 -3.865399
v -3.865399 0.319285 -4.530079
v -3.991247 0.393688 -4.475943
v -4.684580 0.452559 -5.194371
v -4.697128 0.452559 -5.181823
v -4.458612 0.393688 -4.008578
v -5.163231 0.482801 -4.713197
v -4.457351 0.423931 -4.007317
v -5.156419 0.482801 -4.720009
v -4.457351 0.423931 -4.007317
v -5.163231 0.482801 -4.713197
v -4.007317 0.423931 -4.457350
v -4.720010 0.482801 -5.156419
v -4.713198 0.482801 -5.163231
v -4.021770 0.378229 -4.446709
v -4.685225 0.437100 -5.195015
v -3.979344 0.378229 -4.489135
v -4.713198 0.482801 -5.163231
v -4.008578 0.393688 -4.458611
v -4.007317 0.423931 -4.457350
v -5.186783 0.496996 -4.688462
v -4.481494 0.423931 -3.983173
v -4.480903 0.438125 -3.982581
v -5.181824 0.452559 -4.697127
v -4.488491 0.393688 -3.978699
v -4.475943 0.393688 -3.991246
v -3.983174 0.423931 -4.481494
v -4.688462 0.496996 -5.186783
v -3.982582 0.438125 -4.480902
v -4.514235 0.413573 -4.107130
v -4.538779 0.333711 -4.089247
v -4.517566 0.333711 -4.110460
v -4.535412 0.415339 -4.128306
v -4.517566 0.333711 -4.110460
v -4.538742 0.335478 -4.131636
v -4.556625 0.415339 -4.107093
v -4.538742 0.335478 -4.131636
v -4.559955 0.335478 -4.110423
v -4.535449 0.413573 -4.085917
v -4.559955 0.335478 -4.110423
v -4.538779 0.333711 -4.089247
v -4.535412 0.415339 -4.128306
v -4.535449 0.413573 -4.085917
v -4.514235 0.413573 -4.107130
v -4.107130 0.413573 -4.514235
v -4.089247 0.333711 -4.538779
v -4.085917 0.413573 -4.535449
v -4.128306 0.415339 -4.535411
v -4.110460 0.333711 -4.517566
v -4.107130 0.413573 -4.514235
v -4.107093 0.415339 -4.556624
v -4.131637 0.335478 -4.538742
v -4.128306 0.415339 -4.535411
v -4.085917 0.413573 -4.535449
v -4.110423 0.335478 -4.559955
v -4.107093 0.415339 -4.556624
v -4.128306 0.415339 -4.535411
v -4.085917 0.413573 -4.535449
v -4.107093 0.415339 -4.556624
v -3.940548 0.385657 -4.605228
v -4.607726 0.325761 -3.943046
v -3.943046 0.325761 -4.607726
v -4.039371 0.393899 -4.704051
v -3.943046 0.325761 -4.607726
v -4.041869 0.334003 -4.706549
v -4.704052 0.393899 -4.039371
v -4.041869 0.334003 -4.706549
v -4.706550 0.334003 -4.041869
v -4.605228 0.385657 -3.940548
v -4.706550 0.334003 -4.041869
v -4.607726 0.325761 -3.943046
v -4.039371 0.393899 -4.704051
v -4.605228 0.385657 -3.940548
v -3.940548 0.385657 -4.605228
v -3.943046 0.325761 -4.607726
v -4.706550 0.334003 -4.041869
v -4.041869 0.334003 -4.706549
v -5.187375 0.482801 -4.689054
v -4.474682 0.423931 -3.989985
v -4.481494 0.423931 -3.983173
v -4.719418 0.496996 -5.155827
v -3.982582 0.438125 -4.480902
v -4.688462 0.496996 -5.186783
v -3.989986 0.423931 -4.474681
v -4.689054 0.482801 -5.187375
v -3.983174 0.423931 -4.481494
v -4.450539 0.423931 -4.014129
v -5.155828 0.496996 -4.719418
v -4.449947 0.438125 -4.013537
v -4.685225 0.437100 -5.195015
v -3.978699 0.393688 -4.488490
v -3.979344 0.378229 -4.489135
v -4.690706 0.428290 -4.283600
v -4.715249 0.348429 -4.265717
v -4.694036 0.348429 -4.286930
v -4.711882 0.430057 -4.304776
v -4.694036 0.348429 -4.286930
v -4.715212 0.350195 -4.308106
v -4.733095 0.430057 -4.283563
v -4.715212 0.350195 -4.308106
v -4.736425 0.350195 -4.286893
v -4.711919 0.428290 -4.262386
v -4.736425 0.350195 -4.286893
v -4.715249 0.348429 -4.265717
v -4.711882 0.430057 -4.304776
v -4.711919 0.428290 -4.262386
v -4.690706 0.428290 -4.283600
v -4.283600 0.428290 -4.690705
v -4.265718 0.348429 -4.715249
v -4.262387 0.428290 -4.711918
v -4.304777 0.430057 -4.711882
v -4.286931 0.348429 -4.694036
v -4.283600 0.428290 -4.690705
v -4.283564 0.430057 -4.733095
v -4.308107 0.350195 -4.715212
v -4.304777 0.430057 -4.711882
v -4.262387 0.428290 -4.711918
v -4.286894 0.350195 -4.736425
v -4.283564 0.430057 -4.733095
v -4.304777 0.430057 -4.711882
v -4.262387 0.428290 -4.711918
v -4.283564 0.430057 -4.733095
v -4.117018 0.400374 -4.781698
v -4.784196 0.340478 -4.119515
v -4.119516 0.340478 -4.784196
v -4.215842 0.408616 -4.880522
v -4.119516 0.340478 -4.784196
v -4.218339 0.348720 -4.883019
v -4.880522 0.408616 -4.215841
v -4.218339 0.348720 -4.883019
v -4.883020 0.348720 -4.218339
v -4.781699 0.400374 -4.117018
v -4.883020 0.348720 -4.218339
v -4.784196 0.340478 -4.119515
v -4.215842 0.408616 -4.880522
v -4.781699 0.400374 -4.117018
v -4.117018 0.400374 -4.781698
v -4.119516 0.340478 -4.784196
v -4.883020 0.348720 -4.218339
v -4.218339 0.348720 -4.883019
v -5.152590 0.437100 -4.727651
v -4.489135 0.378229 -3.979343
v -5.195016 0.437100 -4.685224
v -4.021126 0.393688 -4.446064
v -4.714459 0.452559 -5.164492
v -4.727006 0.452559 -5.151945
v -5.164493 0.452559 -4.714458
v -4.446064 0.393688 -4.021125
v -5.151945 0.452559 -4.727006
v -4.867176 0.443008 -4.460070
v -4.891719 0.363147 -4.442187
v -4.870506 0.363147 -4.463400
v -4.888352 0.444774 -4.481246
v -4.870506 0.363147 -4.463400
v -4.891682 0.364913 -4.484577
v -4.909565 0.444774 -4.460033
v -4.891682 0.364913 -4.484577
v -4.912895 0.364913 -4.463364
v -4.888389 0.443008 -4.438857
v -4.912895 0.364913 -4.463364
v -4.891719 0.363147 -4.442187
v -4.888352 0.444774 -4.481246
v -4.888389 0.443008 -4.438857
v -4.867176 0.443008 -4.460070
v -4.460071 0.443008 -4.867176
v -4.442187 0.363147 -4.891719
v -4.438857 0.443008 -4.888389
v -4.481246 0.444774 -4.888352
v -4.463401 0.363147 -4.870506
v -4.460071 0.443008 -4.867176
v -4.460033 0.444774 -4.909565
v -4.484577 0.364913 -4.891682
v -4.481246 0.444774 -4.888352
v -4.438857 0.443008 -4.888389
v -4.463364 0.364913 -4.912895
v -4.460033 0.444774 -4.909565
v -4.481246 0.444774 -4.888352
v -4.438857 0.443008 -4.888389
v -4.460033 0.444774 -4.909565
v -4.293489 0.415092 -4.958169
v -4.960667 0.355196 -4.295986
v -4.295986 0.355196 -4.960666
v -4.392312 0.423334 -5.056992
v -4.295986 0.355196 -4.960666
v -4.394810 0.363438 -5.059490
v -5.056993 0.423334 -4.392312
v -4.394810 0.363438 -5.059490
v -5.059490 0.363438 -4.394809
v -4.958169 0.415092 -4.293488
v -5.059490 0.363438 -4.394809
v -4.960667 0.355196 -4.295986
v -4.392312 0.423334 -5.056992
v -4.958169 0.415092 -4.293488
v -4.293489 0.415092 -4.958169
v -4.295986 0.355196 -4.960666
v -5.059490 0.363438 -4.394809
v -4.394810 0.363438 -5.059490
v -5.151945 0.452559 -4.727006
v -4.446709 0.378229 -4.021770
v -5.152590 0.437100 -4.727651
v -4.720010 0.482801 -5.156419
v -4.013537 0.438125 -4.449946
v -4.719418 0.496996 -5.155827
v -4.489135 0.378229 -3.979343
v -5.194371 0.452559 -4.684579
v -5.195016 0.437100 -4.685224
v -4.727651 0.437100 -5.152589
v -4.021126 0.393688 -4.446064
v -4.727006 0.452559 -5.151945
v -5.155828 0.496996 -4.719418
v -4.480903 0.438125 -3.982581
v -4.449947 0.438125 -4.013537
v -3.989986 0.423931 -4.474681
v -4.697128 0.452559 -5.181823
v -4.695867 0.482801 -5.180562
v -5.180562 0.482801 -4.695866
v -4.475943 0.393688 -3.991246
v -4.474682 0.423931 -3.989985
v -5.043646 0.457726 -4.636540
v -5.068189 0.377865 -4.618657
v -5.046976 0.377865 -4.639870
v -5.064822 0.459492 -4.657716
v -5.046976 0.377865 -4.639870
v -5.068152 0.379631 -4.661047
v -5.086035 0.459492 -4.636503
v -5.068152 0.379631 -4.661047
v -5.089365 0.379631 -4.639833
v -5.064859 0.457726 -4.615327
v -5.089365 0.379631 -4.639833
v -5.068189 0.377865 -4.618657
v -5.064822 0.459492 -4.657716
v -5.064859 0.457726 -4.615327
v -5.043646 0.457726 -4.636540
v -4.636540 0.457726 -5.043645
v -4.618657 0.377865 -5.068189
v -4.615327 0.457726 -5.064858
v -4.657717 0.459492 -5.064822
v -4.639871 0.377865 -5.046976
v -4.636540 0.457726 -5.043645
v -4.636503 0.459492 -5.086035
v -4.661047 0.379631 -5.068152
v -4.657717 0.459492 -5.064822
v -4.615327 0.457726 -5.064858
v -4.639833 0.379631 -5.089365
v -4.636503 0.459492 -5.086035
v -4.657717 0.459492 -5.064822
v -4.615327 0.457726 -5.064858
v -4.636503 0.459492 -5.086035
v -4.469958 0.429810 -5.134638
v -5.137136 0.369914 -4.472456
v -4.472456 0.369914 -5.137136
v -4.568782 0.438052 -5.233462
v -4.472456 0.369914 -5.137136
v -4.571280 0.378156 -5.235960
v -5.233462 0.438052 -4.568781
v -4.571280 0.378156 -5.235960
v -5.235960 0.378156 -4.571279
v -5.134639 0.429810 -4.469958
v -5.235960 0.378156 -4.571279
v -5.137136 0.369914 -4.472456
v -4.568782 0.438052 -5.233462
v -5.134639 0.429810 -4.469958
v -4.469958 0.429810 -5.134638
v -4.472456 0.369914 -5.137136
v -5.235960 0.378156 -4.571279
v -4.571280 0.378156 -5.235960
v -4.727006 0.452559 -5.151945
v -5.433531 0.495971 -5.858469
v -4.727651 0.437100 -5.152589
v -5.869112 0.541672 -5.419077
v -5.156419 0.482801 -4.720009
v -5.163231 0.482801 -4.713197
v -5.391105 0.495971 -5.900896
v -4.684580 0.452559 -5.194371
v -4.685225 0.437100 -5.195015
v -4.727006 0.452559 -5.151945
v -5.420339 0.511430 -5.870372
v -5.432887 0.511430 -5.857825
v -4.697128 0.452559 -5.181823
v -5.390460 0.511430 -5.900251
v -5.403008 0.511430 -5.887703
v -4.697128 0.452559 -5.181823
v -5.401747 0.541672 -5.886442
v -4.695867 0.482801 -5.180562
v -5.163231 0.482801 -4.713197
v -5.870373 0.511430 -5.420339
v -5.869112 0.541672 -5.419077
v -5.425298 0.555866 -5.861707
v -4.720010 0.482801 -5.156419
v -4.719418 0.496996 -5.155827
v -4.688462 0.496996 -5.186783
v -5.425298 0.555866 -5.861707
v -4.719418 0.496996 -5.155827
v -5.887704 0.511430 -5.403008
v -5.194371 0.452559 -4.684579
v -5.181824 0.452559 -4.697127
v -5.857825 0.511430 -5.432886
v -5.152590 0.437100 -4.727651
v -5.858470 0.495971 -5.433531
v -5.220116 0.472443 -4.813010
v -5.244659 0.392582 -4.795127
v -5.223446 0.392582 -4.816340
v -5.241292 0.474210 -4.834187
v -5.223446 0.392582 -4.816340
v -5.244623 0.394348 -4.837517
v -5.262506 0.474210 -4.812973
v -5.244623 0.394348 -4.837517
v -5.265836 0.394348 -4.816303
v -5.241329 0.472443 -4.791797
v -5.265836 0.394348 -4.816303
v -5.244659 0.392582 -4.795127
v -5.241292 0.474210 -4.834187
v -5.241329 0.472443 -4.791797
v -5.220116 0.472443 -4.813010
v -4.813011 0.472443 -5.220116
v -4.795128 0.392582 -5.244659
v -4.791798 0.472443 -5.241329
v -4.834187 0.474210 -5.241292
v -4.816341 0.392582 -5.223446
v -4.813011 0.472443 -5.220116
v -4.812974 0.474210 -5.262505
v -4.837517 0.394348 -5.244622
v -4.834187 0.474210 -5.241292
v -4.791798 0.472443 -5.241329
v -4.816304 0.394348 -5.265835
v -4.812974 0.474210 -5.262505
v -4.834187 0.474210 -5.241292
v -4.791798 0.472443 -5.241329
v -4.812974 0.474210 -5.262505
v -4.646429 0.444527 -5.311109
v -5.313607 0.384631 -4.648926
v -4.648926 0.384631 -5.313606
v -4.745252 0.452769 -5.409932
v -4.648926 0.384631 -5.313606
v -4.747750 0.392873 -5.412430
v -5.409933 0.452769 -4.745252
v -4.747750 0.392873 -5.412430
v -5.412430 0.392873 -4.747749
v -5.311109 0.444527 -4.646428
v -5.412430 0.392873 -4.747749
v -5.313607 0.384631 -4.648926
v -4.745252 0.452769 -5.409932
v -5.311109 0.444527 -4.646428
v -4.646429 0.444527 -5.311109
v -4.648926 0.384631 -5.313606
v -5.412430 0.392873 -4.747749
v -4.747750 0.392873 -5.412430
v -4.689054 0.482801 -5.187375
v -5.401747 0.541672 -5.886442
v -5.394934 0.541672 -5.893255
v -5.396586 0.487161 -4.989480
v -5.421130 0.407300 -4.971598
v -5.399917 0.407300 -4.992811
v -5.417762 0.488927 -5.010656
v -5.399917 0.407300 -4.992811
v -5.421093 0.409066 -5.013987
v -5.438975 0.488927 -4.989443
v -5.421093 0.409066 -5.013987
v -5.442306 0.409066 -4.992773
v -5.417799 0.487161 -4.968267
v -5.442306 0.409066 -4.992773
v -5.421130 0.407300 -4.971598
v -5.417762 0.488927 -5.010656
v -5.417799 0.487161 -4.968267
v -5.396586 0.487161 -4.989480
v -4.989481 0.487161 -5.396586
v -4.971598 0.407300 -5.421129
v -4.968267 0.487161 -5.417799
v -5.010657 0.488927 -5.417762
v -4.992811 0.407300 -5.399916
v -4.989481 0.487161 -5.396586
v -4.989444 0.488927 -5.438975
v -5.013987 0.409066 -5.421092
v -5.010657 0.488927 -5.417762
v -4.968267 0.487161 -5.417799
v -4.992774 0.409066 -5.442305
v -4.989444 0.488927 -5.438975
v -5.010657 0.488927 -5.417762
v -4.968267 0.487161 -5.417799
v -4.989444 0.488927 -5.438975
v -4.822898 0.459245 -5.487579
v -5.490077 0.399349 -4.825396
v -4.825396 0.399349 -5.490077
v -4.921722 0.467487 -5.586402
v -4.825396 0.399349 -5.490077
v -4.924220 0.407591 -5.588900
v -5.586402 0.467487 -4.921721
v -4.924220 0.407591 -5.588900
v -5.588900 0.407591 -4.924219
v -5.487579 0.459245 -4.822898
v -5.588900 0.407591 -4.924219
v -5.490077 0.399349 -4.825396
v -4.921722 0.467487 -5.586402
v -5.487579 0.459245 -4.822898
v -4.822898 0.459245 -5.487579
v -4.825396 0.399349 -5.490077
v -5.588900 0.407591 -4.924219
v -4.924220 0.407591 -5.588900
v -4.685225 0.437100 -5.195015
v -5.433531 0.495971 -5.858469
v -5.391105 0.495971 -5.900896
v -5.857825 0.511430 -5.432886
v -5.164493 0.452559 -4.714458
v -5.151945 0.452559 -4.727006
v -5.419078 0.541672 -5.869111
v -4.714459 0.452559 -5.164492
v -4.713198 0.482801 -5.163231
v -5.573056 0.501879 -5.165950
v -5.597600 0.422018 -5.148067
v -5.576386 0.422018 -5.169281
v -5.594233 0.503645 -5.187127
v -5.576386 0.422018 -5.169281
v -5.597563 0.423784 -5.190457
v -5.615446 0.503645 -5.165914
v -5.597563 0.423784 -5.190457
v -5.618776 0.423784 -5.169244
v -5.594269 0.501879 -5.144737
v -5.618776 0.423784 -5.169244
v -5.597600 0.422018 -5.148067
v -5.594233 0.503645 -5.187127
v -5.594269 0.501879 -5.144737
v -5.573056 0.501879 -5.165950
v -5.165951 0.501879 -5.573056
v -5.148067 0.422018 -5.597599
v -5.144737 0.501879 -5.594269
v -5.187127 0.503645 -5.594232
v -5.169281 0.422018 -5.576386
v -5.165951 0.501879 -5.573056
v -5.165914 0.503645 -5.615445
v -5.190457 0.423784 -5.597562
v -5.187127 0.503645 -5.594232
v -5.144737 0.501879 -5.594269
v -5.169244 0.423784 -5.618775
v -5.165914 0.503645 -5.615445
v -5.187127 0.503645 -5.594232
v -5.144737 0.501879 -5.594269
v -5.165914 0.503645 -5.615445
v -4.999369 0.473963 -5.664049
v -5.666547 0.414067 -5.001866
v -5.001866 0.414067 -5.666546
v -5.098192 0.482205 -5.762872
v -5.001866 0.414067 -5.666546
v -5.100690 0.422309 -5.765370
v -5.762873 0.482205 -5.098192
v -5.100690 0.422309 -5.765370
v -5.765370 0.422309 -5.100689
v -5.664049 0.473963 -4.999368
v -5.765370 0.422309 -5.100689
v -5.666547 0.414067 -5.001866
v -5.098192 0.482205 -5.762872
v -5.664049 0.473963 -4.999368
v -4.999369 0.473963 -5.664049
v -5.001866 0.414067 -5.666546
v -5.765370 0.422309 -5.100689
v -5.100690 0.422309 -5.765370
v -5.194371 0.452559 -4.684579
v -5.900896 0.495971 -5.391104
v -5.195016 0.437100 -4.685224
v -5.886443 0.541672 -5.401746
v -5.181824 0.452559 -4.697127
v -5.180562 0.482801 -4.695866
v -5.156419 0.482801 -4.720009
v -5.861708 0.555866 -5.425298
v -5.155828 0.496996 -4.719418
v -4.688462 0.496996 -5.186783
v -5.394934 0.541672 -5.893255
v -5.394342 0.555866 -5.892663
v -5.861708 0.555866 -5.425298
v -5.186783 0.496996 -4.688462
v -5.155828 0.496996 -4.719418
v -5.893255 0.541672 -5.394934
v -5.180562 0.482801 -4.695866
v -5.187375 0.482801 -4.689054
v -4.713198 0.482801 -5.163231
v -5.425890 0.541672 -5.862299
v -5.419078 0.541672 -5.869111
v -5.900896 0.495971 -5.391104
v -5.152590 0.437100 -4.727651
v -5.195016 0.437100 -4.685224
v -5.892663 0.555866 -5.394342
v -5.187375 0.482801 -4.689054
v -5.186783 0.496996 -4.688462
v -5.749527 0.516596 -5.342421
v -5.774070 0.436735 -5.324537
v -5.752857 0.436735 -5.345751
v -5.770703 0.518363 -5.363597
v -5.752857 0.436735 -5.345751
v -5.774033 0.438501 -5.366927
v -5.791916 0.518363 -5.342383
v -5.774033 0.438501 -5.366927
v -5.795246 0.438501 -5.345714
v -5.770740 0.516596 -5.321207
v -5.795246 0.438501 -5.345714
v -5.774070 0.436735 -5.324537
v -5.770703 0.518363 -5.363597
v -5.770740 0.516596 -5.321207
v -5.749527 0.516596 -5.342421
v -5.342421 0.516596 -5.749526
v -5.324538 0.436735 -5.774069
v -5.321208 0.516596 -5.770739
v -5.363597 0.518363 -5.770702
v -5.345751 0.436735 -5.752856
v -5.342421 0.516596 -5.749526
v -5.342384 0.518363 -5.791915
v -5.366928 0.438501 -5.774033
v -5.363597 0.518363 -5.770702
v -5.321208 0.516596 -5.770739
v -5.345715 0.438501 -5.795246
v -5.342384 0.518363 -5.791915
v -5.363597 0.518363 -5.770702
v -5.321208 0.516596 -5.770739
v -5.342384 0.518363 -5.791915
v -5.175839 0.488680 -5.840519
v -5.843017 0.428785 -5.178336
v -5.178337 0.428785 -5.843017
v -5.274662 0.496922 -5.939342
v -5.178337 0.428785 -5.843017
v -5.277160 0.437026 -5.941840
v -5.939343 0.496922 -5.274662
v -5.277160 0.437026 -5.941840
v -5.941841 0.437026 -5.277160
v -5.840519 0.488680 -5.175838
v -5.941841 0.437026 -5.277160
v -5.843017 0.428785 -5.178336
v -5.274662 0.496922 -5.939342
v -5.840519 0.488680 -5.175838
v -5.175839 0.488680 -5.840519
v -5.178337 0.428785 -5.843017
v -5.941841 0.437026 -5.277160
v -5.277160 0.437026 -5.941840
v -5.774983 0.571354 -6.225017
v -5.774983 0.556281 -6.225017
v -5.420339 0.511430 -5.870372
v -5.419078 0.541672 -5.869111
v -5.774983 0.571354 -6.225017
v -5.419078 0.541672 -5.869111
v -5.778418 0.571354 -6.221582
v -6.233619 0.525494 -5.766381
v -5.900896 0.495971 -5.391104
v -6.254896 0.525494 -5.745104
v -6.254896 0.525494 -5.745104
v -5.900896 0.495971 -5.391104
v -6.254896 0.533281 -5.745104
v -6.212470 0.525494 -5.787530
v -6.212470 0.533220 -5.787530
v -5.857825 0.511430 -5.432886
v -5.858470 0.495971 -5.433531
v -5.862299 0.541672 -5.425889
v -6.218205 0.578542 -5.781795
v -6.218205 0.585598 -5.781795
v -5.861708 0.555866 -5.425298
v -5.750840 0.571354 -6.249160
v -5.394934 0.541672 -5.893255
v -5.754275 0.571354 -6.245725
v -5.781796 0.578410 -6.218204
v -5.425298 0.555866 -5.861707
v -5.781796 0.585598 -6.218204
v -5.745104 0.525494 -6.254896
v -5.745104 0.533220 -6.254896
v -5.390460 0.511430 -5.900251
v -5.391105 0.495971 -5.900896
v -6.242348 0.541007 -5.757652
v -6.248591 0.541007 -5.751409
v -5.900251 0.511430 -5.390460
v -5.887704 0.511430 -5.403008
v -5.925996 0.531314 -5.518890
v -5.950540 0.451453 -5.501007
v -5.929327 0.451453 -5.522221
v -5.947173 0.533080 -5.540067
v -5.929327 0.451453 -5.522221
v -5.950503 0.453219 -5.543397
v -5.968386 0.533080 -5.518854
v -5.950503 0.453219 -5.543397
v -5.971716 0.453219 -5.522184
v -5.947209 0.531314 -5.497677
v -5.971716 0.453219 -5.522184
v -5.950540 0.451453 -5.501007
v -5.947173 0.533080 -5.540067
v -5.947209 0.531314 -5.497677
v -5.925996 0.531314 -5.518890
v -5.518891 0.531314 -5.925996
v -5.501008 0.451453 -5.950539
v -5.497678 0.531314 -5.947209
v -5.540068 0.533080 -5.947173
v -5.522221 0.451453 -5.929326
v -5.518891 0.531314 -5.925996
v -5.518854 0.533080 -5.968386
v -5.543398 0.453219 -5.950503
v -5.540068 0.533080 -5.947173
v -5.497678 0.531314 -5.947209
v -5.522184 0.453219 -5.971716
v -5.518854 0.533080 -5.968386
v -5.540068 0.533080 -5.947173
v -5.497678 0.531314 -5.947209
v -5.518854 0.533080 -5.968386
v -5.352309 0.503398 -6.016989
v -6.019487 0.443502 -5.354806
v -5.354807 0.443502 -6.019487
v -5.451132 0.511640 -6.115812
v -5.354807 0.443502 -6.019487
v -5.453630 0.451744 -6.118310
v -6.115813 0.511640 -5.451132
v -5.453630 0.451744 -6.118310
v -6.118310 0.451744 -5.453629
v -6.016990 0.503398 -5.352309
v -6.118310 0.451744 -5.453629
v -6.019487 0.443502 -5.354806
v -5.451132 0.511640 -6.115812
v -6.016990 0.503398 -5.352309
v -5.352309 0.503398 -6.016989
v -5.354807 0.443502 -6.019487
v -6.118310 0.451744 -5.453629
v -5.453630 0.451744 -6.118310
v -5.433531 0.495971 -5.858469
v -5.766254 0.525494 -6.233746
v -5.745104 0.525494 -6.254896
v -5.391105 0.495971 -5.900896
v -6.225017 0.571354 -5.774983
v -6.221640 0.571354 -5.778360
v -5.862299 0.541672 -5.425889
v -5.869112 0.541672 -5.419077
v -5.757652 0.571354 -6.242348
v -5.401747 0.541672 -5.886442
v -5.757652 0.556080 -6.242348
v -6.218205 0.585598 -5.781795
v -6.233527 0.585598 -5.766473
v -5.892663 0.555866 -5.394342
v -5.861708 0.555866 -5.425298
v -6.102466 0.546032 -5.695360
v -6.127009 0.466171 -5.677477
v -6.105796 0.466171 -5.698690
v -6.123643 0.547798 -5.716537
v -6.105796 0.466171 -5.698690
v -6.126974 0.467937 -5.719867
v -6.144856 0.547798 -5.695324
v -6.126974 0.467937 -5.719867
v -6.148187 0.467937 -5.698654
v -6.123679 0.546032 -5.674147
v -6.148187 0.467937 -5.698654
v -6.127009 0.466171 -5.677477
v -6.123643 0.547798 -5.716537
v -6.123679 0.546032 -5.674147
v -6.102466 0.546032 -5.695360
v -5.695361 0.546032 -6.102466
v -5.677478 0.466171 -6.127009
v -5.674148 0.546032 -6.123679
v -5.716538 0.547798 -6.123642
v -5.698691 0.466171 -6.105796
v -5.695361 0.546032 -6.102466
v -5.695325 0.547798 -6.144855
v -5.719868 0.467937 -6.126973
v -5.716538 0.547798 -6.123642
v -5.674148 0.546032 -6.123679
v -5.698655 0.467937 -6.148186
v -5.695325 0.547798 -6.144855
v -5.716538 0.547798 -6.123642
v -5.674148 0.546032 -6.123679
v -5.695325 0.547798 -6.144855
v -5.528780 0.518116 -6.193460
v -6.195958 0.458220 -5.531277
v -5.531277 0.458220 -6.195957
v -5.627602 0.526358 -6.292282
v -5.531277 0.458220 -6.195957
v -5.630100 0.466462 -6.294780
v -6.292283 0.526358 -5.627602
v -5.630100 0.466462 -6.294780
v -6.294780 0.466462 -5.630099
v -6.193460 0.518116 -5.528779
v -6.294780 0.466462 -5.630099
v -6.195958 0.458220 -5.531277
v -5.627602 0.526358 -6.292282
v -6.193460 0.518116 -5.528779
v -5.528780 0.518116 -6.193460
v -5.531277 0.458220 -6.195957
v -6.294780 0.466462 -5.630099
v -5.630100 0.466462 -6.294780
v -6.249160 0.571354 -5.750840
v -6.245783 0.571354 -5.754217
v -5.886443 0.541672 -5.401746
v -5.893255 0.541672 -5.394934
v -5.394934 0.541672 -5.893255
v -5.750840 0.578542 -6.249160
v -5.750840 0.585598 -6.249160
v -5.394342 0.555866 -5.892663
v -5.787531 0.533220 -6.212469
v -5.432887 0.511430 -5.857825
v -5.787531 0.541007 -6.212469
v -5.420339 0.511430 -5.870372
v -5.781288 0.541007 -6.218712
v -5.787531 0.541007 -6.212469
v -5.432887 0.511430 -5.857825
v -5.870373 0.511430 -5.420339
v -6.225017 0.556281 -5.774983
v -6.225017 0.571354 -5.774983
v -5.869112 0.541672 -5.419077
v -6.242349 0.571354 -5.757651
v -6.242348 0.556281 -5.757652
v -5.887704 0.511430 -5.403008
v -5.886443 0.541672 -5.401746
v -6.249160 0.585598 -5.750840
v -6.249160 0.578542 -5.750840
v -5.893255 0.541672 -5.394934
v -5.892663 0.555866 -5.394342
v -5.766473 0.585598 -6.233527
v -5.394342 0.555866 -5.892663
v -5.750840 0.585598 -6.249160
v -5.757652 0.541007 -6.242348
v -5.403008 0.511430 -5.887703
v -5.751348 0.541007 -6.248652
v -6.212470 0.541007 -5.787530
v -6.218713 0.541007 -5.781287
v -5.870373 0.511430 -5.420339
v -5.857825 0.511430 -5.432886
v 0.218205 0.085803 -0.218205
v 0.218205 0.071584 -0.218205
v 0.225017 0.071584 -0.225017
v 0.242348 0.071584 -0.242348
v 0.249160 0.071584 -0.249160
v 0.249160 0.085803 -0.249160
v 0.254896 0.025803 -0.254896
v 0.254896 0.041289 -0.254896
v 0.242348 0.041289 -0.242348
v 0.225017 0.041289 -0.225017
v 0.212470 0.041289 -0.212470
v 0.212470 0.025803 -0.212470
v 0.225017 0.041289 -0.225017
v 0.242348 0.041289 -0.242348
v 0.242348 0.071584 -0.242348
v 0.249160 0.085803 -0.249160
v 0.249160 0.071584 -0.249160
v -0.453772 0.129577 -0.952092
v -0.927949 0.129577 -0.477915
v -0.921137 0.129577 -0.484727
v -0.218205 0.071584 0.218205
v -0.917307 0.083875 -0.492368
v -0.212469 0.025803 0.212469
v -0.254896 0.025803 0.254896
v 0.249160 0.071584 -0.249160
v 0.242348 0.071584 -0.242348
v -0.460584 0.129577 -0.945280
v 0.212470 0.025803 -0.212470
v -0.492368 0.083875 -0.917307
v -0.449942 0.083875 -0.959733
v 0.218205 0.085803 -0.218205
v -0.484135 0.143771 -0.920545
v -0.484727 0.129577 -0.921137
v -0.945280 0.129577 -0.460584
v -0.242348 0.071584 0.242348
v -0.249160 0.071584 0.249161
v 0.212470 0.041289 -0.212470
v 0.225017 0.041289 -0.225017
v -0.479176 0.099334 -0.929210
v -0.218205 0.085803 0.218205
v -0.242348 0.071584 0.242348
v -0.225017 0.071584 0.225017
v -0.249161 0.085803 0.249161
v -0.249160 0.071584 0.249161
v -0.242348 0.071584 0.242348
v -0.254896 0.025803 0.254896
v -0.225017 0.041289 0.225017
v -0.242348 0.041289 0.242348
v -0.212469 0.025803 0.212469
v -0.212469 0.041289 0.212469
v -0.225017 0.041289 0.225017
v -0.225017 0.071584 0.225017
v -0.242348 0.071584 0.242348
v -0.242348 0.041289 0.242348
v -0.484135 0.143771 -0.920545
v 0.218205 0.085803 -0.218205
v 0.249160 0.085803 -0.249160
v -0.449942 0.083875 -0.959733
v -0.449297 0.099334 -0.959089
v 0.254896 0.041289 -0.254896
v 0.225017 0.071584 -0.225017
v 0.218205 0.071584 -0.218205
v -0.484727 0.129577 -0.921137
v -0.946541 0.099334 -0.461845
v -0.959089 0.099334 -0.449297
v -0.254896 0.041289 0.254896
v -0.916662 0.099334 -0.491724
v -0.929210 0.099334 -0.479176
v -0.225017 0.041289 0.225017
v 0.254896 0.041289 -0.254896
v -0.449297 0.099334 -0.959089
v -0.461845 0.099334 -0.946541
v -0.278953 0.060348 0.128152
v -0.300166 0.060348 0.149366
v -0.303497 -0.019513 0.146035
v -0.300129 0.062114 0.106976
v -0.278953 0.060348 0.128152
v -0.282283 -0.019513 0.124822
v -0.321343 0.062114 0.128189
v -0.300129 0.062114 0.106976
v -0.303460 -0.017747 0.103646
v -0.300166 0.060348 0.149366
v -0.321343 0.062114 0.128189
v -0.324673 -0.017747 0.124859
v -0.300129 0.062114 0.106976
v -0.321343 0.062114 0.128189
v -0.300166 0.060348 0.149366
v 0.128152 0.060348 -0.278953
v 0.124822 -0.019513 -0.282283
v 0.146035 -0.019513 -0.303496
v 0.106976 0.062114 -0.300129
v 0.103646 -0.017747 -0.303460
v 0.124822 -0.019513 -0.282283
v 0.128189 0.062114 -0.321343
v 0.124859 -0.017747 -0.324673
v 0.103646 -0.017747 -0.303460
v 0.149366 0.060348 -0.300166
v 0.146035 -0.019513 -0.303496
v 0.124859 -0.017747 -0.324673
v 0.106976 0.062114 -0.300129
v 0.128152 0.060348 -0.278953
v 0.149366 0.060348 -0.300166
v 0.294734 0.032432 -0.369946
v -0.369946 0.032432 0.294734
v -0.372444 -0.027464 0.292236
v 0.195911 0.040674 -0.468769
v 0.294734 0.032432 -0.369946
v 0.292236 -0.027464 -0.372444
v -0.468769 0.040674 0.195911
v 0.195911 0.040674 -0.468769
v 0.193413 -0.019222 -0.471267
v -0.369946 0.032432 0.294734
v -0.468769 0.040674 0.195911
v -0.471267 -0.019222 0.193413
v 0.195911 0.040674 -0.468769
v -0.468769 0.040674 0.195911
v -0.369946 0.032432 0.294734
v 0.292236 -0.027464 -0.372444
v -0.372444 -0.027464 0.292236
v -0.471267 -0.019222 0.193413
v -0.920545 0.143771 -0.484135
v -0.951500 0.143771 -0.453180
v -0.249161 0.085803 0.249161
v -0.959733 0.083875 -0.449942
v -0.254896 0.025803 0.254896
v -0.254896 0.041289 0.254896
v 0.212470 0.041289 -0.212470
v -0.491724 0.099334 -0.916662
v -0.492368 0.083875 -0.917307
v -0.455423 0.075066 -0.048318
v -0.476636 0.075066 -0.027105
v -0.479967 -0.004795 -0.030435
v -0.476600 0.076832 -0.069494
v -0.455423 0.075066 -0.048318
v -0.458753 -0.004795 -0.051648
v -0.497813 0.076832 -0.048281
v -0.476600 0.076832 -0.069494
v -0.479930 -0.003029 -0.072824
v -0.476636 0.075066 -0.027105
v -0.497813 0.076832 -0.048281
v -0.501143 -0.003029 -0.051611
v -0.476600 0.076832 -0.069494
v -0.497813 0.076832 -0.048281
v -0.476636 0.075066 -0.027105
v -0.048318 0.075066 -0.455423
v -0.051648 -0.004795 -0.458753
v -0.030435 -0.004795 -0.479967
v -0.069494 0.076832 -0.476600
v -0.072824 -0.003029 -0.479930
v -0.051648 -0.004795 -0.458753
v -0.048281 0.076832 -0.497813
v -0.051611 -0.003029 -0.501143
v -0.072824 -0.003029 -0.479930
v -0.027105 0.075066 -0.476636
v -0.030435 -0.004795 -0.479967
v -0.051611 -0.003029 -0.501143
v -0.069494 0.076832 -0.476600
v -0.048318 0.075066 -0.455423
v -0.027105 0.075066 -0.476636
v 0.118264 0.047150 -0.546416
v -0.546416 0.047150 0.118264
v -0.548914 -0.012746 0.115766
v 0.019441 0.055392 -0.645240
v 0.118264 0.047150 -0.546416
v 0.115766 -0.012746 -0.548914
v -0.645240 0.055392 0.019441
v 0.019441 0.055392 -0.645240
v 0.016943 -0.004504 -0.647737
v -0.546416 0.047150 0.118264
v -0.645240 0.055392 0.019441
v -0.647737 -0.004504 0.016943
v 0.019441 0.055392 -0.645240
v -0.645240 0.055392 0.019441
v -0.546416 0.047150 0.118264
v 0.115766 -0.012746 -0.548914
v -0.548914 -0.012746 0.115766
v -0.647737 -0.004504 0.016943
v 0.225017 0.071584 -0.225017
v -0.477915 0.129577 -0.927949
v -0.479176 0.099334 -0.929210
v 0.242348 0.071584 -0.242348
v 0.242348 0.041289 -0.242348
v -0.461845 0.099334 -0.946541
v -0.225017 0.071584 0.225017
v -0.225017 0.041289 0.225017
v -0.929210 0.099334 -0.479176
v -0.242348 0.071584 0.242348
v -0.945280 0.129577 -0.460584
v -0.946541 0.099334 -0.461845
v -0.631893 0.089784 -0.224788
v -0.653106 0.089784 -0.203575
v -0.656437 0.009922 -0.206905
v -0.653070 0.091550 -0.245964
v -0.631893 0.089784 -0.224788
v -0.635224 0.009922 -0.228118
v -0.674283 0.091550 -0.224751
v -0.653070 0.091550 -0.245964
v -0.656400 0.011688 -0.249294
v -0.653106 0.089784 -0.203575
v -0.674283 0.091550 -0.224751
v -0.677613 0.011688 -0.228081
v -0.653070 0.091550 -0.245964
v -0.674283 0.091550 -0.224751
v -0.653106 0.089784 -0.203575
v -0.224788 0.089784 -0.631893
v -0.228118 0.009922 -0.635224
v -0.206905 0.009922 -0.656437
v -0.245964 0.091550 -0.653070
v -0.249294 0.011688 -0.656400
v -0.228118 0.009922 -0.635224
v -0.224751 0.091550 -0.674283
v -0.228081 0.011688 -0.677613
v -0.249294 0.011688 -0.656400
v -0.203575 0.089784 -0.653106
v -0.206905 0.009922 -0.656437
v -0.228081 0.011688 -0.677613
v -0.245964 0.091550 -0.653070
v -0.224788 0.089784 -0.631893
v -0.203575 0.089784 -0.653106
v -0.058206 0.061868 -0.722886
v -0.722886 0.061868 -0.058206
v -0.725384 0.001972 -0.060704
v -0.157029 0.070109 -0.821710
v -0.058206 0.061868 -0.722886
v -0.060704 0.001972 -0.725384
v -0.821710 0.070109 -0.157029
v -0.157029 0.070109 -0.821710
v -0.159527 0.010214 -0.824207
v -0.722886 0.061868 -0.058206
v -0.821710 0.070109 -0.157029
v -0.824207 0.010214 -0.159527
v -0.157029 0.070109 -0.821710
v -0.821710 0.070109 -0.157029
v -0.722886 0.061868 -0.058206
v -0.060704 0.001972 -0.725384
v -0.725384 0.001972 -0.060704
v -0.824207 0.010214 -0.159527
v -0.249161 0.085803 0.249161
v -0.951500 0.143771 -0.453180
v -0.952092 0.129577 -0.453772
v -0.917307 0.083875 -0.492368
v -0.916662 0.099334 -0.491724
v -0.212469 0.041289 0.212469
v -0.218205 0.085803 0.218205
v -0.218205 0.071584 0.218205
v -0.921137 0.129577 -0.484727
v -0.808363 0.104501 -0.401258
v -0.829577 0.104501 -0.380045
v -0.832907 0.024640 -0.383375
v -0.829540 0.106267 -0.422434
v -0.808363 0.104501 -0.401258
v -0.811694 0.024640 -0.404588
v -0.850753 0.106267 -0.401221
v -0.829540 0.106267 -0.422434
v -0.832870 0.026406 -0.425765
v -0.829577 0.104501 -0.380045
v -0.850753 0.106267 -0.401221
v -0.854083 0.026406 -0.404551
v -0.829540 0.106267 -0.422434
v -0.850753 0.106267 -0.401221
v -0.829577 0.104501 -0.380045
v -0.401258 0.104501 -0.808363
v -0.404588 0.024640 -0.811694
v -0.383375 0.024640 -0.832907
v -0.422434 0.106267 -0.829540
v -0.425765 0.026406 -0.832870
v -0.404588 0.024640 -0.811694
v -0.401221 0.106267 -0.850753
v -0.404551 0.026406 -0.854083
v -0.425765 0.026406 -0.832870
v -0.380045 0.104501 -0.829576
v -0.383375 0.024640 -0.832907
v -0.404551 0.026406 -0.854083
v -0.422434 0.106267 -0.829540
v -0.401258 0.104501 -0.808363
v -0.380045 0.104501 -0.829576
v -0.234676 0.076585 -0.899356
v -0.899356 0.076585 -0.234676
v -0.901854 0.016689 -0.237174
v -0.333499 0.084827 -0.998180
v -0.234676 0.076585 -0.899356
v -0.237174 0.016689 -0.901854
v -0.998180 0.084827 -0.333499
v -0.333499 0.084827 -0.998180
v -0.335997 0.024931 -1.000677
v -0.899356 0.076585 -0.234676
v -0.998180 0.084827 -0.333499
v -1.000677 0.024931 -0.335997
v -0.333499 0.084827 -0.998180
v -0.998180 0.084827 -0.333499
v -0.899356 0.076585 -0.234676
v -0.237174 0.016689 -0.901854
v -0.901854 0.016689 -0.237174
v -1.000677 0.024931 -0.335997
v -0.959089 0.099334 -0.449297
v -1.664969 0.158205 -1.155178
v -1.665614 0.142746 -1.155822
v -0.453180 0.143771 -0.951500
v -1.159060 0.202642 -1.657381
v -1.190016 0.202642 -1.626425
v -1.183795 0.188448 -1.633829
v -1.185057 0.158205 -1.635090
v -0.479176 0.099334 -0.929210
v -0.491724 0.099334 -0.916662
v -1.197604 0.158205 -1.622543
v -1.198249 0.142746 -1.623187
v -1.190016 0.202642 -1.626425
v -1.190608 0.188448 -1.627017
v -0.484727 0.129577 -0.921137
v -0.479176 0.099334 -0.929210
v -1.185057 0.158205 -1.635090
v -1.197604 0.158205 -1.622543
v -0.453772 0.129577 -0.952092
v -1.159652 0.188448 -1.657973
v -1.159060 0.202642 -1.657381
v -0.461845 0.099334 -0.946541
v -0.449297 0.099334 -0.959089
v -1.155178 0.158205 -1.664969
v -1.155822 0.142746 -1.665614
v -1.155178 0.158205 -1.664969
v -0.449297 0.099334 -0.959089
v -0.477915 0.129577 -0.927949
v -0.484727 0.129577 -0.921137
v -1.190608 0.188448 -1.627017
v -0.927949 0.129577 -0.477915
v -0.929210 0.099334 -0.479176
v -1.635090 0.158205 -1.185056
v -1.665614 0.142746 -1.155822
v -1.623187 0.142746 -1.198249
v -0.917307 0.083875 -0.492368
v -0.984833 0.119219 -0.577728
v -1.006047 0.119219 -0.556515
v -1.009377 0.039358 -0.559845
v -1.006010 0.120985 -0.598904
v -0.984833 0.119219 -0.577728
v -0.988164 0.039358 -0.581058
v -1.027223 0.120985 -0.577691
v -1.006010 0.120985 -0.598904
v -1.009340 0.041124 -0.602235
v -1.006047 0.119219 -0.556515
v -1.027223 0.120985 -0.577691
v -1.030553 0.041124 -0.581021
v -1.006010 0.120985 -0.598904
v -1.027223 0.120985 -0.577691
v -1.006047 0.119219 -0.556515
v -0.577728 0.119219 -0.984833
v -0.581058 0.039358 -0.988164
v -0.559845 0.039358 -1.009377
v -0.598904 0.120985 -1.006010
v -0.602235 0.041124 -1.009340
v -0.581058 0.039358 -0.988164
v -0.577691 0.120985 -1.027223
v -0.581021 0.041124 -1.030553
v -0.602235 0.041124 -1.009340
v -0.556515 0.119219 -1.006047
v -0.559845 0.039358 -1.009377
v -0.581021 0.041124 -1.030553
v -0.598904 0.120985 -1.006010
v -0.577728 0.119219 -0.984833
v -0.556515 0.119219 -1.006047
v -0.411146 0.091303 -1.075827
v -1.075827 0.091303 -0.411146
v -1.078324 0.031407 -0.413644
v -0.509969 0.099545 -1.174650
v -0.411146 0.091303 -1.075827
v -0.413644 0.031407 -1.078324
v -1.174650 0.099545 -0.509969
v -0.509969 0.099545 -1.174650
v -0.512467 0.039649 -1.177147
v -1.075827 0.091303 -0.411146
v -1.174650 0.099545 -0.509969
v -1.177148 0.039649 -0.512467
v -0.509969 0.099545 -1.174650
v -1.174650 0.099545 -0.509969
v -1.075827 0.091303 -0.411146
v -0.413644 0.031407 -1.078324
v -1.078324 0.031407 -0.413644
v -1.177148 0.039649 -0.512467
v -1.626425 0.202642 -1.190016
v -1.657381 0.202642 -1.159060
v -0.951500 0.143771 -0.453180
v -0.453772 0.129577 -0.952092
v -0.460584 0.129577 -0.945280
v -1.166464 0.188448 -1.651160
v -1.161304 0.133937 -0.754198
v -1.182517 0.133937 -0.732985
v -1.185847 0.054075 -0.736315
v -1.182480 0.135703 -0.775375
v -1.161304 0.133937 -0.754198
v -1.164634 0.054075 -0.757528
v -1.203693 0.135703 -0.754161
v -1.182480 0.135703 -0.775375
v -1.185810 0.055841 -0.778705
v -1.182517 0.133937 -0.732985
v -1.203693 0.135703 -0.754161
v -1.207023 0.055841 -0.757492
v -1.182480 0.135703 -0.775375
v -1.203693 0.135703 -0.754161
v -1.182517 0.133937 -0.732985
v -0.754198 0.133937 -1.161304
v -0.757528 0.054075 -1.164634
v -0.736315 0.054075 -1.185847
v -0.775375 0.135703 -1.182480
v -0.778705 0.055841 -1.185810
v -0.757528 0.054075 -1.164634
v -0.754161 0.135703 -1.203693
v -0.757492 0.055841 -1.207023
v -0.778705 0.055841 -1.185810
v -0.732985 0.133937 -1.182517
v -0.736315 0.054075 -1.185847
v -0.757492 0.055841 -1.207023
v -0.775375 0.135703 -1.182480
v -0.754198 0.133937 -1.161304
v -0.732985 0.133937 -1.182517
v -0.587616 0.106021 -1.252297
v -1.252297 0.106021 -0.587616
v -1.254794 0.046125 -0.590114
v -0.686440 0.114263 -1.351120
v -0.587616 0.106021 -1.252297
v -0.590114 0.046125 -1.254794
v -1.351120 0.114263 -0.686439
v -0.686440 0.114263 -1.351120
v -0.688937 0.054367 -1.353617
v -1.252297 0.106021 -0.587616
v -1.351120 0.114263 -0.686439
v -1.353618 0.054367 -0.688937
v -0.686440 0.114263 -1.351120
v -1.351120 0.114263 -0.686439
v -1.252297 0.106021 -0.587616
v -0.590114 0.046125 -1.254794
v -1.254794 0.046125 -0.590114
v -1.353618 0.054367 -0.688937
v -1.652422 0.158205 -1.167725
v -0.946541 0.099334 -0.461845
v -0.945280 0.129577 -0.460584
v -1.633829 0.188448 -1.183795
v -1.627017 0.188448 -1.190608
v -0.921137 0.129577 -0.484727
v -1.337774 0.148654 -0.930668
v -1.358987 0.148654 -0.909455
v -1.362317 0.068793 -0.912785
v -1.358950 0.150420 -0.951845
v -1.337774 0.148654 -0.930668
v -1.341104 0.068793 -0.933998
v -1.380163 0.150420 -0.930631
v -1.358950 0.150420 -0.951845
v -1.362280 0.070559 -0.955175
v -1.358987 0.148654 -0.909455
v -1.380163 0.150420 -0.930631
v -1.383493 0.070559 -0.933962
v -1.358950 0.150420 -0.951845
v -1.380163 0.150420 -0.930631
v -1.358987 0.148654 -0.909455
v -0.930668 0.148654 -1.337774
v -0.933998 0.068793 -1.341104
v -0.912785 0.068793 -1.362317
v -0.951845 0.150420 -1.358950
v -0.955175 0.070559 -1.362280
v -0.933998 0.068793 -1.341104
v -0.930631 0.150420 -1.380163
v -0.933962 0.070559 -1.383493
v -0.955175 0.070559 -1.362280
v -0.909455 0.148654 -1.358987
v -0.912785 0.068793 -1.362317
v -0.933962 0.070559 -1.383493
v -0.951845 0.150420 -1.358950
v -0.930668 0.148654 -1.337774
v -0.909455 0.148654 -1.358987
v -0.764086 0.120738 -1.428767
v -1.428767 0.120738 -0.764086
v -1.431264 0.060842 -0.766584
v -0.862910 0.128980 -1.527590
v -0.764086 0.120738 -1.428767
v -0.766584 0.060842 -1.431264
v -1.527590 0.128980 -0.862910
v -0.862910 0.128980 -1.527590
v -0.865407 0.069084 -1.530088
v -1.428767 0.120738 -0.764086
v -1.527590 0.128980 -0.862910
v -1.530088 0.069084 -0.865407
v -0.862910 0.128980 -1.527590
v -1.527590 0.128980 -0.862910
v -1.428767 0.120738 -0.764086
v -0.766584 0.060842 -1.431264
v -1.431264 0.060842 -0.766584
v -1.530088 0.069084 -0.865407
v -0.449942 0.083875 -0.959733
v -0.492368 0.083875 -0.917307
v -1.198249 0.142746 -1.623187
v -1.623187 0.142746 -1.198249
v -1.622543 0.158205 -1.197604
v -0.916662 0.099334 -0.491724
v -1.652422 0.158205 -1.167725
v -1.664969 0.158205 -1.155178
v -0.959089 0.099334 -0.449297
v -0.461845 0.099334 -0.946541
v -1.167725 0.158205 -1.652421
v -1.166464 0.188448 -1.651160
v -1.657381 0.202642 -1.159060
v -1.657973 0.188448 -1.159652
v -0.952092 0.129577 -0.453772
v -1.635090 0.158205 -1.185056
v -0.929210 0.099334 -0.479176
v -0.916662 0.099334 -0.491724
v -1.657973 0.188448 -1.159652
v -1.651160 0.188448 -1.166464
v -0.945280 0.129577 -0.460584
v -0.921137 0.129577 -0.484727
v -1.627017 0.188448 -1.190608
v -1.626425 0.202642 -1.190016
v -1.514244 0.163372 -1.107138
v -1.535457 0.163372 -1.085925
v -1.538787 0.083511 -1.089255
v -1.535420 0.165138 -1.128315
v -1.514244 0.163372 -1.107138
v -1.517574 0.083511 -1.110469
v -1.556633 0.165138 -1.107101
v -1.535420 0.165138 -1.128315
v -1.538750 0.085277 -1.131645
v -1.535457 0.163372 -1.085925
v -1.556633 0.165138 -1.107101
v -1.559964 0.085277 -1.110432
v -1.535420 0.165138 -1.128315
v -1.556633 0.165138 -1.107101
v -1.535457 0.163372 -1.085925
v -1.107138 0.163372 -1.514244
v -1.110469 0.083511 -1.517574
v -1.089255 0.083511 -1.538787
v -1.128315 0.165138 -1.535420
v -1.131645 0.085277 -1.538750
v -1.110469 0.083511 -1.517574
v -1.107102 0.165138 -1.556633
v -1.110432 0.085277 -1.559963
v -1.131645 0.085277 -1.538750
v -1.085925 0.163372 -1.535457
v -1.089255 0.083511 -1.538787
v -1.110432 0.085277 -1.559963
v -1.128315 0.165138 -1.535420
v -1.107138 0.163372 -1.514244
v -1.085925 0.163372 -1.535457
v -0.940557 0.135456 -1.605237
v -1.605237 0.135456 -0.940556
v -1.607735 0.075560 -0.943054
v -1.039380 0.143698 -1.704060
v -0.940557 0.135456 -1.605237
v -0.943054 0.075560 -1.607734
v -1.704060 0.143698 -1.039380
v -1.039380 0.143698 -1.704060
v -1.041877 0.083802 -1.706558
v -1.605237 0.135456 -0.940556
v -1.704060 0.143698 -1.039380
v -1.706558 0.083802 -1.041877
v -1.039380 0.143698 -1.704060
v -1.704060 0.143698 -1.039380
v -1.605237 0.135456 -0.940556
v -0.943054 0.075560 -1.607734
v -1.607735 0.075560 -0.943054
v -1.706558 0.083802 -1.041877
v -1.665614 0.142746 -1.155822
v -1.664969 0.158205 -1.155178
v -2.370850 0.217076 -1.861058
v -1.190016 0.202642 -1.626425
v -1.159060 0.202642 -1.657381
v -1.864940 0.261513 -2.363261
v -2.363853 0.247318 -1.865532
v -1.657973 0.188448 -1.159652
v -1.657381 0.202642 -1.159060
v -2.358302 0.217076 -1.873605
v -1.652422 0.158205 -1.167725
v -1.651160 0.188448 -1.166464
v -1.861703 0.201617 -2.371494
v -1.861058 0.217076 -2.370849
v -1.155178 0.158205 -1.664969
v -1.183795 0.188448 -1.633829
v -1.190608 0.188448 -1.627017
v -1.896488 0.247318 -2.332897
v -1.198249 0.142746 -1.623187
v -1.904129 0.201617 -2.329068
v -1.861703 0.201617 -2.371494
v -1.889676 0.247318 -2.339710
v -1.890937 0.217076 -2.340971
v -1.185057 0.158205 -1.635090
v -1.159652 0.188448 -1.657973
v -1.865532 0.247318 -2.363853
v -1.864940 0.261513 -2.363261
v -1.197604 0.158205 -1.622543
v -1.903485 0.217076 -2.328423
v -1.904129 0.201617 -2.329068
v -1.690714 0.178090 -1.283608
v -1.711927 0.178090 -1.262395
v -1.715257 0.098228 -1.265725
v -1.711890 0.179856 -1.304785
v -1.690714 0.178090 -1.283608
v -1.694044 0.098228 -1.286938
v -1.733104 0.179856 -1.283572
v -1.711890 0.179856 -1.304785
v -1.715221 0.099995 -1.308115
v -1.711927 0.178090 -1.262395
v -1.733104 0.179856 -1.283572
v -1.736434 0.099995 -1.286902
v -1.711890 0.179856 -1.304785
v -1.733104 0.179856 -1.283572
v -1.711927 0.178090 -1.262395
v -1.283608 0.178090 -1.690714
v -1.286939 0.098228 -1.694044
v -1.265725 0.098228 -1.715257
v -1.304785 0.179856 -1.711890
v -1.308115 0.099995 -1.715220
v -1.286939 0.098228 -1.694044
v -1.283572 0.179856 -1.733103
v -1.286902 0.099995 -1.736434
v -1.308115 0.099995 -1.715220
v -1.262395 0.178090 -1.711927
v -1.265725 0.098228 -1.715257
v -1.286902 0.099995 -1.736434
v -1.304785 0.179856 -1.711890
v -1.283608 0.178090 -1.690714
v -1.262395 0.178090 -1.711927
v -1.117027 0.150174 -1.781707
v -1.781707 0.150174 -1.117027
v -1.784205 0.090278 -1.119524
v -1.215850 0.158416 -1.880530
v -1.117027 0.150174 -1.781707
v -1.119524 0.090278 -1.784205
v -1.880530 0.158416 -1.215850
v -1.215850 0.158416 -1.880530
v -1.218348 0.098520 -1.883028
v -1.781707 0.150174 -1.117027
v -1.880530 0.158416 -1.215850
v -1.883028 0.098520 -1.218347
v -1.215850 0.158416 -1.880530
v -1.880530 0.158416 -1.215850
v -1.781707 0.150174 -1.117027
v -1.119524 0.090278 -1.784205
v -1.784205 0.090278 -1.119524
v -1.883028 0.098520 -1.218347
v -1.166464 0.188448 -1.651160
v -1.872345 0.247318 -2.357041
v -1.865532 0.247318 -2.363853
v -1.896488 0.247318 -2.332897
v -1.190608 0.188448 -1.627017
v -1.190016 0.202642 -1.626425
v -1.867184 0.192807 -1.460078
v -1.888397 0.192807 -1.438865
v -1.891727 0.112946 -1.442195
v -1.888361 0.194573 -1.481255
v -1.867184 0.192807 -1.460078
v -1.870514 0.112946 -1.463409
v -1.909574 0.194573 -1.460042
v -1.888361 0.194573 -1.481255
v -1.891691 0.114712 -1.484585
v -1.888397 0.192807 -1.438865
v -1.909574 0.194573 -1.460042
v -1.912904 0.114712 -1.463372
v -1.888361 0.194573 -1.481255
v -1.909574 0.194573 -1.460042
v -1.888397 0.192807 -1.438865
v -1.460078 0.192807 -1.867184
v -1.463409 0.112946 -1.870514
v -1.442196 0.112946 -1.891727
v -1.481255 0.194573 -1.888360
v -1.484585 0.114712 -1.891690
v -1.463409 0.112946 -1.870514
v -1.460042 0.194573 -1.909573
v -1.463372 0.114712 -1.912904
v -1.484585 0.114712 -1.891690
v -1.438865 0.192807 -1.888397
v -1.442196 0.112946 -1.891727
v -1.463372 0.114712 -1.912904
v -1.481255 0.194573 -1.888360
v -1.460078 0.192807 -1.867184
v -1.438865 0.192807 -1.888397
v -1.293497 0.164891 -1.958177
v -1.958177 0.164891 -1.293497
v -1.960675 0.104995 -1.295994
v -1.392320 0.173133 -2.057000
v -1.293497 0.164891 -1.958177
v -1.295994 0.104995 -1.960675
v -2.057000 0.173133 -1.392320
v -1.392320 0.173133 -2.057000
v -1.394818 0.113237 -2.059498
v -1.958177 0.164891 -1.293497
v -2.057000 0.173133 -1.392320
v -2.059498 0.113237 -1.394817
v -1.392320 0.173133 -2.057000
v -2.057000 0.173133 -1.392320
v -1.958177 0.164891 -1.293497
v -1.295994 0.104995 -1.960675
v -1.960675 0.104995 -1.295994
v -2.059498 0.113237 -1.394817
v -2.363853 0.247318 -1.865532
v -2.357041 0.247318 -1.872344
v -1.651160 0.188448 -1.166464
v -1.166464 0.188448 -1.651160
v -1.167725 0.158205 -1.652421
v -1.873606 0.217076 -2.358302
v -2.332305 0.261513 -1.895896
v -1.626425 0.202642 -1.190016
v -1.627017 0.188448 -1.190608
v -2.339710 0.247318 -1.889676
v -1.633829 0.188448 -1.183795
v -1.635090 0.158205 -1.185056
v -2.043654 0.207525 -1.636548
v -2.064867 0.207525 -1.615335
v -2.068197 0.127664 -1.618665
v -2.064831 0.209291 -1.657725
v -2.043654 0.207525 -1.636548
v -2.046984 0.127664 -1.639879
v -2.086044 0.209291 -1.636512
v -2.064831 0.209291 -1.657725
v -2.068161 0.129430 -1.661055
v -2.064867 0.207525 -1.615335
v -2.086044 0.209291 -1.636512
v -2.089374 0.129430 -1.639842
v -2.064831 0.209291 -1.657725
v -2.086044 0.209291 -1.636512
v -2.064867 0.207525 -1.615335
v -1.636549 0.207525 -2.043654
v -1.639879 0.127664 -2.046984
v -1.618666 0.127664 -2.068197
v -1.657725 0.209291 -2.064830
v -1.661055 0.129430 -2.068161
v -1.639879 0.127664 -2.046984
v -1.636512 0.209291 -2.086044
v -1.639842 0.129430 -2.089374
v -1.661055 0.129430 -2.068161
v -1.615335 0.207525 -2.064867
v -1.618666 0.127664 -2.068197
v -1.639842 0.129430 -2.089374
v -1.657725 0.209291 -2.064830
v -1.636549 0.207525 -2.043654
v -1.615335 0.207525 -2.064867
v -1.469967 0.179609 -2.134647
v -2.134647 0.179609 -1.469967
v -2.137145 0.119713 -1.472464
v -1.568790 0.187851 -2.233470
v -1.469967 0.179609 -2.134647
v -1.472465 0.119713 -2.137145
v -2.233470 0.187851 -1.568790
v -1.568790 0.187851 -2.233470
v -1.571288 0.127955 -2.235968
v -2.134647 0.179609 -1.469967
v -2.233470 0.187851 -1.568790
v -2.235968 0.127955 -1.571288
v -1.568790 0.187851 -2.233470
v -2.233470 0.187851 -1.568790
v -2.134647 0.179609 -1.469967
v -1.472465 0.119713 -2.137145
v -2.137145 0.119713 -1.472464
v -2.235968 0.127955 -1.571288
v -2.328423 0.217076 -1.903484
v -2.340971 0.217076 -1.890937
v -1.635090 0.158205 -1.185056
v -1.185057 0.158205 -1.635090
v -1.890937 0.217076 -2.340971
v -1.903485 0.217076 -2.328423
v -2.329068 0.201617 -1.904129
v -2.328423 0.217076 -1.903484
v -1.622543 0.158205 -1.197604
v -2.329068 0.201617 -1.904129
v -1.623187 0.142746 -1.198249
v -1.665614 0.142746 -1.155822
v -1.167725 0.158205 -1.652421
v -1.155178 0.158205 -1.664969
v -1.861058 0.217076 -2.370849
v -2.332305 0.261513 -1.895896
v -2.363261 0.261513 -1.864940
v -1.657381 0.202642 -1.159060
v -2.370850 0.217076 -1.861058
v -1.664969 0.158205 -1.155178
v -1.652422 0.158205 -1.167725
v -2.332897 0.247318 -1.896488
v -1.627017 0.188448 -1.190608
v -1.633829 0.188448 -1.183795
v -2.220124 0.222243 -1.813018
v -2.241337 0.222243 -1.791805
v -2.244668 0.142381 -1.795135
v -2.241301 0.224009 -1.834195
v -2.220124 0.222243 -1.813018
v -2.223454 0.142381 -1.816349
v -2.262514 0.224009 -1.812982
v -2.241301 0.224009 -1.834195
v -2.244631 0.144148 -1.837525
v -2.241337 0.222243 -1.791805
v -2.262514 0.224009 -1.812982
v -2.265844 0.144148 -1.816312
v -2.241301 0.224009 -1.834195
v -2.262514 0.224009 -1.812982
v -2.241337 0.222243 -1.791805
v -1.813019 0.222243 -2.220124
v -1.816349 0.142381 -2.223454
v -1.795136 0.142381 -2.244667
v -1.834195 0.224009 -2.241301
v -1.837525 0.144148 -2.244631
v -1.816349 0.142381 -2.223454
v -1.812982 0.224009 -2.262514
v -1.816312 0.144148 -2.265844
v -1.837525 0.144148 -2.244631
v -1.791806 0.222243 -2.241337
v -1.795136 0.142381 -2.244667
v -1.816312 0.144148 -2.265844
v -1.834195 0.224009 -2.241301
v -1.813019 0.222243 -2.220124
v -1.791806 0.222243 -2.241337
v -1.646437 0.194327 -2.311117
v -2.311117 0.194327 -1.646437
v -2.313615 0.134431 -1.648934
v -1.745260 0.202569 -2.409940
v -1.646437 0.194327 -2.311117
v -1.648935 0.134431 -2.313615
v -2.409941 0.202569 -1.745260
v -1.745260 0.202569 -2.409940
v -1.747758 0.142673 -2.412438
v -2.311117 0.194327 -1.646437
v -2.409941 0.202569 -1.745260
v -2.412438 0.142673 -1.747758
v -1.745260 0.202569 -2.409940
v -2.409941 0.202569 -1.745260
v -2.311117 0.194327 -1.646437
v -1.648935 0.134431 -2.313615
v -2.313615 0.134431 -1.648934
v -2.412438 0.142673 -1.747758
v -3.034948 0.260488 -2.610009
v -3.034304 0.275947 -2.609365
v -2.328423 0.217076 -1.903484
v -1.872345 0.247318 -2.357041
v -2.578225 0.306189 -3.062921
v -2.571413 0.306189 -3.069733
v -1.873606 0.217076 -2.358302
v -2.579486 0.275947 -3.064182
v -2.578225 0.306189 -3.062921
v -3.069142 0.320383 -2.570821
v -3.069734 0.306189 -2.571413
v -2.363853 0.247318 -1.865532
v -3.062921 0.306189 -2.578225
v -3.064182 0.275947 -2.579486
v -2.358302 0.217076 -1.873605
v -1.865532 0.247318 -2.363853
v -2.571413 0.306189 -3.069733
v -2.570821 0.320383 -3.069141
v -2.396594 0.236960 -1.989488
v -2.417807 0.236960 -1.968275
v -2.421138 0.157099 -1.971606
v -2.417771 0.238727 -2.010665
v -2.396594 0.236960 -1.989488
v -2.399924 0.157099 -1.992819
v -2.438984 0.238727 -1.989452
v -2.417771 0.238727 -2.010665
v -2.421101 0.158865 -2.013995
v -2.417807 0.236960 -1.968275
v -2.438984 0.238727 -1.989452
v -2.442314 0.158865 -1.992782
v -2.417771 0.238727 -2.010665
v -2.438984 0.238727 -1.989452
v -2.417807 0.236960 -1.968275
v -1.989489 0.236960 -2.396594
v -1.992819 0.157099 -2.399924
v -1.971606 0.157099 -2.421137
v -2.010665 0.238727 -2.417770
v -2.013996 0.158865 -2.421101
v -1.992819 0.157099 -2.399924
v -1.989452 0.238727 -2.438984
v -1.992782 0.158865 -2.442314
v -2.013996 0.158865 -2.421101
v -1.968276 0.236960 -2.417807
v -1.971606 0.157099 -2.421137
v -1.992782 0.158865 -2.442314
v -2.010665 0.238727 -2.417770
v -1.989489 0.236960 -2.396594
v -1.968276 0.236960 -2.417807
v -1.822907 0.209044 -2.487587
v -2.487587 0.209044 -1.822907
v -2.490085 0.149148 -1.825405
v -1.921730 0.217286 -2.586411
v -1.822907 0.209044 -2.487587
v -1.825405 0.149148 -2.490085
v -2.586411 0.217286 -1.921730
v -1.921730 0.217286 -2.586411
v -1.924228 0.157390 -2.588908
v -2.487587 0.209044 -1.822907
v -2.586411 0.217286 -1.921730
v -2.588908 0.157390 -1.924228
v -1.921730 0.217286 -2.586411
v -2.586411 0.217286 -1.921730
v -2.487587 0.209044 -1.822907
v -1.825405 0.149148 -2.490085
v -2.490085 0.149148 -1.825405
v -2.588908 0.157390 -1.924228
v -3.045590 0.306189 -2.595556
v -3.038778 0.306189 -2.602368
v -2.332897 0.247318 -1.896488
v -2.601777 0.320383 -3.038186
v -1.895896 0.261513 -2.332305
v -1.864940 0.261513 -2.363261
v -2.573064 0.251678 -2.165959
v -2.594277 0.251678 -2.144746
v -2.597608 0.171817 -2.148076
v -2.594241 0.253444 -2.187135
v -2.573064 0.251678 -2.165959
v -2.576395 0.171817 -2.169289
v -2.615454 0.253444 -2.165922
v -2.594241 0.253444 -2.187135
v -2.597571 0.173583 -2.190465
v -2.594277 0.251678 -2.144746
v -2.615454 0.253444 -2.165922
v -2.618784 0.173583 -2.169252
v -2.594241 0.253444 -2.187135
v -2.615454 0.253444 -2.165922
v -2.594277 0.251678 -2.144746
v -2.165959 0.251678 -2.573064
v -2.169289 0.171817 -2.576395
v -2.148076 0.171817 -2.597608
v -2.187135 0.253444 -2.594241
v -2.190466 0.173583 -2.597571
v -2.169289 0.171817 -2.576395
v -2.165922 0.253444 -2.615454
v -2.169252 0.173583 -2.618784
v -2.190466 0.173583 -2.597571
v -2.144746 0.251678 -2.594277
v -2.148076 0.171817 -2.597608
v -2.169252 0.173583 -2.618784
v -2.187135 0.253444 -2.594241
v -2.165959 0.251678 -2.573064
v -2.144746 0.251678 -2.594277
v -1.999377 0.223762 -2.664057
v -2.664058 0.223762 -1.999377
v -2.666555 0.163866 -2.001875
v -2.098200 0.232004 -2.762881
v -1.999377 0.223762 -2.664057
v -2.001875 0.163866 -2.666555
v -2.762881 0.232004 -2.098200
v -2.098200 0.232004 -2.762881
v -2.100698 0.172108 -2.765378
v -2.664058 0.223762 -1.999377
v -2.762881 0.232004 -2.098200
v -2.765378 0.172108 -2.100698
v -2.098200 0.232004 -2.762881
v -2.762881 0.232004 -2.098200
v -2.664058 0.223762 -1.999377
v -2.001875 0.163866 -2.666555
v -2.666555 0.163866 -2.001875
v -2.765378 0.172108 -2.100698
v -2.340971 0.217076 -1.890937
v -3.046851 0.275947 -2.596817
v -3.045590 0.306189 -2.595556
v -1.873606 0.217076 -2.358302
v -1.861058 0.217076 -2.370849
v -2.566939 0.275947 -3.076730
v -1.903485 0.217076 -2.328423
v -1.890937 0.217076 -2.340971
v -2.596817 0.275947 -3.046851
v -1.889676 0.247318 -2.339710
v -1.896488 0.247318 -2.332897
v -2.602369 0.306189 -3.038778
v -3.069734 0.306189 -2.571413
v -3.062921 0.306189 -2.578225
v -2.357041 0.247318 -1.872344
v -3.077375 0.260488 -2.567583
v -3.034948 0.260488 -2.610009
v -2.329068 0.201617 -1.904129
v -1.861703 0.201617 -2.371494
v -1.904129 0.201617 -2.329068
v -2.610010 0.260488 -3.034948
v -2.566939 0.275947 -3.076730
v -1.861058 0.217076 -2.370849
v -1.861703 0.201617 -2.371494
v -2.749535 0.266396 -2.342429
v -2.770748 0.266396 -2.321216
v -2.774078 0.186535 -2.324546
v -2.770711 0.268162 -2.363605
v -2.749535 0.266396 -2.342429
v -2.752865 0.186535 -2.345759
v -2.791924 0.268162 -2.342392
v -2.770711 0.268162 -2.363605
v -2.774041 0.188301 -2.366936
v -2.770748 0.266396 -2.321216
v -2.791924 0.268162 -2.342392
v -2.795254 0.188301 -2.345722
v -2.770711 0.268162 -2.363605
v -2.791924 0.268162 -2.342392
v -2.770748 0.266396 -2.321216
v -2.342429 0.266396 -2.749534
v -2.345759 0.186535 -2.752864
v -2.324546 0.186535 -2.774078
v -2.363606 0.268162 -2.770711
v -2.366936 0.188301 -2.774041
v -2.345759 0.186535 -2.752864
v -2.342392 0.268162 -2.791924
v -2.345723 0.188301 -2.795254
v -2.366936 0.188301 -2.774041
v -2.321216 0.266396 -2.770747
v -2.324546 0.186535 -2.774078
v -2.345723 0.188301 -2.795254
v -2.363606 0.268162 -2.770711
v -2.342429 0.266396 -2.749534
v -2.321216 0.266396 -2.770747
v -2.175847 0.238480 -2.840528
v -2.840528 0.238480 -2.175847
v -2.843025 0.178584 -2.178345
v -2.274670 0.246722 -2.939351
v -2.175847 0.238480 -2.840528
v -2.178345 0.178584 -2.843025
v -2.939351 0.246722 -2.274670
v -2.274670 0.246722 -2.939351
v -2.277168 0.186826 -2.941848
v -2.840528 0.238480 -2.175847
v -2.939351 0.246722 -2.274670
v -2.941849 0.186826 -2.277168
v -2.274670 0.246722 -2.939351
v -2.939351 0.246722 -2.274670
v -2.840528 0.238480 -2.175847
v -2.178345 0.178584 -2.843025
v -2.843025 0.178584 -2.178345
v -2.941849 0.186826 -2.277168
v -3.064182 0.275947 -2.579486
v -3.076730 0.275947 -2.566938
v -2.370850 0.217076 -1.861058
v -3.034304 0.275947 -2.609365
v -3.046851 0.275947 -2.596817
v -2.340971 0.217076 -1.890937
v -3.069142 0.320383 -2.570821
v -2.363261 0.261513 -1.864940
v -2.332305 0.261513 -1.895896
v -3.038186 0.320383 -2.601776
v -2.332305 0.261513 -1.895896
v -2.332897 0.247318 -1.896488
v -2.596817 0.275947 -3.046851
v -1.890937 0.217076 -2.340971
v -1.889676 0.247318 -2.339710
v -2.370850 0.217076 -1.861058
v -3.076730 0.275947 -2.566938
v -3.077375 0.260488 -2.567583
v -2.610010 0.260488 -3.034948
v -1.904129 0.201617 -2.329068
v -1.903485 0.217076 -2.328423
v -2.602369 0.306189 -3.038778
v -1.896488 0.247318 -2.332897
v -1.895896 0.261513 -2.332305
v -2.926004 0.281114 -2.518899
v -2.947218 0.281114 -2.497686
v -2.950548 0.201252 -2.501016
v -2.947181 0.282880 -2.540076
v -2.926004 0.281114 -2.518899
v -2.929335 0.201252 -2.522229
v -2.968394 0.282880 -2.518862
v -2.947181 0.282880 -2.540076
v -2.950511 0.203018 -2.543406
v -2.947218 0.281114 -2.497686
v -2.968394 0.282880 -2.518862
v -2.971725 0.203018 -2.522192
v -2.947181 0.282880 -2.540076
v -2.968394 0.282880 -2.518862
v -2.947218 0.281114 -2.497686
v -2.518899 0.281114 -2.926004
v -2.522229 0.201252 -2.929335
v -2.501016 0.201252 -2.950548
v -2.540076 0.282880 -2.947181
v -2.543406 0.203018 -2.950511
v -2.522229 0.201252 -2.929335
v -2.518862 0.282880 -2.968394
v -2.522193 0.203018 -2.971724
v -2.543406 0.203018 -2.950511
v -2.497686 0.281114 -2.947217
v -2.501016 0.201252 -2.950548
v -2.522193 0.203018 -2.971724
v -2.540076 0.282880 -2.947181
v -2.518899 0.281114 -2.926004
v -2.497686 0.281114 -2.947217
v -2.352317 0.253197 -3.016998
v -3.016998 0.253197 -2.352317
v -3.019495 0.193302 -2.354815
v -2.451141 0.261439 -3.115821
v -2.352317 0.253197 -3.016998
v -2.354815 0.193302 -3.019495
v -3.115821 0.261439 -2.451140
v -2.451141 0.261439 -3.115821
v -2.453638 0.201543 -3.118319
v -3.016998 0.253197 -2.352317
v -3.115821 0.261439 -2.451140
v -3.118319 0.201543 -2.453638
v -2.451141 0.261439 -3.115821
v -3.115821 0.261439 -2.451140
v -3.016998 0.253197 -2.352317
v -2.354815 0.193302 -3.019495
v -3.019495 0.193302 -2.354815
v -3.118319 0.201543 -2.453638
v -3.751471 0.365060 -3.301436
v -3.744658 0.365060 -3.308249
v -3.038778 0.306189 -2.602368
v -3.273464 0.319358 -3.783255
v -3.272819 0.334817 -3.782610
v -2.566939 0.275947 -3.076730
v -2.570821 0.320383 -3.069141
v -2.571413 0.306189 -3.069733
v -3.277293 0.365060 -3.775614
v -3.768802 0.365060 -3.284105
v -3.770063 0.334817 -3.285366
v -3.064182 0.275947 -2.579486
v -3.740829 0.319358 -3.315890
v -3.034948 0.260488 -2.610009
v -3.077375 0.260488 -2.567583
v -3.038778 0.306189 -2.602368
v -3.744658 0.365060 -3.308249
v -3.744066 0.379254 -3.307657
v -3.046851 0.275947 -2.596817
v -3.752732 0.334817 -3.302697
v -3.751471 0.365060 -3.301436
v -2.567583 0.260488 -3.077374
v -2.610010 0.260488 -3.034948
v -3.315890 0.319358 -3.740829
v -3.740829 0.319358 -3.315890
v -3.740184 0.334817 -3.315245
v -3.034304 0.275947 -2.609365
v -3.102475 0.295831 -2.695369
v -3.123688 0.295831 -2.674156
v -3.127018 0.215970 -2.677486
v -3.123651 0.297597 -2.716545
v -3.102475 0.295831 -2.695369
v -3.105805 0.215970 -2.698699
v -3.144864 0.297597 -2.695332
v -3.123651 0.297597 -2.716545
v -3.126981 0.217736 -2.719876
v -3.123688 0.295831 -2.674156
v -3.144864 0.297597 -2.695332
v -3.148194 0.217736 -2.698662
v -3.123651 0.297597 -2.716545
v -3.144864 0.297597 -2.695332
v -3.123688 0.295831 -2.674156
v -2.695369 0.295831 -3.102475
v -2.698700 0.215970 -3.105805
v -2.677486 0.215970 -3.127018
v -2.716546 0.297597 -3.123651
v -2.719876 0.217736 -3.126981
v -2.698700 0.215970 -3.105805
v -2.695332 0.297597 -3.144864
v -2.698663 0.217736 -3.148194
v -2.719876 0.217736 -3.126981
v -2.674156 0.295831 -3.123688
v -2.677486 0.215970 -3.127018
v -2.698663 0.217736 -3.148194
v -2.716546 0.297597 -3.123651
v -2.695369 0.295831 -3.102475
v -2.674156 0.295831 -3.123688
v -2.528787 0.267915 -3.193468
v -3.193468 0.267915 -2.528787
v -3.195966 0.208019 -2.531285
v -2.627611 0.276157 -3.292291
v -2.528787 0.267915 -3.193468
v -2.531285 0.208019 -3.195965
v -3.292291 0.276157 -2.627610
v -2.627611 0.276157 -3.292291
v -2.630109 0.216261 -3.294789
v -3.193468 0.267915 -2.528787
v -3.292291 0.276157 -2.627610
v -3.294789 0.216261 -2.630108
v -2.627611 0.276157 -3.292291
v -3.292291 0.276157 -2.627610
v -3.193468 0.267915 -2.528787
v -2.531285 0.208019 -3.195965
v -3.195966 0.208019 -2.531285
v -3.294789 0.216261 -2.630108
v -3.307657 0.379254 -3.744066
v -2.601777 0.320383 -3.038186
v -2.570821 0.320383 -3.069141
v -2.571413 0.306189 -3.069733
v -2.578225 0.306189 -3.062921
v -3.284106 0.365060 -3.768801
v -2.602369 0.306189 -3.038778
v -3.308249 0.365060 -3.744658
v -3.301437 0.365060 -3.751470
v -3.744066 0.379254 -3.307657
v -3.775022 0.379254 -3.276701
v -3.069142 0.320383 -2.570821
v -3.278945 0.310549 -2.871839
v -3.300158 0.310549 -2.850626
v -3.303488 0.230688 -2.853956
v -3.300121 0.312315 -2.893016
v -3.278945 0.310549 -2.871839
v -3.282275 0.230688 -2.875170
v -3.321334 0.312315 -2.871802
v -3.300121 0.312315 -2.893016
v -3.303452 0.232454 -2.896346
v -3.300158 0.310549 -2.850626
v -3.321334 0.312315 -2.871802
v -3.324665 0.232454 -2.875133
v -3.300121 0.312315 -2.893016
v -3.321334 0.312315 -2.871802
v -3.300158 0.310549 -2.850626
v -2.871840 0.310549 -3.278944
v -2.875170 0.230688 -3.282275
v -2.853956 0.230688 -3.303488
v -2.893016 0.312315 -3.300121
v -2.896346 0.232454 -3.303451
v -2.875170 0.230688 -3.282275
v -2.871803 0.312315 -3.321334
v -2.875133 0.232454 -3.324664
v -2.896346 0.232454 -3.303451
v -2.850626 0.310549 -3.300158
v -2.853956 0.230688 -3.303488
v -2.875133 0.232454 -3.324664
v -2.893016 0.312315 -3.300121
v -2.871840 0.310549 -3.278944
v -2.850626 0.310549 -3.300158
v -2.705257 0.282633 -3.369938
v -3.369938 0.282633 -2.705257
v -3.372436 0.222737 -2.707755
v -2.804081 0.290875 -3.468761
v -2.705257 0.282633 -3.369938
v -2.707755 0.222737 -3.372435
v -3.468761 0.290875 -2.804081
v -2.804081 0.290875 -3.468761
v -2.806579 0.230979 -3.471259
v -3.369938 0.282633 -2.705257
v -3.468761 0.290875 -2.804081
v -3.471259 0.230979 -2.806578
v -2.804081 0.290875 -3.468761
v -3.468761 0.290875 -2.804081
v -3.369938 0.282633 -2.705257
v -2.707755 0.222737 -3.372435
v -3.372436 0.222737 -2.707755
v -3.471259 0.230979 -2.806578
v -3.301437 0.365060 -3.751470
v -3.302698 0.334817 -3.752731
v -2.596817 0.275947 -3.046851
v -3.775614 0.365060 -3.277293
v -3.069734 0.306189 -2.571413
v -3.069142 0.320383 -2.570821
v -2.578225 0.306189 -3.062921
v -2.579486 0.275947 -3.064182
v -3.285367 0.334817 -3.770062
v -3.455415 0.325267 -3.048309
v -3.476628 0.325267 -3.027096
v -3.479958 0.245405 -3.030426
v -3.476591 0.327033 -3.069486
v -3.455415 0.325267 -3.048309
v -3.458745 0.245405 -3.051640
v -3.497804 0.327033 -3.048272
v -3.476591 0.327033 -3.069486
v -3.479921 0.247171 -3.072816
v -3.476628 0.325267 -3.027096
v -3.497804 0.327033 -3.048272
v -3.501135 0.247171 -3.051603
v -3.476591 0.327033 -3.069486
v -3.497804 0.327033 -3.048272
v -3.476628 0.325267 -3.027096
v -3.048310 0.325267 -3.455415
v -3.051640 0.245405 -3.458745
v -3.030427 0.245405 -3.479958
v -3.069486 0.327033 -3.476591
v -3.072816 0.247171 -3.479921
v -3.051640 0.245405 -3.458745
v -3.048273 0.327033 -3.497804
v -3.051603 0.247171 -3.501134
v -3.072816 0.247171 -3.479921
v -3.027096 0.325267 -3.476628
v -3.030427 0.245405 -3.479958
v -3.051603 0.247171 -3.501134
v -3.069486 0.327033 -3.476591
v -3.048310 0.325267 -3.455415
v -3.027096 0.325267 -3.476628
v -2.881727 0.297351 -3.546408
v -3.546408 0.297351 -2.881727
v -3.548906 0.237455 -2.884225
v -2.980551 0.305592 -3.645231
v -2.881727 0.297351 -3.546408
v -2.884225 0.237455 -3.548905
v -3.645231 0.305592 -2.980551
v -2.980551 0.305592 -3.645231
v -2.983049 0.245697 -3.647729
v -3.546408 0.297351 -2.881727
v -3.645231 0.305592 -2.980551
v -3.647729 0.245697 -2.983048
v -2.980551 0.305592 -3.645231
v -3.645231 0.305592 -2.980551
v -3.546408 0.297351 -2.881727
v -2.884225 0.237455 -3.548905
v -3.548906 0.237455 -2.884225
v -3.647729 0.245697 -2.983048
v -3.768802 0.365060 -3.284105
v -3.062921 0.306189 -2.578225
v -3.069734 0.306189 -2.571413
v -3.782610 0.334817 -3.272819
v -3.076730 0.275947 -2.566938
v -3.064182 0.275947 -2.579486
v -3.308249 0.365060 -3.744658
v -2.602369 0.306189 -3.038778
v -2.601777 0.320383 -3.038186
v -2.609365 0.275947 -3.034303
v -3.315245 0.334817 -3.740184
v -3.315890 0.319358 -3.740829
v -3.740184 0.334817 -3.315245
v -3.752732 0.334817 -3.302697
v -3.046851 0.275947 -2.596817
v -3.077375 0.260488 -2.567583
v -3.076730 0.275947 -2.566938
v -3.782610 0.334817 -3.272819
v -2.609365 0.275947 -3.034303
v -2.596817 0.275947 -3.046851
v -3.302698 0.334817 -3.752731
v -2.579486 0.275947 -3.064182
v -2.566939 0.275947 -3.076730
v -3.272819 0.334817 -3.782610
v -3.631885 0.339984 -3.224779
v -3.653098 0.339984 -3.203566
v -3.656429 0.260123 -3.206896
v -3.653061 0.341750 -3.245956
v -3.631885 0.339984 -3.224779
v -3.635215 0.260123 -3.228110
v -3.674274 0.341750 -3.224742
v -3.653061 0.341750 -3.245956
v -3.656392 0.261889 -3.249286
v -3.653098 0.339984 -3.203566
v -3.674274 0.341750 -3.224742
v -3.677605 0.261889 -3.228073
v -3.653061 0.341750 -3.245956
v -3.674274 0.341750 -3.224742
v -3.653098 0.339984 -3.203566
v -3.224780 0.339984 -3.631885
v -3.228110 0.260123 -3.635215
v -3.206897 0.260123 -3.656428
v -3.245956 0.341750 -3.653061
v -3.249286 0.261889 -3.656391
v -3.228110 0.260123 -3.635215
v -3.224743 0.341750 -3.674274
v -3.228073 0.261889 -3.677604
v -3.249286 0.261889 -3.656391
v -3.203567 0.339984 -3.653098
v -3.206897 0.260123 -3.656428
v -3.228073 0.261889 -3.677604
v -3.245956 0.341750 -3.653061
v -3.224780 0.339984 -3.631885
v -3.203567 0.339984 -3.653098
v -3.058197 0.312068 -3.722878
v -3.722878 0.312068 -3.058197
v -3.725376 0.252172 -3.060695
v -3.157021 0.320310 -3.821701
v -3.058197 0.312068 -3.722878
v -3.060695 0.252172 -3.725375
v -3.821702 0.320310 -3.157021
v -3.157021 0.320310 -3.821701
v -3.159519 0.260414 -3.824199
v -3.722878 0.312068 -3.058197
v -3.821702 0.320310 -3.157021
v -3.824199 0.260414 -3.159518
v -3.157021 0.320310 -3.821701
v -3.821702 0.320310 -3.157021
v -3.722878 0.312068 -3.058197
v -3.060695 0.252172 -3.725375
v -3.725376 0.252172 -3.060695
v -3.824199 0.260414 -3.159518
v -3.307657 0.379254 -3.744066
v -3.276701 0.379254 -3.775022
v -3.982582 0.438125 -4.480902
v -3.315890 0.319358 -3.740829
v -4.021770 0.378229 -4.446709
v -3.979344 0.378229 -4.489135
v -4.446709 0.378229 -4.021770
v -4.446064 0.393688 -4.021125
v -3.740184 0.334817 -3.315245
v -3.285367 0.334817 -3.770062
v -3.991247 0.393688 -4.475943
v -3.989986 0.423931 -4.474681
v -4.481494 0.423931 -3.983173
v -4.474682 0.423931 -3.989985
v -3.768802 0.365060 -3.284105
v -3.979344 0.378229 -4.489135
v -3.978699 0.393688 -4.488490
v -3.272819 0.334817 -3.782610
v -3.808355 0.354702 -3.401250
v -3.829568 0.354702 -3.380036
v -3.832899 0.274841 -3.383367
v -3.829531 0.356468 -3.422426
v -3.808355 0.354702 -3.401250
v -3.811686 0.274841 -3.404580
v -3.850744 0.356468 -3.401212
v -3.829531 0.356468 -3.422426
v -3.832861 0.276607 -3.425756
v -3.829568 0.354702 -3.380036
v -3.850744 0.356468 -3.401212
v -3.854075 0.276607 -3.404543
v -3.829531 0.356468 -3.422426
v -3.850744 0.356468 -3.401212
v -3.829568 0.354702 -3.380036
v -3.401250 0.354702 -3.808355
v -3.404580 0.274841 -3.811685
v -3.383367 0.274841 -3.832898
v -3.422426 0.356468 -3.829531
v -3.425756 0.276607 -3.832861
v -3.404580 0.274841 -3.811685
v -3.401213 0.356468 -3.850744
v -3.404543 0.276607 -3.854074
v -3.425756 0.276607 -3.832861
v -3.380037 0.354702 -3.829568
v -3.383367 0.274841 -3.832898
v -3.404543 0.276607 -3.854074
v -3.422426 0.356468 -3.829531
v -3.401250 0.354702 -3.808355
v -3.380037 0.354702 -3.829568
v -3.234668 0.326786 -3.899348
v -3.899348 0.326786 -3.234667
v -3.901846 0.266890 -3.237165
v -3.333491 0.335028 -3.998171
v -3.234668 0.326786 -3.899348
v -3.237165 0.266890 -3.901845
v -3.998172 0.335028 -3.333491
v -3.333491 0.335028 -3.998171
v -3.335989 0.275132 -4.000669
v -3.899348 0.326786 -3.234667
v -3.998172 0.335028 -3.333491
v -4.000669 0.275132 -3.335989
v -3.333491 0.335028 -3.998171
v -3.998172 0.335028 -3.333491
v -3.899348 0.326786 -3.234667
v -3.237165 0.266890 -3.901845
v -3.901846 0.266890 -3.237165
v -4.000669 0.275132 -3.335989
v -3.752732 0.334817 -3.302697
v -4.458612 0.393688 -4.008578
v -4.457351 0.423931 -4.007317
v -3.744658 0.365060 -3.308249
v -4.450539 0.423931 -4.014129
v -4.449947 0.438125 -4.013537
v -3.315245 0.334817 -3.740184
v -3.302698 0.334817 -3.752731
v -4.008578 0.393688 -4.458611
v -4.480903 0.438125 -3.982581
v -4.481494 0.423931 -3.983173
v -3.775614 0.365060 -3.277293
v -3.984825 0.369420 -3.577720
v -4.006039 0.369420 -3.556506
v -4.009369 0.289558 -3.559837
v -4.006001 0.371186 -3.598896
v -3.984825 0.369420 -3.577720
v -3.988155 0.289558 -3.581050
v -4.027215 0.371186 -3.577682
v -4.006001 0.371186 -3.598896
v -4.009332 0.291324 -3.602226
v -4.006039 0.369420 -3.556506
v -4.027215 0.371186 -3.577682
v -4.030545 0.291324 -3.581013
v -4.006001 0.371186 -3.598896
v -4.027215 0.371186 -3.577682
v -4.006039 0.369420 -3.556506
v -3.577720 0.369420 -3.984825
v -3.581050 0.289558 -3.988155
v -3.559837 0.289558 -4.009368
v -3.598896 0.371186 -4.006001
v -3.602226 0.291324 -4.009331
v -3.581050 0.289558 -3.988155
v -3.577683 0.371186 -4.027215
v -3.581013 0.291324 -4.030545
v -3.602226 0.291324 -4.009331
v -3.556507 0.369420 -4.006038
v -3.559837 0.289558 -4.009368
v -3.581013 0.291324 -4.030545
v -3.598896 0.371186 -4.006001
v -3.577720 0.369420 -3.984825
v -3.556507 0.369420 -4.006038
v -3.411138 0.341504 -4.075818
v -4.075818 0.341504 -3.411138
v -4.078316 0.281608 -3.413635
v -3.509961 0.349746 -4.174641
v -3.411138 0.341504 -4.075818
v -3.413635 0.281608 -4.078316
v -4.174642 0.349746 -3.509961
v -3.509961 0.349746 -4.174641
v -3.512459 0.289850 -4.177139
v -4.075818 0.341504 -3.411138
v -4.174642 0.349746 -3.509961
v -4.177139 0.289850 -3.512459
v -3.509961 0.349746 -4.174641
v -4.174642 0.349746 -3.509961
v -4.075818 0.341504 -3.411138
v -3.413635 0.281608 -4.078316
v -4.078316 0.281608 -3.413635
v -4.177139 0.289850 -3.512459
v -4.014129 0.423931 -4.450538
v -3.308249 0.365060 -3.744658
v -3.307657 0.379254 -3.744066
v -3.277293 0.365060 -3.775614
v -3.284106 0.365060 -3.768801
v -3.989986 0.423931 -4.474681
v -4.007317 0.423931 -4.457350
v -4.008578 0.393688 -4.458611
v -3.302698 0.334817 -3.752731
v -4.161295 0.384137 -3.754190
v -4.182508 0.384137 -3.732976
v -4.185839 0.304276 -3.736307
v -4.182472 0.385903 -3.775366
v -4.161295 0.384137 -3.754190
v -4.164626 0.304276 -3.757520
v -4.203685 0.385903 -3.754153
v -4.182472 0.385903 -3.775366
v -4.185802 0.306042 -3.778696
v -4.182508 0.384137 -3.732976
v -4.203685 0.385903 -3.754153
v -4.207015 0.306042 -3.757483
v -4.182472 0.385903 -3.775366
v -4.203685 0.385903 -3.754153
v -4.182508 0.384137 -3.732976
v -3.754190 0.384137 -4.161295
v -3.757520 0.304276 -4.164625
v -3.736307 0.304276 -4.185839
v -3.775366 0.385903 -4.182471
v -3.778697 0.306042 -4.185802
v -3.757520 0.304276 -4.164625
v -3.754153 0.385903 -4.203684
v -3.757483 0.306042 -4.207015
v -3.778697 0.306042 -4.185802
v -3.732977 0.384137 -4.182508
v -3.736307 0.304276 -4.185839
v -3.757483 0.306042 -4.207015
v -3.775366 0.385903 -4.182471
v -3.754190 0.384137 -4.161295
v -3.732977 0.384137 -4.182508
v -3.587608 0.356221 -4.252288
v -4.252288 0.356221 -3.587608
v -4.254786 0.296325 -3.590105
v -3.686431 0.364463 -4.351111
v -3.587608 0.356221 -4.252288
v -3.590106 0.296325 -4.254786
v -4.351112 0.364463 -3.686431
v -3.686431 0.364463 -4.351111
v -3.688929 0.304567 -4.353609
v -4.252288 0.356221 -3.587608
v -4.351112 0.364463 -3.686431
v -4.353610 0.304567 -3.688929
v -3.686431 0.364463 -4.351111
v -4.351112 0.364463 -3.686431
v -4.252288 0.356221 -3.587608
v -3.590106 0.296325 -4.254786
v -4.254786 0.296325 -3.590105
v -4.353610 0.304567 -3.688929
v -3.315890 0.319358 -3.740829
v -3.315245 0.334817 -3.740184
v -4.021126 0.393688 -4.446064
v -3.782610 0.334817 -3.272819
v -4.488491 0.393688 -3.978699
v -4.489135 0.378229 -3.979343
v -4.475943 0.393688 -3.991246
v -3.770063 0.334817 -3.285366
v -3.768802 0.365060 -3.284105
v -3.276701 0.379254 -3.775022
v -3.277293 0.365060 -3.775614
v -3.983174 0.423931 -4.481494
v -4.475943 0.393688 -3.991246
v -4.488491 0.393688 -3.978699
v -3.782610 0.334817 -3.272819
v -4.446064 0.393688 -4.021125
v -4.458612 0.393688 -4.008578
v -3.752732 0.334817 -3.302697
v -3.272819 0.334817 -3.782610
v -3.978699 0.393688 -4.488490
v -3.991247 0.393688 -4.475943
v -4.449947 0.438125 -4.013537
v -4.480903 0.438125 -3.982581
v -3.775022 0.379254 -3.276701
v -3.308249 0.365060 -3.744658
v -4.014129 0.423931 -4.450538
v -4.007317 0.423931 -4.457350
v -4.457351 0.423931 -4.007317
v -4.450539 0.423931 -4.014129
v -3.744658 0.365060 -3.308249
v -4.489135 0.378229 -3.979343
v -4.446709 0.378229 -4.021770
v -3.740829 0.319358 -3.315890
v -4.337766 0.398855 -3.930660
v -4.358979 0.398855 -3.909446
v -4.362309 0.318994 -3.912777
v -4.358942 0.400621 -3.951836
v -4.337766 0.398855 -3.930660
v -4.341096 0.318994 -3.933990
v -4.380155 0.400621 -3.930623
v -4.358942 0.400621 -3.951836
v -4.362272 0.320760 -3.955166
v -4.358979 0.398855 -3.909446
v -4.380155 0.400621 -3.930623
v -4.383485 0.320760 -3.933953
v -4.358942 0.400621 -3.951836
v -4.380155 0.400621 -3.930623
v -4.358979 0.398855 -3.909446
v -3.930660 0.398855 -4.337765
v -3.933990 0.318994 -4.341095
v -3.912777 0.318994 -4.362309
v -3.951837 0.400621 -4.358942
v -3.955167 0.320760 -4.362272
v -3.933990 0.318994 -4.341095
v -3.930623 0.400621 -4.380155
v -3.933954 0.320760 -4.383485
v -3.955167 0.320760 -4.362272
v -3.909447 0.398855 -4.358978
v -3.912777 0.318994 -4.362309
v -3.933954 0.320760 -4.383485
v -3.951837 0.400621 -4.358942
v -3.930660 0.398855 -4.337765
v -3.909447 0.398855 -4.358978
v -3.764078 0.370939 -4.428758
v -4.428759 0.370939 -3.764078
v -4.431256 0.311043 -3.766575
v -3.862902 0.379181 -4.527582
v -3.764078 0.370939 -4.428758
v -3.766576 0.311043 -4.431256
v -4.527582 0.379181 -3.862901
v -3.862902 0.379181 -4.527582
v -3.865399 0.319285 -4.530079
v -4.428759 0.370939 -3.764078
v -4.527582 0.379181 -3.862901
v -4.530080 0.319285 -3.865399
v -3.862902 0.379181 -4.527582
v -4.527582 0.379181 -3.862901
v -4.428759 0.370939 -3.764078
v -3.766576 0.311043 -4.431256
v -4.431256 0.311043 -3.766575
v -4.530080 0.319285 -3.865399
v -3.991247 0.393688 -4.475943
v -3.978699 0.393688 -4.488490
v -4.684580 0.452559 -5.194371
v -4.458612 0.393688 -4.008578
v -5.164493 0.452559 -4.714458
v -5.163231 0.482801 -4.713197
v -5.156419 0.482801 -4.720009
v -4.450539 0.423931 -4.014129
v -4.457351 0.423931 -4.007317
v -4.007317 0.423931 -4.457350
v -4.014129 0.423931 -4.450538
v -4.720010 0.482801 -5.156419
v -4.021770 0.378229 -4.446709
v -4.727651 0.437100 -5.152589
v -4.685225 0.437100 -5.195015
v -4.713198 0.482801 -5.163231
v -4.714459 0.452559 -5.164492
v -4.008578 0.393688 -4.458611
v -5.186783 0.496996 -4.688462
v -5.187375 0.482801 -4.689054
v -4.481494 0.423931 -3.983173
v -5.181824 0.452559 -4.697127
v -5.194371 0.452559 -4.684579
v -4.488491 0.393688 -3.978699
v -3.983174 0.423931 -4.481494
v -4.689054 0.482801 -5.187375
v -4.688462 0.496996 -5.186783
v -4.514235 0.413573 -4.107130
v -4.535449 0.413573 -4.085917
v -4.538779 0.333711 -4.089247
v -4.535412 0.415339 -4.128306
v -4.514235 0.413573 -4.107130
v -4.517566 0.333711 -4.110460
v -4.556625 0.415339 -4.107093
v -4.535412 0.415339 -4.128306
v -4.538742 0.335478 -4.131636
v -4.535449 0.413573 -4.085917
v -4.556625 0.415339 -4.107093
v -4.559955 0.335478 -4.110423
v -4.535412 0.415339 -4.128306
v -4.556625 0.415339 -4.107093
v -4.535449 0.413573 -4.085917
v -4.107130 0.413573 -4.514235
v -4.110460 0.333711 -4.517566
v -4.089247 0.333711 -4.538779
v -4.128306 0.415339 -4.535411
v -4.131637 0.335478 -4.538742
v -4.110460 0.333711 -4.517566
v -4.107093 0.415339 -4.556624
v -4.110423 0.335478 -4.559955
v -4.131637 0.335478 -4.538742
v -4.085917 0.413573 -4.535449
v -4.089247 0.333711 -4.538779
v -4.110423 0.335478 -4.559955
v -4.128306 0.415339 -4.535411
v -4.107130 0.413573 -4.514235
v -4.085917 0.413573 -4.535449
v -3.940548 0.385657 -4.605228
v -4.605228 0.385657 -3.940548
v -4.607726 0.325761 -3.943046
v -4.039371 0.393899 -4.704051
v -3.940548 0.385657 -4.605228
v -3.943046 0.325761 -4.607726
v -4.704052 0.393899 -4.039371
v -4.039371 0.393899 -4.704051
v -4.041869 0.334003 -4.706549
v -4.605228 0.385657 -3.940548
v -4.704052 0.393899 -4.039371
v -4.706550 0.334003 -4.041869
v -4.039371 0.393899 -4.704051
v -4.704052 0.393899 -4.039371
v -4.605228 0.385657 -3.940548
v -3.943046 0.325761 -4.607726
v -4.607726 0.325761 -3.943046
v -4.706550 0.334003 -4.041869
v -5.187375 0.482801 -4.689054
v -5.180562 0.482801 -4.695866
v -4.474682 0.423931 -3.989985
v -4.719418 0.496996 -5.155827
v -4.013537 0.438125 -4.449946
v -3.982582 0.438125 -4.480902
v -3.989986 0.423931 -4.474681
v -4.695867 0.482801 -5.180562
v -4.689054 0.482801 -5.187375
v -4.450539 0.423931 -4.014129
v -5.156419 0.482801 -4.720009
v -5.155828 0.496996 -4.719418
v -4.685225 0.437100 -5.195015
v -4.684580 0.452559 -5.194371
v -3.978699 0.393688 -4.488490
v -4.690706 0.428290 -4.283600
v -4.711919 0.428290 -4.262386
v -4.715249 0.348429 -4.265717
v -4.711882 0.430057 -4.304776
v -4.690706 0.428290 -4.283600
v -4.694036 0.348429 -4.286930
v -4.733095 0.430057 -4.283563
v -4.711882 0.430057 -4.304776
v -4.715212 0.350195 -4.308106
v -4.711919 0.428290 -4.262386
v -4.733095 0.430057 -4.283563
v -4.736425 0.350195 -4.286893
v -4.711882 0.430057 -4.304776
v -4.733095 0.430057 -4.283563
v -4.711919 0.428290 -4.262386
v -4.283600 0.428290 -4.690705
v -4.286931 0.348429 -4.694036
v -4.265718 0.348429 -4.715249
v -4.304777 0.430057 -4.711882
v -4.308107 0.350195 -4.715212
v -4.286931 0.348429 -4.694036
v -4.283564 0.430057 -4.733095
v -4.286894 0.350195 -4.736425
v -4.308107 0.350195 -4.715212
v -4.262387 0.428290 -4.711918
v -4.265718 0.348429 -4.715249
v -4.286894 0.350195 -4.736425
v -4.304777 0.430057 -4.711882
v -4.283600 0.428290 -4.690705
v -4.262387 0.428290 -4.711918
v -4.117018 0.400374 -4.781698
v -4.781699 0.400374 -4.117018
v -4.784196 0.340478 -4.119515
v -4.215842 0.408616 -4.880522
v -4.117018 0.400374 -4.781698
v -4.119516 0.340478 -4.784196
v -4.880522 0.408616 -4.215841
v -4.215842 0.408616 -4.880522
v -4.218339 0.348720 -4.883019
v -4.781699 0.400374 -4.117018
v -4.880522 0.408616 -4.215841
v -4.883020 0.348720 -4.218339
v -4.215842 0.408616 -4.880522
v -4.880522 0.408616 -4.215841
v -4.781699 0.400374 -4.117018
v -4.119516 0.340478 -4.784196
v -4.784196 0.340478 -4.119515
v -4.883020 0.348720 -4.218339
v -5.152590 0.437100 -4.727651
v -4.446709 0.378229 -4.021770
v -4.489135 0.378229 -3.979343
v -4.021126 0.393688 -4.446064
v -4.008578 0.393688 -4.458611
v -4.714459 0.452559 -5.164492
v -5.164493 0.452559 -4.714458
v -4.458612 0.393688 -4.008578
v -4.446064 0.393688 -4.021125
v -4.867176 0.443008 -4.460070
v -4.888389 0.443008 -4.438857
v -4.891719 0.363147 -4.442187
v -4.888352 0.444774 -4.481246
v -4.867176 0.443008 -4.460070
v -4.870506 0.363147 -4.463400
v -4.909565 0.444774 -4.460033
v -4.888352 0.444774 -4.481246
v -4.891682 0.364913 -4.484577
v -4.888389 0.443008 -4.438857
v -4.909565 0.444774 -4.460033
v -4.912895 0.364913 -4.463364
v -4.888352 0.444774 -4.481246
v -4.909565 0.444774 -4.460033
v -4.888389 0.443008 -4.438857
v -4.460071 0.443008 -4.867176
v -4.463401 0.363147 -4.870506
v -4.442187 0.363147 -4.891719
v -4.481246 0.444774 -4.888352
v -4.484577 0.364913 -4.891682
v -4.463401 0.363147 -4.870506
v -4.460033 0.444774 -4.909565
v -4.463364 0.364913 -4.912895
v -4.484577 0.364913 -4.891682
v -4.438857 0.443008 -4.888389
v -4.442187 0.363147 -4.891719
v -4.463364 0.364913 -4.912895
v -4.481246 0.444774 -4.888352
v -4.460071 0.443008 -4.867176
v -4.438857 0.443008 -4.888389
v -4.293489 0.415092 -4.958169
v -4.958169 0.415092 -4.293488
v -4.960667 0.355196 -4.295986
v -4.392312 0.423334 -5.056992
v -4.293489 0.415092 -4.958169
v -4.295986 0.355196 -4.960666
v -5.056993 0.423334 -4.392312
v -4.392312 0.423334 -5.056992
v -4.394810 0.363438 -5.059490
v -4.958169 0.415092 -4.293488
v -5.056993 0.423334 -4.392312
v -5.059490 0.363438 -4.394809
v -4.392312 0.423334 -5.056992
v -5.056993 0.423334 -4.392312
v -4.958169 0.415092 -4.293488
v -4.295986 0.355196 -4.960666
v -4.960667 0.355196 -4.295986
v -5.059490 0.363438 -4.394809
v -5.151945 0.452559 -4.727006
v -4.446064 0.393688 -4.021125
v -4.446709 0.378229 -4.021770
v -4.720010 0.482801 -5.156419
v -4.014129 0.423931 -4.450538
v -4.013537 0.438125 -4.449946
v -4.489135 0.378229 -3.979343
v -4.488491 0.393688 -3.978699
v -5.194371 0.452559 -4.684579
v -4.727651 0.437100 -5.152589
v -4.021770 0.378229 -4.446709
v -4.021126 0.393688 -4.446064
v -5.155828 0.496996 -4.719418
v -5.186783 0.496996 -4.688462
v -4.480903 0.438125 -3.982581
v -3.989986 0.423931 -4.474681
v -3.991247 0.393688 -4.475943
v -4.697128 0.452559 -5.181823
v -5.180562 0.482801 -4.695866
v -5.181824 0.452559 -4.697127
v -4.475943 0.393688 -3.991246
v -5.043646 0.457726 -4.636540
v -5.064859 0.457726 -4.615327
v -5.068189 0.377865 -4.618657
v -5.064822 0.459492 -4.657716
v -5.043646 0.457726 -4.636540
v -5.046976 0.377865 -4.639870
v -5.086035 0.459492 -4.636503
v -5.064822 0.459492 -4.657716
v -5.068152 0.379631 -4.661047
v -5.064859 0.457726 -4.615327
v -5.086035 0.459492 -4.636503
v -5.089365 0.379631 -4.639833
v -5.064822 0.459492 -4.657716
v -5.086035 0.459492 -4.636503
v -5.064859 0.457726 -4.615327
v -4.636540 0.457726 -5.043645
v -4.639871 0.377865 -5.046976
v -4.618657 0.377865 -5.068189
v -4.657717 0.459492 -5.064822
v -4.661047 0.379631 -5.068152
v -4.639871 0.377865 -5.046976
v -4.636503 0.459492 -5.086035
v -4.639833 0.379631 -5.089365
v -4.661047 0.379631 -5.068152
v -4.615327 0.457726 -5.064858
v -4.618657 0.377865 -5.068189
v -4.639833 0.379631 -5.089365
v -4.657717 0.459492 -5.064822
v -4.636540 0.457726 -5.043645
v -4.615327 0.457726 -5.064858
v -4.469958 0.429810 -5.134638
v -5.134639 0.429810 -4.469958
v -5.137136 0.369914 -4.472456
v -4.568782 0.438052 -5.233462
v -4.469958 0.429810 -5.134638
v -4.472456 0.369914 -5.137136
v -5.233462 0.438052 -4.568781
v -4.568782 0.438052 -5.233462
v -4.571280 0.378156 -5.235960
v -5.134639 0.429810 -4.469958
v -5.233462 0.438052 -4.568781
v -5.235960 0.378156 -4.571279
v -4.568782 0.438052 -5.233462
v -5.233462 0.438052 -4.568781
v -5.134639 0.429810 -4.469958
v -4.472456 0.369914 -5.137136
v -5.137136 0.369914 -4.472456
v -5.235960 0.378156 -4.571279
v -4.727006 0.452559 -5.151945
v -5.432887 0.511430 -5.857825
v -5.433531 0.495971 -5.858469
v -5.869112 0.541672 -5.419077
v -5.862299 0.541672 -5.425889
v -5.156419 0.482801 -4.720009
v -5.391105 0.495971 -5.900896
v -5.390460 0.511430 -5.900251
v -4.684580 0.452559 -5.194371
v -4.727006 0.452559 -5.151945
v -4.714459 0.452559 -5.164492
v -5.420339 0.511430 -5.870372
v -4.697128 0.452559 -5.181823
v -4.684580 0.452559 -5.194371
v -5.390460 0.511430 -5.900251
v -4.697128 0.452559 -5.181823
v -5.403008 0.511430 -5.887703
v -5.401747 0.541672 -5.886442
v -5.163231 0.482801 -4.713197
v -5.164493 0.452559 -4.714458
v -5.870373 0.511430 -5.420339
v -5.425298 0.555866 -5.861707
v -5.425890 0.541672 -5.862299
v -4.720010 0.482801 -5.156419
v -4.688462 0.496996 -5.186783
v -5.394342 0.555866 -5.892663
v -5.425298 0.555866 -5.861707
v -5.887704 0.511430 -5.403008
v -5.900251 0.511430 -5.390460
v -5.194371 0.452559 -4.684579
v -5.857825 0.511430 -5.432886
v -5.151945 0.452559 -4.727006
v -5.152590 0.437100 -4.727651
v -5.220116 0.472443 -4.813010
v -5.241329 0.472443 -4.791797
v -5.244659 0.392582 -4.795127
v -5.241292 0.474210 -4.834187
v -5.220116 0.472443 -4.813010
v -5.223446 0.392582 -4.816340
v -5.262506 0.474210 -4.812973
v -5.241292 0.474210 -4.834187
v -5.244623 0.394348 -4.837517
v -5.241329 0.472443 -4.791797
v -5.262506 0.474210 -4.812973
v -5.265836 0.394348 -4.816303
v -5.241292 0.474210 -4.834187
v -5.262506 0.474210 -4.812973
v -5.241329 0.472443 -4.791797
v -4.813011 0.472443 -5.220116
v -4.816341 0.392582 -5.223446
v -4.795128 0.392582 -5.244659
v -4.834187 0.474210 -5.241292
v -4.837517 0.394348 -5.244622
v -4.816341 0.392582 -5.223446
v -4.812974 0.474210 -5.262505
v -4.816304 0.394348 -5.265835
v -4.837517 0.394348 -5.244622
v -4.791798 0.472443 -5.241329
v -4.795128 0.392582 -5.244659
v -4.816304 0.394348 -5.265835
v -4.834187 0.474210 -5.241292
v -4.813011 0.472443 -5.220116
v -4.791798 0.472443 -5.241329
v -4.646429 0.444527 -5.311109
v -5.311109 0.444527 -4.646428
v -5.313607 0.384631 -4.648926
v -4.745252 0.452769 -5.409932
v -4.646429 0.444527 -5.311109
v -4.648926 0.384631 -5.313606
v -5.409933 0.452769 -4.745252
v -4.745252 0.452769 -5.409932
v -4.747750 0.392873 -5.412430
v -5.311109 0.444527 -4.646428
v -5.409933 0.452769 -4.745252
v -5.412430 0.392873 -4.747749
v -4.745252 0.452769 -5.409932
v -5.409933 0.452769 -4.745252
v -5.311109 0.444527 -4.646428
v -4.648926 0.384631 -5.313606
v -5.313607 0.384631 -4.648926
v -5.412430 0.392873 -4.747749
v -4.689054 0.482801 -5.187375
v -4.695867 0.482801 -5.180562
v -5.401747 0.541672 -5.886442
v -5.396586 0.487161 -4.989480
v -5.417799 0.487161 -4.968267
v -5.421130 0.407300 -4.971598
v -5.417762 0.488927 -5.010656
v -5.396586 0.487161 -4.989480
v -5.399917 0.407300 -4.992811
v -5.438975 0.488927 -4.989443
v -5.417762 0.488927 -5.010656
v -5.421093 0.409066 -5.013987
v -5.417799 0.487161 -4.968267
v -5.438975 0.488927 -4.989443
v -5.442306 0.409066 -4.992773
v -5.417762 0.488927 -5.010656
v -5.438975 0.488927 -4.989443
v -5.417799 0.487161 -4.968267
v -4.989481 0.487161 -5.396586
v -4.992811 0.407300 -5.399916
v -4.971598 0.407300 -5.421129
v -5.010657 0.488927 -5.417762
v -5.013987 0.409066 -5.421092
v -4.992811 0.407300 -5.399916
v -4.989444 0.488927 -5.438975
v -4.992774 0.409066 -5.442305
v -5.013987 0.409066 -5.421092
v -4.968267 0.487161 -5.417799
v -4.971598 0.407300 -5.421129
v -4.992774 0.409066 -5.442305
v -5.010657 0.488927 -5.417762
v -4.989481 0.487161 -5.396586
v -4.968267 0.487161 -5.417799
v -4.822898 0.459245 -5.487579
v -5.487579 0.459245 -4.822898
v -5.490077 0.399349 -4.825396
v -4.921722 0.467487 -5.586402
v -4.822898 0.459245 -5.487579
v -4.825396 0.399349 -5.490077
v -5.586402 0.467487 -4.921721
v -4.921722 0.467487 -5.586402
v -4.924220 0.407591 -5.588900
v -5.487579 0.459245 -4.822898
v -5.586402 0.467487 -4.921721
v -5.588900 0.407591 -4.924219
v -4.921722 0.467487 -5.586402
v -5.586402 0.467487 -4.921721
v -5.487579 0.459245 -4.822898
v -4.825396 0.399349 -5.490077
v -5.490077 0.399349 -4.825396
v -5.588900 0.407591 -4.924219
v -4.685225 0.437100 -5.195015
v -4.727651 0.437100 -5.152589
v -5.433531 0.495971 -5.858469
v -5.857825 0.511430 -5.432886
v -5.870373 0.511430 -5.420339
v -5.164493 0.452559 -4.714458
v -5.419078 0.541672 -5.869111
v -5.420339 0.511430 -5.870372
v -4.714459 0.452559 -5.164492
v -5.573056 0.501879 -5.165950
v -5.594269 0.501879 -5.144737
v -5.597600 0.422018 -5.148067
v -5.594233 0.503645 -5.187127
v -5.573056 0.501879 -5.165950
v -5.576386 0.422018 -5.169281
v -5.615446 0.503645 -5.165914
v -5.594233 0.503645 -5.187127
v -5.597563 0.423784 -5.190457
v -5.594269 0.501879 -5.144737
v -5.615446 0.503645 -5.165914
v -5.618776 0.423784 -5.169244
v -5.594233 0.503645 -5.187127
v -5.615446 0.503645 -5.165914
v -5.594269 0.501879 -5.144737
v -5.165951 0.501879 -5.573056
v -5.169281 0.422018 -5.576386
v -5.148067 0.422018 -5.597599
v -5.187127 0.503645 -5.594232
v -5.190457 0.423784 -5.597562
v -5.169281 0.422018 -5.576386
v -5.165914 0.503645 -5.615445
v -5.169244 0.423784 -5.618775
v -5.190457 0.423784 -5.597562
v -5.144737 0.501879 -5.594269
v -5.148067 0.422018 -5.597599
v -5.169244 0.423784 -5.618775
v -5.187127 0.503645 -5.594232
v -5.165951 0.501879 -5.573056
v -5.144737 0.501879 -5.594269
v -4.999369 0.473963 -5.664049
v -5.664049 0.473963 -4.999368
v -5.666547 0.414067 -5.001866
v -5.098192 0.482205 -5.762872
v -4.999369 0.473963 -5.664049
v -5.001866 0.414067 -5.666546
v -5.762873 0.482205 -5.098192
v -5.098192 0.482205 -5.762872
v -5.100690 0.422309 -5.765370
v -5.664049 0.473963 -4.999368
v -5.762873 0.482205 -5.098192
v -5.765370 0.422309 -5.100689
v -5.098192 0.482205 -5.762872
v -5.762873 0.482205 -5.098192
v -5.664049 0.473963 -4.999368
v -5.001866 0.414067 -5.666546
v -5.666547 0.414067 -5.001866
v -5.765370 0.422309 -5.100689
v -5.194371 0.452559 -4.684579
v -5.900251 0.511430 -5.390460
v -5.900896 0.495971 -5.391104
v -5.886443 0.541672 -5.401746
v -5.887704 0.511430 -5.403008
v -5.181824 0.452559 -4.697127
v -5.156419 0.482801 -4.720009
v -5.862299 0.541672 -5.425889
v -5.861708 0.555866 -5.425298
v -4.688462 0.496996 -5.186783
v -4.689054 0.482801 -5.187375
v -5.394934 0.541672 -5.893255
v -5.861708 0.555866 -5.425298
v -5.892663 0.555866 -5.394342
v -5.186783 0.496996 -4.688462
v -5.893255 0.541672 -5.394934
v -5.886443 0.541672 -5.401746
v -5.180562 0.482801 -4.695866
v -4.713198 0.482801 -5.163231
v -4.720010 0.482801 -5.156419
v -5.425890 0.541672 -5.862299
v -5.900896 0.495971 -5.391104
v -5.858470 0.495971 -5.433531
v -5.152590 0.437100 -4.727651
v -5.892663 0.555866 -5.394342
v -5.893255 0.541672 -5.394934
v -5.187375 0.482801 -4.689054
v -5.749527 0.516596 -5.342421
v -5.770740 0.516596 -5.321207
v -5.774070 0.436735 -5.324537
v -5.770703 0.518363 -5.363597
v -5.749527 0.516596 -5.342421
v -5.752857 0.436735 -5.345751
v -5.791916 0.518363 -5.342383
v -5.770703 0.518363 -5.363597
v -5.774033 0.438501 -5.366927
v -5.770740 0.516596 -5.321207
v -5.791916 0.518363 -5.342383
v -5.795246 0.438501 -5.345714
v -5.770703 0.518363 -5.363597
v -5.791916 0.518363 -5.342383
v -5.770740 0.516596 -5.321207
v -5.342421 0.516596 -5.749526
v -5.345751 0.436735 -5.752856
v -5.324538 0.436735 -5.774069
v -5.363597 0.518363 -5.770702
v -5.366928 0.438501 -5.774033
v -5.345751 0.436735 -5.752856
v -5.342384 0.518363 -5.791915
v -5.345715 0.438501 -5.795246
v -5.366928 0.438501 -5.774033
v -5.321208 0.516596 -5.770739
v -5.324538 0.436735 -5.774069
v -5.345715 0.438501 -5.795246
v -5.363597 0.518363 -5.770702
v -5.342421 0.516596 -5.749526
v -5.321208 0.516596 -5.770739
v -5.175839 0.488680 -5.840519
v -5.840519 0.488680 -5.175838
v -5.843017 0.428785 -5.178336
v -5.274662 0.496922 -5.939342
v -5.175839 0.488680 -5.840519
v -5.178337 0.428785 -5.843017
v -5.939343 0.496922 -5.274662
v -5.274662 0.496922 -5.939342
v -5.277160 0.437026 -5.941840
v -5.840519 0.488680 -5.175838
v -5.939343 0.496922 -5.274662
v -5.941841 0.437026 -5.277160
v -5.274662 0.496922 -5.939342
v -5.939343 0.496922 -5.274662
v -5.840519 0.488680 -5.175838
v -5.178337 0.428785 -5.843017
v -5.843017 0.428785 -5.178336
v -5.941841 0.437026 -5.277160
v -5.774983 0.556281 -6.225017
v -5.774983 0.541007 -6.225017
v -5.420339 0.511430 -5.870372
v -5.778418 0.571354 -6.221582
v -5.419078 0.541672 -5.869111
v -5.425890 0.541672 -5.862299
v -5.781796 0.571354 -6.218204
v -6.233619 0.525494 -5.766381
v -6.212470 0.525494 -5.787530
v -5.858470 0.495971 -5.433531
v -5.900896 0.495971 -5.391104
v -6.254896 0.533281 -5.745104
v -5.900896 0.495971 -5.391104
v -5.900251 0.511430 -5.390460
v -6.254896 0.541007 -5.745104
v -6.212470 0.533220 -5.787530
v -6.212470 0.541007 -5.787530
v -5.857825 0.511430 -5.432886
v -6.218205 0.578542 -5.781795
v -5.862299 0.541672 -5.425889
v -6.218205 0.571354 -5.781795
v -5.754275 0.571354 -6.245725
v -5.394934 0.541672 -5.893255
v -5.401747 0.541672 -5.886442
v -5.757652 0.571354 -6.242348
v -5.781796 0.578410 -6.218204
v -5.781796 0.571354 -6.218204
v -5.425890 0.541672 -5.862299
v -5.425298 0.555866 -5.861707
v -5.745104 0.533220 -6.254896
v -5.745104 0.541007 -6.254896
v -5.390460 0.511430 -5.900251
v -6.248591 0.541007 -5.751409
v -6.254896 0.541007 -5.745104
v -5.900251 0.511430 -5.390460
v -5.925996 0.531314 -5.518890
v -5.947209 0.531314 -5.497677
v -5.950540 0.451453 -5.501007
v -5.947173 0.533080 -5.540067
v -5.925996 0.531314 -5.518890
v -5.929327 0.451453 -5.522221
v -5.968386 0.533080 -5.518854
v -5.947173 0.533080 -5.540067
v -5.950503 0.453219 -5.543397
v -5.947209 0.531314 -5.497677
v -5.968386 0.533080 -5.518854
v -5.971716 0.453219 -5.522184
v -5.947173 0.533080 -5.540067
v -5.968386 0.533080 -5.518854
v -5.947209 0.531314 -5.497677
v -5.518891 0.531314 -5.925996
v -5.522221 0.451453 -5.929326
v -5.501008 0.451453 -5.950539
v -5.540068 0.533080 -5.947173
v -5.543398 0.453219 -5.950503
v -5.522221 0.451453 -5.929326
v -5.518854 0.533080 -5.968386
v -5.522184 0.453219 -5.971716
v -5.543398 0.453219 -5.950503
v -5.497678 0.531314 -5.947209
v -5.501008 0.451453 -5.950539
v -5.522184 0.453219 -5.971716
v -5.540068 0.533080 -5.947173
v -5.518891 0.531314 -5.925996
v -5.497678 0.531314 -5.947209
v -5.352309 0.503398 -6.016989
v -6.016990 0.503398 -5.352309
v -6.019487 0.443502 -5.354806
v -5.451132 0.511640 -6.115812
v -5.352309 0.503398 -6.016989
v -5.354807 0.443502 -6.019487
v -6.115813 0.511640 -5.451132
v -5.451132 0.511640 -6.115812
v -5.453630 0.451744 -6.118310
v -6.016990 0.503398 -5.352309
v -6.115813 0.511640 -5.451132
v -6.118310 0.451744 -5.453629
v -5.451132 0.511640 -6.115812
v -6.115813 0.511640 -5.451132
v -6.016990 0.503398 -5.352309
v -5.354807 0.443502 -6.019487
v -6.019487 0.443502 -5.354806
v -6.118310 0.451744 -5.453629
v -5.766254 0.525494 -6.233746
v -5.433531 0.495971 -5.858469
v -5.787531 0.525494 -6.212469
v -6.221640 0.571354 -5.778360
v -6.218205 0.571354 -5.781795
v -5.862299 0.541672 -5.425889
v -5.757652 0.556080 -6.242348
v -5.401747 0.541672 -5.886442
v -5.403008 0.511430 -5.887703
v -5.757652 0.541007 -6.242348
v -6.233527 0.585598 -5.766473
v -6.249160 0.585598 -5.750840
v -5.892663 0.555866 -5.394342
v -6.102466 0.546032 -5.695360
v -6.123679 0.546032 -5.674147
v -6.127009 0.466171 -5.677477
v -6.123643 0.547798 -5.716537
v -6.102466 0.546032 -5.695360
v -6.105796 0.466171 -5.698690
v -6.144856 0.547798 -5.695324
v -6.123643 0.547798 -5.716537
v -6.126974 0.467937 -5.719867
v -6.123679 0.546032 -5.674147
v -6.144856 0.547798 -5.695324
v -6.148187 0.467937 -5.698654
v -6.123643 0.547798 -5.716537
v -6.144856 0.547798 -5.695324
v -6.123679 0.546032 -5.674147
v -5.695361 0.546032 -6.102466
v -5.698691 0.466171 -6.105796
v -5.677478 0.466171 -6.127009
v -5.716538 0.547798 -6.123642
v -5.719868 0.467937 -6.126973
v -5.698691 0.466171 -6.105796
v -5.695325 0.547798 -6.144855
v -5.698655 0.467937 -6.148186
v -5.719868 0.467937 -6.126973
v -5.674148 0.546032 -6.123679
v -5.677478 0.466171 -6.127009
v -5.698655 0.467937 -6.148186
v -5.716538 0.547798 -6.123642
v -5.695361 0.546032 -6.102466
v -5.674148 0.546032 -6.123679
v -5.528780 0.518116 -6.193460
v -6.193460 0.518116 -5.528779
v -6.195958 0.458220 -5.531277
v -5.627602 0.526358 -6.292282
v -5.528780 0.518116 -6.193460
v -5.531277 0.458220 -6.195957
v -6.292283 0.526358 -5.627602
v -5.627602 0.526358 -6.292282
v -5.630100 0.466462 -6.294780
v -6.193460 0.518116 -5.528779
v -6.292283 0.526358 -5.627602
v -6.294780 0.466462 -5.630099
v -5.627602 0.526358 -6.292282
v -6.292283 0.526358 -5.627602
v -6.193460 0.518116 -5.528779
v -5.531277 0.458220 -6.195957
v -6.195958 0.458220 -5.531277
v -6.294780 0.466462 -5.630099
v -6.245783 0.571354 -5.754217
v -6.242349 0.571354 -5.757651
v -5.886443 0.541672 -5.401746
v -5.750840 0.578542 -6.249160
v -5.394934 0.541672 -5.893255
v -5.750840 0.571354 -6.249160
v -5.787531 0.533220 -6.212469
v -5.787531 0.525494 -6.212469
v -5.433531 0.495971 -5.858469
v -5.432887 0.511430 -5.857825
v -5.781288 0.541007 -6.218712
v -5.420339 0.511430 -5.870372
v -5.774983 0.541007 -6.225017
v -6.225017 0.556281 -5.774983
v -5.870373 0.511430 -5.420339
v -6.225017 0.541007 -5.774983
v -6.242348 0.556281 -5.757652
v -6.242348 0.541007 -5.757652
v -5.887704 0.511430 -5.403008
v -6.249160 0.578542 -5.750840
v -6.249160 0.571354 -5.750840
v -5.893255 0.541672 -5.394934
v -5.766473 0.585598 -6.233527
v -5.781796 0.585598 -6.218204
v -5.425298 0.555866 -5.861707
v -5.394342 0.555866 -5.892663
v -5.751348 0.541007 -6.248652
v -5.403008 0.511430 -5.887703
v -5.390460 0.511430 -5.900251
v -5.745104 0.541007 -6.254896
v -6.218713 0.541007 -5.781287
v -6.225017 0.541007 -5.774983
v -5.870373 0.511430 -5.420339
v -6.254896 0.525494 -5.745104
v -6.254896 0.541007 -5.745104
v -6.212470 0.541007 -5.787530
v -6.212470 0.525494 -5.787530
v -6.242348 0.541007 -5.757652
v -6.242349 0.571354 -5.757651
v -6.225017 0.571354 -5.774983
v -6.225017 0.541007 -5.774983
v -6.249160 0.571354 -5.750840
v -6.249160 0.585598 -5.750840
v -6.218205 0.585598 -5.781795
v -6.218205 0.571354 -5.781795
v -5.787531 0.525494 -6.212469
v -5.787531 0.541007 -6.212469
v -5.745104 0.541007 -6.254896
v -5.745104 0.525494 -6.254896
v -5.774983 0.541007 -6.225017
v -5.774983 0.571354 -6.225017
v -5.757652 0.571354 -6.242348
v -5.757652 0.541007 -6.242348
v -5.781796 0.571354 -6.218204
v -5.781796 0.585598 -6.218204
v -5.750840 0.585598 -6.249160
v -5.750840 0.571354 -6.249160
vn -0.7071 -0.0000 -0.7071
vn 0.7071 -0.0000 0.7071
vn 0.7071 -0.0000 -0.7071
vn -0.0400 -0.9984 -0.0400
vn -0.0412 -0.9983 -0.0412
vn -0.0415 -0.9983 -0.0415
vn -0.0398 -0.9984 -0.0398
vn -0.7071 -0.0000 0.7071
vn 0.0414 0.9983 0.0414
vn 0.0415 0.9983 0.0415
vn 0.0399 0.9984 0.0399
vn 0.0416 0.9983 0.0416
vn 0.0400 0.9984 0.0400
vn 0.0398 0.9984 0.0398
vn 0.7059 -0.0589 0.7059
vn -0.7059 0.0589 -0.7059
vn -0.0416 -0.9983 -0.0416
vn -0.7071 -0.0001 0.7071
vn 0.7071 -0.0001 -0.7071
vn -0.7059 0.0589 -0.7058
vn 0.7071 0.0001 -0.7071
vn 0.0417 0.9983 0.0416
vn -0.7071 0.0001 0.7071
vn -0.7058 0.0589 -0.7059
vn 0.7058 -0.0589 0.7059
vn -0.7059 0.0588 -0.7059
vn 0.0417 0.9983 0.0417
vn -0.0414 -0.9983 -0.0414
vn -0.0401 -0.9984 -0.0401
vn 0.7072 0.0001 0.7071
vn 0.0411 0.9983 0.0411
vn 0.7059 -0.0588 0.7059
vn -0.7071 -0.0001 -0.7071
vt 0.988729 0.115757
vt 0.988729 0.103062
vt 0.980127 0.103062
vt 0.949641 0.115757
vt 0.958243 0.103062
vt 0.980127 0.076013
vt 0.942399 0.062186
vt 0.995971 0.062186
vt 0.958243 0.076013
vt 0.905875 0.000000
vt 0.905875 0.012881
vt 0.000000 0.012881
vt 0.000512 0.321630
vt 0.000512 0.330358
vt 0.906387 0.330358
vt 0.905753 0.156096
vt -0.000122 0.210448
vt 0.905753 0.210448
vt 0.906387 0.321630
vt 0.906387 0.312903
vt -0.000122 0.156096
vt 0.905875 0.025761
vt 0.000200 0.312903
vt 0.000200 0.296828
vt 0.906075 0.296828
vt 0.949641 0.103062
vt 0.995971 0.076013
vt 0.000200 0.259595
vt 0.000200 0.219937
vt 0.906075 0.259595
vt 0.905875 0.048121
vt 0.000000 0.062150
vt 0.000000 0.048121
vt 0.000200 0.281378
vt 0.906075 0.297453
vt 0.906075 0.281378
vt 0.906075 0.312903
vt 0.999050 0.183297
vt 0.999050 0.342604
vt 0.939310 0.183297
vt 0.985655 0.179437
vt 0.939081 0.132863
vt 0.985655 0.132863
vt 0.939310 0.342604
vt 0.939081 0.179437
vt 0.979692 0.781451
vt 0.979692 0.844034
vt -0.000781 0.781451
vt 0.145247 0.656284
vt 0.145247 0.718868
vt -0.000781 0.656284
vt -0.000781 0.718868
vt 0.979692 0.718868
vt 0.156795 0.656284
vt 0.302823 0.656284
vt 0.302823 0.718868
vt 1.000000 1.000000
vt 0.000000 0.851064
vt 1.000000 0.851064
vt 0.998987 0.504118
vt 0.998987 0.652658
vt 0.001647 0.504118
vt 0.906075 0.219937
vt 0.905875 0.062150
vt 0.905875 0.034093
vt 0.000000 0.034093
vt 0.905875 0.093759
vt 0.905875 0.121202
vt 0.000000 0.093759
vt 0.905875 0.089593
vt 0.000000 0.089593
vt 0.000000 0.121202
vt 0.000000 0.000000
vt 0.000000 0.025761
vt 0.000200 0.297453
vt 0.000512 0.312903
vt 0.449132 0.121202
vt 0.449936 0.107571
vt 0.457255 0.330358
vt 0.457255 0.325957
vt 0.454176 0.183190
vt 0.454176 0.210448
vt 0.451578 0.034093
vt 0.451166 0.041080
vt 0.448748 0.019381
vt 0.448373 0.025761
vt 0.454298 0.048121
vt 0.454713 0.055163
vt 0.457255 0.321630
vt 0.457255 0.317230
vt 0.454297 0.048121
vt 0.454709 0.055108
vt 0.450951 0.281378
vt 0.450950 0.289377
vt 0.448755 0.019262
vt 0.448372 0.025761
vt 0.454176 0.183354
vt 0.454175 0.210448
vt 0.457255 0.330358
vt 0.457255 0.326031
vt 0.448573 0.219937
vt 0.448572 0.239566
vt 0.455928 0.075781
vt 0.456743 0.089593
vt 0.457255 0.317303
vt 0.457126 0.006500
vt 0.457503 0.012881
vt 0.450950 0.304827
vt 0.450951 0.296828
vt 0.449936 0.107571
vt 0.449132 0.121202
vt 0.455939 0.075962
vt 0.457503 0.012881
vt 0.457127 0.006500
vt 0.451166 0.041080
vt 0.450751 0.048121
vt 0.448572 0.259595
vt 0.448572 0.239566
vt 0.450950 0.296828
vt 0.450950 0.289454
vt 0.450950 0.281378
vt 0.942399 0.076013
vt -0.000781 0.844034
vt 0.156795 0.718868
vt 0.000000 1.000000
vt 0.001647 0.652658
vt 0.454175 0.156096
vt 0.455125 0.062150
vt 0.450750 0.093759
vt 0.450750 0.048121
vt 0.457255 0.312903
vt 0.449132 0.012881
vt 0.455125 0.062150
vt 0.450950 0.297453
vt 0.454176 0.156096
vt 0.448572 0.259595
vt 0.451577 0.034093
vt 0.456743 0.000000
vt 0.450950 0.312903
vt 0.450751 0.093759
vt 0.455124 0.062150
vt 0.448572 0.219937
vt 0.450950 0.297453
vt 0.450951 0.312903
s 1
usemtl Material.003
v -0.5861015 0.054839 -0.118736
vt 0.4528155 0.183272
vn -0.040649846 -0.998346223 -0.040649846
v -0.6073145 0.054839 -0.097523
vt 0.4528155 0.210448
vn -0.040649846 -0.998346223 -0.040649846
v -0.93852 0.083875 -0.471155
vt 0.905753 0.183272
vn -0.041499017 -0.998276346 -0.041499017
v -0.710645333 0.064517667 -0.229138
vt 0.603794667 0.192330667
vn -0.040932913 -0.998323091 -0.040932913
v -0.102306 0.1005805 -0.600626
vt 0.4534495 0.32163
vn -0.040600011 -0.998350278 -0.040600011
v -0.105712 0.1005805 -0.59722
vt 0.4534495 0.3172665
vn -0.040600011 -0.998350278 -0.040600011
v -0.457178 0.129577 -0.948686
vt 0.906387 0.3172665
vn -0.041200046 -0.998301113 -0.041200046
v -0.221732 0.110246 -0.715510667
vt 0.604428667 0.318721
vn -0.040800026 -0.99833397 -0.040800026
v -0.59722 0.1005805 -0.1057115
vt 0.4534495 0.3172665
vn -0.040600011 -0.998350278 -0.040600011
v -0.600626 0.1005805 -0.1023055
vt 0.4534495 0.32163
vn -0.040600011 -0.998350278 -0.040600011
v -0.948686 0.129577 -0.457178
vt 0.906387 0.3172665
vn -0.041200046 -0.998301113 -0.041200046
v -0.715510667 0.110246 -0.221731667
vt 0.604428667 0.318721
vn -0.040800026 -0.99833397 -0.040800026
v -0.48545 0.099334 -0.922936
vt 0.0002 0.3048655
vn 0.04144919 0.998280486 0.04144919
v -0.139627 0.0703115 -0.564566
vt 0.4531375 0.296828
vn 0.04069968 0.998342162 0.04069968
v -0.133353 0.0703115 -0.57084
vt 0.4531375 0.3048655
vn 0.040649846 0.998346223 0.040649846
v -0.25281 0.079985667 -0.686114
vt 0.302158333 0.302186333
vn 0.040932913 0.998323091 0.040932913
v -0.221611 0.0786935 0.221611
vt 0.953942 0.1094095
vn 0.707106781 0 0.707106781
v -0.221611 0.071584 0.221611
vt 0.953942 0.103062
vn 0.707106781 0 0.707106781
v -0.218205 0.0786935 0.218205
vt 0.949641 0.1094095
vn 0.707106781 0 0.707106781
v -0.220475667 0.076323667 0.220475667
vt 0.952508333 0.107293667
vn 0.707106781 0 0.707106781
v -0.248622 0.041289 0.248622
vt 0.988049 0.076013
vn 0.707106781 0 0.707106781
v -0.254896 0.033546 0.254896
vt 0.995971 0.0690995
vn 0.707106781 0 0.707106781
v -0.248622 0.033546 0.248622
vt 0.988049 0.0690995
vn 0.707106781 0 0.707106781
v -0.250713333 0.036127 0.250713333
vt 0.990689667 0.071404
vn 0.707106781 0 0.707106781
v -0.6007185 0.0703115 -0.1034745
vt 0.4531375 0.2894155
vn 0.040749514 0.998338096 0.040749514
v -0.248622 0.041289 0.248622
vt 0.906075 0.2894155
vn 0.039900268 0.998406699 0.039900268
v -0.5944445 0.0703115 -0.1097485
vt 0.4531375 0.281378
vn 0.040749514 0.998338096 0.040749514
v -0.481261667 0.060637333 0.011799667
vt 0.604116667 0.286736333
vn 0.040466442 0.998361124 0.040466442
v -0.5708395 0.0703115 -0.1333535
vt 0.4531375 0.3048655
vn 0.04069968 0.998342162 0.04069968
v -0.218743 0.041289 0.218743
vt 0.906075 0.3048655
vn 0.039999949 0.998398722 0.039999949
v -0.5645655 0.0703115 -0.1396275
vt 0.4531375 0.296828
vn 0.04069968 0.998342162 0.04069968
v -0.451382667 0.060637333 -0.018079333
vt 0.604116667 0.302186333
vn 0.040466442 0.998361124 0.040466442
v -0.1097485 0.0703115 -0.5944445
vt 0.4531375 0.281378
vn 0.040649846 0.998346223 0.040649846
v 0.248622 0.041289 -0.248622
vt 0.906075 0.2894155
vn 0.039850426 0.998410681 0.039850426
v -0.1034745 0.0703115 -0.6007185
vt 0.4531375 0.2894155
vn 0.04069968 0.998342162 0.04069968
v 0.011799667 0.060637333 -0.481261667
vt 0.604116667 0.286736333
vn 0.040399994 0.998366506 0.040399994
v -0.584853 0.114787 -0.117487
vt 0.4531375 0.239766
vn 0.040749514 0.998338096 0.040749514
v -0.233683 0.085803 0.233683
vt 0.906075 0.239766
vn 0.039999949 0.998398722 0.039999949
v -0.569375 0.114787 -0.132965
vt 0.4531375 0.219937
vn 0.040749514 0.998338096 0.040749514
v -0.462637 0.105125667 -0.005589667
vt 0.604116667 0.233156333
vn 0.040499666 0.99835843 0.040499666
v -0.6073145 0.062582 -0.097523
vt 0.4529375 0.0551355
vn -0.707106778 -0.000100001 0.707106778
v -0.6069925 0.0703115 -0.0972005
vt 0.4529375 0.06215
vn -0.707106778 -0.000100001 0.707106778
v -0.959411 0.0916045 -0.4496195
vt 0.905875 0.0551355
vn -0.707106778 -0.000100001 0.707106778
v -0.724572667 0.074832667 -0.214781
vt 0.603916667 0.057473667
vn -0.707106778 -0.000100001 0.707106778
v -0.564888 0.062582 -0.1399495
vt 0.4529375 0.041107
vn 0.707106781 0 -0.707106781
v -0.212469 0.033546 0.212469
vt 0.905875 0.041107
vn 0.707106781 0 -0.707106781
v -0.564888 0.054839 -0.1399495
vt 0.4529375 0.034093
vn 0.707106781 0 -0.707106781
v -0.447415 0.050322333 -0.022476667
vt 0.603916667 0.038769
vn 0.707106781 0 -0.707106781
v -0.492046 0.0916045 -0.9169845
vt 0.905875 0.041107
vn -0.707106781 0 0.707106781
v -0.8449865 0.12104 -1.2699245
vt 0.4529375 0.041107
vn -0.707106781 0 0.707106781
v -0.8453085 0.1133105 -1.270247
vt 0.4529375 0.034093
vn -0.707106781 0 0.707106781
v -0.727447 0.108651667 -1.152385333
vt 0.603916667 0.038769
vn -0.707106781 0 0.707106781
v -0.8025595 0.12104 -1.3123515
vt 0.4529375 0.0551355
vn 0.707106781 0 -0.707106781
v -0.4496195 0.0916045 -0.959411
vt 0 0.0551355
vn 0.707106781 0 -0.707106781
v -0.802882 0.1133105 -1.3126735
vt 0.4529375 0.048121
vn 0.707106781 0 -0.707106781
v -0.685020333 0.108651667 -1.194812
vt 0.301958333 0.052797333
vn 0.707106781 0 -0.707106781
v -1.2699245 0.12104 -0.8449865
vt 0.4529375 0.041107
vn 0.707106778 -0.000100001 -0.707106778
v -0.9169845 0.0916045 -0.492046
vt 0.905875 0.041107
vn 0.707106778 -0.000100001 -0.707106778
v -1.270247 0.1133105 -0.8453085
vt 0.4529375 0.034093
vn 0.707106778 -0.000100001 -0.707106778
v -1.152385333 0.108651667 -0.727447
vt 0.603916667 0.038769
vn 0.707106778 -0.000100001 -0.707106778
v -1.65939 0.1693605 -2.0664955
vt 0.93931 0.2629505
vn -0.705929064 0.058902425 -0.70582906
v -1.6471185 0.209291 -2.075437
vt 0.96918 0.342604
vn -0.705929064 0.058902425 -0.70582906
v -1.6487835 0.1693605 -2.0771025
vt 0.96918 0.2629505
vn -0.705929064 0.058902425 -0.70582906
v -1.651764 0.182670667 -2.073011667
vt 0.959223333 0.289501667
vn -0.705929064 0.058902425 -0.70582906
v -1.9758055 0.179911 -1.5508665
vt 0.4529375 0.041107
vn 0.707106778 0.000100001 -0.707106778
v -1.622865 0.1504755 -1.1979265
vt 0.905875 0.041107
vn 0.707106778 0.000100001 -0.707106778
v -1.9761275 0.1721815 -1.551189
vt 0.4529375 0.034093
vn 0.707106778 0.000100001 -0.707106778
v -1.858266 0.167522667 -1.433327333
vt 0.603916667 0.038769
vn 0.707106778 0.000100001 -0.707106778
v -2.0000585 0.238727 -2.428377
vt 0.962368 0.179437
vn 0.041698492 0.998263893 0.041598495
v -1.9894705 0.2378435 -2.4177885
vt 0.962368 0.15615
vn 0.041698492 0.998263893 0.041598495
v -1.978864 0.2378435 -2.4283955
vt 0.939081 0.15615
vn 0.041698492 0.998263893 0.041598495
v -1.989464333 0.238138 -2.424853667
vt 0.954605667 0.163912333
vn 0.041698492 0.998263893 0.041598495
v -2.371172 0.2093465 -1.8613805
vt 0 0.0551355
vn -0.707106778 -0.000100001 0.707106778
v -2.7241125 0.238782 -2.2143205
vt 0.4529375 0.0551355
vn -0.707106778 -0.000100001 0.707106778
v -2.7244345 0.2310525 -2.214643
vt 0.4529375 0.048121
vn -0.707106778 -0.000100001 0.707106778
v -2.606573 0.226393667 -2.096781333
vt 0.301958333 0.052797333
vn -0.707106778 -0.000100001 0.707106778
v -2.861233 0.310549 -3.289551
vt 0.96918 0.342604
vn 0.705879237 -0.058898268 0.705879237
v -2.862898 0.2706185 -3.291216
vt 0.96918 0.2629505
vn 0.705879237 -0.058898268 0.705879237
v -2.852291 0.2706185 -3.301823
vt 0.93931 0.2629505
vn 0.705879237 -0.058898268 0.705879237
v -2.858807333 0.283928667 -3.294196667
vt 0.959223333 0.289501667
vn 0.705879237 -0.058898268 0.705879237
v -3.430315 0.289923 -2.920523
vt 0.4529375 0.048121
vn -0.707106778 0.000100001 0.707106778
v -3.4299925 0.2976525 -2.920201
vt 0.4529375 0.0551355
vn -0.707106778 0.000100001 0.707106778
v -3.7829325 0.3270875 -3.273141
vt 0.905875 0.0551355
vn -0.707106778 0.000100001 0.707106778
v -3.547746667 0.304887667 -3.037955
vt 0.603916667 0.052797333
vn -0.707106778 0.000100001 0.707106778
v -3.775318 0.372157 -3.276997
vt 0 0.0064405
vn -0.707106781 0 0.707106781
v -4.1279625 0.4086895 -3.629641
vt 0.4529375 0.012881
vn -0.707106781 0 0.707106781
v -4.1282585 0.4015925 -3.629937
vt 0.4529375 0.0064405
vn -0.707106781 0 0.707106781
v -4.010513 0.394146333 -3.512191667
vt 0.301958333 0.008587333
vn -0.707106781 0 0.707106781
v -3.66883 0.3487935 -4.093769
vt 0.4529375 0.034093
vn -0.707106778 -0.000100001 0.707106778
v -3.668508 0.356523 -4.0934465
vt 0.4529375 0.041107
vn -0.707106778 -0.000100001 0.707106778
v -4.021448 0.3859585 -4.4463865
vt 0 0.041107
vn -0.707106778 -0.000100001 0.707106778
v -3.786262 0.363758333 -4.211200667
vt 0.301958333 0.038769
vn -0.707106778 -0.000100001 0.707106778
v -3.7829325 0.3270875 -3.273141
vt 0 0.0551355
vn -0.707106778 0.000100001 0.707106778
v -4.1358725 0.356523 -3.626081
vt 0.4529375 0.0551355
vn -0.707106778 0.000100001 0.707106778
v -4.136195 0.3487935 -3.626403
vt 0.4529375 0.048121
vn -0.707106778 0.000100001 0.707106778
v -4.018333333 0.344134667 -3.508541667
vt 0.301958333 0.052797333
vn -0.707106778 0.000100001 0.707106778
v -4.4811985 0.431028 -3.982877
vt 0 0.0064405
vn -0.707106778 -0.000100001 0.707106778
v -4.833843 0.4675605 -4.3355215
vt 0.4529375 0.012881
vn -0.707106778 -0.000100001 0.707106778
v -4.8341385 0.4604635 -4.3358175
vt 0.4529375 0.0064405
vn -0.707106778 -0.000100001 0.707106778
v -4.716393333 0.453017333 -4.218072
vt 0.301958333 0.008587333
vn -0.707106778 -0.000100001 0.707106778
v -4.331962 0.415394 -4.8417525
vt 0.4529375 0.0551355
vn 0.707106781 0 -0.707106781
v -3.9790215 0.3859585 -4.4888125
vt 0 0.0551355
vn 0.707106781 0 -0.707106781
v -4.3322845 0.4076645 -4.842075
vt 0.4529375 0.048121
vn 0.707106781 0 -0.707106781
v -4.214422667 0.403005667 -4.724213333
vt 0.301958333 0.052797333
vn 0.707106781 0 -0.707106781
v -4.449464 0.443008 -4.8777825
vt 0.96918 0.342604
vn 0.705879237 -0.058898268 0.705879237
v -4.451129 0.4030775 -4.8794475
vt 0.96918 0.2629505
vn 0.705879237 -0.058898268 0.705879237
v -4.440522 0.4030775 -4.890054
vt 0.93931 0.2629505
vn 0.705879237 -0.058898268 0.705879237
v -4.447038333 0.416387667 -4.882428
vt 0.959223333 0.289501667
vn 0.705879237 -0.058898268 0.705879237
v -4.3667735 0.460463 -4.8031825
vt 0.4529375 0.019321
vn -0.707106781 0 0.707106781
v -4.3664775 0.4675605 -4.8028865
vt 0.4529375 0.025761
vn -0.707106781 0 0.707106781
v -4.719714 0.4898985 -5.156123
vt 0 0.019321
vn -0.707106781 0 0.707106781
v -4.484321667 0.472640667 -4.920730667
vt 0.301958333 0.021467667
vn -0.707106781 0 0.707106781
v -4.3743885 0.415394 -4.7993265
vt 0.4529375 0.041107
vn -0.707106778 0.000100001 0.707106778
v -4.374066 0.4231235 -4.7990045
vt 0.4529375 0.048121
vn -0.707106778 0.000100001 0.707106778
v -4.7273285 0.4448295 -5.152267
vt 0 0.041107
vn -0.707106778 0.000100001 0.707106778
v -4.491927667 0.427782333 -4.916866
vt 0.301958333 0.043445
vn -0.707106778 0.000100001 0.707106778
v -4.659382 0.4195615 -5.066487
vt 0.93931 0.2629505
vn -0.70582906 0.058902425 -0.705929064
v -4.64711 0.459492 -5.0754285
vt 0.96918 0.342604
vn -0.70582906 0.058902425 -0.705929064
v -4.648775 0.4195615 -5.0770935
vt 0.96918 0.2629505
vn -0.70582906 0.058902425 -0.705929064
v -4.651755667 0.432871667 -5.073003
vt 0.959223333 0.289501667
vn -0.70582906 0.058902425 -0.705929064
v -4.7273285 0.4448295 -5.152267
vt 0.905875 0.041107
vn -0.707106778 0.000100001 0.707106778
v -5.0802685 0.474265 -5.505207
vt 0.4529375 0.041107
vn -0.707106778 0.000100001 0.707106778
v -5.080591 0.4665355 -5.505529
vt 0.4529375 0.034093
vn -0.707106778 0.000100001 0.707106778
v -4.962729333 0.461876667 -5.387667667
vt 0.603916667 0.038769
vn -0.707106778 0.000100001 0.707106778
v -5.0378425 0.474265 -5.5476335
vt 0.4529375 0.0551355
vn 0.707106778 -0.000100001 -0.707106778
v -4.6849025 0.4448295 -5.194693
vt 0 0.0551355
vn 0.707106778 -0.000100001 -0.707106778
v -5.038165 0.4665355 -5.5479555
vt 0.4529375 0.048121
vn 0.707106778 -0.000100001 -0.707106778
v -4.920303333 0.461876667 -5.430094
vt 0.301958333 0.052797333
vn 0.707106778 -0.000100001 -0.707106778
v -5.8581475 0.5037005 -5.4332085
vt 0 0.041107
vn 0.707106778 -0.000100001 -0.707106778
v -5.5052075 0.474265 -5.0802685
vt 0.4529375 0.041107
vn 0.707106778 -0.000100001 -0.707106778
v -5.50553 0.4665355 -5.080591
vt 0.4529375 0.034093
vn 0.707106778 -0.000100001 -0.707106778
v -5.622961667 0.481500333 -5.198022667
vt 0.301958333 0.038769
vn 0.707106778 -0.000100001 -0.707106778
v -5.155344 0.501879 -5.5836625
vt 0.96918 0.342604
vn 0.70582906 -0.058902425 0.705929064
v -5.157009 0.4619485 -5.5853275
vt 0.96918 0.2629505
vn 0.70582906 -0.058902425 0.705929064
v -5.146402 0.4619485 -5.595934
vt 0.93931 0.2629505
vn 0.70582906 -0.058902425 0.705929064
v -5.152918333 0.475258667 -5.588308
vt 0.959223333 0.289501667
vn 0.70582906 -0.058902425 0.705929064
v -5.43303 0.422309 -5.4330295
vt 0.4894555 0.718868
vn -0.705883391 0.058798616 -0.705883391
v -5.7641215 0.452257 -5.0994405
vt 0.979692 0.7501595
vn -0.705883391 0.058798616 -0.705883391
v -5.4317815 0.452257 -5.431781
vt 0.4894555 0.7501595
vn -0.705883391 0.058798616 -0.705883391
v -5.542977667 0.442274333 -5.321417
vt 0.652867667 0.739729
vn -0.705883391 0.058798616 -0.705883391
v -5.1946935 0.4448295 -4.6849015
vt 0 0.0551355
vn -0.707106781 0 0.707106781
v -5.5476335 0.474265 -5.0378415
vt 0.4529375 0.0551355
vn -0.707106781 0 0.707106781
v -5.547956 0.4665355 -5.038164
vt 0.4529375 0.048121
vn -0.707106781 0 0.707106781
v -5.430094333 0.461876667 -4.920302333
vt 0.301958333 0.052797333
vn -0.707106781 0 0.707106781
v -5.7707215 0.5174795 -5.342402
vt 0.962368 0.15615
vn 0.041698492 0.998263893 0.041598495
v -5.7601335 0.516596 -5.331814
vt 0.962368 0.132863
vn 0.041698492 0.998263893 0.041598495
v -5.760115 0.5174795 -5.353009
vt 0.985655 0.15615
vn 0.041698492 0.998263893 0.041598495
v -5.763656667 0.517185 -5.342408333
vt 0.970130333 0.148387667
vn 0.041698492 0.998263893 0.041598495
v -5.5970305 0.556513 -6.047064
vt 0.2288835 0.330358
vn -0.041598669 -0.998268051 -0.041598669
v -5.598748 0.556513 -6.0453465
vt 0.2288835 0.3281575
vn -0.041598669 -0.998268051 -0.041598669
v -5.7767005 0.571354 -6.2232995
vt 0.457255 0.3281575
vn -0.041598669 -0.998268051 -0.041598669
v -5.657493 0.56146 -6.105236667
vt 0.305007333 0.328891
vn -0.041598669 -0.998268051 -0.041598669
v -6.0672575 0.5107325 -5.5787425
vt 0.227027 0.196819
vn -0.041598669 -0.998268051 -0.041598669
v -6.077896 0.5107325 -5.568104
vt 0.227027 0.210448
vn -0.041598669 -0.998268051 -0.041598669
v -6.2442575 0.525494 -5.7557425
vt 0.454176 0.196819
vn -0.041598669 -0.998268051 -0.041598669
v -6.129803667 0.515653 -5.634196333
vt 0.302743333 0.201362
vn -0.041598669 -0.998268051 -0.041598669
v -6.077896 0.5107325 -5.568104
vt 0.227149 0.048121
vn -0.707106781 0 0.707106781
v -6.077896 0.514626 -5.568104
vt 0.2273565 0.051642
vn -0.707106781 0 0.707106781
v -6.254896 0.5293875 -5.745104
vt 0.4545055 0.051642
vn -0.707106781 0 0.707106781
v -6.136896 0.518248667 -5.627104
vt 0.303003667 0.050468333
vn -0.707106781 0 0.707106781
v -5.572887 0.556513 -6.0712075
vt 0.2288835 0.32163
vn -0.041598669 -0.998268051 -0.041598669
v -5.5746045 0.556513 -6.06949
vt 0.2288835 0.31943
vn -0.041598669 -0.998268051 -0.041598669
v -5.7525575 0.571354 -6.2474425
vt 0.457255 0.31943
vn -0.041598669 -0.998268051 -0.041598669
v -5.633349667 0.56146 -6.12938
vt 0.305007333 0.320163333
vn -0.041598669 -0.998268051 -0.041598669
v -5.603547 0.567138 -6.0399555
vt 0.677315 0.0225115
vn -0.707106781 0 0.707106781
v -5.603547 0.570732 -6.0399555
vt 0.6771235 0.025761
vn -0.707106781 0 0.707106781
v -5.781796 0.582004 -6.218204
vt 0.4485635 0.0225115
vn -0.707106781 0 0.707106781
v -5.662963333 0.573291333 -6.099371667
vt 0.601000667 0.023594667
vn -0.707106781 0 0.707106781
v -5.541733 0.4931495 -5.948838
vt 0.93931 0.2629505
vn -0.705879237 0.058898268 -0.705879237
v -5.529461 0.53308 -5.9577795
vt 0.96918 0.342604
vn -0.705879237 0.058898268 -0.705879237
v -5.531126 0.4931495 -5.9594445
vt 0.96918 0.2629505
vn -0.705879237 0.058898268 -0.705879237
v -5.534106667 0.506459667 -5.955354
vt 0.959223333 0.289501667
vn -0.705879237 0.058898268 -0.705879237
v -5.353558 0.47345 -6.018238
vt 0.979692 0.8127425
vn 0.705879237 -0.058898268 0.705879237
v -5.685898 0.47345 -5.6858975
vt 0.4894555 0.8127425
vn 0.705879237 -0.058898268 0.705879237
v -5.687147 0.443502 -5.6871465
vt 0.4894555 0.781451
vn 0.705879237 -0.058898268 0.705879237
v -5.575534333 0.463467333 -5.797094
vt 0.652867667 0.802312
vn 0.705879237 -0.058898268 0.705879237
v -5.757652 0.563717 -6.242348
vt 0.4563355 0.082687
vn 0.707106781 0 -0.707106781
v -5.5796995 0.556513 -6.064395
vt 0.2283715 0.089593
vn 0.707106781 0 -0.707106781
v -5.5796995 0.548876 -6.064395
vt 0.227964 0.082687
vn 0.707106781 0 -0.707106781
v -5.639017 0.556368667 -6.123712667
vt 0.304223667 0.084989
vn 0.707106781 0 -0.707106781
v -5.610209 0.522325 -6.035147
vt 0.6785205 0.0446005
vn -0.707106781 0 0.707106781
v -5.610209 0.5262185 -6.035147
vt 0.678313 0.048121
vn -0.707106781 0 0.707106781
v -5.787531 0.5371135 -6.212469
vt 0.4509585 0.0446005
vn -0.707106781 0 0.707106781
v -5.669316333 0.528552333 -6.094254333
vt 0.602597333 0.045774
vn -0.707106781 0 0.707106781
v -5.7586565 0.585598 -6.2413435
vt 0.448572 0.2495805
vn 0.041598669 0.998268051 0.041598669
v -5.5804075 0.570732 -6.063095
vt 0.6773235 0.2495805
vn 0.041598669 0.998268051 0.041598669
v -5.572591 0.570732 -6.0709115
vt 0.6773235 0.259595
vn 0.041598669 0.998268051 0.041598669
v -5.637218333 0.575687333 -6.125116667
vt 0.601073 0.252918667
vn 0.041598669 0.998268051 0.041598669
v -5.7545 0.541007 -6.2455
vt 0.45095 0.285416
vn 0.041598669 0.998268051 0.041598669
v -5.58033 0.5262185 -6.0650255
vt 0.6785125 0.281378
vn 0.041598669 0.998268051 0.041598669
v -5.577178 0.5262185 -6.0681775
vt 0.6785125 0.285416
vn 0.041598669 0.998268051 0.041598669
v -5.637336 0.531148 -6.126234333
vt 0.602658333 0.28407
vn 0.041598669 0.998268051 0.041598669
v 0.218205 0.0786935 -0.218205
vt 0.949641 0.1094095
vn 0.707106781 0 0.707106781
v 0.221611 0.071584 -0.221611
vt 0.953942 0.103062
vn 0.707106781 0 0.707106781
v 0.221611 0.0786935 -0.221611
vt 0.953942 0.1094095
vn 0.707106781 0 0.707106781
v 0.220475667 0.076323667 -0.220475667
vt 0.952508333 0.107293667
vn 0.707106781 0 0.707106781
v 0.245754 0.0786935 -0.245754
vt 0.984428 0.1094095
vn 0.707106781 0 0.707106781
v 0.245754 0.071584 -0.245754
vt 0.984428 0.103062
vn 0.707106781 0 0.707106781
v 0.24916 0.0786935 -0.24916
vt 0.988729 0.1094095
vn 0.707106781 0 0.707106781
v 0.246889333 0.076323667 -0.246889333
vt 0.985861667 0.107293667
vn 0.707106781 0 0.707106781
v 0.248622 0.041289 -0.248622
vt 0.988049 0.076013
vn 0.707106781 0 0.707106781
v 0.248622 0.033546 -0.248622
vt 0.988049 0.0690995
vn 0.707106781 0 0.707106781
v 0.254896 0.033546 -0.254896
vt 0.995971 0.0690995
vn 0.707106781 0 0.707106781
v 0.250713333 0.036127 -0.250713333
vt 0.990689667 0.071404
vn 0.707106781 0 0.707106781
v 0.2187435 0.041289 -0.2187435
vt 0.950321 0.076013
vn 0.707106781 0 0.707106781
v 0.21247 0.033546 -0.21247
vt 0.942399 0.0690995
vn 0.707106781 0 0.707106781
v 0.2187435 0.033546 -0.2187435
vt 0.950321 0.0690995
vn 0.707106781 0 0.707106781
v 0.216652333 0.036127 -0.216652333
vt 0.947680333 0.071404
vn 0.707106781 0 0.707106781
v -0.2336825 0.025803 0.2336825
vt -0.000122 0.183272
vn -0.039800584 -0.998414657 -0.039800584
v -0.5861015 0.054839 -0.118736
vt 0.4528155 0.183272
vn -0.040600011 -0.998350278 -0.040600011
v -0.564888 0.054839 -0.1399495
vt 0.4528155 0.156096
vn -0.040600011 -0.998350278 -0.040600011
v -0.461557333 0.045160333 -0.008334333
vt 0.301836333 0.174213333
vn -0.040333544 -0.99837188 -0.040333544
v 0.245754 0.071584 -0.245754
vt 0.000512 0.3172665
vn -0.040099627 -0.998390725 -0.040099627
v -0.109118 0.1005805 -0.593814
vt 0.4534495 0.312903
vn -0.040649846 -0.998346223 -0.040649846
v -0.105712 0.1005805 -0.59722
vt 0.4534495 0.3172665
vn -0.040649846 -0.998346223 -0.040649846
v 0.010308 0.090915 -0.478929333
vt 0.302470333 0.315812
vn -0.040466442 -0.998361124 -0.040466442
v -0.245754 0.071584 0.2457545
vt 0.000512 0.3172665
vn -0.040099627 -0.998390725 -0.040099627
v -0.59722 0.1005805 -0.1057115
vt 0.4534495 0.3172665
vn -0.040649846 -0.998346223 -0.040649846
v -0.593814 0.1005805 -0.109118
vt 0.4534495 0.312903
vn -0.040649846 -0.998346223 -0.040649846
v -0.478929333 0.090915 0.010308333
vt 0.302470333 0.315812
vn -0.040466442 -0.998361124 -0.040466442
v -0.133353 0.0703115 -0.57084
vt 0.4531375 0.3048655
vn 0.04069968 0.998342162 0.04069968
v 0.2187435 0.041289 -0.2187435
vt 0.906075 0.3048655
vn 0.039900268 0.998406699 0.039900268
v -0.1270795 0.0703115 -0.5771135
vt 0.4531375 0.312903
vn 0.04069968 0.998342162 0.04069968
v -0.013896333 0.060637333 -0.455565667
vt 0.604116667 0.307544667
vn 0.040433218 0.998363816 0.040433218
v -0.2491605 0.0786935 0.249161
vt 0.988729 0.1094095
vn 0.707156773 0.000099994 0.707056779
v -0.245754 0.071584 0.2457545
vt 0.984428 0.103062
vn 0.707156773 0.000099994 0.707056779
v -0.2457545 0.0786935 0.2457545
vt 0.984428 0.1094095
vn 0.707156773 0.000099994 0.707056779
v -0.246889667 0.076323667 0.24689
vt 0.985861667 0.107293667
vn 0.707156773 0.000099994 0.707056779
v -0.218743 0.041289 0.218743
vt 0.950321 0.076013
vn 0.707106781 0 0.707106781
v -0.218743 0.033546 0.218743
vt 0.950321 0.0690995
vn 0.707106781 0 0.707106781
v -0.212469 0.033546 0.212469
vt 0.942399 0.0690995
vn 0.707106781 0 0.707106781
v -0.216651667 0.036127 0.216651667
vt 0.947680333 0.071404
vn 0.707106781 0 0.707106781
v -0.952815 0.099334 -0.455571
vt 0.0002 0.2894155
vn 0.041399362 0.998284622 0.041399362
v -0.6069925 0.0703115 -0.0972005
vt 0.4531375 0.297453
vn 0.040649846 0.998346223 0.040649846
v -0.6007185 0.0703115 -0.1034745
vt 0.4531375 0.2894155
vn 0.040649846 0.998346223 0.040649846
v -0.720175333 0.079985667 -0.218748667
vt 0.302158333 0.292094667
vn 0.040899692 0.998325814 0.040899692
v -0.922936 0.099334 -0.48545
vt 0.0002 0.3048655
vn 0.041399362 0.998284622 0.041399362
v -0.5771135 0.0703115 -0.1270795
vt 0.4531375 0.312903
vn 0.040649846 0.998346223 0.040649846
v -0.5708395 0.0703115 -0.1333535
vt 0.4531375 0.3048655
vn 0.040649846 0.998346223 0.040649846
v -0.690296333 0.079985667 -0.248627667
vt 0.302158333 0.307544667
vn 0.040899692 0.998325814 0.040899692
v -0.455571 0.099334 -0.952815
vt 0.0002 0.2894155
vn 0.041100384 0.998309329 0.041100384
v -0.1034745 0.0703115 -0.6007185
vt 0.4531375 0.2894155
vn 0.040550176 0.998354329 0.040550176
v -0.0972005 0.0703115 -0.6069925
vt 0.4531375 0.297453
vn 0.040550176 0.998354329 0.040550176
v -0.218748667 0.079985667 -0.720175333
vt 0.302158333 0.292094667
vn 0.040733581 0.998339397 0.040733581
v -0.9360225 0.143771 -0.4686575
vt 0.0002 0.239766
vn 0.041598669 0.998268051 0.041598669
v -0.6003305 0.114787 -0.1020095
vt 0.4531375 0.259595
vn 0.040799347 0.998334026 0.040799347
v -0.584853 0.114787 -0.117487
vt 0.4531375 0.239766
vn 0.040799347 0.998334026 0.040799347
v -0.707068667 0.124448333 -0.229384667
vt 0.302158333 0.246375667
vn 0.041065796 0.998312176 0.041065796
v -0.254896 0.033546 0.254896
vt 0 0.0551355
vn -0.707106781 0 0.707106781
v -0.6073145 0.062582 -0.097523
vt 0.4529375 0.0551355
vn -0.707106781 0 0.707106781
v -0.6073145 0.054839 -0.097523
vt 0.4529375 0.048121
vn -0.707106781 0 0.707106781
v -0.489841667 0.050322333 0.01995
vt 0.301958333 0.052797333
vn -0.707106781 0 0.707106781
v -0.9169845 0.0916045 -0.492046
vt 0 0.041107
vn 0.707106778 -0.000100001 -0.707106778
v -0.5645655 0.0703115 -0.1396275
vt 0.4529375 0.048121
vn 0.707106778 -0.000100001 -0.707106778
v -0.564888 0.062582 -0.1399495
vt 0.4529375 0.041107
vn 0.707106778 -0.000100001 -0.707106778
v -0.682146 0.074832667 -0.257207667
vt 0.301958333 0.043445
vn 0.707106778 -0.000100001 -0.707106778
v -0.8449865 0.12104 -1.2699245
vt 0.4529375 0.041107
vn -0.707106778 0.000100001 0.707106778
v -0.844664 0.1287695 -1.2696025
vt 0.4529375 0.048121
vn -0.707106778 0.000100001 0.707106778
v -1.1979265 0.1504755 -1.622865
vt 0 0.041107
vn -0.707106778 0.000100001 0.707106778
v -0.962525667 0.133428333 -1.387464
vt 0.301958333 0.043445
vn -0.707106778 0.000100001 0.707106778
v -1.1555 0.1504755 -1.6652915
vt 0.905875 0.0551355
vn 0.707106778 0.000100001 -0.707106778
v -0.8022375 0.1287695 -1.312029
vt 0.4529375 0.06215
vn 0.707106778 0.000100001 -0.707106778
v -0.8025595 0.12104 -1.3123515
vt 0.4529375 0.0551355
vn 0.707106778 0.000100001 -0.707106778
v -0.920099 0.133428333 -1.429890667
vt 0.603916667 0.057473667
vn 0.707106778 0.000100001 -0.707106778
v -1.622865 0.1504755 -1.1979265
vt 0 0.041107
vn 0.707106778 0.000100001 -0.707106778
v -1.2696025 0.1287695 -0.844664
vt 0.4529375 0.048121
vn 0.707106778 0.000100001 -0.707106778
v -1.2699245 0.12104 -0.8449865
vt 0.4529375 0.041107
vn 0.707106778 0.000100001 -0.707106778
v -1.387464 0.133428333 -0.962525667
vt 0.301958333 0.043445
vn 0.707106778 0.000100001 -0.707106778
v -1.6504485 0.12943 -2.0787675
vt 0.96918 0.183297
vn -0.705879237 0.058898268 -0.705879237
v -1.6487835 0.1693605 -2.0771025
vt 0.96918 0.2629505
vn -0.705879237 0.058898268 -0.705879237
v -1.638177 0.1693605 -2.087709
vt 0.99905 0.2629505
vn -0.705879237 0.058898268 -0.705879237
v -1.645803 0.156050333 -2.081193
vt 0.979136667 0.236399333
vn -0.705879237 0.058898268 -0.705879237
v -2.3287455 0.2093465 -1.9038065
vt 0 0.041107
vn 0.707106781 0 -0.707106781
v -1.975483 0.1876405 -1.550544
vt 0.4529375 0.048121
vn 0.707106781 0 -0.707106781
v -1.9758055 0.179911 -1.5508665
vt 0.4529375 0.041107
vn 0.707106781 0 -0.707106781
v -2.093344667 0.192299333 -1.668405667
vt 0.301958333 0.043445
vn 0.707106781 0 -0.707106781
v -2.000077 0.2378435 -2.407182
vt 0.985655 0.15615
vn 0.041598669 0.998268051 0.041598669
v -1.9788825 0.23696 -2.4072005
vt 0.962368 0.132863
vn 0.041598669 0.998268051 0.041598669
v -1.9894705 0.2378435 -2.4177885
vt 0.962368 0.15615
vn 0.041598669 0.998268051 0.041598669
v -1.989476667 0.237549 -2.410723667
vt 0.970130333 0.148387667
vn 0.041598669 0.998268051 0.041598669
v -2.7241125 0.238782 -2.2143205
vt 0.4529375 0.0551355
vn -0.707106781 0 0.707106781
v -2.72379 0.2465115 -2.213998
vt 0.4529375 0.06215
vn -0.707106781 0 0.707106781
v -3.0770525 0.2682175 -2.5672605
vt 0.905875 0.0551355
vn -0.707106781 0 0.707106781
v -2.841651667 0.251170333 -2.331859667
vt 0.603916667 0.057473667
vn -0.707106781 0 0.707106781
v -2.862898 0.2706185 -3.291216
vt 0.96918 0.2629505
vn 0.70582906 -0.058902425 0.705929064
v -2.873505 0.2706185 -3.2806095
vt 0.99905 0.2629505
vn 0.70582906 -0.058902425 0.705929064
v -2.864563 0.230688 -3.2928815
vt 0.96918 0.183297
vn 0.70582906 -0.058902425 0.705929064
v -2.866988667 0.257308333 -3.288235667
vt 0.979136667 0.236399333
vn 0.70582906 -0.058902425 0.705929064
v -3.0770525 0.2682175 -2.5672605
vt 0 0.0551355
vn -0.707106781 0 0.707106781
v -3.42967 0.305382 -2.9198785
vt 0.4529375 0.06215
vn -0.707106781 0 0.707106781
v -3.4299925 0.2976525 -2.920201
vt 0.4529375 0.0551355
vn -0.707106781 0 0.707106781
v -3.312238333 0.290417333 -2.802446667
vt 0.301958333 0.057473667
vn -0.707106781 0 0.707106781
v -4.128554 0.3944955 -3.630233
vt 0.4529375 0
vn -0.707106778 -0.000100001 0.707106778
v -4.1282585 0.4015925 -3.629937
vt 0.4529375 0.0064405
vn -0.707106778 -0.000100001 0.707106778
v -4.4811985 0.431028 -3.982877
vt 0.905875 0.0064405
vn -0.707106778 -0.000100001 0.707106778
v -4.246003667 0.409038667 -3.747682333
vt 0.603916667 0.004293667
vn -0.707106778 -0.000100001 0.707106778
v -3.3155675 0.3270875 -3.7405065
vt 0.905875 0.041107
vn -0.707106778 0.000100001 0.707106778
v -3.6681855 0.3642525 -4.093124
vt 0.4529375 0.048121
vn -0.707106778 0.000100001 0.707106778
v -3.668508 0.356523 -4.0934465
vt 0.4529375 0.041107
vn -0.707106778 0.000100001 0.707106778
v -3.550753667 0.349287667 -3.975692333
vt 0.603916667 0.043445
vn -0.707106778 0.000100001 0.707106778
v -4.1358725 0.356523 -3.626081
vt 0.4529375 0.0551355
vn -0.707106781 0 0.707106781
v -4.1355505 0.3642525 -3.625759
vt 0.4529375 0.06215
vn -0.707106781 0 0.707106781
v -4.488813 0.3859585 -3.979021
vt 0.905875 0.0551355
vn -0.707106781 0 0.707106781
v -4.253412 0.368911333 -3.743620333
vt 0.603916667 0.057473667
vn -0.707106781 0 0.707106781
v -4.8344345 0.453366 -4.3361135
vt 0.4529375 0
vn -0.707106781 0 0.707106781
v -4.8341385 0.4604635 -4.3358175
vt 0.4529375 0.0064405
vn -0.707106781 0 0.707106781
v -5.187079 0.4898985 -4.688758
vt 0.905875 0.0064405
vn -0.707106781 0 0.707106781
v -4.951884 0.467909333 -4.453563
vt 0.603916667 0.004293667
vn -0.707106781 0 0.707106781
v -4.6849025 0.4448295 -5.194693
vt 0.905875 0.0551355
vn 0.707106778 -0.000100001 -0.707106778
v -4.3316395 0.4231235 -4.8414305
vt 0.4529375 0.06215
vn 0.707106778 -0.000100001 -0.707106778
v -4.331962 0.415394 -4.8417525
vt 0.4529375 0.0551355
vn 0.707106778 -0.000100001 -0.707106778
v -4.449501333 0.427782333 -4.959292
vt 0.603916667 0.057473667
vn 0.707106778 -0.000100001 -0.707106778
v -4.451129 0.4030775 -4.8794475
vt 0.96918 0.2629505
vn 0.70582906 -0.058902425 0.705929064
v -4.461736 0.4030775 -4.868841
vt 0.99905 0.2629505
vn 0.70582906 -0.058902425 0.705929064
v -4.452794 0.363147 -4.8811125
vt 0.96918 0.183297
vn 0.70582906 -0.058902425 0.705929064
v -4.455219667 0.389767333 -4.876467
vt 0.979136667 0.236399333
vn 0.70582906 -0.058902425 0.705929064
v -4.013833 0.431028 -4.450242
vt 0.905875 0.019321
vn -0.707106778 -0.000100001 0.707106778
v -4.3667735 0.460463 -4.8031825
vt 0.4529375 0.019321
vn -0.707106778 -0.000100001 0.707106778
v -4.3670695 0.453366 -4.8034785
vt 0.4529375 0.012881
vn -0.707106778 -0.000100001 0.707106778
v -4.249225333 0.448285667 -4.685634333
vt 0.603916667 0.017174333
vn -0.707106778 -0.000100001 0.707106778
v -4.021448 0.3859585 -4.4463865
vt 0.905875 0.041107
vn -0.707106778 -0.000100001 0.707106778
v -4.3743885 0.415394 -4.7993265
vt 0.4529375 0.041107
vn -0.707106778 -0.000100001 0.707106778
v -4.3747105 0.4076645 -4.799649
vt 0.4529375 0.034093
vn -0.707106778 -0.000100001 0.707106778
v -4.256849 0.403005667 -4.681787333
vt 0.603916667 0.038769
vn -0.707106778 -0.000100001 0.707106778
v -4.65044 0.379631 -5.0787585
vt 0.96918 0.183297
vn -0.705879237 0.058898268 -0.705879237
v -4.648775 0.4195615 -5.0770935
vt 0.96918 0.2629505
vn -0.705879237 0.058898268 -0.705879237
v -4.638168 0.4195615 -5.0877
vt 0.99905 0.2629505
vn -0.705879237 0.058898268 -0.705879237
v -4.645794333 0.406251333 -5.081184
vt 0.979136667 0.236399333
vn -0.705879237 0.058898268 -0.705879237
v -5.0802685 0.474265 -5.505207
vt 0.4529375 0.041107
vn -0.707106778 -0.000100001 0.707106778
v -5.0799465 0.4819945 -5.504885
vt 0.4529375 0.048121
vn -0.707106778 -0.000100001 0.707106778
v -5.433209 0.5037005 -5.858147
vt 0 0.041107
vn -0.707106778 -0.000100001 0.707106778
v -5.197808 0.486653333 -5.622746333
vt 0.301958333 0.043445
vn -0.707106778 -0.000100001 0.707106778
v -5.3907825 0.5037005 -5.9005735
vt 0.905875 0.0551355
vn 0.707106781 0 -0.707106781
v -5.03752 0.4819945 -5.547311
vt 0.4529375 0.06215
vn 0.707106781 0 -0.707106781
v -5.0378425 0.474265 -5.5476335
vt 0.4529375 0.0551355
vn 0.707106781 0 -0.707106781
v -5.155381667 0.486653333 -5.665172667
vt 0.603916667 0.057473667
vn 0.707106781 0 -0.707106781
v -5.504885 0.4819945 -5.079946
vt 0.4529375 0.048121
vn 0.707106781 0 -0.707106781
v -5.1522675 0.4448295 -4.7273285
vt 0.905875 0.041107
vn 0.707106781 0 -0.707106781
v -5.5052075 0.474265 -5.0802685
vt 0.4529375 0.041107
vn 0.707106781 0 -0.707106781
v -5.387453333 0.467029667 -4.962514333
vt 0.603916667 0.043445
vn 0.707106781 0 -0.707106781
v -5.157009 0.4619485 -5.5853275
vt 0.96918 0.2629505
vn 0.705879237 -0.058898268 0.705879237
v -5.167616 0.4619485 -5.574721
vt 0.99905 0.2629505
vn 0.705879237 -0.058898268 0.705879237
v -5.158674 0.422018 -5.5869925
vt 0.96918 0.183297
vn 0.705879237 -0.058898268 0.705879237
v -5.161099667 0.448638333 -5.582347
vt 0.979136667 0.236399333
vn 0.705879237 -0.058898268 0.705879237
v -5.4317815 0.452257 -5.431781
vt 0.4894555 0.7501595
vn -0.705879237 0.058898268 -0.705879237
v -5.4305325 0.482205 -5.430532
vt 0.4894555 0.781451
vn -0.705879237 0.058898268 -0.705879237
v -5.099441 0.452257 -5.764121
vt -0.000781 0.7501595
vn -0.705879237 0.058898268 -0.705879237
v -5.320585 0.462239667 -5.542144667
vt 0.326043333 0.76059
vn -0.705879237 0.058898268 -0.705879237
v -5.5476335 0.474265 -5.0378415
vt 0.4529375 0.0551355
vn -0.707106778 0.000100001 0.707106778
v -5.547311 0.4819945 -5.0375195
vt 0.4529375 0.06215
vn -0.707106778 0.000100001 0.707106778
v -5.9005735 0.5037005 -5.390782
vt 0.905875 0.0551355
vn -0.707106778 0.000100001 0.707106778
v -5.665172667 0.486653333 -5.155381
vt 0.603916667 0.057473667
vn -0.707106778 0.000100001 0.707106778
v -5.7813095 0.518363 -5.35299
vt 0.962368 0.179437
vn 0.041598669 0.998268051 0.041598669
v -5.781328 0.5174795 -5.331795
vt 0.939081 0.15615
vn 0.041598669 0.998268051 0.041598669
v -5.7707215 0.5174795 -5.342402
vt 0.962368 0.15615
vn 0.041598669 0.998268051 0.041598669
v -5.777786333 0.517774 -5.342395667
vt 0.954605667 0.163912333
vn 0.041598669 0.998268051 0.041598669
v -5.597661 0.5262185 -6.0476945
vt 0.6783125 0.093759
vn -0.707106781 0 0.707106781
v -5.597661 0.5338555 -6.0476945
vt 0.6779055 0.100665
vn -0.707106781 0 0.707106781
v -5.774983 0.548644 -6.225017
vt 0.450343 0.100665
vn -0.707106781 0 0.707106781
v -5.656768333 0.536239333 -6.106802
vt 0.602187 0.098363
vn -0.707106781 0 0.707106781
v -6.21247 0.5371135 -5.78753
vt 0.450958 0.0446005
vn 0.707106781 0 -0.707106781
v -6.0351475 0.5262185 -5.610208
vt 0.6783125 0.048121
vn 0.707106781 0 -0.707106781
v -6.0351475 0.522325 -5.610208
vt 0.6785205 0.0446005
vn 0.707106781 0 -0.707106781
v -6.094255 0.528552333 -5.669315333
vt 0.602597 0.045774
vn 0.707106781 0 -0.707106781
v -6.218205 0.574948 -5.781795
vt 0.44894 0.016131
vn 0.707106781 0 -0.707106781
v -6.040252 0.560107 -5.603842
vt 0.6773115 0.016131
vn 0.707106781 0 -0.707106781
v -6.040252 0.556513 -5.603842
vt 0.6775035 0.012881
vn 0.707106781 0 -0.707106781
v -6.099569667 0.563856 -5.663159667
vt 0.601251667 0.015047667
vn 0.707106781 0 -0.707106781
v -5.745104 0.5371135 -6.254896
vt 0.454917 0.058629
vn 0.707106781 0 -0.707106781
v -5.567782 0.5262185 -6.0775735
vt 0.2275625 0.06215
vn 0.707106781 0 -0.707106781
v -5.567782 0.522325 -6.0775735
vt 0.2273545 0.058629
vn 0.707106781 0 -0.707106781
v -5.626889333 0.528552333 -6.136681
vt 0.303278 0.059802667
vn 0.707106781 0 -0.707106781
v -6.2517435 0.541007 -5.7482565
vt 0.45095 0.293415
vn 0.041598669 0.998268051 0.041598669
v -6.0775735 0.5262185 -5.567782
vt 0.6785125 0.297453
vn 0.041598669 0.998268051 0.041598669
v -6.074421 0.5262185 -5.5709345
vt 0.6785125 0.293415
vn 0.041598669 0.998268051 0.041598669
v -6.134579333 0.531148 -5.628991
vt 0.602658333 0.294761
vn 0.041598669 0.998268051 0.041598669
v -5.532791 0.453219 -5.9611095
vt 0.96918 0.183297
vn -0.70582906 0.058902425 -0.705929064
v -5.531126 0.4931495 -5.9594445
vt 0.96918 0.2629505
vn -0.70582906 0.058902425 -0.705929064
v -5.520519 0.4931495 -5.970051
vt 0.99905 0.2629505
vn -0.70582906 0.058902425 -0.705929064
v -5.528145333 0.479839333 -5.963535
vt 0.979136667 0.236399333
vn -0.70582906 0.058902425 -0.705929064
v -5.6846495 0.503398 -5.684649
vt 0.4894555 0.844034
vn 0.705883391 -0.058798616 0.705883391
v -6.0182385 0.47345 -5.3535575
vt -0.000781 0.8127425
vn 0.705883391 -0.058798616 0.705883391
v -5.685898 0.47345 -5.6858975
vt 0.4894555 0.8127425
vn 0.705883391 -0.058798616 0.705883391
v -5.796262 0.483432667 -5.574701333
vt 0.326043333 0.823173
vn 0.705883391 -0.058798616 0.705883391
v -5.5998925 0.5107325 -6.0461075
vt 0.227027 0.169725
vn -0.041598669 -0.998268051 -0.041598669
v -5.610531 0.5107325 -6.035469
vt 0.227027 0.156096
vn -0.041598669 -0.998268051 -0.041598669
v -5.7768925 0.525494 -6.2231075
vt 0.454176 0.169725
vn -0.041598669 -0.998268051 -0.041598669
v -5.662438667 0.515653 -6.101561333
vt 0.302743333 0.165182
vn -0.041598669 -0.998268051 -0.041598669
v -6.040252 0.556513 -5.603842
vt 0.2288835 0.32163
vn -0.041598669 -0.998268051 -0.041598669
v -6.0419695 0.556513 -5.6021245
vt 0.2288835 0.3238305
vn -0.041598669 -0.998268051 -0.041598669
v -6.2199225 0.571354 -5.7800775
vt 0.457255 0.3238305
vn -0.041598669 -0.998268051 -0.041598669
v -6.100714667 0.56146 -5.662014667
vt 0.305007333 0.323097
vn -0.041598669 -0.998268051 -0.041598669
v -6.2413435 0.585598 -5.7586565
vt 0.448572 0.2495805
vn 0.041598669 0.998268051 0.041598669
v -6.0709115 0.570732 -5.572591
vt 0.6773235 0.259595
vn 0.041598669 0.998268051 0.041598669
v -6.063095 0.570732 -5.5804075
vt 0.6773235 0.2495805
vn 0.041598669 0.998268051 0.041598669
v -6.125116667 0.575687333 -5.637218333
vt 0.601073 0.252918667
vn 0.041598669 0.998268051 0.041598669
v -6.064396 0.556513 -5.5796985
vt 0.2288835 0.312903
vn -0.041598669 -0.998268051 -0.041598669
v -6.066113 0.556513 -5.5779815
vt 0.2288835 0.315103
vn -0.041598669 -0.998268051 -0.041598669
v -6.244066 0.571354 -5.755934
vt 0.457255 0.315103
vn -0.041598669 -0.998268051 -0.041598669
v -6.124858333 0.56146 -5.637871333
vt 0.305007333 0.314369667
vn -0.041598669 -0.998268051 -0.041598669
v -5.75084 0.574948 -6.24916
vt 0.4569345 0.00325
vn 0.707106781 0 -0.707106781
v -5.572887 0.560107 -6.0712075
vt 0.228563 0.00325
vn 0.707106781 0 -0.707106781
v -5.572887 0.556513 -6.0712075
vt 0.2283715 0
vn 0.707106781 0 -0.707106781
v -5.632204667 0.563856 -6.130525
vt 0.304623 0.002166667
vn 0.707106781 0 -0.707106781
v -5.7781355 0.541007 -6.2218645
vt 0.45095 0.308865
vn 0.041598669 0.998268051 0.041598669
v -5.6008135 0.5262185 -6.044542
vt 0.6785125 0.308865
vn 0.041598669 0.998268051 0.041598669
v -5.597661 0.5262185 -6.0476945
vt 0.6785125 0.312903
vn 0.041598669 0.998268051 0.041598669
v -5.65887 0.531148 -6.104700333
vt 0.602658333 0.310211
vn 0.041598669 0.998268051 0.041598669
v -6.225017 0.548644 -5.774983
vt 0.4503435 0.100665
vn 0.707106781 0 -0.707106781
v -6.047695 0.5338555 -5.597661
vt 0.6779055 0.100665
vn 0.707106781 0 -0.707106781
v -6.047695 0.5262185 -5.597661
vt 0.678313 0.093759
vn 0.707106781 0 -0.707106781
v -6.106802333 0.536239333 -5.656768333
vt 0.602187333 0.098363
vn 0.707106781 0 -0.707106781
v -6.065026 0.5262185 -5.58033
vt 0.227562 0.06215
vn -0.707106781 0 0.707106781
v -6.065026 0.5338555 -5.58033
vt 0.2279695 0.069056
vn -0.707106781 0 0.707106781
v -6.242348 0.548644 -5.757652
vt 0.4555315 0.069056
vn -0.707106781 0 0.707106781
v -6.124133333 0.536239333 -5.639437333
vt 0.303687667 0.066754
vn -0.707106781 0 0.707106781
v -6.0712075 0.556513 -5.572887
vt 0.2283715 0
vn -0.707106781 0 0.707106781
v -6.0712075 0.560107 -5.572887
vt 0.2285635 0.00325
vn -0.707106781 0 0.707106781
v -6.24916 0.574948 -5.75084
vt 0.456935 0.00325
vn -0.707106781 0 0.707106781
v -6.130525 0.563856 -5.632204667
vt 0.304623333 0.002166667
vn -0.707106781 0 0.707106781
v -6.221865 0.541007 -5.778135
vt 0.4509505 0.308865
vn 0.041598669 0.998268051 0.041598669
v -6.047695 0.5262185 -5.597661
vt 0.678513 0.312903
vn 0.041598669 0.998268051 0.041598669
v -6.044543 0.5262185 -5.600813
vt 0.6785125 0.308865
vn 0.041598669 0.998268051 0.041598669
v -6.104701 0.531148 -5.658869667
vt 0.602658667 0.310211
vn 0.041598669 0.998268051 0.041598669
f 4667/1/1 4668/2/1 4663/3/1 4666/4/1
f 1/4/2 2/5/2 4/3/2 5/1/2
f 9/7/2 7/8/2 12/6/2 10/9/2
f 14/3/2 15/5/2 2338/9/2 2339/6/2
f 17/10/3 18/11/3 2341/12/3 2342/73/3
f 20/13/4 21/14/4 2344/15/5 2345/19/5
f 22/16/6 4669/145/34 4672/148/37 4671/147/36
f 23/17/7 4670/146/35 4672/148/37 4669/145/34
f 24/18/6 4671/147/36 4672/148/37 4670/146/35
f 27/19/5 4673/149/38 4676/152/41 4675/151/40
f 25/13/4 4674/150/39 4676/152/41 4673/149/38
f 26/20/5 4675/151/40 4676/152/41 4674/150/39
f 30/17/7 2353/21/7 2354/16/6 29/18/6
f 33/11/8 2356/22/8 2357/74/8 32/12/8
f 34/20/5 4677/153/42 4680/156/45 4679/155/44
f 35/13/4 4678/154/43 4680/156/45 4677/153/42
f 36/19/5 4679/155/44 4680/156/45 4678/154/43
f 38/23/9 4681/157/46 4684/160/49 4683/159/48
f 39/24/10 4682/158/47 4684/160/49 4681/157/46
f 37/25/11 4683/159/48 4684/160/49 4682/158/47
f 40/4/2 4685/161/50 4688/164/53 4687/163/52
f 41/5/2 4686/162/51 4688/164/53 4685/161/50
f 42/26/2 4687/163/52 4688/164/53 4686/162/51
f 45/4/2 43/1/2 2366/3/2 2367/5/2
f 47/6/2 4689/165/54 4692/168/57 4691/167/56
f 48/27/2 4690/166/55 4692/168/57 4689/165/54
f 46/8/2 4691/167/56 4692/168/57 4690/166/55
f 51/8/2 49/7/2 2372/9/2 2373/6/2
f 53/6/2 54/9/2 2377/5/2 2378/3/2
f 57/28/12 2380/29/12 2381/63/13 56/30/13
f 59/32/3 60/33/3 2383/31/3 2384/64/3
f 63/15/5 2386/14/4 2387/13/4 62/19/5
f 64/34/12 4693/169/58 4696/172/61 4695/171/60
f 65/35/11 4694/170/59 4696/172/61 4693/169/58
f 66/36/11 4695/171/60 4696/172/61 4694/170/59
f 67/24/9 4697/173/62 4700/176/65 4699/175/64
f 68/37/13 4698/174/63 4700/176/65 4697/173/62
f 69/25/13 4699/175/64 4700/176/65 4698/174/63
f 71/34/10 4701/177/66 4704/180/69 4703/179/68
f 72/36/14 4702/178/67 4704/180/69 4701/177/66
f 70/35/11 4703/179/68 4704/180/69 4702/178/67
f 75/38/15 2398/39/15 2399/44/15 74/40/15
f 78/38/3 2401/39/3 2402/44/3 77/40/3
f 80/40/16 81/38/16 2404/39/16 2405/44/16
f 83/40/8 84/38/8 2407/39/8 2408/44/8
f 86/42/12 87/43/12 2410/41/12 2411/45/12
f 90/44/15 2413/39/15 2414/38/15 89/40/15
f 92/40/8 93/44/8 2416/39/8 2417/38/8
f 95/40/16 96/44/16 2419/39/16 2420/38/16
f 99/44/3 2422/39/3 2423/38/3 98/40/3
f 102/45/12 2425/41/12 2426/43/12 101/42/12
f 105/46/15 2428/47/15 2429/123/15 104/48/15
f 108/49/3 2431/50/3 2432/52/3 107/51/3
f 110/52/16 111/53/16 2434/46/16 2435/48/16
f 113/54/8 114/55/8 2437/56/8 2438/124/8
f 116/58/12 117/59/12 2440/57/12 2441/125/12
f 120/60/17 2443/61/17 2444/126/17 119/62/17
f 121/29/10 4705/181/70 4708/184/73 4707/183/72
f 122/30/13 4706/182/71 4708/184/73 4705/181/70
f 123/63/13 4707/183/72 4708/184/73 4706/182/71
f 124/31/18 4709/185/74 4712/188/77 4711/187/76
f 125/32/18 4710/186/75 4712/188/77 4709/185/74
f 126/64/18 4711/187/76 4712/188/77 4710/186/75
f 129/65/8 2452/31/8 2453/33/8 128/66/8
f 132/38/15 2455/39/15 2456/44/15 131/40/15
f 135/38/3 2458/39/3 2459/44/3 134/40/3
f 137/40/16 138/38/16 2461/39/16 2462/44/16
f 140/40/8 141/38/8 2464/39/8 2465/44/8
f 143/42/12 144/43/12 2467/41/12 2468/45/12
f 147/44/15 2470/39/15 2471/38/15 146/40/15
f 149/40/8 150/44/8 2473/39/8 2474/38/8
f 152/40/16 153/44/16 2476/39/16 2477/38/16
f 156/44/3 2479/39/3 2480/38/3 155/40/3
f 159/45/12 2482/41/12 2483/43/12 158/42/12
f 162/46/15 2485/47/15 2486/123/15 161/48/15
f 165/49/3 2488/50/3 2489/52/3 164/51/3
f 167/52/16 168/53/16 2491/46/16 2492/48/16
f 170/54/8 171/55/8 2494/56/8 2495/124/8
f 173/58/12 174/59/12 2497/57/12 2498/125/12
f 177/60/17 2500/61/17 2501/126/17 176/62/17
f 180/67/8 2503/68/8 2504/72/8 179/69/8
f 182/64/3 183/70/3 2506/71/3 2507/32/3
f 185/69/3 186/72/3 2509/68/3 2510/67/3
f 189/32/8 2512/71/8 2513/70/8 188/64/8
f 192/38/15 2515/39/15 2516/44/15 191/40/15
f 195/38/3 2518/39/3 2519/44/3 194/40/3
f 197/40/16 198/38/16 2521/39/16 2522/44/16
f 200/40/8 201/38/8 2524/39/8 2525/44/8
f 203/42/12 204/43/12 2527/41/12 2528/45/12
f 207/44/15 2530/39/15 2531/38/15 206/40/15
f 209/40/8 210/44/8 2533/39/8 2534/38/8
f 212/40/16 213/44/16 2536/39/16 2537/38/16
f 216/44/3 2539/39/3 2540/38/3 215/40/3
f 219/45/12 2542/41/12 2543/43/12 218/42/12
f 222/46/15 2545/47/15 2546/123/15 221/48/15
f 225/49/3 2548/50/3 2549/52/3 224/51/3
f 227/52/16 228/53/16 2551/46/16 2552/48/16
f 230/54/8 231/55/8 2554/56/8 2555/124/8
f 233/58/12 234/59/12 2557/57/12 2558/125/12
f 237/60/17 2560/61/17 2561/126/17 236/62/17
f 240/73/8 2563/12/8 2564/11/8 239/10/8
f 241/66/3 4713/189/78 4716/192/81 4715/191/80
f 242/31/3 4714/190/79 4716/192/81 4713/189/78
f 243/65/3 4715/191/80 4716/192/81 4714/190/79
f 245/12/3 246/74/3 2569/22/3 2570/11/3
f 249/38/15 2572/39/15 2573/44/15 248/40/15
f 252/38/3 2575/39/3 2576/44/3 251/40/3
f 254/40/16 255/38/16 2578/39/16 2579/44/16
f 257/40/8 258/38/8 2581/39/8 2582/44/8
f 260/42/12 261/43/12 2584/41/12 2585/45/12
f 264/44/15 2587/39/15 2588/38/15 263/40/15
f 266/40/8 267/44/8 2590/39/8 2591/38/8
f 269/40/16 270/44/16 2593/39/16 2594/38/16
f 273/44/3 2596/39/3 2597/38/3 272/40/3
f 276/45/12 2599/41/12 2600/43/12 275/42/12
f 279/46/15 2602/47/15 2603/123/15 278/48/15
f 282/49/3 2605/50/3 2606/52/3 281/51/3
f 284/52/16 285/53/16 2608/46/16 2609/48/16
f 287/54/8 288/55/8 2611/56/8 2612/124/8
f 290/58/12 291/59/12 2614/57/12 2615/125/12
f 294/60/17 2617/61/17 2618/126/17 293/62/17
f 297/33/8 2620/32/8 2621/64/8 296/31/8
f 299/29/12 300/63/12 2623/30/12 2624/28/12
f 302/67/8 303/68/8 2626/72/8 2627/69/8
f 306/65/8 4717/193/82 4720/196/85 4719/195/84
f 304/31/8 4718/194/83 4720/196/85 4717/193/82
f 305/66/8 4719/195/84 4720/196/85 4718/194/83
f 308/11/8 309/22/8 2632/74/8 2633/12/8
f 311/24/12 312/25/12 2635/37/12 2636/23/12
f 314/11/3 315/12/3 2638/73/3 2639/10/3
f 317/75/12 318/34/12 2641/36/12 2642/35/12
f 319/31/3 4721/197/86 4724/200/89 4723/199/88
f 320/32/3 4722/198/87 4724/200/89 4721/197/86
f 321/33/3 4723/199/88 4724/200/89 4722/198/87
f 324/15/17 2647/14/17 2648/13/17 323/19/17
f 326/69/3 327/72/3 2650/68/3 2651/67/3
f 329/21/17 330/17/17 2653/18/17 2654/16/17
f 333/38/15 2656/39/15 2657/44/15 332/40/15
f 336/38/3 2659/39/3 2660/44/3 335/40/3
f 338/40/16 339/38/16 2662/39/16 2663/44/16
f 341/40/8 342/38/8 2665/39/8 2666/44/8
f 344/42/12 345/43/12 2668/41/12 2669/45/12
f 348/44/15 2671/39/15 2672/38/15 347/40/15
f 350/40/8 351/44/8 2674/39/8 2675/38/8
f 353/40/16 354/44/16 2677/39/16 2678/38/16
f 357/44/3 2680/39/3 2681/38/3 356/40/3
f 360/45/12 2683/41/12 2684/43/12 359/42/12
f 363/46/15 2686/47/15 2687/123/15 362/48/15
f 366/49/3 2689/50/3 2690/52/3 365/51/3
f 368/52/16 369/53/16 2692/46/16 2693/48/16
f 371/54/8 372/55/8 2695/56/8 2696/124/8
f 374/58/12 375/59/12 2698/57/12 2699/125/12
f 378/60/17 2701/61/17 2702/126/17 377/62/17
f 380/30/12 381/63/12 2704/29/12 2705/28/12
f 384/19/17 2707/13/17 2708/76/17 383/20/17
f 387/38/15 2710/39/15 2711/44/15 386/40/15
f 390/38/3 2713/39/3 2714/44/3 389/40/3
f 392/40/16 393/38/16 2716/39/16 2717/44/16
f 395/40/8 396/38/8 2719/39/8 2720/44/8
f 398/42/12 399/43/12 2722/41/12 2723/45/12
f 402/44/15 2725/39/15 2726/38/15 401/40/15
f 404/40/8 405/44/8 2728/39/8 2729/38/8
f 407/40/16 408/44/16 2731/39/16 2732/38/16
f 411/44/3 2734/39/3 2735/38/3 410/40/3
f 414/45/12 2737/41/12 2738/43/12 413/42/12
f 417/46/15 2740/47/15 2741/123/15 416/48/15
f 420/49/3 2743/50/3 2744/52/3 419/51/3
f 422/52/16 423/53/16 2746/46/16 2747/48/16
f 425/54/8 426/55/8 2749/56/8 2750/124/8
f 428/58/12 429/59/12 2752/57/12 2753/125/12
f 432/60/17 2755/61/17 2756/126/17 431/62/17
f 434/71/8 435/70/8 2758/64/8 2759/32/8
f 437/13/17 438/14/17 2761/15/17 2762/19/17
f 441/38/15 2764/39/15 2765/44/15 440/40/15
f 444/38/3 2767/39/3 2768/44/3 443/40/3
f 446/40/16 447/38/16 2770/39/16 2771/44/16
f 449/40/8 450/38/8 2773/39/8 2774/44/8
f 452/42/12 453/43/12 2776/41/12 2777/45/12
f 456/44/15 2779/39/15 2780/38/15 455/40/15
f 458/40/8 459/44/8 2782/39/8 2783/38/8
f 461/40/16 462/44/16 2785/39/16 2786/38/16
f 465/44/3 2788/39/3 2789/38/3 464/40/3
f 468/45/12 2791/41/12 2792/43/12 467/42/12
f 471/46/15 2794/47/15 2795/123/15 470/48/15
f 474/49/3 2797/50/3 2798/52/3 473/51/3
f 476/52/16 477/53/16 2800/46/16 2801/48/16
f 479/54/8 480/55/8 2803/56/8 2804/124/8
f 482/58/12 483/59/12 2806/57/12 2807/125/12
f 486/60/17 2809/61/17 2810/126/17 485/62/17
f 489/18/17 2812/17/17 2813/21/17 488/16/17
f 490/66/19 4725/201/90 4728/204/93 4727/203/92
f 491/31/19 4726/202/91 4728/204/93 4725/201/90
f 492/65/19 4727/203/92 4728/204/93 4726/202/91
f 494/35/12 495/36/12 2818/34/12 2819/75/12
f 497/70/3 498/71/3 2821/32/3 2822/64/3
f 500/73/8 501/12/8 2824/11/8 2825/10/8
f 504/24/12 2827/23/12 2828/37/12 503/25/12
f 506/76/17 507/13/17 2830/19/17 2831/20/17
f 509/74/3 510/22/3 2833/11/3 2834/12/3
f 513/38/15 2836/39/15 2837/44/15 512/40/15
f 516/38/3 2839/39/3 2840/44/3 515/40/3
f 518/40/16 519/38/16 2842/39/16 2843/44/16
f 521/40/8 522/38/8 2845/39/8 2846/44/8
f 524/42/12 525/43/12 2848/41/12 2849/45/12
f 528/44/15 2851/39/15 2852/38/15 527/40/15
f 530/40/8 531/44/8 2854/39/8 2855/38/8
f 533/40/16 534/44/16 2857/39/16 2858/38/16
f 537/44/3 2860/39/3 2861/38/3 536/40/3
f 540/45/12 2863/41/12 2864/43/12 539/42/12
f 543/46/15 2866/47/15 2867/123/15 542/48/15
f 546/49/3 2869/50/3 2870/52/3 545/51/3
f 548/52/16 549/53/16 2872/46/16 2873/48/16
f 551/54/8 552/55/8 2875/56/8 2876/124/8
f 554/58/12 555/59/12 2878/57/12 2879/125/12
f 558/60/17 2881/61/17 2882/126/17 557/62/17
f 561/31/8 2884/33/8 2885/32/8 560/64/8
f 563/28/12 564/29/12 2887/63/12 2888/30/12
f 566/12/8 567/11/8 2890/10/8 2891/73/8
f 569/71/8 570/70/8 2893/64/8 2894/32/8
f 572/32/3 573/33/3 2896/31/3 2897/64/3
f 576/15/17 2899/14/17 2900/13/17 575/19/17
f 579/17/17 2902/21/17 2903/16/17 578/18/17
f 581/67/8 582/68/8 2905/72/8 2906/69/8
f 584/11/3 585/12/3 2908/73/3 2909/10/3
f 588/65/8 2911/31/8 2912/33/8 587/66/8
f 591/38/15 2914/39/15 2915/44/15 590/40/15
f 594/38/3 2917/39/3 2918/44/3 593/40/3
f 596/40/16 597/38/16 2920/39/16 2921/44/16
f 599/40/8 600/38/8 2923/39/8 2924/44/8
f 602/42/12 603/43/12 2926/41/12 2927/45/12
f 606/44/15 2929/39/15 2930/38/15 605/40/15
f 608/40/8 609/44/8 2932/39/8 2933/38/8
f 611/40/16 612/44/16 2935/39/16 2936/38/16
f 615/44/3 2938/39/3 2939/38/3 614/40/3
f 618/45/12 2941/41/12 2942/43/12 617/42/12
f 621/46/15 2944/47/15 2945/123/15 620/48/15
f 624/49/3 2947/50/3 2948/52/3 623/51/3
f 626/52/16 627/53/16 2950/46/16 2951/48/16
f 629/54/8 630/55/8 2953/56/8 2954/124/8
f 632/58/12 633/59/12 2956/57/12 2957/125/12
f 636/60/17 2959/61/17 2960/126/17 635/62/17
f 639/13/17 2962/76/17 2963/20/17 638/19/17
f 641/22/8 642/74/8 2965/12/8 2966/11/8
f 645/38/15 2968/39/15 2969/44/15 644/40/15
f 648/38/3 2971/39/3 2972/44/3 647/40/3
f 650/40/16 651/38/16 2974/39/16 2975/44/16
f 653/40/8 654/38/8 2977/39/8 2978/44/8
f 656/42/12 657/43/12 2980/41/12 2981/45/12
f 660/44/15 2983/39/15 2984/38/15 659/40/15
f 662/40/8 663/44/8 2986/39/8 2987/38/8
f 665/40/16 666/44/16 2989/39/16 2990/38/16
f 669/44/3 2992/39/3 2993/38/3 668/40/3
f 672/45/12 2995/41/12 2996/43/12 671/42/12
f 675/46/15 2998/47/15 2999/123/15 674/48/15
f 678/49/3 3001/50/3 3002/52/3 677/51/3
f 680/52/16 681/53/16 3004/46/16 3005/48/16
f 683/54/8 684/55/8 3007/56/8 3008/124/8
f 686/58/12 687/59/12 3010/57/12 3011/125/12
f 690/60/17 3013/61/17 3014/126/17 689/62/17
f 692/76/17 693/13/17 3016/19/17 3017/20/17
f 695/64/3 696/70/3 3019/71/3 3020/32/3
f 699/12/3 3022/74/3 3023/22/3 698/11/3
f 702/69/3 3025/72/3 3026/68/3 701/67/3
f 705/38/15 3028/39/15 3029/44/15 704/40/15
f 708/38/3 3031/39/3 3032/44/3 707/40/3
f 710/40/16 711/38/16 3034/39/16 3035/44/16
f 713/40/8 714/38/8 3037/39/8 3038/44/8
f 716/42/12 717/43/12 3040/41/12 3041/45/12
f 720/44/15 3043/39/15 3044/38/15 719/40/15
f 722/40/8 723/44/8 3046/39/8 3047/38/8
f 725/40/20 4729/205/94 4732/208/97 4731/207/96
f 726/44/20 4730/206/95 4732/208/97 4729/205/94
f 724/39/20 4731/207/96 4732/208/97 4730/206/95
f 729/44/3 3052/39/3 3053/38/3 728/40/3
f 732/45/12 3055/41/12 3056/43/12 731/42/12
f 735/46/15 3058/47/15 3059/123/15 734/48/15
f 738/49/3 3061/50/3 3062/52/3 737/51/3
f 740/52/16 741/53/16 3064/46/16 3065/48/16
f 743/54/8 744/55/8 3067/56/8 3068/124/8
f 746/58/12 747/59/12 3070/57/12 3071/125/12
f 750/60/17 3073/61/17 3074/126/17 749/62/17
f 752/37/12 753/25/12 3076/24/12 3077/23/12
f 755/24/12 756/25/12 3079/37/12 3080/23/12
f 757/66/21 4733/209/98 4736/212/101 4735/211/100
f 758/31/21 4734/210/99 4736/212/101 4733/209/98
f 759/65/21 4735/211/100 4736/212/101 4734/210/99
f 761/17/17 762/18/17 3085/16/17 3086/21/17
f 764/75/12 765/34/12 3088/36/12 3089/35/12
f 767/30/12 768/63/12 3091/29/12 3092/28/12
f 771/34/12 3094/75/12 3095/35/12 770/36/12
f 773/14/17 774/15/17 3097/19/17 3098/13/17
f 777/38/15 3100/39/15 3101/44/15 776/40/15
f 780/38/3 3103/39/3 3104/44/3 779/40/3
f 782/40/16 783/38/16 3106/39/16 3107/44/16
f 785/40/8 786/38/8 3109/39/8 3110/44/8
f 788/42/12 789/43/12 3112/41/12 3113/45/12
f 792/44/15 3115/39/15 3116/38/15 791/40/15
f 794/40/8 795/44/8 3118/39/8 3119/38/8
f 797/40/16 798/44/16 3121/39/16 3122/38/16
f 801/44/3 3124/39/3 3125/38/3 800/40/3
f 804/45/12 3127/41/12 3128/43/12 803/42/12
f 807/46/15 3130/47/15 3131/123/15 806/48/15
f 810/49/3 3133/50/3 3134/52/3 809/51/3
f 812/52/16 813/53/16 3136/46/16 3137/48/16
f 815/54/8 816/55/8 3139/56/8 3140/124/8
f 818/58/12 819/59/12 3142/57/12 3143/125/12
f 822/60/17 3145/61/17 3146/126/17 821/62/17
f 824/31/3 825/65/3 3148/66/3 3149/33/3
f 828/13/17 3151/76/17 3152/20/17 827/19/17
f 830/70/3 831/71/3 3154/32/3 3155/64/3
f 833/73/8 834/12/8 3157/11/8 3158/10/8
f 836/32/8 837/71/8 3160/70/8 3161/64/8
f 839/11/3 840/12/3 3163/73/3 3164/10/3
f 843/38/15 3166/39/15 3167/44/15 842/40/15
f 846/38/3 3169/39/3 3170/44/3 845/40/3
f 848/40/16 849/38/16 3172/39/16 3173/44/16
f 851/40/8 852/38/8 3175/39/8 3176/44/8
f 854/42/12 855/43/12 3178/41/12 3179/45/12
f 858/44/15 3181/39/15 3182/38/15 857/40/15
f 860/40/8 861/44/8 3184/39/8 3185/38/8
f 863/40/16 864/44/16 3187/39/16 3188/38/16
f 867/44/3 3190/39/3 3191/38/3 866/40/3
f 870/45/22 4737/213/102 4740/216/105 4739/215/104
f 868/41/22 4738/214/103 4740/216/105 4737/213/102
f 869/42/22 4739/215/104 4740/216/105 4738/214/103
f 873/46/15 3196/47/15 3197/123/15 872/48/15
f 876/49/3 3199/50/3 3200/52/3 875/51/3
f 878/52/16 879/53/16 3202/46/16 3203/48/16
f 881/54/8 882/55/8 3205/56/8 3206/124/8
f 884/58/12 885/59/12 3208/57/12 3209/125/12
f 888/60/17 3211/61/17 3212/126/17 887/62/17
f 890/13/17 891/14/17 3214/15/17 3215/19/17
f 894/28/12 3217/29/12 3218/63/12 893/30/12
f 897/38/15 3220/39/15 3221/44/15 896/40/15
f 900/38/3 3223/39/3 3224/44/3 899/40/3
f 902/40/16 903/38/16 3226/39/16 3227/44/16
f 905/40/8 906/38/8 3229/39/8 3230/44/8
f 908/42/12 909/43/12 3232/41/12 3233/45/12
f 912/44/15 3235/39/15 3236/38/15 911/40/15
f 914/40/8 915/44/8 3238/39/8 3239/38/8
f 917/40/16 918/44/16 3241/39/16 3242/38/16
f 921/44/3 3244/39/3 3245/38/3 920/40/3
f 924/45/12 3247/41/12 3248/43/12 923/42/12
f 927/46/15 3250/47/15 3251/123/15 926/48/15
f 930/49/3 3253/50/3 3254/52/3 929/51/3
f 932/52/16 933/53/16 3256/46/16 3257/48/16
f 935/54/8 936/55/8 3259/56/8 3260/124/8
f 938/58/12 939/59/12 3262/57/12 3263/125/12
f 942/60/17 3265/61/17 3266/126/17 941/62/17
f 944/72/3 945/68/3 3268/67/3 3269/69/3
f 947/75/12 948/34/12 3271/36/12 3272/35/12
f 950/23/12 951/24/12 3274/25/12 3275/37/12
f 954/15/17 3277/14/17 3278/13/17 953/19/17
f 956/76/17 957/13/17 3280/19/17 3281/20/17
f 959/21/17 960/17/17 3283/18/17 3284/16/17
f 963/18/17 3286/17/17 3287/21/17 962/16/17
f 966/31/3 3289/64/3 3290/32/3 965/33/3
f 969/38/15 3292/39/15 3293/44/15 968/40/15
f 972/38/3 3295/39/3 3296/44/3 971/40/3
f 974/40/16 975/38/16 3298/39/16 3299/44/16
f 977/40/8 978/38/8 3301/39/8 3302/44/8
f 980/42/12 981/43/12 3304/41/12 3305/45/12
f 984/44/15 3307/39/15 3308/38/15 983/40/15
f 986/40/8 987/44/8 3310/39/8 3311/38/8
f 989/40/16 990/44/16 3313/39/16 3314/38/16
f 993/44/3 3316/39/3 3317/38/3 992/40/3
f 996/45/12 3319/41/12 3320/43/12 995/42/12
f 999/46/15 3322/47/15 3323/123/15 998/48/15
f 1002/49/3 3325/50/3 3326/52/3 1001/51/3
f 1004/52/16 1005/53/16 3328/46/16 3329/48/16
f 1007/54/8 1008/55/8 3331/56/8 3332/124/8
f 1010/58/12 1011/59/12 3334/57/12 3335/125/12
f 1014/60/17 3337/61/17 3338/126/17 1013/62/17
f 1016/35/12 1017/36/12 3340/34/12 3341/75/12
f 1019/37/12 1020/25/12 3343/24/12 3344/23/12
f 1023/29/12 3346/28/12 3347/30/12 1022/63/12
f 1026/12/3 3349/74/3 3350/22/3 1025/11/3
f 1028/68/8 1029/72/8 3352/69/8 3353/67/8
f 1032/33/18 4741/217/106 4744/220/109 4743/219/108
f 1030/32/18 4742/218/107 4744/220/109 4741/217/106
f 1031/31/18 4743/219/108 4744/220/109 4742/218/107
f 1034/31/8 1035/33/8 3358/66/8 3359/65/8
f 1037/22/8 1038/74/8 3361/12/8 3362/11/8
f 1041/38/15 3364/39/15 3365/44/15 1040/40/15
f 1044/38/3 3367/39/3 3368/44/3 1043/40/3
f 1046/40/16 1047/38/16 3370/39/16 3371/44/16
f 1049/40/8 1050/38/8 3373/39/8 3374/44/8
f 1052/42/12 1053/43/12 3376/41/12 3377/45/12
f 1056/44/15 3379/39/15 3380/38/15 1055/40/15
f 1058/40/8 1059/44/8 3382/39/8 3383/38/8
f 1061/40/16 1062/44/16 3385/39/16 3386/38/16
f 1065/44/3 3388/39/3 3389/38/3 1064/40/3
f 1068/45/12 3391/41/12 3392/43/12 1067/42/12
f 1071/46/15 3394/47/15 3395/123/15 1070/48/15
f 1074/49/3 3397/50/3 3398/52/3 1073/51/3
f 1076/52/16 1077/53/16 3400/46/16 3401/48/16
f 1079/54/8 1080/55/8 3403/56/8 3404/124/8
f 1082/58/12 1083/59/12 3406/57/12 3407/125/12
f 1086/60/17 3409/61/17 3410/126/17 1085/62/17
f 1088/13/17 1089/14/17 3412/15/17 3413/19/17
f 1091/32/3 1092/33/3 3415/31/3 3416/64/3
f 1094/10/3 1095/11/3 3418/12/3 3419/73/3
f 1097/32/8 1098/71/8 3421/70/8 3422/64/8
f 1100/17/17 1101/18/17 3424/16/17 3425/21/17
f 1103/74/3 1104/22/3 3427/11/3 3428/12/3
f 1106/72/3 1107/68/3 3430/67/3 3431/69/3
f 1110/18/17 3433/17/17 3434/21/17 1109/16/17
f 1112/31/3 1113/65/3 3436/66/3 3437/33/3
f 1116/38/15 3439/39/15 3440/44/15 1115/40/15
f 1119/38/3 3442/39/3 3443/44/3 1118/40/3
f 1121/40/16 1122/38/16 3445/39/16 3446/44/16
f 1124/40/8 1125/38/8 3448/39/8 3449/44/8
f 1127/42/12 1128/43/12 3451/41/12 3452/45/12
f 1131/44/15 3454/39/15 3455/38/15 1130/40/15
f 1133/40/8 1134/44/8 3457/39/8 3458/38/8
f 1136/40/16 1137/44/16 3460/39/16 3461/38/16
f 1140/44/3 3463/39/3 3464/38/3 1139/40/3
f 1143/45/12 3466/41/12 3467/43/12 1142/42/12
f 1146/46/15 3469/47/15 3470/123/15 1145/48/15
f 1149/49/3 3472/50/3 3473/52/3 1148/51/3
f 1151/52/16 1152/53/16 3475/46/16 3476/48/16
f 1154/54/8 1155/55/8 3478/56/8 3479/124/8
f 1157/58/12 1158/59/12 3481/57/12 3482/125/12
f 1161/60/17 3484/61/17 3485/126/17 1160/62/17
f 1164/28/12 3487/29/12 3488/63/12 1163/30/12
f 1167/19/17 3490/13/17 3491/76/17 1166/20/17
f 1170/14/17 3493/13/17 3494/19/17 1169/15/17
f 1172/30/12 1173/63/12 3496/29/12 3497/28/12
f 1176/38/15 3499/39/15 3500/44/15 1175/40/15
f 1179/38/3 3502/39/3 3503/44/3 1178/40/3
f 1181/40/16 1182/38/16 3505/39/16 3506/44/16
f 1184/40/8 1185/38/8 3508/39/8 3509/44/8
f 1187/42/12 1188/43/12 3511/41/12 3512/45/12
f 1191/44/15 4745/221/110 4748/224/113 4747/223/112
f 1189/39/15 4746/222/111 4748/224/113 4745/221/110
f 1190/40/15 4747/223/112 4748/224/113 4746/222/111
f 1193/40/8 1194/44/8 3517/39/8 3518/38/8
f 1196/40/16 1197/44/16 3520/39/16 3521/38/16
f 1200/44/3 3523/39/3 3524/38/3 1199/40/3
f 1203/45/12 3526/41/12 3527/43/12 1202/42/12
f 1206/46/15 3529/47/15 3530/123/15 1205/48/15
f 1209/49/3 3532/50/3 3533/52/3 1208/51/3
f 1211/52/16 1212/53/16 3535/46/16 3536/48/16
f 1214/54/8 1215/55/8 3538/56/8 3539/124/8
f 1217/58/12 1218/59/12 3541/57/12 3542/125/12
f 1221/60/17 3544/61/17 3545/126/17 1220/62/17
f 1223/67/8 1224/68/8 3547/72/8 3548/69/8
f 1226/12/8 1227/11/8 3550/10/8 3551/73/8
f 1229/64/3 1230/70/3 3553/71/3 3554/32/3
f 1233/38/15 3556/39/15 3557/44/15 1232/40/15
f 1236/38/3 3559/39/3 3560/44/3 1235/40/3
f 1238/40/16 1239/38/16 3562/39/16 3563/44/16
f 1241/40/8 1242/38/8 3565/39/8 3566/44/8
f 1244/42/12 1245/43/12 3568/41/12 3569/45/12
f 1248/44/15 3571/39/15 3572/38/15 1247/40/15
f 1250/40/8 1251/44/8 3574/39/8 3575/38/8
f 1253/40/16 1254/44/16 3577/39/16 3578/38/16
f 1257/44/3 3580/39/3 3581/38/3 1256/40/3
f 1260/45/12 3583/41/12 3584/43/12 1259/42/12
f 1263/46/15 3586/47/15 3587/123/15 1262/48/15
f 1266/49/3 3589/50/3 3590/52/3 1265/51/3
f 1268/52/16 1269/53/16 3592/46/16 3593/48/16
f 1271/54/8 1272/55/8 3595/56/8 3596/124/8
f 1274/58/12 1275/59/12 3598/57/12 3599/125/12
f 1278/60/17 3601/61/17 3602/126/17 1277/62/17
f 1280/13/17 1281/19/17 3604/20/17 3605/76/17
f 1284/34/12 3607/75/12 3608/35/12 1283/36/12
f 1286/22/8 1287/74/8 3610/12/8 3611/11/8
f 1290/65/8 3613/31/8 3614/33/8 1289/66/8
f 1292/37/12 1293/25/12 3616/24/12 3617/23/12
f 1296/31/23 4749/225/114 4752/228/117 4751/227/116
f 1294/33/23 4750/226/115 4752/228/117 4749/225/114
f 1295/64/23 4751/227/116 4752/228/117 4750/226/115
f 1298/23/12 1299/24/12 3622/25/12 3623/37/12
f 1301/75/12 1302/34/12 3625/36/12 3626/35/12
f 1305/38/15 3628/39/15 3629/44/15 1304/40/15
f 1308/38/3 3631/39/3 3632/44/3 1307/40/3
f 1310/40/16 1311/38/16 3634/39/16 3635/44/16
f 1313/40/8 1314/38/8 3637/39/8 3638/44/8
f 1316/42/12 1317/43/12 3640/41/12 3641/45/12
f 1320/44/15 3643/39/15 3644/38/15 1319/40/15
f 1322/40/8 1323/44/8 3646/39/8 3647/38/8
f 1325/40/16 1326/44/16 3649/39/16 3650/38/16
f 1329/44/3 3652/39/3 3653/38/3 1328/40/3
f 1332/45/12 3655/41/12 3656/43/12 1331/42/12
f 1335/46/15 3658/47/15 3659/123/15 1334/48/15
f 1338/49/3 3661/50/3 3662/52/3 1337/51/3
f 1340/52/16 1341/53/16 3664/46/16 3665/48/16
f 1343/54/8 1344/55/8 3667/56/8 3668/124/8
f 1346/58/12 1347/59/12 3670/57/12 3671/125/12
f 1350/60/17 3673/61/17 3674/126/17 1349/62/17
f 1352/28/12 1353/29/12 3676/63/12 3677/30/12
f 1356/17/17 3679/21/17 3680/16/17 1355/18/17
f 1358/31/3 1359/65/3 3682/66/3 3683/33/3
f 1361/70/3 1362/71/3 3685/32/3 3686/64/3
f 1364/76/17 1365/13/17 3688/19/17 3689/20/17
f 1367/32/3 1368/33/3 3691/31/3 3692/64/3
f 1371/38/15 3694/39/15 3695/44/15 1370/40/15
f 1374/38/3 3697/39/3 3698/44/3 1373/40/3
f 1376/40/16 1377/38/16 3700/39/16 3701/44/16
f 1379/40/8 1380/38/8 3703/39/8 3704/44/8
f 1382/42/12 1383/43/12 3706/41/12 3707/45/12
f 1386/44/15 3709/39/15 3710/38/15 1385/40/15
f 1388/40/8 1389/44/8 3712/39/8 3713/38/8
f 1391/40/16 1392/44/16 3715/39/16 3716/38/16
f 1395/44/3 3718/39/3 3719/38/3 1394/40/3
f 1398/45/12 3721/41/12 3722/43/12 1397/42/12
f 1401/46/15 3724/47/15 3725/123/15 1400/48/15
f 1404/49/3 3727/50/3 3728/52/3 1403/51/3
f 1406/52/16 1407/53/16 3730/46/16 3731/48/16
f 1409/54/8 1410/55/8 3733/56/8 3734/124/8
f 1412/58/12 1413/59/12 3736/57/12 3737/125/12
f 1416/60/17 3739/61/17 3740/126/17 1415/62/17
f 1418/72/3 1419/68/3 3742/67/3 3743/69/3
f 1421/74/3 1422/22/3 3745/11/3 3746/12/3
f 1424/23/12 1425/24/12 3748/25/12 3749/37/12
f 1427/73/8 4753/229/118 4756/232/121 4755/231/120
f 1428/12/8 4754/230/119 4756/232/121 4753/229/118
f 1426/11/8 4755/231/120 4756/232/121 4754/230/119
f 1431/38/15 3754/39/15 3755/44/15 1430/40/15
f 1434/38/3 3757/39/3 3758/44/3 1433/40/3
f 1436/40/16 1437/38/16 3760/39/16 3761/44/16
f 1439/40/8 1440/38/8 3763/39/8 3764/44/8
f 1442/42/12 1443/43/12 3766/41/12 3767/45/12
f 1446/44/15 3769/39/15 3770/38/15 1445/40/15
f 1448/40/8 1449/44/8 3772/39/8 3773/38/8
f 1451/40/16 1452/44/16 3775/39/16 3776/38/16
f 1455/44/3 3778/39/3 3779/38/3 1454/40/3
f 1458/45/12 3781/41/12 3782/43/12 1457/42/12
f 1461/46/15 3784/47/15 3785/123/15 1460/48/15
f 1464/49/3 3787/50/3 3788/52/3 1463/51/3
f 1466/52/16 1467/53/16 3790/46/16 3791/48/16
f 1469/54/8 1470/55/8 3793/56/8 3794/124/8
f 1472/58/12 1473/59/12 3796/57/12 3797/125/12
f 1476/60/17 3799/61/17 3800/126/17 1475/62/17
f 1478/22/8 1479/74/8 3802/12/8 3803/11/8
f 1482/19/17 3805/13/17 3806/76/17 1481/20/17
f 1484/67/8 1485/68/8 3808/72/8 3809/69/8
f 1488/38/15 3811/39/15 3812/44/15 1487/40/15
f 1491/38/3 3814/39/3 3815/44/3 1490/40/3
f 1493/40/16 1494/38/16 3817/39/16 3818/44/16
f 1496/40/8 1497/38/8 3820/39/8 3821/44/8
f 1499/42/12 1500/43/12 3823/41/12 3824/45/12
f 1503/44/15 3826/39/15 3827/38/15 1502/40/15
f 1505/40/8 1506/44/8 3829/39/8 3830/38/8
f 1508/40/16 1509/44/16 3832/39/16 3833/38/16
f 1512/44/3 3835/39/3 3836/38/3 1511/40/3
f 1515/45/12 3838/41/12 3839/43/12 1514/42/12
f 1518/46/15 3841/47/15 3842/123/15 1517/48/15
f 1521/49/3 3844/50/3 3845/52/3 1520/51/3
f 1523/52/16 1524/53/16 3847/46/16 3848/48/16
f 1526/54/8 1527/55/8 3850/56/8 3851/124/8
f 1529/58/12 1530/59/12 3853/57/12 3854/125/12
f 1533/60/17 3856/61/17 3857/126/17 1532/62/17
f 1536/66/18 4757/233/122 4760/236/125 4759/235/124
f 1534/65/18 4758/234/123 4760/236/125 4757/233/122
f 1535/33/18 4759/235/124 4760/236/125 4758/234/123
f 1539/33/23 4761/237/126 4764/240/129 4763/239/128
f 1537/32/23 4762/238/127 4764/240/129 4761/237/126
f 1538/31/23 4763/239/128 4764/240/129 4762/238/127
f 1541/71/8 1542/70/8 3865/64/8 3866/32/8
f 1544/10/3 1545/11/3 3868/12/3 3869/73/3
f 1547/35/12 1548/36/12 3871/34/12 3872/75/12
f 1550/37/12 1551/25/12 3874/24/12 3875/23/12
f 1553/34/12 1554/36/12 3877/35/12 3878/75/12
f 1556/30/12 1557/63/12 3880/29/12 3881/28/12
f 1560/14/17 3883/13/17 3884/19/17 1559/15/17
f 1562/13/17 1563/14/17 3886/15/17 3887/19/17
f 1565/21/17 1566/17/17 3889/18/17 3890/16/17
f 1569/38/15 3892/39/15 3893/44/15 1568/40/15
f 1572/38/3 3895/39/3 3896/44/3 1571/40/3
f 1574/40/16 1575/38/16 3898/39/16 3899/44/16
f 1577/40/8 1578/38/8 3901/39/8 3902/44/8
f 1580/42/12 1581/43/12 3904/41/12 3905/45/12
f 1584/44/15 3907/39/15 3908/38/15 1583/40/15
f 1586/40/8 1587/44/8 3910/39/8 3911/38/8
f 1589/40/16 1590/44/16 3913/39/16 3914/38/16
f 1593/44/3 3916/39/3 3917/38/3 1592/40/3
f 1596/45/12 3919/41/12 3920/43/12 1595/42/12
f 1599/46/15 3922/47/15 3923/123/15 1598/48/15
f 1602/49/3 3925/50/3 3926/52/3 1601/51/3
f 1604/52/16 1605/53/16 3928/46/16 3929/48/16
f 1607/54/8 1608/55/8 3931/56/8 3932/124/8
f 1610/58/12 1611/59/12 3934/57/12 3935/125/12
f 1614/60/17 3937/61/17 3938/126/17 1613/62/17
f 1616/75/12 1617/34/12 3940/36/12 3941/35/12
f 1619/72/3 1620/68/3 3943/67/3 3944/69/3
f 1622/14/17 1623/15/17 3946/19/17 3947/13/17
f 1626/15/17 3949/14/17 3950/13/17 1625/19/17
f 1629/17/17 3952/21/17 3953/16/17 1628/18/17
f 1631/67/8 1632/68/8 3955/72/8 3956/69/8
f 1634/73/18 4765/241/130 4768/244/133 4767/243/132
f 1635/12/18 4766/242/131 4768/244/133 4765/241/130
f 1633/11/18 4767/243/132 4768/244/133 4766/242/131
f 1637/35/12 1638/36/12 3961/34/12 3962/75/12
f 1640/11/3 1641/12/3 3964/73/3 3965/10/3
f 1644/38/15 3967/39/15 3968/44/15 1643/40/15
f 1647/38/3 3970/39/3 3971/44/3 1646/40/3
f 1649/40/16 1650/38/16 3973/39/16 3974/44/16
f 1652/40/8 1653/38/8 3976/39/8 3977/44/8
f 1655/42/12 1656/43/12 3979/41/12 3980/45/12
f 1659/44/15 3982/39/15 3983/38/15 1658/40/15
f 1661/40/8 1662/44/8 3985/39/8 3986/38/8
f 1664/40/16 1665/44/16 3988/39/16 3989/38/16
f 1668/44/3 3991/39/3 3992/38/3 1667/40/3
f 1671/45/12 3994/41/12 3995/43/12 1670/42/12
f 1674/46/15 3997/47/15 3998/123/15 1673/48/15
f 1677/49/3 4000/50/3 4001/52/3 1676/51/3
f 1679/52/16 1680/53/16 4003/46/16 4004/48/16
f 1682/54/8 1683/55/8 4006/56/8 4007/124/8
f 1685/58/12 1686/59/12 4009/57/12 4010/125/12
f 1689/60/17 4012/61/17 4013/126/17 1688/62/17
f 1691/76/17 1692/13/17 4015/19/17 4016/20/17
f 1695/28/12 4018/29/12 4019/63/12 1694/30/12
f 1698/13/17 4021/76/17 4022/20/17 1697/19/17
f 1700/74/3 1701/22/3 4024/11/3 4025/12/3
f 1702/31/3 4769/245/134 4772/248/137 4771/247/136
f 1703/32/3 4770/246/135 4772/248/137 4769/245/134
f 1704/33/3 4771/247/136 4772/248/137 4770/246/135
f 1707/38/15 4030/39/15 4031/44/15 1706/40/15
f 1710/38/3 4033/39/3 4034/44/3 1709/40/3
f 1712/40/16 1713/38/16 4036/39/16 4037/44/16
f 1715/40/8 1716/38/8 4039/39/8 4040/44/8
f 1718/42/12 1719/43/12 4042/41/12 4043/45/12
f 1722/44/15 4045/39/15 4046/38/15 1721/40/15
f 1724/40/8 1725/44/8 4048/39/8 4049/38/8
f 1727/40/16 1728/44/16 4051/39/16 4052/38/16
f 1731/44/3 4054/39/3 4055/38/3 1730/40/3
f 1734/45/12 4057/41/12 4058/43/12 1733/42/12
f 1737/46/15 4060/47/15 4061/123/15 1736/48/15
f 1740/49/3 4063/50/3 4064/52/3 1739/51/3
f 1742/52/16 1743/53/16 4066/46/16 4067/48/16
f 1745/54/8 1746/55/8 4069/56/8 4070/124/8
f 1748/58/12 1749/59/12 4072/57/12 4073/125/12
f 1752/60/17 4075/61/17 4076/126/17 1751/62/17
f 1754/17/17 1755/18/17 4078/16/17 4079/21/17
f 1757/23/12 1758/24/12 4081/25/12 4082/37/12
f 1761/24/12 4084/23/12 4085/37/12 1760/25/12
f 1764/38/15 4087/39/15 4088/44/15 1763/40/15
f 1767/38/3 4090/39/3 4091/44/3 1766/40/3
f 1769/40/16 1770/38/16 4093/39/16 4094/44/16
f 1772/40/8 1773/38/8 4096/39/8 4097/44/8
f 1775/42/12 1776/43/12 4099/41/12 4100/45/12
f 1779/44/15 4773/249/138 4776/252/141 4775/251/140
f 1777/39/15 4774/250/139 4776/252/141 4773/249/138
f 1778/40/15 4775/251/140 4776/252/141 4774/250/139
f 1781/40/8 1782/44/8 4105/39/8 4106/38/8
f 1784/40/16 1785/44/16 4108/39/16 4109/38/16
f 1788/44/3 4111/39/3 4112/38/3 1787/40/3
f 1791/45/12 4114/41/12 4115/43/12 1790/42/12
f 1794/46/15 4117/47/15 4118/123/15 1793/48/15
f 1797/49/3 4120/50/3 4121/52/3 1796/51/3
f 1799/52/16 1800/53/16 4123/46/16 4124/48/16
f 1802/54/8 1803/55/8 4126/56/8 4127/124/8
f 1805/58/12 1806/59/12 4129/57/12 4130/125/12
f 1809/60/17 4132/61/17 4133/126/17 1808/62/17
f 1812/66/3 4135/33/3 4136/31/3 1811/65/3
f 1813/12/8 4777/253/142 4780/256/145 4779/255/144
f 1814/22/8 4778/254/143 4780/256/145 4777/253/142
f 1815/74/8 4779/255/144 4780/256/145 4778/254/143
f 1818/31/8 4141/33/8 4142/32/8 1817/64/8
f 1819/66/23 4781/257/146 4784/260/149 4783/259/148
f 1820/31/23 4782/258/147 4784/260/149 4781/257/146
f 1821/33/23 4783/259/148 4784/260/149 4782/258/147
f 1823/30/12 1824/63/12 4147/29/12 4148/28/12
f 1826/64/3 1827/70/3 4150/71/3 4151/32/3
f 1829/32/8 1830/71/8 4153/70/8 4154/64/8
f 1833/38/15 4156/39/15 4157/44/15 1832/40/15
f 1836/38/3 4159/39/3 4160/44/3 1835/40/3
f 1838/40/16 1839/38/16 4162/39/16 4163/44/16
f 1841/40/8 1842/38/8 4165/39/8 4166/44/8
f 1844/42/12 1845/43/12 4168/41/12 4169/45/12
f 1848/44/15 4171/39/15 4172/38/15 1847/40/15
f 1850/40/8 1851/44/8 4174/39/8 4175/38/8
f 1853/40/24 4785/261/150 4788/264/153 4787/263/152
f 1854/44/24 4786/262/151 4788/264/153 4785/261/150
f 1852/39/24 4787/263/152 4788/264/153 4786/262/151
f 1857/44/3 4180/39/3 4181/38/3 1856/40/3
f 1860/45/12 4183/41/12 4184/43/12 1859/42/12
f 1863/46/15 4186/47/15 4187/123/15 1862/48/15
f 1866/49/3 4189/50/3 4190/52/3 1865/51/3
f 1868/52/16 1869/53/16 4192/46/16 4193/48/16
f 1871/54/8 1872/55/8 4195/56/8 4196/124/8
f 1874/58/12 1875/59/12 4198/57/12 4199/125/12
f 1878/60/17 4201/61/17 4202/126/17 1877/62/17
f 1881/65/23 4789/265/154 4792/268/157 4791/267/156
f 1879/31/23 4790/266/155 4792/268/157 4789/265/154
f 1880/66/23 4791/267/156 4792/268/157 4790/266/155
f 1883/13/17 1884/14/17 4207/15/17 4208/19/17
f 1885/31/19 4793/269/158 4796/272/161 4795/271/160
f 1886/32/19 4794/270/159 4796/272/161 4793/269/158
f 1887/33/19 4795/271/160 4796/272/161 4794/270/159
f 1889/23/12 1890/24/12 4213/25/12 4214/37/12
f 1892/75/12 1893/34/12 4216/36/12 4217/35/12
f 1895/70/3 1896/71/3 4219/32/3 4220/64/3
f 1898/69/3 1899/72/3 4222/68/3 4223/67/3
f 1901/11/8 1902/22/8 4225/74/8 4226/12/8
f 1904/29/12 1905/63/12 4228/30/12 4229/28/12
f 1907/35/12 1908/36/12 4231/34/12 4232/75/12
f 1911/66/19 4797/273/162 4800/276/165 4799/275/164
f 1909/33/19 4798/274/163 4800/276/165 4797/273/162
f 1910/65/19 4799/275/164 4800/276/165 4798/274/163
f 1914/38/15 4237/39/15 4238/44/15 1913/40/15
f 1917/38/3 4240/39/3 4241/44/3 1916/40/3
f 1919/40/16 1920/38/16 4243/39/16 4244/44/16
f 1922/40/8 1923/38/8 4246/39/8 4247/44/8
f 1925/42/12 1926/43/12 4249/41/12 4250/45/12
f 1929/44/15 4252/39/15 4253/38/15 1928/40/15
f 1931/40/8 1932/44/8 4255/39/8 4256/38/8
f 1934/40/16 1935/44/16 4258/39/16 4259/38/16
f 1938/44/3 4261/39/3 4262/38/3 1937/40/3
f 1941/45/12 4264/41/12 4265/43/12 1940/42/12
f 1944/46/15 4267/47/15 4268/123/15 1943/48/15
f 1947/49/3 4270/50/3 4271/52/3 1946/51/3
f 1949/52/16 1950/53/16 4273/46/16 4274/48/16
f 1952/54/8 1953/55/8 4276/56/8 4277/124/8
f 1955/58/12 1956/59/12 4279/57/12 4280/125/12
f 1959/60/17 4282/61/17 4283/126/17 1958/62/17
f 1962/19/17 4285/13/17 4286/76/17 1961/20/17
f 1965/38/15 4288/39/15 4289/44/15 1964/40/15
f 1968/38/3 4291/39/3 4292/44/3 1967/40/3
f 1970/40/16 1971/38/16 4294/39/16 4295/44/16
f 1973/40/8 1974/38/8 4297/39/8 4298/44/8
f 1976/42/12 1977/43/12 4300/41/12 4301/45/12
f 1980/44/15 4303/39/15 4304/38/15 1979/40/15
f 1982/40/8 1983/44/8 4306/39/8 4307/38/8
f 1985/40/16 1986/44/16 4309/39/16 4310/38/16
f 1989/44/3 4312/39/3 4313/38/3 1988/40/3
f 1992/45/12 4315/41/12 4316/43/12 1991/42/12
f 1995/46/15 4318/47/15 4319/123/15 1994/48/15
f 1998/49/3 4321/50/3 4322/52/3 1997/51/3
f 2000/52/16 2001/53/16 4324/46/16 4325/48/16
f 2003/54/8 2004/55/8 4327/56/8 4328/124/8
f 2006/58/12 2007/59/12 4330/57/12 4331/125/12
f 2010/60/17 4333/61/17 4334/126/17 2009/62/17
f 2013/18/17 4336/17/17 4337/21/17 2012/16/17
f 2015/37/12 2016/25/12 4339/24/12 4340/23/12
f 2018/67/8 2019/68/8 4342/72/8 4343/69/8
f 2022/38/15 4345/39/15 4346/44/15 2021/40/15
f 2025/38/3 4348/39/3 4349/44/3 2024/40/3
f 2027/40/16 2028/38/16 4351/39/16 4352/44/16
f 2030/40/8 2031/38/8 4354/39/8 4355/44/8
f 2033/42/12 2034/43/12 4357/41/12 4358/45/12
f 2037/44/25 4801/277/166 4804/280/169 4803/279/168
f 2035/39/25 4802/278/167 4804/280/169 4801/277/166
f 2036/40/25 4803/279/168 4804/280/169 4802/278/167
f 2039/40/8 2040/44/8 4363/39/8 4364/38/8
f 2042/40/16 2043/44/16 4366/39/16 4367/38/16
f 2046/44/3 4369/39/3 4370/38/3 2045/40/3
f 2049/45/12 4372/41/12 4373/43/12 2048/42/12
f 2052/46/15 4375/47/15 4376/123/15 2051/48/15
f 2055/49/3 4378/50/3 4379/52/3 2054/51/3
f 2057/52/26 4805/281/170 4808/284/173 4807/283/172
f 2058/53/26 4806/282/171 4808/284/173 4805/281/170
f 2056/46/26 4807/283/172 4808/284/173 4806/282/171
f 2060/54/8 2061/55/8 4384/56/8 4385/124/8
f 2063/58/12 2064/59/12 4387/57/12 4388/125/12
f 2067/60/17 4390/61/17 4391/126/17 2066/62/17
f 2070/33/8 4809/285/174 4812/288/177 4811/287/176
f 2068/32/8 4810/286/175 4812/288/177 4809/285/174
f 2069/31/8 4811/287/176 4812/288/177 4810/286/175
f 2072/32/8 2073/71/8 4396/70/8 4397/64/8
f 2075/74/3 2076/22/3 4399/11/3 4400/12/3
f 2078/10/3 2079/11/3 4402/12/3 4403/73/3
f 2081/30/12 2082/63/12 4405/29/12 4406/28/12
f 2084/76/17 2085/13/17 4408/19/17 4409/20/17
f 2088/15/17 4411/14/17 4412/13/17 2087/19/17
f 2090/21/17 2091/17/17 4414/18/17 4415/16/17
f 2093/73/8 2094/12/8 4417/11/8 4418/10/8
f 2097/38/15 4420/39/15 4421/44/15 2096/40/15
f 2100/38/3 4423/39/3 4424/44/3 2099/40/3
f 2102/40/16 2103/38/16 4426/39/16 4427/44/16
f 2105/40/8 2106/38/8 4429/39/8 4430/44/8
f 2107/41/22 4813/289/178 4816/292/181 4815/291/180
f 2108/42/22 4814/290/179 4816/292/181 4813/289/178
f 2109/43/22 4815/291/180 4816/292/181 4814/290/179
f 2112/44/15 4435/39/15 4436/38/15 2111/40/15
f 2114/40/8 2115/44/8 4438/39/8 4439/38/8
f 2117/40/16 2118/44/16 4441/39/16 4442/38/16
f 2121/44/3 4444/39/3 4445/38/3 2120/40/3
f 2124/45/27 4447/41/27 4448/43/27 2123/42/27
f 2127/46/15 4450/47/15 4451/123/15 2126/48/15
f 2130/49/3 4453/50/3 4454/52/3 2129/51/3
f 2132/52/16 2133/53/16 4456/46/16 4457/48/16
f 2135/54/8 2136/55/8 4459/56/8 4460/124/8
f 2138/58/12 2139/59/12 4462/57/12 4463/125/12
f 2143/77/8 2144/78/8 2145/67/8 2146/68/8
f 2142/60/17 4465/61/17 4466/126/17 2141/62/17
f 2147/79/17 4817/293/182 4820/296/185 4819/295/184
f 2148/14/17 4818/294/183 4820/296/185 4817/293/182
f 2149/80/17 4819/295/184 4820/296/185 4818/294/183
f 2150/81/17 4821/297/186 4824/300/189 4823/299/188
f 2151/17/17 4822/298/187 4824/300/189 4821/297/186
f 2152/82/17 4823/299/188 4824/300/189 4822/298/187
f 2156/83/3 2157/84/3 2158/31/3 2159/65/3
f 2160/11/3 2161/85/3 2162/86/3 2163/22/3
f 2153/87/8 4825/301/190 4828/304/193 4827/303/192
f 2154/33/8 4826/302/191 4828/304/193 4825/301/190
f 2155/88/8 4827/303/192 4828/304/193 4826/302/191
f 2164/89/17 4829/305/194 4832/308/197 4831/307/196
f 2165/13/17 4830/306/195 4832/308/197 4829/305/194
f 2166/90/17 4831/307/196 4832/308/197 4830/306/195
f 2170/91/3 2171/92/3 2172/32/3 2173/33/3
f 2174/93/12 2175/94/12 2176/35/12 2177/36/12
f 2167/95/8 4833/309/198 4836/312/201 4835/311/200
f 2168/22/8 4834/310/199 4836/312/201 4833/309/198
f 2169/96/8 4835/311/200 4836/312/201 4834/310/199
f 2180/38/15 4503/39/15 4504/44/15 2179/40/15
f 2183/38/3 4506/39/3 4507/44/3 2182/40/3
f 2185/40/16 2186/38/16 4509/39/16 4510/44/16
f 2188/40/8 2189/38/8 4512/39/8 4513/44/8
f 2191/42/12 2192/43/12 4515/41/12 4516/45/12
f 2195/44/15 4518/39/15 4519/38/15 2194/40/15
f 2197/40/8 2198/44/8 4521/39/8 4522/38/8
f 2200/40/16 4837/313/202 4840/316/205 4839/315/204
f 2201/44/16 4838/314/203 4840/316/205 4837/313/202
f 2199/39/16 4839/315/204 4840/316/205 4838/314/203
f 2204/44/3 4527/39/3 4528/38/3 2203/40/3
f 2207/45/12 4530/41/12 4531/43/12 2206/42/12
f 2210/46/15 4841/317/206 4844/320/209 4843/319/208
f 2208/47/15 4842/318/207 4844/320/209 4841/317/206
f 2209/48/15 4843/319/208 4844/320/209 4842/318/207
f 2213/49/3 4536/50/3 4537/52/3 2212/51/3
f 2215/52/16 2216/53/16 4539/46/16 4540/48/16
f 2218/54/8 2219/55/8 4542/56/8 4543/124/8
f 2221/58/12 2222/59/12 4545/57/12 4546/125/12
f 2226/21/17 2227/97/17 2228/98/17 2229/17/17
f 2230/99/17 2231/100/17 2232/13/17 2233/14/17
f 2225/60/17 4548/61/17 4549/126/17 2224/62/17
f 2237/101/12 2238/102/12 2239/30/12 2240/63/12
f 2236/103/3 4845/321/210 4848/324/213 4847/323/212
f 2234/104/3 4846/322/211 4848/324/213 4845/321/210
f 2235/71/3 4847/323/212 4848/324/213 4846/322/211
f 2243/38/15 4564/39/15 4565/44/15 2242/40/15
f 2246/38/3 4567/39/3 4568/44/3 2245/40/3
f 2248/40/16 2249/38/16 4570/39/16 4571/44/16
f 2251/40/8 2252/38/8 4573/39/8 4574/44/8
f 2254/42/12 2255/43/12 4576/41/12 4577/45/12
f 2258/44/15 4579/39/15 4580/38/15 2257/40/15
f 2260/40/8 2261/44/8 4582/39/8 4583/38/8
f 2263/40/16 2264/44/16 4585/39/16 4586/38/16
f 2267/44/3 4588/39/3 4589/38/3 2266/40/3
f 2270/45/12 4591/41/12 4592/43/12 2269/42/12
f 2273/46/15 4594/47/15 4595/123/15 2272/48/15
f 2276/49/3 4597/50/3 4598/52/3 2275/51/3
f 2278/52/16 2279/53/16 4600/46/16 4601/48/16
f 2281/54/8 2282/55/8 4603/56/8 4604/124/8
f 2284/58/12 2285/59/12 4606/57/12 4607/125/12
f 2289/89/17 2290/105/17 2291/76/17 2292/13/17
f 2293/73/3 2294/106/3 2295/107/3 2296/12/3
f 2288/60/17 4609/61/17 4610/126/17 2287/62/17
f 2300/37/12 2301/108/12 2302/109/12 2303/25/12
f 2304/67/3 2305/110/3 2306/111/3 2307/68/3
f 2308/104/8 2309/112/8 2310/32/8 2311/71/8
f 2312/113/8 2313/114/8 2314/73/8 2315/12/8
f 2297/115/8 4849/325/214 4852/328/217 4851/327/216
f 2298/31/8 4850/326/215 4852/328/217 4849/325/214
f 2299/116/8 4851/327/216 4852/328/217 4850/326/215
f 2318/117/12 4853/329/218 4856/332/221 4855/331/220
f 2316/118/12 4854/330/219 4856/332/221 4853/329/218
f 2317/30/12 4855/331/220 4856/332/221 4854/330/219
f 2322/119/12 2323/108/12 2324/37/12 2325/25/12
f 2321/120/12 4857/333/222 4860/336/225 4859/335/224
f 2319/121/12 4858/334/223 4860/336/225 4857/333/222
f 2320/36/12 4859/335/224 4860/336/225 4858/334/223
f 2326/4/2 4861/337/226 4864/340/229 4863/339/228
f 2327/26/2 4862/338/227 4864/340/229 4861/337/226
f 2328/5/2 4863/339/228 4864/340/229 4862/338/227
f 2331/1/2 4865/341/230 4868/344/233 4867/343/232
f 2329/3/2 4866/342/231 4868/344/233 4865/341/230
f 2330/2/2 4867/343/232 4868/344/233 4866/342/231
f 2333/27/2 4869/345/234 4872/348/237 4871/347/236
f 2334/6/2 4870/346/235 4872/348/237 4869/345/234
f 2332/8/2 4871/347/236 4872/348/237 4870/346/235
f 2335/9/2 4873/349/238 4876/352/241 4875/351/240
f 2336/122/2 4874/350/239 4876/352/241 4873/349/238
f 2337/7/2 4875/351/240 4876/352/241 4874/350/239
f 2348/21/7 4877/353/242 4880/356/245 4879/355/244
f 2349/17/7 4878/354/243 4880/356/245 4877/353/242
f 2347/16/28 4879/355/244 4880/356/245 4878/354/243
f 2350/13/29 4881/357/246 4884/360/249 4883/359/248
f 2351/76/29 4882/358/247 4884/360/249 4881/357/246
f 2352/20/5 4883/359/248 4884/360/249 4882/358/247
f 2360/76/29 4885/361/250 4888/364/253 4887/363/252
f 2361/13/29 4886/362/251 4888/364/253 4885/361/250
f 2359/20/5 4887/363/252 4888/364/253 4886/362/251
f 2364/23/10 4889/365/254 4892/368/257 4891/367/256
f 2362/25/11 4890/366/255 4892/368/257 4889/365/254
f 2363/37/11 4891/367/256 4892/368/257 4890/366/255
f 2368/1/30 4893/369/258 4896/372/261 4895/371/260
f 2369/2/30 4894/370/259 4896/372/261 4893/369/258
f 2370/3/30 4895/371/260 4896/372/261 4894/370/259
f 2375/122/2 4897/373/262 4900/376/265 4899/375/264
f 2376/9/2 4898/374/263 4900/376/265 4897/373/262
f 2374/7/2 4899/375/264 4900/376/265 4898/374/263
f 2389/34/9 4901/377/266 4904/380/269 4903/379/268
f 2390/75/9 4902/378/267 4904/380/269 4901/377/266
f 2391/35/11 4903/379/268 4904/380/269 4902/378/267
f 2392/24/9 4905/381/270 4908/384/273 4907/383/272
f 2393/23/9 4906/382/271 4908/384/273 4905/381/270
f 2394/37/11 4907/383/272 4908/384/273 4906/382/271
f 2396/75/31 4909/385/274 4912/388/277 4911/387/276
f 2397/34/31 4910/386/275 4912/388/277 4909/385/274
f 2395/35/13 4911/387/276 4912/388/277 4910/386/275
f 2446/29/12 4913/389/278 4916/392/281 4915/391/280
f 2447/28/12 4914/390/279 4916/392/281 4913/389/278
f 2448/30/13 4915/391/280 4916/392/281 4914/390/279
f 2450/33/8 4917/393/282 4920/396/285 4919/395/284
f 2451/32/8 4918/394/283 4920/396/285 4917/393/282
f 2449/31/8 4919/395/284 4920/396/285 4918/394/283
f 2566/66/19 4921/397/286 4924/400/289 4923/399/288
f 2567/33/19 4922/398/287 4924/400/289 4921/397/286
f 2568/31/19 4923/399/288 4924/400/289 4922/398/287
f 2631/66/23 4925/401/290 4928/404/293 4927/403/292
f 2629/31/23 4926/402/291 4928/404/293 4925/401/290
f 2630/33/23 4927/403/292 4928/404/293 4926/402/291
f 2644/31/21 4929/405/294 4932/408/297 4931/407/296
f 2645/64/21 4930/406/295 4932/408/297 4929/405/294
f 2646/32/21 4931/407/296 4932/408/297 4930/406/295
f 2815/66/21 4933/409/298 4936/412/301 4935/411/300
f 2816/33/21 4934/410/299 4936/412/301 4933/409/298
f 2817/31/21 4935/411/300 4936/412/301 4934/410/299
f 3050/38/16 4937/413/302 4940/416/305 4939/415/304
f 3051/40/16 4938/414/303 4940/416/305 4937/413/302
f 3049/39/16 4939/415/304 4940/416/305 4938/414/303
f 3082/66/3 4941/417/306 4944/420/309 4943/419/308
f 3083/33/3 4942/418/307 4944/420/309 4941/417/306
f 3084/31/3 4943/419/308 4944/420/309 4942/418/307
f 3193/41/12 4945/421/310 4948/424/313 4947/423/312
f 3194/43/12 4946/422/311 4948/424/313 4945/421/310
f 3195/42/12 4947/423/312 4948/424/313 4946/422/311
f 3357/31/8 4949/425/314 4952/428/317 4951/427/316
f 3355/32/8 4950/426/315 4952/428/317 4949/425/314
f 3356/64/8 4951/427/316 4952/428/317 4950/426/315
f 3516/40/25 4953/429/318 4956/432/321 4955/431/320
f 3514/39/25 4954/430/319 4956/432/321 4953/429/318
f 3515/38/25 4955/431/320 4956/432/321 4954/430/319
f 3619/33/8 4957/433/322 4960/436/325 4959/435/324
f 3620/32/8 4958/434/323 4960/436/325 4957/433/322
f 3621/64/8 4959/435/324 4960/436/325 4958/434/323
f 3752/10/18 4961/437/326 4964/440/329 4963/439/328
f 3753/73/18 4962/438/327 4964/440/329 4961/437/326
f 3751/11/18 4963/439/328 4964/440/329 4962/438/327
f 3859/65/23 4965/441/330 4968/444/333 4967/443/332
f 3860/31/23 4966/442/331 4968/444/333 4965/441/330
f 3861/33/23 4967/443/332 4968/444/333 4966/442/331
f 3864/31/8 4969/445/334 4972/448/337 4971/447/336
f 3862/32/8 4970/446/335 4972/448/337 4969/445/334
f 3863/64/8 4971/447/336 4972/448/337 4970/446/335
f 3959/10/8 4973/449/338 4976/452/341 4975/451/340
f 3960/73/8 4974/450/339 4976/452/341 4973/449/338
f 3958/11/8 4975/451/340 4976/452/341 4974/450/339
f 4027/31/19 4977/453/342 4980/456/345 4979/455/344
f 4028/64/19 4978/454/343 4980/456/345 4977/453/342
f 4029/32/19 4979/455/344 4980/456/345 4978/454/343
f 4104/40/25 4981/457/346 4984/460/349 4983/459/348
f 4102/39/25 4982/458/347 4984/460/349 4981/457/346
f 4103/38/25 4983/459/348 4984/460/349 4982/458/347
f 4139/11/18 4985/461/350 4988/464/353 4987/463/352
f 4140/22/18 4986/462/351 4988/464/353 4985/461/350
f 4138/12/18 4987/463/352 4988/464/353 4986/462/351
f 4145/65/18 4989/465/354 4992/468/357 4991/467/356
f 4146/31/18 4990/466/355 4992/468/357 4989/465/354
f 4144/66/18 4991/467/356 4992/468/357 4990/466/355
f 4178/38/16 4993/469/358 4996/472/361 4995/471/360
f 4179/40/16 4994/470/359 4996/472/361 4993/469/358
f 4177/39/16 4995/471/360 4996/472/361 4994/470/359
f 4206/66/18 4997/473/362 5000/476/365 4999/475/364
f 4204/31/18 4998/474/363 5000/476/365 4997/473/362
f 4205/33/18 4999/475/364 5000/476/365 4998/474/363
f 4210/31/3 5001/477/366 5004/480/369 5003/479/368
f 4211/64/3 5002/478/367 5004/480/369 5001/477/366
f 4212/32/3 5003/479/368 5004/480/369 5002/478/367
f 4234/33/3 5005/481/370 5008/484/373 5007/483/372
f 4235/31/3 5006/482/371 5008/484/373 5005/481/370
f 4236/65/3 5007/483/372 5008/484/373 5006/482/371
f 4362/40/15 5009/485/374 5012/488/377 5011/487/376
f 4360/39/15 5010/486/375 5012/488/377 5009/485/374
f 4361/38/15 5011/487/376 5012/488/377 5010/486/375
f 4383/52/16 5013/489/378 5016/492/381 5015/491/380
f 4381/46/16 5014/490/379 5016/492/381 5013/489/378
f 4382/48/16 5015/491/380 5016/492/381 5014/490/379
f 4395/31/23 5017/493/382 5020/496/385 5019/495/384
f 4393/32/23 5018/494/383 5020/496/385 5017/493/382
f 4394/64/23 5019/495/384 5020/496/385 5018/494/383
f 4432/41/12 5021/497/386 5024/500/389 5023/499/388
f 4433/45/12 5022/498/387 5024/500/389 5021/497/386
f 4434/42/12 5023/499/388 5024/500/389 5022/498/387
f 4471/80/17 4472/14/17 4473/13/17 4474/89/17
f 4475/81/17 4476/127/17 4477/21/17 4478/17/17
f 4479/88/23 4480/33/23 4481/32/23 4482/128/23
f 4469/129/8 5025/501/390 5028/504/393 5027/503/392
f 4470/67/8 5026/502/391 5028/504/393 5025/501/390
f 4468/78/8 5027/503/392 5028/504/393 5026/502/391
f 4483/84/3 5029/505/394 5032/508/397 5031/507/396
f 4484/130/3 5030/506/395 5032/508/397 5029/505/394
f 4485/31/3 5031/507/396 5032/508/397 5030/506/395
f 4489/90/17 4490/13/17 4491/76/17 4492/131/17
f 4493/95/8 4494/132/8 4495/11/8 4496/22/8
f 4488/132/3 5033/509/398 5036/512/401 5035/511/400
f 4486/85/3 5034/510/399 5036/512/401 5033/509/398
f 4487/11/3 5035/511/400 5036/512/401 5034/510/399
f 4497/92/3 5037/513/402 5040/516/405 5039/515/404
f 4498/133/3 5038/514/403 5040/516/405 5037/513/402
f 4499/32/3 5039/515/404 5040/516/405 5038/514/403
f 4500/94/12 5041/517/406 5044/520/409 5043/519/408
f 4501/134/12 5042/518/407 5044/520/409 5041/517/406
f 4502/35/12 5043/519/408 5044/520/409 5042/518/407
f 4525/38/24 5045/521/410 5048/524/413 5047/523/412
f 4526/40/24 5046/522/411 5048/524/413 5045/521/410
f 4524/39/24 5047/523/412 5048/524/413 5046/522/411
f 4533/47/32 5049/525/414 5052/528/417 5051/527/416
f 4534/123/32 5050/526/415 5052/528/417 5049/525/414
f 4535/48/32 5051/527/416 5052/528/417 5050/526/415
f 4551/97/17 5053/529/418 5056/532/421 5055/531/420
f 4552/21/17 5054/530/419 5056/532/421 5053/529/418
f 4553/135/17 5055/531/420 5056/532/421 5054/530/419
f 4557/103/3 4558/71/3 4559/32/3 4560/128/3
f 4555/89/17 5057/533/422 5060/536/425 5059/535/424
f 4556/13/17 5058/534/423 5060/536/425 5057/533/422
f 4554/100/17 5059/535/424 5060/536/425 5058/534/423
f 4561/102/12 5061/537/426 5064/540/429 5063/539/428
f 4562/136/12 5062/538/427 5064/540/429 5061/537/426
f 4563/30/12 5063/539/428 5064/540/429 5062/538/427
f 4613/131/17 5065/541/430 5068/544/433 5067/543/432
f 4614/76/17 5066/542/431 5068/544/433 5065/541/430
f 4612/105/17 5067/543/432 5068/544/433 5066/542/431
f 4618/115/8 4619/137/8 4620/65/8 4621/31/8
f 4617/138/3 5069/545/434 5072/548/437 5071/547/436
f 4615/106/3 5070/546/435 5072/548/437 5069/545/434
f 4616/73/3 5071/547/436 5072/548/437 5070/546/435
f 4624/139/12 5073/549/438 5076/552/441 5075/551/440
f 4622/108/12 5074/550/439 5076/552/441 5073/549/438
f 4623/37/12 5075/551/440 5076/552/441 5074/550/439
f 4627/140/3 5077/553/442 5080/556/445 5079/555/444
f 4625/110/3 5078/554/443 5080/556/445 5077/553/442
f 4626/67/3 5079/555/444 5080/556/445 5078/554/443
f 4629/141/8 5081/557/446 5084/560/449 5083/559/448
f 4630/32/8 5082/558/447 5084/560/449 5081/557/446
f 4628/112/8 5083/559/448 5084/560/449 5082/558/447
f 4634/118/12 4635/142/12 4636/63/12 4637/30/12
f 4638/120/12 4639/36/12 4640/35/12 4641/143/12
f 4632/138/8 5085/561/450 5088/564/453 5087/563/452
f 4633/73/8 5086/562/451 5088/564/453 5085/561/450
f 4631/114/8 5087/563/452 5088/564/453 5086/562/451
f 4652/9/1 4647/122/1 4648/7/1 4645/8/1
f 4645/8/1 4646/27/1 4649/6/1 4652/9/1
f 4651/5/1 4652/9/1 4649/6/1 4650/3/1
f 4650/3/1 4653/2/33 4654/1/1 4651/5/1
f 4655/4/1 4656/26/1 4651/5/1 4654/1/1
f 4664/6/1 4659/27/1 4660/8/1 4657/7/1
f 4657/7/1 4658/122/1 4661/9/1 4664/6/1
f 4663/3/1 4664/6/1 4661/9/1 4662/5/1
f 4662/5/1 4665/26/1 4666/4/1 4663/3/1
f 4642/108/12 5089/565/454 5092/568/457 5091/567/456
f 4643/144/12 5090/566/455 5092/568/457 5089/565/454
f 4644/37/12 5091/567/456 5092/568/457 5090/566/455
