# Blender 5.2.1 LTS
# www.blender.org
mtllib 1x9_rails.mtl
o half_height_45_deg_1x9_rails
v -0.218205 0.085803 0.218204
v -0.225018 0.071584 0.225017
v -0.218205 0.071584 0.218204
v -0.249161 0.085803 0.249160
v -0.242349 0.071584 0.242348
v -0.218205 0.085803 0.218204
v -0.254896 0.025803 0.254895
v -0.242348 0.041289 0.242347
v -0.254896 0.041289 0.254895
v -0.212470 0.025803 0.212469
v -0.225017 0.041289 0.225016
v -0.254896 0.025803 0.254895
v -0.225018 0.071584 0.225017
v -0.242348 0.041289 0.242347
v -0.225017 0.041289 0.225016
v -9.254895 0.525371 -8.745105
v -9.243811 0.525371 -8.756189
v -8.690507 0.496355 -8.265569
v -8.732933 0.496355 -8.223143
v -0.922799 0.110052 -0.486389
v -0.225018 0.071584 0.225017
v -0.929611 0.110052 -0.479577
v -0.917905 0.079780 -0.492966
v -0.225017 0.041289 0.225016
v -0.212470 0.041289 0.212469
v -9.212469 0.525371 -8.787531
v -9.212469 0.529417 -8.787531
v -8.690077 0.511829 -8.265139
v -8.690507 0.496355 -8.265569
v -0.953754 0.110052 -0.455434
v -0.242349 0.071584 0.242348
v -0.249161 0.071584 0.249160
v -0.947783 0.079780 -0.463087
v -0.254896 0.041289 0.254895
v -0.242348 0.041289 0.242347
v -2.331027 0.158334 -1.906088
v -1.624896 0.103583 -1.199957
v -2.331457 0.142860 -1.906518
v -0.918335 0.064306 -0.493396
v -0.254896 0.025803 0.254895
v -0.960761 0.064306 -0.450970
v -0.279776 0.058245 0.127330
v -0.303211 -0.021693 0.146321
v -0.281998 -0.021693 0.125108
v -0.300972 0.059423 0.106133
v -0.281998 -0.021693 0.125108
v -0.303194 -0.020515 0.103911
v -0.322186 0.059423 0.127346
v -0.303194 -0.020515 0.103911
v -0.324408 -0.020515 0.125124
v -0.300989 0.058245 0.148543
v -0.324408 -0.020515 0.125124
v -0.303211 -0.021693 0.146321
v -0.300972 0.059423 0.106133
v -0.300989 0.058245 0.148543
v -0.279776 0.058245 0.127330
v 0.127330 0.058245 -0.279776
v 0.146321 -0.021693 -0.303211
v 0.148543 0.058245 -0.300989
v 0.106133 0.059423 -0.300972
v 0.125108 -0.021693 -0.281997
v 0.127330 0.058245 -0.279776
v 0.127346 0.059423 -0.322186
v 0.103911 -0.020515 -0.303194
v 0.106133 0.059423 -0.300972
v 0.148543 0.058245 -0.300989
v 0.125124 -0.020515 -0.324408
v 0.127346 0.059423 -0.322186
v 0.106133 0.059423 -0.300972
v 0.148543 0.058245 -0.300989
v 0.127346 0.059423 -0.322186
v 0.294292 0.031383 -0.370389
v -0.372055 -0.028571 0.292625
v 0.292625 -0.028571 -0.372055
v 0.195373 0.036881 -0.469307
v 0.292625 -0.028571 -0.372055
v 0.193707 -0.023072 -0.470974
v -0.469307 0.036881 0.195373
v 0.193707 -0.023072 -0.470974
v -0.470974 -0.023072 0.193707
v -0.370389 0.031383 0.294292
v -0.470974 -0.023072 0.193707
v -0.372055 -0.028571 0.292625
v 0.195373 0.036881 -0.469307
v -0.370389 0.031383 0.294292
v 0.294292 0.031383 -0.370389
v 0.292625 -0.028571 -0.372055
v -0.470974 -0.023072 0.193707
v 0.193707 -0.023072 -0.470974
v -9.249160 0.571187 -8.750840
v -9.247392 0.571187 -8.752608
v -8.719114 0.542101 -8.234419
v -8.725926 0.542101 -8.227607
v -7.312409 0.477755 -6.814089
v -6.606243 0.424270 -6.107923
v -6.605848 0.438478 -6.107528
v -0.456416 0.068064 -0.049311
v -0.479851 -0.011874 -0.030319
v -0.458638 -0.011874 -0.051532
v -0.477613 0.069242 -0.070507
v -0.458638 -0.011874 -0.051532
v -0.479835 -0.010696 -0.072729
v -0.498826 0.069242 -0.049294
v -0.479835 -0.010696 -0.072729
v -0.501048 -0.010696 -0.051516
v -0.477629 0.068064 -0.028097
v -0.501048 -0.010696 -0.051516
v -0.479851 -0.011874 -0.030319
v -0.477613 0.069242 -0.070507
v -0.477629 0.068064 -0.028097
v -0.456416 0.068064 -0.049311
v -0.049310 0.068064 -0.456416
v -0.030319 -0.011874 -0.479851
v -0.028097 0.068064 -0.477629
v -0.070507 0.069242 -0.477613
v -0.051532 -0.011874 -0.458638
v -0.049310 0.068064 -0.456416
v -0.049294 0.069242 -0.498826
v -0.072729 -0.010696 -0.479835
v -0.070507 0.069242 -0.477613
v -0.028097 0.068064 -0.477629
v -0.051516 -0.010696 -0.501048
v -0.049294 0.069242 -0.498826
v -0.070507 0.069242 -0.477613
v -0.028097 0.068064 -0.477629
v -0.049294 0.069242 -0.498826
v 0.117651 0.041202 -0.547029
v -0.548696 -0.018752 0.115985
v 0.115985 -0.018752 -0.548696
v 0.018733 0.046701 -0.645948
v 0.115985 -0.018752 -0.548696
v 0.017066 -0.013253 -0.647614
v -0.645948 0.046701 0.018733
v 0.017066 -0.013253 -0.647614
v -0.647614 -0.013253 0.017066
v -0.547029 0.041202 0.117651
v -0.647614 -0.013253 0.017066
v -0.548696 -0.018752 0.115985
v 0.018733 0.046701 -0.645948
v -0.547029 0.041202 0.117651
v 0.117651 0.041202 -0.547029
v 0.115985 -0.018752 -0.548696
v -0.647614 -0.013253 0.017066
v 0.017066 -0.013253 -0.647614
v -0.225018 0.071584 0.225017
v -0.930452 0.079780 -0.480418
v -0.929611 0.110052 -0.479577
v -0.242349 0.071584 0.242348
v -0.947783 0.079780 -0.463087
v -0.242348 0.041289 0.242347
v -0.633056 0.077883 -0.225951
v -0.656491 -0.002055 -0.206959
v -0.635278 -0.002055 -0.228173
v -0.654253 0.079062 -0.247148
v -0.635278 -0.002055 -0.228173
v -0.656475 -0.000876 -0.249369
v -0.675466 0.079062 -0.225934
v -0.656475 -0.000876 -0.249369
v -0.677688 -0.000876 -0.228156
v -0.654269 0.077883 -0.204738
v -0.677688 -0.000876 -0.228156
v -0.656491 -0.002055 -0.206959
v -0.654253 0.079062 -0.247148
v -0.654269 0.077883 -0.204738
v -0.633056 0.077883 -0.225951
v -0.225951 0.077883 -0.633056
v -0.206959 -0.002055 -0.656491
v -0.204738 0.077883 -0.654269
v -0.247148 0.079062 -0.654253
v -0.228173 -0.002055 -0.635278
v -0.225951 0.077883 -0.633056
v -0.225934 0.079062 -0.675466
v -0.249369 -0.000876 -0.656475
v -0.247148 0.079062 -0.654253
v -0.204738 0.077883 -0.654269
v -0.228156 -0.000876 -0.677688
v -0.225934 0.079062 -0.675466
v -0.247148 0.079062 -0.654253
v -0.204738 0.077883 -0.654269
v -0.225934 0.079062 -0.675466
v -0.058989 0.051021 -0.723669
v -0.725336 -0.008932 -0.060655
v -0.060655 -0.008932 -0.725336
v -0.157908 0.056520 -0.822588
v -0.060655 -0.008932 -0.725336
v -0.159574 -0.003434 -0.824254
v -0.822588 0.056520 -0.157908
v -0.159574 -0.003434 -0.824254
v -0.824254 -0.003434 -0.159574
v -0.723669 0.051021 -0.058989
v -0.824254 -0.003434 -0.159574
v -0.725336 -0.008932 -0.060655
v -0.157908 0.056520 -0.822588
v -0.723669 0.051021 -0.058989
v -0.058989 0.051021 -0.723669
v -0.060655 -0.008932 -0.725336
v -0.824254 -0.003434 -0.159574
v -0.159574 -0.003434 -0.824254
v -5.875538 0.384992 -5.425505
v -5.162165 0.345715 -4.725756
v -5.168977 0.345715 -4.718944
v -5.169819 0.315444 -4.719785
v -5.875538 0.384992 -5.425505
v -5.168977 0.345715 -4.718944
v -7.306833 0.433275 -6.822137
v -6.612820 0.393998 -6.103029
v -6.600272 0.393998 -6.115576
v -1.629360 0.149329 -1.192950
v -2.335526 0.202814 -1.899117
v -1.628965 0.163537 -1.192556
v -0.809696 0.087703 -0.402591
v -0.833131 0.007765 -0.383600
v -0.811918 0.007765 -0.404813
v -0.830893 0.088881 -0.423788
v -0.811918 0.007765 -0.404813
v -0.833115 0.008943 -0.426010
v -0.852107 0.088881 -0.402575
v -0.833115 0.008943 -0.426010
v -0.854328 0.008943 -0.404797
v -0.830910 0.087703 -0.381378
v -0.854328 0.008943 -0.404797
v -0.833131 0.007765 -0.383600
v -0.830893 0.088881 -0.423788
v -0.830910 0.087703 -0.381378
v -0.809696 0.087703 -0.402591
v -0.402591 0.087703 -0.809696
v -0.383600 0.007765 -0.833132
v -0.381378 0.087703 -0.830910
v -0.423788 0.088881 -0.830893
v -0.404813 0.007765 -0.811918
v -0.402591 0.087703 -0.809696
v -0.402575 0.088881 -0.852107
v -0.426010 0.008943 -0.833115
v -0.423788 0.088881 -0.830893
v -0.381378 0.087703 -0.830910
v -0.404796 0.008943 -0.854328
v -0.402575 0.088881 -0.852107
v -0.423788 0.088881 -0.830893
v -0.381378 0.087703 -0.830910
v -0.402575 0.088881 -0.852107
v -0.235629 0.060841 -0.900310
v -0.901976 0.000887 -0.237296
v -0.237296 0.000887 -0.901976
v -0.334548 0.066339 -0.999228
v -0.237296 0.000887 -0.901976
v -0.336214 0.006386 -1.000895
v -0.999228 0.066339 -0.334548
v -0.336214 0.006386 -1.000895
v -1.000895 0.006386 -0.336214
v -0.900310 0.060841 -0.235629
v -1.000895 0.006386 -0.336214
v -0.901976 0.000887 -0.237296
v -0.334548 0.066339 -0.999228
v -0.900310 0.060841 -0.235629
v -0.235629 0.060841 -0.900310
v -0.237296 0.000887 -0.901976
v -1.000895 0.006386 -0.336214
v -0.336214 0.006386 -1.000895
v -8.732933 0.496355 -8.223143
v -7.983946 0.457078 -7.559008
v -8.026372 0.457078 -7.516581
v -1.653503 0.149329 -1.168807
v -0.947783 0.079780 -0.463087
v -0.946942 0.110052 -0.462246
v -0.986337 0.097522 -0.579231
v -1.009772 0.017584 -0.560240
v -0.988559 0.017584 -0.581453
v -1.007534 0.098700 -0.600428
v -0.988559 0.017584 -0.581453
v -1.009755 0.018762 -0.602650
v -1.028747 0.098700 -0.579215
v -1.009755 0.018762 -0.602650
v -1.030969 0.018762 -0.581437
v -1.007550 0.097522 -0.558018
v -1.030969 0.018762 -0.581437
v -1.009772 0.017584 -0.560240
v -1.007534 0.098700 -0.600428
v -1.007550 0.097522 -0.558018
v -0.986337 0.097522 -0.579231
v -0.579231 0.097522 -0.986337
v -0.560240 0.017584 -1.009772
v -0.558018 0.097522 -1.007550
v -0.600428 0.098700 -1.007534
v -0.581453 0.017584 -0.988559
v -0.579231 0.097522 -0.986337
v -0.579215 0.098700 -1.028747
v -0.602650 0.018762 -1.009755
v -0.600428 0.098700 -1.007534
v -0.558018 0.097522 -1.007550
v -0.581437 0.018762 -1.030969
v -0.579215 0.098700 -1.028747
v -0.600428 0.098700 -1.007534
v -0.558018 0.097522 -1.007550
v -0.579215 0.098700 -1.028747
v -0.412269 0.070660 -1.076950
v -1.078616 0.010706 -0.413936
v -0.413936 0.010706 -1.078616
v -0.511188 0.076159 -1.175869
v -0.413936 0.010706 -1.078616
v -0.512854 0.016205 -1.177535
v -1.175868 0.076159 -0.511188
v -0.512854 0.016205 -1.177535
v -1.177535 0.016205 -0.512854
v -1.076950 0.070660 -0.412270
v -1.177535 0.016205 -0.512854
v -1.078616 0.010706 -0.413936
v -0.511188 0.076159 -1.175869
v -1.076950 0.070660 -0.412270
v -0.412269 0.070660 -1.076950
v -0.413936 0.010706 -1.078616
v -1.177535 0.016205 -0.512854
v -0.512854 0.016205 -1.177535
v -9.212469 0.540869 -8.787531
v -9.215739 0.540869 -8.784261
v -8.702624 0.511829 -8.252591
v -8.690077 0.511829 -8.265139
v -1.162977 0.107341 -0.755872
v -1.186412 0.027403 -0.736880
v -1.165199 0.027403 -0.758094
v -1.184174 0.108520 -0.777068
v -1.165199 0.027403 -0.758094
v -1.186396 0.028581 -0.779290
v -1.205387 0.108520 -0.755855
v -1.186396 0.028581 -0.779290
v -1.207609 0.028581 -0.758077
v -1.184190 0.107341 -0.734658
v -1.207609 0.028581 -0.758077
v -1.186412 0.027403 -0.736880
v -1.184174 0.108520 -0.777068
v -1.184190 0.107341 -0.734658
v -1.162977 0.107341 -0.755872
v -0.755872 0.107341 -1.162977
v -0.736880 0.027403 -1.186412
v -0.734658 0.107341 -1.184190
v -0.777068 0.108520 -1.184174
v -0.758093 0.027403 -1.165199
v -0.755872 0.107341 -1.162977
v -0.755855 0.108520 -1.205387
v -0.779290 0.028581 -1.186396
v -0.777068 0.108520 -1.184174
v -0.734658 0.107341 -1.184190
v -0.758077 0.028581 -1.207609
v -0.755855 0.108520 -1.205387
v -0.777068 0.108520 -1.184174
v -0.734658 0.107341 -1.184190
v -0.755855 0.108520 -1.205387
v -0.588910 0.080479 -1.253590
v -1.255257 0.020526 -0.590576
v -0.590576 0.020526 -1.255257
v -0.687828 0.085978 -1.352509
v -0.590576 0.020526 -1.255257
v -0.689495 0.026024 -1.354175
v -1.352509 0.085978 -0.687828
v -0.689495 0.026024 -1.354175
v -1.354175 0.026024 -0.689495
v -1.253590 0.080479 -0.588910
v -1.354175 0.026024 -0.689495
v -1.255257 0.020526 -0.590576
v -0.687828 0.085978 -1.352509
v -1.253590 0.080479 -0.588910
v -0.588910 0.080479 -1.253590
v -0.590576 0.020526 -1.255257
v -1.354175 0.026024 -0.689495
v -0.689495 0.026024 -1.354175
v -1.628965 0.163537 -1.192556
v -0.953359 0.124260 -0.455039
v -0.922404 0.124260 -0.485994
v -1.339617 0.117161 -0.932512
v -1.363052 0.037222 -0.913521
v -1.341839 0.037222 -0.934734
v -1.360814 0.118339 -0.953709
v -1.341839 0.037222 -0.934734
v -1.363036 0.038401 -0.955931
v -1.382027 0.118339 -0.932496
v -1.363036 0.038401 -0.955931
v -1.384249 0.038401 -0.934717
v -1.360830 0.117161 -0.911299
v -1.384249 0.038401 -0.934717
v -1.363052 0.037222 -0.913521
v -1.360814 0.118339 -0.953709
v -1.360830 0.117161 -0.911299
v -1.339617 0.117161 -0.932512
v -0.932512 0.117161 -1.339617
v -0.913520 0.037222 -1.363052
v -0.911299 0.117161 -1.360831
v -0.953709 0.118339 -1.360814
v -0.934734 0.037222 -1.341839
v -0.932512 0.117161 -1.339617
v -0.932495 0.118339 -1.382027
v -0.955931 0.038401 -1.363036
v -0.953709 0.118339 -1.360814
v -0.911299 0.117161 -1.360831
v -0.934717 0.038401 -1.384249
v -0.932495 0.118339 -1.382027
v -0.953709 0.118339 -1.360814
v -0.911299 0.117161 -1.360831
v -0.932495 0.118339 -1.382027
v -0.765550 0.090299 -1.430230
v -1.431897 0.030345 -0.767217
v -0.767216 0.030345 -1.431897
v -0.864469 0.095797 -1.529149
v -0.767216 0.030345 -1.431897
v -0.866135 0.035844 -1.530815
v -1.529149 0.095797 -0.864469
v -0.866135 0.035844 -1.530815
v -1.530815 0.035844 -0.866135
v -1.430230 0.090299 -0.765550
v -1.530815 0.035844 -0.866135
v -1.431897 0.030345 -0.767217
v -0.864469 0.095797 -1.529149
v -1.430230 0.090299 -0.765550
v -0.765550 0.090299 -1.430230
v -0.767216 0.030345 -1.431897
v -1.530815 0.035844 -0.866135
v -0.866135 0.035844 -1.530815
v -1.654345 0.119057 -1.169648
v -0.960331 0.079780 -0.450540
v -0.947783 0.079780 -0.463087
v -5.193121 0.345715 -4.694800
v -4.479748 0.306438 -3.995052
v -4.486560 0.306438 -3.988240
v -5.868331 0.399200 -5.431922
v -5.192726 0.359923 -4.694406
v -5.161770 0.359923 -4.725361
v -1.516258 0.126980 -1.109152
v -1.539693 0.047042 -1.090161
v -1.518479 0.047042 -1.111374
v -1.537454 0.128158 -1.130349
v -1.518479 0.047042 -1.111374
v -1.539676 0.048220 -1.132571
v -1.558668 0.128158 -1.109136
v -1.539676 0.048220 -1.132571
v -1.560889 0.048220 -1.111358
v -1.537471 0.126980 -1.087939
v -1.560889 0.048220 -1.111358
v -1.539693 0.047042 -1.090161
v -1.537454 0.128158 -1.130349
v -1.537471 0.126980 -1.087939
v -1.516258 0.126980 -1.109152
v -1.109152 0.126980 -1.516258
v -1.090161 0.047042 -1.539693
v -1.087939 0.126980 -1.537471
v -1.130349 0.128158 -1.537454
v -1.111374 0.047042 -1.518479
v -1.109152 0.126980 -1.516258
v -1.109136 0.128158 -1.558668
v -1.132571 0.048220 -1.539676
v -1.130349 0.128158 -1.537454
v -1.087939 0.126980 -1.537471
v -1.111358 0.048220 -1.560889
v -1.109136 0.128158 -1.558668
v -1.130349 0.128158 -1.537454
v -1.087939 0.126980 -1.537471
v -1.109136 0.128158 -1.558668
v -0.942190 0.100118 -1.606871
v -1.608537 0.040164 -0.943857
v -0.943857 0.040164 -1.608537
v -1.041109 0.105617 -1.705789
v -0.943857 0.040164 -1.608537
v -1.042775 0.045663 -1.707456
v -1.705789 0.105617 -1.041109
v -1.042775 0.045663 -1.707456
v -1.707456 0.045663 -1.042775
v -1.606871 0.100118 -0.942190
v -1.707456 0.045663 -1.042775
v -1.608537 0.040164 -0.943857
v -1.041109 0.105617 -1.705789
v -1.606871 0.100118 -0.942190
v -0.942190 0.100118 -1.606871
v -0.943857 0.040164 -1.608537
v -1.707456 0.045663 -1.042775
v -1.042775 0.045663 -1.707456
v -3.744579 0.221415 -3.319641
v -3.037588 0.197612 -2.612649
v -3.038018 0.182138 -2.613080
v -0.922799 0.110052 -0.486389
v -1.628965 0.163537 -1.192556
v -0.922404 0.124260 -0.485994
v -1.692898 0.136799 -1.285792
v -1.716333 0.056861 -1.266801
v -1.695120 0.056861 -1.288014
v -1.714095 0.137978 -1.306989
v -1.695120 0.056861 -1.288014
v -1.716317 0.058039 -1.309211
v -1.735308 0.137978 -1.285776
v -1.716317 0.058039 -1.309211
v -1.737530 0.058039 -1.287998
v -1.714111 0.136799 -1.264579
v -1.737530 0.058039 -1.287998
v -1.716333 0.056861 -1.266801
v -1.714095 0.137978 -1.306989
v -1.714111 0.136799 -1.264579
v -1.692898 0.136799 -1.285792
v -1.285792 0.136799 -1.692898
v -1.266801 0.056861 -1.716333
v -1.264579 0.136799 -1.714111
v -1.306989 0.137978 -1.714095
v -1.288014 0.056861 -1.695120
v -1.285792 0.136799 -1.692898
v -1.285776 0.137978 -1.735308
v -1.309211 0.058039 -1.716317
v -1.306989 0.137978 -1.714095
v -1.264579 0.136799 -1.714111
v -1.287998 0.058039 -1.737530
v -1.285776 0.137978 -1.735308
v -1.306989 0.137978 -1.714095
v -1.264579 0.136799 -1.714111
v -1.285776 0.137978 -1.735308
v -1.118831 0.109937 -1.783511
v -1.785177 0.049983 -1.120497
v -1.120497 0.049983 -1.785178
v -1.217749 0.115436 -1.882430
v -1.120497 0.049983 -1.785178
v -1.219415 0.055482 -1.884096
v -1.882429 0.115436 -1.217749
v -1.219415 0.055482 -1.884096
v -1.884096 0.055482 -1.219416
v -1.783511 0.109937 -1.118831
v -1.884096 0.055482 -1.219416
v -1.785177 0.049983 -1.120497
v -1.217749 0.115436 -1.882430
v -1.783511 0.109937 -1.118831
v -1.118831 0.109937 -1.783511
v -1.120497 0.049983 -1.785178
v -1.884096 0.055482 -1.219416
v -1.219415 0.055482 -1.884096
v -2.335526 0.202814 -1.899117
v -1.659921 0.163537 -1.161600
v -1.628965 0.163537 -1.192556
v -1.869538 0.146619 -1.462433
v -1.892973 0.066680 -1.443441
v -1.871760 0.066680 -1.464655
v -1.890735 0.147797 -1.483630
v -1.871760 0.066680 -1.464655
v -1.892957 0.067859 -1.485852
v -1.911948 0.147797 -1.462417
v -1.892957 0.067859 -1.485852
v -1.914170 0.067859 -1.464638
v -1.890751 0.146619 -1.441220
v -1.914170 0.067859 -1.464638
v -1.892973 0.066680 -1.443441
v -1.890735 0.147797 -1.483630
v -1.890751 0.146619 -1.441220
v -1.869538 0.146619 -1.462433
v -1.462433 0.146619 -1.869538
v -1.443441 0.066680 -1.892973
v -1.441219 0.146619 -1.890751
v -1.483630 0.147797 -1.890735
v -1.464654 0.066680 -1.871760
v -1.462433 0.146619 -1.869538
v -1.462416 0.147797 -1.911948
v -1.485851 0.067859 -1.892957
v -1.483630 0.147797 -1.890735
v -1.441219 0.146619 -1.890751
v -1.464638 0.067859 -1.914170
v -1.462416 0.147797 -1.911948
v -1.483630 0.147797 -1.890735
v -1.441219 0.146619 -1.890751
v -1.462416 0.147797 -1.911948
v -1.295471 0.119757 -1.960151
v -1.961818 0.059803 -1.297137
v -1.297137 0.059803 -1.961818
v -1.394389 0.125255 -2.059070
v -1.297137 0.059803 -1.961818
v -1.396056 0.065302 -2.060736
v -2.059070 0.125255 -1.394390
v -1.396056 0.065302 -2.060736
v -2.060736 0.065302 -1.396056
v -1.960151 0.119757 -1.295471
v -2.060736 0.065302 -1.396056
v -1.961818 0.059803 -1.297137
v -1.394389 0.125255 -2.059070
v -1.960151 0.119757 -1.295471
v -1.295471 0.119757 -1.960151
v -1.297137 0.059803 -1.961818
v -2.060736 0.065302 -1.396056
v -1.396056 0.065302 -2.060736
v -2.046178 0.156438 -1.639073
v -2.069613 0.076500 -1.620082
v -2.048400 0.076500 -1.641295
v -2.067375 0.157616 -1.660270
v -2.048400 0.076500 -1.641295
v -2.069597 0.077678 -1.662492
v -2.088588 0.157616 -1.639057
v -2.069597 0.077678 -1.662492
v -2.090810 0.077678 -1.641279
v -2.067391 0.156438 -1.617860
v -2.090810 0.077678 -1.641279
v -2.069613 0.076500 -1.620082
v -2.067375 0.157616 -1.660270
v -2.067391 0.156438 -1.617860
v -2.046178 0.156438 -1.639073
v -1.639073 0.156438 -2.046178
v -1.620081 0.076500 -2.069613
v -1.617860 0.156438 -2.067392
v -1.660270 0.157616 -2.067375
v -1.641295 0.076500 -2.048400
v -1.639073 0.156438 -2.046178
v -1.639057 0.157616 -2.088589
v -1.662492 0.077678 -2.069597
v -1.660270 0.157616 -2.067375
v -1.617860 0.156438 -2.067392
v -1.641279 0.077678 -2.090811
v -1.639057 0.157616 -2.088589
v -1.660270 0.157616 -2.067375
v -1.617860 0.156438 -2.067392
v -1.639057 0.157616 -2.088589
v -1.472111 0.129576 -2.136792
v -2.138458 0.069622 -1.473778
v -1.473778 0.069622 -2.138458
v -1.571030 0.135075 -2.235710
v -1.473778 0.069622 -2.138458
v -1.572696 0.075121 -2.237376
v -2.235710 0.135075 -1.571030
v -1.572696 0.075121 -2.237376
v -2.237376 0.075121 -1.572696
v -2.136792 0.129576 -1.472111
v -2.237376 0.075121 -1.572696
v -2.138458 0.069622 -1.473778
v -1.571030 0.135075 -2.235710
v -2.136792 0.129576 -1.472111
v -1.472111 0.129576 -2.136792
v -1.473778 0.069622 -2.138458
v -2.237376 0.075121 -1.572696
v -1.572696 0.075121 -2.237376
v -1.637013 0.119057 -1.186980
v -2.342733 0.188606 -1.892699
v -1.636172 0.149329 -1.186138
v -2.222819 0.166257 -1.815713
v -2.246253 0.086319 -1.796722
v -2.225040 0.086319 -1.817935
v -2.244016 0.167436 -1.836910
v -2.225040 0.086319 -1.817935
v -2.246238 0.087497 -1.839132
v -2.265229 0.167436 -1.815697
v -2.246238 0.087497 -1.839132
v -2.267451 0.087497 -1.817919
v -2.244032 0.166257 -1.794500
v -2.267451 0.087497 -1.817919
v -2.246253 0.086319 -1.796722
v -2.244016 0.167436 -1.836910
v -2.244032 0.166257 -1.794500
v -2.222819 0.166257 -1.815713
v -1.815713 0.166257 -2.222819
v -1.796722 0.086319 -2.246254
v -1.794500 0.166257 -2.244032
v -1.836910 0.167436 -2.244016
v -1.817935 0.086319 -2.225041
v -1.815713 0.166257 -2.222819
v -1.815697 0.167436 -2.265229
v -1.839132 0.087497 -2.246238
v -1.836910 0.167436 -2.244016
v -1.794500 0.166257 -2.244032
v -1.817919 0.087497 -2.267451
v -1.815697 0.167436 -2.265229
v -1.836910 0.167436 -2.244016
v -1.794500 0.166257 -2.244032
v -1.815697 0.167436 -2.265229
v -1.648751 0.139395 -2.313432
v -2.315098 0.079441 -1.650418
v -1.650418 0.079441 -2.315098
v -1.747670 0.144894 -2.412350
v -1.650418 0.079441 -2.315098
v -1.749336 0.084940 -2.414017
v -2.412350 0.144894 -1.747670
v -1.749336 0.084940 -2.414017
v -2.414017 0.084940 -1.749336
v -2.313432 0.139395 -1.648752
v -2.414017 0.084940 -1.749336
v -2.315098 0.079441 -1.650418
v -1.747670 0.144894 -2.412350
v -2.313432 0.139395 -1.648752
v -1.648751 0.139395 -2.313432
v -1.650418 0.079441 -2.315098
v -2.414017 0.084940 -1.749336
v -1.749336 0.084940 -2.414017
v -3.080014 0.197612 -2.570223
v -3.787005 0.221415 -3.277214
v -3.080444 0.182138 -2.570653
v -3.066625 0.227883 -2.581929
v -2.360906 0.158334 -1.876210
v -2.360064 0.188606 -1.875368
v -3.786575 0.236889 -3.276784
v -4.493567 0.260692 -3.983776
v -3.787005 0.221415 -3.277214
v -2.399459 0.176077 -1.992354
v -2.422894 0.096138 -1.973362
v -2.401681 0.096138 -1.994576
v -2.420656 0.177255 -2.013551
v -2.401681 0.096138 -1.994576
v -2.422878 0.097317 -2.015773
v -2.441869 0.177255 -1.992337
v -2.422878 0.097317 -2.015773
v -2.444091 0.097317 -1.994559
v -2.420672 0.176077 -1.971140
v -2.444091 0.097317 -1.994559
v -2.422894 0.096138 -1.973362
v -2.420656 0.177255 -2.013551
v -2.420672 0.176077 -1.971140
v -2.399459 0.176077 -1.992354
v -1.992353 0.176077 -2.399459
v -1.973362 0.096138 -2.422894
v -1.971140 0.176077 -2.420672
v -2.013551 0.177255 -2.420656
v -1.994575 0.096138 -2.401681
v -1.992353 0.176077 -2.399459
v -1.992337 0.177255 -2.441869
v -2.015772 0.097317 -2.422878
v -2.013551 0.177255 -2.420656
v -1.971140 0.176077 -2.420672
v -1.994559 0.097317 -2.444091
v -1.992337 0.177255 -2.441869
v -2.013551 0.177255 -2.420656
v -1.971140 0.176077 -2.420672
v -1.992337 0.177255 -2.441869
v -1.825392 0.149214 -2.490072
v -2.491738 0.089261 -1.827058
v -1.827058 0.089261 -2.491739
v -1.924310 0.154713 -2.588991
v -1.827058 0.089261 -2.491739
v -1.925977 0.094760 -2.590657
v -2.588991 0.154713 -1.924310
v -1.925977 0.094760 -2.590657
v -2.590657 0.094760 -1.925977
v -2.490072 0.149214 -1.825392
v -2.590657 0.094760 -1.925977
v -2.491738 0.089261 -1.827058
v -1.924310 0.154713 -2.588991
v -2.490072 0.149214 -1.825392
v -1.825392 0.149214 -2.490072
v -1.827058 0.089261 -2.491739
v -2.590657 0.094760 -1.925977
v -1.925977 0.094760 -2.590657
v -2.576099 0.185896 -2.168994
v -2.599534 0.105958 -2.150002
v -2.578321 0.105958 -2.171216
v -2.597296 0.187074 -2.190191
v -2.578321 0.105958 -2.171216
v -2.599518 0.107136 -2.192413
v -2.618509 0.187074 -2.168978
v -2.599518 0.107136 -2.192413
v -2.620731 0.107136 -2.171200
v -2.597312 0.185896 -2.147781
v -2.620731 0.107136 -2.171200
v -2.599534 0.105958 -2.150002
v -2.597296 0.187074 -2.190191
v -2.597312 0.185896 -2.147781
v -2.576099 0.185896 -2.168994
v -2.168994 0.185896 -2.576099
v -2.150002 0.105958 -2.599534
v -2.147780 0.185896 -2.597312
v -2.190191 0.187074 -2.597296
v -2.171216 0.105958 -2.578321
v -2.168994 0.185896 -2.576099
v -2.168977 0.187074 -2.618510
v -2.192413 0.107136 -2.599518
v -2.190191 0.187074 -2.597296
v -2.147780 0.185896 -2.597312
v -2.171199 0.107136 -2.620731
v -2.168977 0.187074 -2.618510
v -2.190191 0.187074 -2.597296
v -2.147780 0.185896 -2.597312
v -2.168977 0.187074 -2.618510
v -2.002032 0.159034 -2.666713
v -2.668379 0.099080 -2.003699
v -2.003698 0.099080 -2.668379
v -2.100950 0.164533 -2.765631
v -2.003698 0.099080 -2.668379
v -2.102617 0.104579 -2.767297
v -2.765631 0.164533 -2.100951
v -2.102617 0.104579 -2.767297
v -2.767297 0.104579 -2.102617
v -2.666712 0.159034 -2.002032
v -2.767297 0.104579 -2.102617
v -2.668379 0.099080 -2.003699
v -2.100950 0.164533 -2.765631
v -2.666712 0.159034 -2.002032
v -2.002032 0.159034 -2.666713
v -2.003698 0.099080 -2.668379
v -2.767297 0.104579 -2.102617
v -2.102617 0.104579 -2.767297
v -4.451140 0.260692 -4.026202
v -3.744149 0.236889 -3.319211
v -3.744579 0.221415 -3.319641
v -2.752739 0.195715 -2.345634
v -2.776174 0.115777 -2.326643
v -2.754961 0.115777 -2.347856
v -2.773937 0.196894 -2.366831
v -2.754961 0.115777 -2.347856
v -2.776158 0.116955 -2.369053
v -2.795150 0.196894 -2.345618
v -2.776158 0.116955 -2.369053
v -2.797371 0.116955 -2.347840
v -2.773952 0.195715 -2.324421
v -2.797371 0.116955 -2.347840
v -2.776174 0.115777 -2.326643
v -2.773937 0.196894 -2.366831
v -2.773952 0.195715 -2.324421
v -2.752739 0.195715 -2.345634
v -2.345634 0.195715 -2.752739
v -2.326643 0.115777 -2.776175
v -2.324421 0.195715 -2.773953
v -2.366831 0.196894 -2.773937
v -2.347856 0.115777 -2.754961
v -2.345634 0.195715 -2.752739
v -2.345618 0.196894 -2.795150
v -2.369053 0.116955 -2.776159
v -2.366831 0.196894 -2.773937
v -2.324421 0.195715 -2.773953
v -2.347840 0.116955 -2.797372
v -2.345618 0.196894 -2.795150
v -2.366831 0.196894 -2.773937
v -2.324421 0.195715 -2.773953
v -2.345618 0.196894 -2.795150
v -2.178672 0.168853 -2.843353
v -2.845019 0.108899 -2.180339
v -2.180339 0.108899 -2.845019
v -2.277591 0.174352 -2.942271
v -2.180339 0.108899 -2.845019
v -2.279257 0.114398 -2.943938
v -2.942271 0.174352 -2.277591
v -2.279257 0.114398 -2.943938
v -2.943938 0.114398 -2.279257
v -2.843353 0.168853 -2.178672
v -2.943938 0.114398 -2.279257
v -2.845019 0.108899 -2.180339
v -2.277591 0.174352 -2.942271
v -2.843353 0.168853 -2.178672
v -2.178672 0.168853 -2.843353
v -2.180339 0.108899 -2.845019
v -2.943938 0.114398 -2.279257
v -2.279257 0.114398 -2.943938
v -3.073043 0.242091 -2.574722
v -2.366877 0.188606 -1.868556
v -2.366482 0.202814 -1.868161
v -3.073438 0.227883 -2.575117
v -2.360064 0.188606 -1.875368
v -2.366877 0.188606 -1.868556
v -2.929380 0.205535 -2.522274
v -2.952815 0.125596 -2.503283
v -2.931602 0.125596 -2.524496
v -2.950577 0.206713 -2.543472
v -2.931602 0.125596 -2.524496
v -2.952799 0.126775 -2.545693
v -2.971790 0.206713 -2.522258
v -2.952799 0.126775 -2.545693
v -2.974012 0.126775 -2.524480
v -2.950593 0.205535 -2.501061
v -2.974012 0.126775 -2.524480
v -2.952815 0.125596 -2.503283
v -2.950577 0.206713 -2.543472
v -2.950593 0.205535 -2.501061
v -2.929380 0.205535 -2.522274
v -2.522274 0.205535 -2.929380
v -2.503283 0.125596 -2.952815
v -2.501061 0.205535 -2.950593
v -2.543471 0.206713 -2.950577
v -2.524496 0.125596 -2.931602
v -2.522274 0.205535 -2.929380
v -2.522258 0.206713 -2.971790
v -2.545693 0.126775 -2.952799
v -2.543471 0.206713 -2.950577
v -2.501061 0.205535 -2.950593
v -2.524480 0.126775 -2.974012
v -2.522258 0.206713 -2.971790
v -2.543471 0.206713 -2.950577
v -2.501061 0.205535 -2.950593
v -2.522258 0.206713 -2.971790
v -2.355312 0.178672 -3.019993
v -3.021659 0.118719 -2.356979
v -2.356979 0.118719 -3.021659
v -2.454231 0.184171 -3.118912
v -2.356979 0.118719 -3.021659
v -2.455898 0.124218 -3.120578
v -3.118912 0.184171 -2.454231
v -2.455898 0.124218 -3.120578
v -3.120578 0.124218 -2.455898
v -3.019993 0.178672 -2.355313
v -3.120578 0.124218 -2.455898
v -3.021659 0.118719 -2.356979
v -2.454231 0.184171 -3.118912
v -3.019993 0.178672 -2.355313
v -2.355312 0.178672 -3.019993
v -2.356979 0.118719 -3.021659
v -3.120578 0.124218 -2.455898
v -2.455898 0.124218 -3.120578
v -5.899682 0.384992 -5.401361
v -5.186309 0.345715 -4.701613
v -5.193121 0.345715 -4.694800
v -3.042087 0.242091 -2.605678
v -2.366482 0.202814 -1.868161
v -2.335526 0.202814 -1.899117
v -3.049294 0.227883 -2.599261
v -2.335921 0.188606 -1.899512
v -2.342733 0.188606 -1.892699
v -3.106020 0.215354 -2.698915
v -3.129455 0.135416 -2.679924
v -3.108242 0.135416 -2.701137
v -3.127217 0.216532 -2.720112
v -3.108242 0.135416 -2.701137
v -3.129439 0.136594 -2.722333
v -3.148430 0.216532 -2.698898
v -3.129439 0.136594 -2.722333
v -3.150652 0.136594 -2.701120
v -3.127233 0.215354 -2.677702
v -3.150652 0.136594 -2.701120
v -3.129455 0.135416 -2.679924
v -3.127217 0.216532 -2.720112
v -3.127233 0.215354 -2.677702
v -3.106020 0.215354 -2.698915
v -2.698915 0.215354 -3.106020
v -2.679923 0.135416 -3.129455
v -2.677701 0.215354 -3.127234
v -2.720111 0.216532 -3.127217
v -2.701137 0.135416 -3.108242
v -2.698915 0.215354 -3.106020
v -2.698898 0.216532 -3.148430
v -2.722333 0.136594 -3.129439
v -2.720111 0.216532 -3.127217
v -2.677701 0.215354 -3.127234
v -2.701120 0.136594 -3.150652
v -2.698898 0.216532 -3.148430
v -2.720111 0.216532 -3.127217
v -2.677701 0.215354 -3.127234
v -2.698898 0.216532 -3.148430
v -2.531953 0.188492 -3.196633
v -3.198299 0.128538 -2.533619
v -2.533619 0.128538 -3.198300
v -2.630871 0.193991 -3.295552
v -2.533619 0.128538 -3.198300
v -2.632538 0.134037 -3.297218
v -3.295552 0.193991 -2.630872
v -2.632538 0.134037 -3.297218
v -3.297218 0.134037 -2.632538
v -3.196633 0.188492 -2.531953
v -3.297218 0.134037 -2.632538
v -3.198299 0.128538 -2.533619
v -2.630871 0.193991 -3.295552
v -3.196633 0.188492 -2.531953
v -2.531953 0.188492 -3.196633
v -2.533619 0.128538 -3.198300
v -3.297218 0.134037 -2.632538
v -2.632538 0.134037 -3.297218
v -3.282660 0.225173 -2.875555
v -3.306095 0.145235 -2.856564
v -3.284882 0.145235 -2.877777
v -3.303857 0.226352 -2.896752
v -3.284882 0.145235 -2.877777
v -3.306079 0.146413 -2.898974
v -3.325070 0.226352 -2.875539
v -3.306079 0.146413 -2.898974
v -3.327292 0.146413 -2.877760
v -3.303874 0.225173 -2.854342
v -3.327292 0.146413 -2.877760
v -3.306095 0.145235 -2.856564
v -3.303857 0.226352 -2.896752
v -3.303874 0.225173 -2.854342
v -3.282660 0.225173 -2.875555
v -2.875555 0.225173 -3.282660
v -2.856564 0.145235 -3.306096
v -2.854342 0.225173 -3.303874
v -2.896752 0.226352 -3.303857
v -2.877777 0.145235 -3.284883
v -2.875555 0.225173 -3.282660
v -2.875538 0.226352 -3.325070
v -2.898973 0.146413 -3.306079
v -2.896752 0.226352 -3.303857
v -2.854342 0.225173 -3.303874
v -2.877760 0.146413 -3.327292
v -2.875538 0.226352 -3.325070
v -2.896752 0.226352 -3.303857
v -2.854342 0.225173 -3.303874
v -2.875538 0.226352 -3.325070
v -2.708593 0.198311 -3.373274
v -3.374940 0.138357 -2.710260
v -2.710259 0.138357 -3.374940
v -2.807512 0.203810 -3.472192
v -2.710259 0.138357 -3.374940
v -2.809178 0.143856 -3.473859
v -3.472192 0.203810 -2.807512
v -2.809178 0.143856 -3.473859
v -3.473858 0.143856 -2.809178
v -3.373273 0.198311 -2.708593
v -3.473858 0.143856 -2.809178
v -3.374940 0.138357 -2.710260
v -2.807512 0.203810 -3.472192
v -3.373273 0.198311 -2.708593
v -2.708593 0.198311 -3.373274
v -2.710259 0.138357 -3.374940
v -3.473858 0.143856 -2.809178
v -2.809178 0.143856 -3.473859
v -3.748648 0.281369 -3.312239
v -3.073043 0.242091 -2.574722
v -3.042087 0.242091 -2.605678
v -3.756697 0.236889 -3.306663
v -4.462416 0.306438 -4.012383
v -3.755855 0.267161 -3.305822
v -3.080444 0.182138 -2.570653
v -2.331457 0.142860 -1.906518
v -2.373883 0.142860 -1.864092
v -3.787005 0.221415 -3.277214
v -3.038018 0.182138 -2.613080
v -3.080444 0.182138 -2.570653
v -8.725532 0.556309 -8.227212
v -8.019365 0.502823 -7.521045
v -8.018970 0.517031 -7.520650
v -3.459301 0.234993 -3.052196
v -3.482736 0.155054 -3.033204
v -3.461523 0.155054 -3.054417
v -3.480497 0.236171 -3.073392
v -3.461523 0.155054 -3.054417
v -3.482719 0.156233 -3.075614
v -3.501710 0.236171 -3.052179
v -3.482719 0.156233 -3.075614
v -3.503932 0.156233 -3.054401
v -3.480514 0.234993 -3.030982
v -3.503932 0.156233 -3.054401
v -3.482736 0.155054 -3.033204
v -3.480497 0.236171 -3.073392
v -3.480514 0.234993 -3.030982
v -3.459301 0.234993 -3.052196
v -3.052195 0.234993 -3.459301
v -3.033204 0.155054 -3.482736
v -3.030982 0.234993 -3.480514
v -3.073392 0.236171 -3.480497
v -3.054417 0.155054 -3.461523
v -3.052195 0.234993 -3.459301
v -3.052179 0.236171 -3.501711
v -3.075614 0.156233 -3.482719
v -3.073392 0.236171 -3.480497
v -3.030982 0.234993 -3.480514
v -3.054400 0.156233 -3.503932
v -3.052179 0.236171 -3.501711
v -3.073392 0.236171 -3.480497
v -3.030982 0.234993 -3.480514
v -3.052179 0.236171 -3.501711
v -2.885233 0.208130 -3.549914
v -3.551580 0.148177 -2.886900
v -2.886900 0.148177 -3.551580
v -2.984152 0.213629 -3.648833
v -2.886900 0.148177 -3.551580
v -2.985818 0.153675 -3.650499
v -3.648832 0.213629 -2.984152
v -2.985818 0.153675 -3.650499
v -3.650499 0.153675 -2.985819
v -3.549914 0.208130 -2.885233
v -3.650499 0.153675 -2.985819
v -3.551580 0.148177 -2.886900
v -2.984152 0.213629 -3.648833
v -3.549914 0.208130 -2.885233
v -2.885233 0.208130 -3.549914
v -2.886900 0.148177 -3.551580
v -3.650499 0.153675 -2.985819
v -2.985818 0.153675 -3.650499
v -6.600272 0.393998 -6.115576
v -5.906259 0.354721 -5.396468
v -5.893711 0.354721 -5.409015
v -3.635941 0.244812 -3.228836
v -3.659376 0.164874 -3.209844
v -3.638163 0.164874 -3.231058
v -3.657138 0.245990 -3.250032
v -3.638163 0.164874 -3.231058
v -3.659359 0.166052 -3.252254
v -3.678351 0.245990 -3.228819
v -3.659359 0.166052 -3.252254
v -3.680573 0.166052 -3.231041
v -3.657154 0.244812 -3.207623
v -3.680573 0.166052 -3.231041
v -3.659376 0.164874 -3.209844
v -3.657138 0.245990 -3.250032
v -3.657154 0.244812 -3.207623
v -3.635941 0.244812 -3.228836
v -3.228836 0.244812 -3.635941
v -3.209844 0.164874 -3.659376
v -3.207622 0.244812 -3.657154
v -3.250032 0.245990 -3.657138
v -3.231057 0.164874 -3.638163
v -3.228836 0.244812 -3.635941
v -3.228819 0.245990 -3.678351
v -3.252254 0.166052 -3.659360
v -3.250032 0.245990 -3.657138
v -3.207622 0.244812 -3.657154
v -3.231041 0.166052 -3.680573
v -3.228819 0.245990 -3.678351
v -3.250032 0.245990 -3.657138
v -3.207622 0.244812 -3.657154
v -3.228819 0.245990 -3.678351
v -3.061873 0.217950 -3.726554
v -3.728220 0.157996 -3.063540
v -3.063540 0.157996 -3.728220
v -3.160792 0.223449 -3.825473
v -3.063540 0.157996 -3.728220
v -3.162459 0.163495 -3.827139
v -3.825473 0.223449 -3.160792
v -3.162459 0.163495 -3.827139
v -3.827139 0.163495 -3.162459
v -3.726554 0.217950 -3.061874
v -3.827139 0.163495 -3.162459
v -3.728220 0.157996 -3.063540
v -3.160792 0.223449 -3.825473
v -3.726554 0.217950 -3.061874
v -3.061873 0.217950 -3.726554
v -3.063540 0.157996 -3.728220
v -3.827139 0.163495 -3.162459
v -3.162459 0.163495 -3.827139
v -8.719114 0.542101 -8.234419
v -8.019365 0.502823 -7.521045
v -8.725926 0.542101 -8.227607
v -4.479748 0.306438 -3.995052
v -3.774028 0.236889 -3.289332
v -3.773186 0.267161 -3.288490
v -7.319381 0.433275 -6.809590
v -8.026372 0.457078 -7.516581
v -7.319811 0.417800 -6.810020
v -3.812581 0.254631 -3.405476
v -3.836016 0.174693 -3.386485
v -3.814803 0.174693 -3.407698
v -3.833778 0.255809 -3.426673
v -3.814803 0.174693 -3.407698
v -3.836000 0.175871 -3.428895
v -3.854991 0.255809 -3.405459
v -3.836000 0.175871 -3.428895
v -3.857213 0.175871 -3.407681
v -3.833794 0.254631 -3.384263
v -3.857213 0.175871 -3.407681
v -3.836016 0.174693 -3.386485
v -3.833778 0.255809 -3.426673
v -3.833794 0.254631 -3.384263
v -3.812581 0.254631 -3.405476
v -3.405476 0.254631 -3.812582
v -3.386484 0.174693 -3.836016
v -3.384263 0.254631 -3.833795
v -3.426672 0.255809 -3.833778
v -3.407698 0.174693 -3.814803
v -3.405476 0.254631 -3.812582
v -3.405459 0.255809 -3.854991
v -3.428894 0.175871 -3.836000
v -3.426672 0.255809 -3.833778
v -3.384263 0.254631 -3.833795
v -3.407681 0.175871 -3.857213
v -3.405459 0.255809 -3.854991
v -3.426672 0.255809 -3.833778
v -3.384263 0.254631 -3.833795
v -3.405459 0.255809 -3.854991
v -3.238514 0.227769 -3.903194
v -3.904860 0.167815 -3.240180
v -3.240180 0.167815 -3.904861
v -3.337432 0.233268 -4.002113
v -3.240180 0.167815 -3.904861
v -3.339099 0.173314 -4.003780
v -4.002113 0.233268 -3.337433
v -3.339099 0.173314 -4.003780
v -4.003779 0.173314 -3.339099
v -3.903194 0.227769 -3.238514
v -4.003779 0.173314 -3.339099
v -3.904860 0.167815 -3.240180
v -3.337432 0.233268 -4.002113
v -3.903194 0.227769 -3.238514
v -3.238514 0.227769 -3.903194
v -3.240180 0.167815 -3.904861
v -4.003779 0.173314 -3.339099
v -3.339099 0.173314 -4.003780
v -3.989222 0.264450 -3.582116
v -4.012657 0.184512 -3.563125
v -3.991443 0.184512 -3.584338
v -4.010418 0.265629 -3.603313
v -3.991443 0.184512 -3.584338
v -4.012640 0.185691 -3.605535
v -4.031631 0.265629 -3.582100
v -4.012640 0.185691 -3.605535
v -4.033853 0.185691 -3.584321
v -4.010435 0.264450 -3.560903
v -4.033853 0.185691 -3.584321
v -4.012657 0.184512 -3.563125
v -4.010418 0.265629 -3.603313
v -4.010435 0.264450 -3.560903
v -3.989222 0.264450 -3.582116
v -3.582116 0.264450 -3.989222
v -3.563125 0.184512 -4.012657
v -3.560903 0.264450 -4.010435
v -3.603313 0.265629 -4.010418
v -3.584338 0.184512 -3.991444
v -3.582116 0.264450 -3.989222
v -3.582099 0.265629 -4.031631
v -3.605535 0.185691 -4.012640
v -3.603313 0.265629 -4.010418
v -3.560903 0.264450 -4.010435
v -3.584321 0.185691 -4.033854
v -3.582099 0.265629 -4.031631
v -3.603313 0.265629 -4.010418
v -3.560903 0.264450 -4.010435
v -3.582099 0.265629 -4.031631
v -3.415154 0.237588 -4.079835
v -4.081501 0.177635 -3.416821
v -3.416821 0.177635 -4.081501
v -3.514073 0.243087 -4.178754
v -3.416821 0.177635 -4.081501
v -3.515739 0.183133 -4.180420
v -4.178753 0.243087 -3.514073
v -3.515739 0.183133 -4.180420
v -4.180419 0.183133 -3.515740
v -4.079834 0.237588 -3.415154
v -4.180419 0.183133 -3.515740
v -4.081501 0.177635 -3.416821
v -3.514073 0.243087 -4.178754
v -4.079834 0.237588 -3.415154
v -3.415154 0.237588 -4.079835
v -3.416821 0.177635 -4.081501
v -4.180419 0.183133 -3.515740
v -3.515739 0.183133 -4.180420
v -4.455209 0.320646 -4.018800
v -3.779604 0.281369 -3.281283
v -3.748648 0.281369 -3.312239
v -4.165862 0.274270 -3.758757
v -4.189297 0.194332 -3.739765
v -4.168084 0.194332 -3.760978
v -4.187058 0.275448 -3.779953
v -4.168084 0.194332 -3.760978
v -4.189280 0.195510 -3.782175
v -4.208272 0.275448 -3.758740
v -4.189280 0.195510 -3.782175
v -4.210494 0.195510 -3.760962
v -4.187075 0.274270 -3.737543
v -4.210494 0.195510 -3.760962
v -4.189297 0.194332 -3.739765
v -4.187058 0.275448 -3.779953
v -4.187075 0.274270 -3.737543
v -4.165862 0.274270 -3.758757
v -3.758756 0.274270 -4.165862
v -3.739765 0.194332 -4.189297
v -3.737543 0.274270 -4.187075
v -3.779953 0.275448 -4.187058
v -3.760978 0.194332 -4.168084
v -3.758756 0.274270 -4.165862
v -3.758740 0.275448 -4.208272
v -3.782175 0.195510 -4.189281
v -3.779953 0.275448 -4.187058
v -3.737543 0.274270 -4.187075
v -3.760962 0.195510 -4.210494
v -3.758740 0.275448 -4.208272
v -3.779953 0.275448 -4.187058
v -3.737543 0.274270 -4.187075
v -3.758740 0.275448 -4.208272
v -3.591794 0.247408 -4.256475
v -4.258141 0.187454 -3.593461
v -3.593461 0.187454 -4.258142
v -3.690713 0.252906 -4.355393
v -3.593461 0.187454 -4.258142
v -3.692380 0.192953 -4.357060
v -4.355394 0.252906 -3.690713
v -3.692380 0.192953 -4.357060
v -4.357060 0.192953 -3.692380
v -4.256475 0.247408 -3.591794
v -4.357060 0.192953 -3.692380
v -4.258141 0.187454 -3.593461
v -3.690713 0.252906 -4.355393
v -4.256475 0.247408 -3.591794
v -3.591794 0.247408 -4.256475
v -3.593461 0.187454 -4.258142
v -4.357060 0.192953 -3.692380
v -3.692380 0.192953 -4.357060
v -0.930452 0.079780 -0.480418
v -1.636172 0.149329 -1.186138
v -0.929611 0.110052 -0.479577
v -4.342502 0.284089 -3.935397
v -4.365937 0.204151 -3.916406
v -4.344724 0.204151 -3.937619
v -4.363699 0.285267 -3.956594
v -4.344724 0.204151 -3.937619
v -4.365921 0.205329 -3.958815
v -4.384912 0.285267 -3.935380
v -4.365921 0.205329 -3.958815
v -4.387134 0.205329 -3.937602
v -4.363715 0.284089 -3.914184
v -4.387134 0.205329 -3.937602
v -4.365937 0.204151 -3.916406
v -4.363699 0.285267 -3.956594
v -4.363715 0.284089 -3.914184
v -4.342502 0.284089 -3.935397
v -3.935397 0.284089 -4.342503
v -3.916405 0.204151 -4.365938
v -3.914183 0.284089 -4.363716
v -3.956594 0.285267 -4.363699
v -3.937618 0.204151 -4.344724
v -3.935397 0.284089 -4.342503
v -3.935380 0.285267 -4.384912
v -3.958815 0.205329 -4.365921
v -3.956594 0.285267 -4.363699
v -3.914183 0.284089 -4.363716
v -3.937602 0.205329 -4.387134
v -3.935380 0.285267 -4.384912
v -3.956594 0.285267 -4.363699
v -3.914183 0.284089 -4.363716
v -3.935380 0.285267 -4.384912
v -3.768434 0.257227 -4.433115
v -4.434781 0.197273 -3.770101
v -3.770101 0.197273 -4.434782
v -3.867353 0.262726 -4.532034
v -3.770101 0.197273 -4.434782
v -3.869020 0.202772 -4.533700
v -4.532034 0.262726 -3.867354
v -3.869020 0.202772 -4.533700
v -4.533700 0.202772 -3.869020
v -4.433115 0.257227 -3.768435
v -4.533700 0.202772 -3.869020
v -4.434781 0.197273 -3.770101
v -3.867353 0.262726 -4.532034
v -4.433115 0.257227 -3.768435
v -3.768434 0.257227 -4.433115
v -3.770101 0.197273 -4.434782
v -4.533700 0.202772 -3.869020
v -3.869020 0.202772 -4.533700
v -1.636172 0.149329 -1.186138
v -0.922799 0.110052 -0.486389
v -0.929611 0.110052 -0.479577
v -4.519142 0.293908 -4.112037
v -4.542577 0.213970 -4.093046
v -4.521364 0.213970 -4.114259
v -4.540339 0.295087 -4.133234
v -4.521364 0.213970 -4.114259
v -4.542561 0.215148 -4.135456
v -4.561552 0.295087 -4.112020
v -4.542561 0.215148 -4.135456
v -4.563774 0.215148 -4.114243
v -4.540355 0.293908 -4.090824
v -4.563774 0.215148 -4.114243
v -4.542577 0.213970 -4.093046
v -4.540339 0.295087 -4.133234
v -4.540355 0.293908 -4.090824
v -4.519142 0.293908 -4.112037
v -4.112037 0.293908 -4.519143
v -4.093045 0.213970 -4.542578
v -4.090823 0.293908 -4.540356
v -4.133234 0.295087 -4.540339
v -4.114258 0.213970 -4.521364
v -4.112037 0.293908 -4.519143
v -4.112020 0.295087 -4.561553
v -4.135455 0.215148 -4.542561
v -4.133234 0.295087 -4.540339
v -4.090823 0.293908 -4.540356
v -4.114242 0.215148 -4.563775
v -4.112020 0.295087 -4.561553
v -4.133234 0.295087 -4.540339
v -4.090823 0.293908 -4.540356
v -4.112020 0.295087 -4.561553
v -3.945075 0.267046 -4.609756
v -4.611422 0.207093 -3.946742
v -3.946741 0.207093 -4.611422
v -4.043994 0.272545 -4.708674
v -3.946741 0.207093 -4.611422
v -4.045660 0.212591 -4.710340
v -4.708674 0.272545 -4.043994
v -4.045660 0.212591 -4.710340
v -4.710340 0.212591 -4.045660
v -4.609756 0.267046 -3.945076
v -4.710340 0.212591 -4.045660
v -4.611422 0.207093 -3.946742
v -4.043994 0.272545 -4.708674
v -4.609756 0.267046 -3.945076
v -3.945075 0.267046 -4.609756
v -3.946741 0.207093 -4.611422
v -4.710340 0.212591 -4.045660
v -4.045660 0.212591 -4.710340
v -1.659921 0.163537 -1.161600
v -0.953754 0.110052 -0.455434
v -0.953359 0.124260 -0.455039
v -4.695783 0.303728 -4.288678
v -4.719218 0.223789 -4.269686
v -4.698004 0.223789 -4.290899
v -4.716980 0.304906 -4.309874
v -4.698004 0.223789 -4.290899
v -4.719201 0.224968 -4.312096
v -4.738193 0.304906 -4.288661
v -4.719201 0.224968 -4.312096
v -4.740415 0.224968 -4.290883
v -4.716996 0.303728 -4.267465
v -4.740415 0.224968 -4.290883
v -4.719218 0.223789 -4.269686
v -4.716980 0.304906 -4.309874
v -4.716996 0.303728 -4.267465
v -4.695783 0.303728 -4.288678
v -4.288677 0.303728 -4.695783
v -4.269686 0.223789 -4.719218
v -4.267464 0.303728 -4.716996
v -4.309874 0.304906 -4.716980
v -4.290899 0.223789 -4.698005
v -4.288677 0.303728 -4.695783
v -4.288661 0.304906 -4.738193
v -4.312096 0.224968 -4.719201
v -4.309874 0.304906 -4.716980
v -4.267464 0.303728 -4.716996
v -4.290883 0.224968 -4.740415
v -4.288661 0.304906 -4.738193
v -4.309874 0.304906 -4.716980
v -4.267464 0.303728 -4.716996
v -4.288661 0.304906 -4.738193
v -4.121715 0.276866 -4.786396
v -4.788062 0.216912 -4.123382
v -4.123381 0.216912 -4.788062
v -4.220634 0.282364 -4.885315
v -4.123381 0.216912 -4.788062
v -4.222300 0.222411 -4.886981
v -4.885314 0.282364 -4.220634
v -4.222300 0.222411 -4.886981
v -4.886981 0.222411 -4.222301
v -4.786396 0.276866 -4.121716
v -4.886981 0.222411 -4.222301
v -4.788062 0.216912 -4.123382
v -4.220634 0.282364 -4.885315
v -4.786396 0.276866 -4.121716
v -4.121715 0.276866 -4.786396
v -4.123381 0.216912 -4.788062
v -4.886981 0.222411 -4.222301
v -4.222300 0.222411 -4.886981
v -5.168977 0.345715 -4.718944
v -4.463258 0.276166 -4.013224
v -5.169819 0.315444 -4.719785
v -5.157271 0.315444 -4.732333
v -4.463258 0.276166 -4.013224
v -4.450710 0.276166 -4.025772
v -4.872423 0.313547 -4.465318
v -4.895858 0.233609 -4.446326
v -4.874644 0.233609 -4.467539
v -4.893620 0.314725 -4.486515
v -4.874644 0.233609 -4.467539
v -4.895841 0.234787 -4.488736
v -4.914833 0.314725 -4.465302
v -4.895841 0.234787 -4.488736
v -4.917055 0.234787 -4.467523
v -4.893636 0.313547 -4.444104
v -4.917055 0.234787 -4.467523
v -4.895858 0.233609 -4.446326
v -4.893620 0.314725 -4.486515
v -4.893636 0.313547 -4.444104
v -4.872423 0.313547 -4.465318
v -4.465317 0.313547 -4.872423
v -4.446326 0.233609 -4.895858
v -4.444104 0.313547 -4.893636
v -4.486514 0.314725 -4.893620
v -4.467539 0.233609 -4.874645
v -4.465317 0.313547 -4.872423
v -4.465301 0.314725 -4.914833
v -4.488736 0.234787 -4.895842
v -4.486514 0.314725 -4.893620
v -4.444104 0.313547 -4.893636
v -4.467523 0.234787 -4.917055
v -4.465301 0.314725 -4.914833
v -4.486514 0.314725 -4.893620
v -4.444104 0.313547 -4.893636
v -4.465301 0.314725 -4.914833
v -4.298356 0.286685 -4.963037
v -4.964702 0.226731 -4.300022
v -4.300022 0.226731 -4.964703
v -4.397274 0.292184 -5.061954
v -4.300022 0.226731 -4.964703
v -4.398941 0.232230 -5.063621
v -5.061955 0.292184 -4.397274
v -4.398941 0.232230 -5.063621
v -5.063621 0.232230 -4.398941
v -4.963036 0.286685 -4.298356
v -5.063621 0.232230 -4.398941
v -4.964702 0.226731 -4.300022
v -4.397274 0.292184 -5.061954
v -4.963036 0.286685 -4.298356
v -4.298356 0.286685 -4.963037
v -4.300022 0.226731 -4.964703
v -5.063621 0.232230 -4.398941
v -4.398941 0.232230 -5.063621
v -4.450710 0.276166 -4.025772
v -3.756697 0.236889 -3.306663
v -3.744149 0.236889 -3.319211
v -5.192726 0.359923 -4.694406
v -4.455209 0.320646 -4.018800
v -5.161770 0.359923 -4.725361
v -0.254896 0.041289 0.254895
v -0.960761 0.064306 -0.450970
v -0.254896 0.025803 0.254895
v -5.049063 0.323366 -4.641958
v -5.072498 0.243428 -4.622967
v -5.051285 0.243428 -4.644180
v -5.070260 0.324545 -4.663155
v -5.051285 0.243428 -4.644180
v -5.072482 0.244606 -4.665376
v -5.091473 0.324545 -4.641941
v -5.072482 0.244606 -4.665376
v -5.093695 0.244606 -4.644163
v -5.070276 0.323366 -4.620745
v -5.093695 0.244606 -4.644163
v -5.072498 0.243428 -4.622967
v -5.070260 0.324545 -4.663155
v -5.070276 0.323366 -4.620745
v -5.049063 0.323366 -4.641958
v -4.641958 0.323366 -5.049064
v -4.622966 0.243428 -5.072499
v -4.620744 0.323366 -5.070277
v -4.663155 0.324545 -5.070260
v -4.644179 0.243428 -5.051285
v -4.641958 0.323366 -5.049064
v -4.641941 0.324545 -5.091473
v -4.665376 0.244606 -5.072482
v -4.663155 0.324545 -5.070260
v -4.620744 0.323366 -5.070277
v -4.644163 0.244606 -5.093695
v -4.641941 0.324545 -5.091473
v -4.663155 0.324545 -5.070260
v -4.620744 0.323366 -5.070277
v -4.641941 0.324545 -5.091473
v -4.474996 0.296504 -5.139676
v -5.141342 0.236551 -4.476662
v -4.476662 0.236551 -5.141343
v -4.573915 0.302003 -5.238595
v -4.476662 0.236551 -5.141343
v -4.575581 0.242049 -5.240262
v -5.238595 0.302003 -4.573915
v -4.575581 0.242049 -5.240262
v -5.240261 0.242049 -4.575581
v -5.139676 0.296504 -4.474996
v -5.240261 0.242049 -4.575581
v -5.141342 0.236551 -4.476662
v -4.573915 0.302003 -5.238595
v -5.139676 0.296504 -4.474996
v -4.474996 0.296504 -5.139676
v -4.476662 0.236551 -5.141343
v -5.240261 0.242049 -4.575581
v -4.575581 0.242049 -5.240262
v -2.373883 0.142860 -1.864092
v -1.624896 0.103583 -1.199957
v -1.667322 0.103583 -1.157531
v -4.455209 0.320646 -4.018800
v -5.162165 0.345715 -4.725756
v -5.161770 0.359923 -4.725361
v -5.225703 0.333186 -4.818598
v -5.249138 0.253247 -4.799607
v -5.227925 0.253247 -4.820820
v -5.246900 0.334364 -4.839795
v -5.227925 0.253247 -4.820820
v -5.249122 0.254426 -4.842017
v -5.268113 0.334364 -4.818582
v -5.249122 0.254426 -4.842017
v -5.270335 0.254426 -4.820804
v -5.246916 0.333186 -4.797385
v -5.270335 0.254426 -4.820804
v -5.249138 0.253247 -4.799607
v -5.246900 0.334364 -4.839795
v -5.246916 0.333186 -4.797385
v -5.225703 0.333186 -4.818598
v -4.818598 0.333186 -5.225704
v -4.799606 0.253247 -5.249139
v -4.797384 0.333186 -5.246917
v -4.839795 0.334364 -5.246901
v -4.820819 0.253247 -5.227925
v -4.818598 0.333186 -5.225704
v -4.818581 0.334364 -5.268114
v -4.842016 0.254426 -5.249122
v -4.839795 0.334364 -5.246901
v -4.797384 0.333186 -5.246917
v -4.820803 0.254426 -5.270336
v -4.818581 0.334364 -5.268114
v -4.839795 0.334364 -5.246901
v -4.797384 0.333186 -5.246917
v -4.818581 0.334364 -5.268114
v -4.651636 0.306324 -5.316317
v -5.317983 0.246370 -4.653303
v -4.653302 0.246370 -5.317983
v -4.750555 0.311822 -5.415236
v -4.653302 0.246370 -5.317983
v -4.752221 0.251869 -5.416902
v -5.415236 0.311822 -4.750556
v -4.752221 0.251869 -5.416902
v -5.416902 0.251869 -4.752222
v -5.316317 0.306324 -4.651637
v -5.416902 0.251869 -4.752222
v -5.317983 0.246370 -4.653303
v -4.750555 0.311822 -5.415236
v -5.316317 0.306324 -4.651637
v -4.651636 0.306324 -5.316317
v -4.653302 0.246370 -5.317983
v -5.416902 0.251869 -4.752222
v -4.752221 0.251869 -5.416902
v -3.067467 0.197612 -2.582771
v -2.373453 0.158334 -1.863662
v -2.360906 0.158334 -1.876210
v -5.402344 0.343005 -4.995239
v -5.425779 0.263067 -4.976247
v -5.404565 0.263067 -4.997460
v -5.423541 0.344183 -5.016435
v -5.404565 0.263067 -4.997460
v -5.425762 0.264245 -5.018657
v -5.444754 0.344183 -4.995222
v -5.425762 0.264245 -5.018657
v -5.446976 0.264245 -4.997444
v -5.423557 0.343005 -4.974026
v -5.446976 0.264245 -4.997444
v -5.425779 0.263067 -4.976247
v -5.423541 0.344183 -5.016435
v -5.423557 0.343005 -4.974026
v -5.402344 0.343005 -4.995239
v -4.995238 0.343005 -5.402344
v -4.976247 0.263067 -5.425779
v -4.974025 0.343005 -5.423557
v -5.016435 0.344183 -5.423541
v -4.997460 0.263067 -5.404566
v -4.995238 0.343005 -5.402344
v -4.995222 0.344183 -5.444754
v -5.018657 0.264245 -5.425762
v -5.016435 0.344183 -5.423541
v -4.974025 0.343005 -5.423557
v -4.997444 0.264245 -5.446976
v -4.995222 0.344183 -5.444754
v -5.016435 0.344183 -5.423541
v -4.974025 0.343005 -5.423557
v -4.995222 0.344183 -5.444754
v -4.828276 0.316143 -5.492957
v -5.494623 0.256189 -4.829943
v -4.829942 0.256189 -5.494623
v -4.927195 0.321642 -5.591876
v -4.829942 0.256189 -5.494623
v -4.928861 0.261688 -5.593542
v -5.591876 0.321642 -4.927196
v -4.928861 0.261688 -5.593542
v -5.593542 0.261688 -4.928862
v -5.492957 0.316143 -4.828277
v -5.593542 0.261688 -4.928862
v -5.494623 0.256189 -4.829943
v -4.927195 0.321642 -5.591876
v -5.492957 0.316143 -4.828277
v -4.828276 0.316143 -5.492957
v -4.829942 0.256189 -5.494623
v -5.593542 0.261688 -4.928862
v -4.928861 0.261688 -5.593542
v -5.578984 0.352824 -5.171879
v -5.602419 0.272886 -5.152887
v -5.581205 0.272886 -5.174100
v -5.600181 0.354003 -5.193076
v -5.581205 0.272886 -5.174100
v -5.602402 0.274064 -5.195297
v -5.621394 0.354003 -5.171863
v -5.602402 0.274064 -5.195297
v -5.623616 0.274064 -5.174084
v -5.600197 0.352824 -5.150665
v -5.623616 0.274064 -5.174084
v -5.602419 0.272886 -5.152887
v -5.600181 0.354003 -5.193076
v -5.600197 0.352824 -5.150665
v -5.578984 0.352824 -5.171879
v -5.171878 0.352824 -5.578984
v -5.152887 0.272886 -5.602419
v -5.150665 0.352824 -5.600197
v -5.193075 0.354003 -5.600181
v -5.174100 0.272886 -5.581206
v -5.171878 0.352824 -5.578984
v -5.171862 0.354003 -5.621394
v -5.195297 0.274064 -5.602403
v -5.193075 0.354003 -5.600181
v -5.150665 0.352824 -5.600197
v -5.174084 0.274064 -5.623616
v -5.171862 0.354003 -5.621394
v -5.193075 0.354003 -5.600181
v -5.150665 0.352824 -5.600197
v -5.171862 0.354003 -5.621394
v -5.004917 0.325962 -5.669598
v -5.671263 0.266008 -5.006583
v -5.006583 0.266008 -5.671264
v -5.103836 0.331461 -5.768517
v -5.006583 0.266008 -5.671264
v -5.105502 0.271507 -5.770183
v -5.768516 0.331461 -5.103836
v -5.105502 0.271507 -5.770183
v -5.770182 0.271507 -5.105502
v -5.669597 0.325962 -5.004917
v -5.770182 0.271507 -5.105502
v -5.671263 0.266008 -5.006583
v -5.103836 0.331461 -5.768517
v -5.669597 0.325962 -5.004917
v -5.004917 0.325962 -5.669598
v -5.006583 0.266008 -5.671264
v -5.770182 0.271507 -5.105502
v -5.105502 0.271507 -5.770183
v -6.570394 0.393998 -6.145455
v -5.876380 0.354721 -5.426346
v -5.863832 0.354721 -5.438894
v -1.667322 0.103583 -1.157531
v -2.373453 0.158334 -1.863662
v -2.373883 0.142860 -1.864092
v -5.755624 0.362644 -5.348519
v -5.779059 0.282705 -5.329528
v -5.757846 0.282705 -5.350741
v -5.776821 0.363822 -5.369716
v -5.757846 0.282705 -5.350741
v -5.779043 0.283884 -5.371938
v -5.798034 0.363822 -5.348503
v -5.779043 0.283884 -5.371938
v -5.800256 0.283884 -5.350725
v -5.776837 0.362644 -5.327306
v -5.800256 0.283884 -5.350725
v -5.779059 0.282705 -5.329528
v -5.776821 0.363822 -5.369716
v -5.776837 0.362644 -5.327306
v -5.755624 0.362644 -5.348519
v -5.348519 0.362644 -5.755625
v -5.329527 0.282705 -5.779060
v -5.327305 0.362644 -5.776838
v -5.369716 0.363822 -5.776822
v -5.350740 0.282705 -5.757846
v -5.348519 0.362644 -5.755625
v -5.348502 0.363822 -5.798035
v -5.371937 0.283884 -5.779043
v -5.369716 0.363822 -5.776822
v -5.327305 0.362644 -5.776838
v -5.350724 0.283884 -5.800257
v -5.348502 0.363822 -5.798035
v -5.369716 0.363822 -5.776822
v -5.327305 0.362644 -5.776838
v -5.348502 0.363822 -5.798035
v -5.181557 0.335781 -5.846237
v -5.847903 0.275828 -5.183223
v -5.183223 0.275828 -5.847904
v -5.280476 0.341280 -5.945156
v -5.183223 0.275828 -5.847904
v -5.282142 0.281327 -5.946823
v -5.945156 0.341280 -5.280476
v -5.282142 0.281327 -5.946823
v -5.946822 0.281327 -5.282142
v -5.846237 0.335781 -5.181557
v -5.946822 0.281327 -5.282142
v -5.847903 0.275828 -5.183223
v -5.280476 0.341280 -5.945156
v -5.846237 0.335781 -5.181557
v -5.181557 0.335781 -5.846237
v -5.183223 0.275828 -5.847904
v -5.946822 0.281327 -5.282142
v -5.282142 0.281327 -5.946823
v -5.932264 0.372463 -5.525159
v -5.955699 0.292525 -5.506168
v -5.934486 0.292525 -5.527381
v -5.953462 0.373641 -5.546357
v -5.934486 0.292525 -5.527381
v -5.955683 0.293703 -5.548578
v -5.974675 0.373641 -5.525144
v -5.955683 0.293703 -5.548578
v -5.976897 0.293703 -5.527365
v -5.953477 0.372463 -5.503946
v -5.976897 0.293703 -5.527365
v -5.955699 0.292525 -5.506168
v -5.953462 0.373641 -5.546357
v -5.953477 0.372463 -5.503946
v -5.932264 0.372463 -5.525159
v -5.525159 0.372463 -5.932265
v -5.506167 0.292525 -5.955700
v -5.503945 0.372463 -5.953478
v -5.546356 0.373641 -5.953462
v -5.527380 0.292525 -5.934486
v -5.525159 0.372463 -5.932265
v -5.525143 0.373641 -5.974675
v -5.548578 0.293703 -5.955684
v -5.546356 0.373641 -5.953462
v -5.503945 0.372463 -5.953478
v -5.527365 0.293703 -5.976897
v -5.525143 0.373641 -5.974675
v -5.546356 0.373641 -5.953462
v -5.503945 0.372463 -5.953478
v -5.525143 0.373641 -5.974675
v -5.358198 0.345601 -6.022879
v -6.024544 0.285647 -5.359864
v -5.359864 0.285647 -6.024545
v -5.457116 0.351100 -6.121797
v -5.359864 0.285647 -6.024545
v -5.458782 0.291146 -6.123463
v -6.121796 0.351100 -5.457116
v -5.458782 0.291146 -6.123463
v -6.123462 0.291146 -5.458782
v -6.022878 0.345601 -5.358198
v -6.123462 0.291146 -5.458782
v -6.024544 0.285647 -5.359864
v -5.457116 0.351100 -6.121797
v -6.022878 0.345601 -5.358198
v -5.358198 0.345601 -6.022879
v -5.359864 0.285647 -6.024545
v -6.123462 0.291146 -5.458782
v -5.458782 0.291146 -6.123463
v -6.108904 0.382282 -5.701799
v -6.132339 0.302344 -5.682808
v -6.111126 0.302344 -5.704021
v -6.130102 0.383461 -5.722997
v -6.111126 0.302344 -5.704021
v -6.132323 0.303522 -5.725218
v -6.151315 0.383461 -5.701783
v -6.132323 0.303522 -5.725218
v -6.153537 0.303522 -5.704005
v -6.130117 0.382282 -5.680586
v -6.153537 0.303522 -5.704005
v -6.132339 0.302344 -5.682808
v -6.130102 0.383461 -5.722997
v -6.130117 0.382282 -5.680586
v -6.108904 0.382282 -5.701799
v -5.701799 0.382282 -6.108905
v -5.682807 0.302344 -6.132340
v -5.680585 0.382282 -6.130118
v -5.722996 0.383461 -6.130102
v -5.704021 0.302344 -6.111126
v -5.701799 0.382282 -6.108905
v -5.701783 0.383461 -6.151315
v -5.725218 0.303522 -6.132324
v -5.722996 0.383461 -6.130102
v -5.680585 0.382282 -6.130118
v -5.704005 0.303522 -6.153537
v -5.701783 0.383461 -6.151315
v -5.722996 0.383461 -6.130102
v -5.680585 0.382282 -6.130118
v -5.701783 0.383461 -6.151315
v -5.534838 0.355420 -6.199518
v -6.201184 0.295466 -5.536504
v -5.536504 0.295466 -6.201185
v -5.633756 0.360919 -6.298436
v -5.536504 0.295466 -6.201185
v -5.635422 0.300965 -6.300103
v -6.298436 0.360919 -5.633756
v -5.635422 0.300965 -6.300103
v -6.300102 0.300965 -5.635422
v -6.199518 0.355420 -5.534838
v -6.300102 0.300965 -5.635422
v -6.201184 0.295466 -5.536504
v -5.633756 0.360919 -6.298436
v -6.199518 0.355420 -5.534838
v -5.534838 0.355420 -6.199518
v -5.536504 0.295466 -6.201185
v -6.300102 0.300965 -5.635422
v -5.635422 0.300965 -6.300103
v -6.574893 0.438478 -6.138484
v -5.899287 0.399200 -5.400967
v -5.868331 0.399200 -5.431922
v -5.875538 0.384992 -5.425505
v -6.582941 0.393998 -6.132907
v -6.582099 0.424270 -6.132066
v -6.599431 0.424270 -6.114735
v -5.893711 0.354721 -5.409015
v -5.892870 0.384992 -5.408174
v -6.285545 0.392102 -5.878440
v -6.308980 0.312163 -5.859448
v -6.287766 0.312163 -5.880661
v -6.306742 0.393280 -5.899637
v -6.287766 0.312163 -5.880661
v -6.308964 0.313342 -5.901859
v -6.327955 0.393280 -5.878424
v -6.308964 0.313342 -5.901859
v -6.330177 0.313342 -5.880646
v -6.306758 0.392102 -5.857226
v -6.330177 0.313342 -5.880646
v -6.308980 0.312163 -5.859448
v -6.306742 0.393280 -5.899637
v -6.306758 0.392102 -5.857226
v -6.285545 0.392102 -5.878440
v -5.878439 0.392102 -6.285545
v -5.859448 0.312163 -6.308980
v -5.857226 0.392102 -6.306758
v -5.899637 0.393280 -6.306743
v -5.880661 0.312163 -6.287767
v -5.878439 0.392102 -6.285545
v -5.878423 0.393280 -6.327956
v -5.901858 0.313342 -6.308964
v -5.899637 0.393280 -6.306743
v -5.857226 0.392102 -6.306758
v -5.880645 0.313342 -6.330178
v -5.878423 0.393280 -6.327956
v -5.899637 0.393280 -6.306743
v -5.857226 0.392102 -6.306758
v -5.878423 0.393280 -6.327956
v -5.711478 0.365239 -6.376159
v -6.377825 0.305286 -5.713145
v -5.713144 0.305286 -6.377825
v -5.810396 0.370738 -6.475077
v -5.713144 0.305286 -6.377825
v -5.812062 0.310785 -6.476743
v -6.475077 0.370738 -5.810397
v -5.812062 0.310785 -6.476743
v -6.476743 0.310785 -5.812063
v -6.376159 0.365239 -5.711479
v -6.476743 0.310785 -5.812063
v -6.377825 0.305286 -5.713145
v -5.810396 0.370738 -6.475077
v -6.376159 0.365239 -5.711479
v -5.711478 0.365239 -6.376159
v -5.713144 0.305286 -6.377825
v -6.476743 0.310785 -5.812063
v -5.812062 0.310785 -6.476743
v -7.983946 0.457078 -7.559008
v -7.276955 0.433275 -6.852016
v -7.277385 0.417800 -6.852447
v -4.486560 0.306438 -3.988240
v -3.773186 0.267161 -3.288490
v -3.779999 0.267161 -3.281678
v -6.570824 0.378524 -6.145885
v -5.863832 0.354721 -5.438894
v -5.864263 0.339247 -5.439324
v -6.462185 0.401921 -6.055080
v -6.485620 0.321983 -6.036088
v -6.464406 0.321983 -6.057302
v -6.483382 0.403099 -6.076277
v -6.464406 0.321983 -6.057302
v -6.485604 0.323161 -6.078499
v -6.504595 0.403099 -6.055064
v -6.485604 0.323161 -6.078499
v -6.506817 0.323161 -6.057286
v -6.483398 0.401921 -6.033867
v -6.506817 0.323161 -6.057286
v -6.485620 0.321983 -6.036088
v -6.483382 0.403099 -6.076277
v -6.483398 0.401921 -6.033867
v -6.462185 0.401921 -6.055080
v -6.055079 0.401921 -6.462185
v -6.036088 0.321983 -6.485620
v -6.033866 0.401921 -6.483398
v -6.076277 0.403099 -6.483383
v -6.057301 0.321983 -6.464407
v -6.055079 0.401921 -6.462185
v -6.055063 0.403099 -6.504596
v -6.078498 0.323161 -6.485604
v -6.076277 0.403099 -6.483383
v -6.033866 0.401921 -6.483398
v -6.057285 0.323161 -6.506818
v -6.055063 0.403099 -6.504596
v -6.076277 0.403099 -6.483383
v -6.033866 0.401921 -6.483398
v -6.055063 0.403099 -6.504596
v -5.888118 0.375059 -6.552799
v -6.554465 0.315105 -5.889785
v -5.889784 0.315104 -6.554465
v -5.987036 0.380558 -6.651717
v -5.889784 0.315104 -6.554465
v -5.988702 0.320603 -6.653384
v -6.651717 0.380558 -5.987037
v -5.988702 0.320603 -6.653384
v -6.653383 0.320604 -5.988703
v -6.552799 0.375059 -5.888119
v -6.653383 0.320604 -5.988703
v -6.554465 0.315105 -5.889785
v -5.987036 0.380558 -6.651717
v -6.552799 0.375059 -5.888119
v -5.888118 0.375059 -6.552799
v -5.889784 0.315104 -6.554465
v -6.653383 0.320604 -5.988703
v -5.988702 0.320603 -6.653384
v -7.288661 0.463546 -6.838627
v -6.575287 0.424270 -6.138878
v -6.582099 0.424270 -6.132066
v -3.049294 0.227883 -2.599261
v -2.343575 0.158334 -1.893541
v -3.050136 0.197612 -2.600102
v -5.868726 0.384992 -5.432317
v -6.574893 0.438478 -6.138484
v -5.868331 0.399200 -5.431922
v -6.638825 0.411740 -6.231720
v -6.662261 0.331802 -6.212729
v -6.641047 0.331802 -6.233942
v -6.660023 0.412919 -6.252918
v -6.641047 0.331802 -6.233942
v -6.662244 0.332980 -6.255139
v -6.681236 0.412919 -6.231705
v -6.662244 0.332980 -6.255139
v -6.683458 0.332980 -6.233926
v -6.660038 0.411740 -6.210507
v -6.683458 0.332980 -6.233926
v -6.662261 0.331802 -6.212729
v -6.660023 0.412919 -6.252918
v -6.660038 0.411740 -6.210507
v -6.638825 0.411740 -6.231720
v -6.231720 0.411739 -6.638826
v -6.212729 0.331802 -6.662261
v -6.210506 0.411739 -6.660039
v -6.252917 0.412919 -6.660023
v -6.233942 0.331802 -6.641047
v -6.231720 0.411739 -6.638826
v -6.231704 0.412919 -6.681236
v -6.255139 0.332980 -6.662245
v -6.252917 0.412919 -6.660023
v -6.210506 0.411739 -6.660039
v -6.233926 0.332980 -6.683458
v -6.231704 0.412919 -6.681236
v -6.252917 0.412919 -6.660023
v -6.210506 0.411739 -6.660039
v -6.231704 0.412919 -6.681236
v -6.064759 0.384878 -6.729440
v -6.731105 0.324924 -6.066425
v -6.066425 0.324923 -6.731106
v -6.163677 0.390377 -6.828358
v -6.066425 0.324923 -6.731106
v -6.165343 0.330422 -6.830024
v -6.828357 0.390377 -6.163677
v -6.165343 0.330422 -6.830024
v -6.830023 0.330423 -6.165343
v -6.729439 0.384878 -6.064759
v -6.830023 0.330423 -6.165343
v -6.731105 0.324924 -6.066425
v -6.163677 0.390377 -6.828358
v -6.729439 0.384878 -6.064759
v -6.064759 0.384878 -6.729440
v -6.066425 0.324923 -6.731106
v -6.830023 0.330423 -6.165343
v -6.165343 0.330422 -6.830024
v -5.863832 0.354721 -5.438894
v -5.169819 0.315444 -4.719785
v -5.157271 0.315444 -4.732333
v -3.779604 0.281369 -3.281283
v -3.073438 0.227883 -2.575117
v -3.073043 0.242091 -2.574722
v -6.815465 0.421560 -6.408360
v -6.838901 0.341621 -6.389369
v -6.817687 0.341621 -6.410582
v -6.836663 0.422738 -6.429558
v -6.817687 0.341621 -6.410582
v -6.838884 0.342800 -6.431779
v -6.857876 0.422738 -6.408344
v -6.838884 0.342800 -6.431779
v -6.860098 0.342800 -6.410566
v -6.836679 0.421560 -6.387147
v -6.860098 0.342800 -6.410566
v -6.838901 0.341621 -6.389369
v -6.836663 0.422738 -6.429558
v -6.836679 0.421560 -6.387147
v -6.815465 0.421560 -6.408360
v -6.408360 0.421559 -6.815466
v -6.389369 0.341621 -6.838901
v -6.387146 0.421559 -6.836679
v -6.429557 0.422737 -6.836663
v -6.410582 0.341621 -6.817688
v -6.408360 0.421559 -6.815466
v -6.408344 0.422737 -6.857876
v -6.431779 0.342799 -6.838885
v -6.429557 0.422737 -6.836663
v -6.387146 0.421559 -6.836679
v -6.410566 0.342799 -6.860098
v -6.408344 0.422737 -6.857876
v -6.429557 0.422737 -6.836663
v -6.387146 0.421559 -6.836679
v -6.408344 0.422737 -6.857876
v -6.241399 0.394697 -6.906079
v -6.907745 0.334744 -6.243065
v -6.243065 0.334743 -6.907746
v -6.340317 0.400195 -7.004998
v -6.243065 0.334743 -6.907746
v -6.341983 0.340241 -7.006664
v -7.004997 0.400196 -6.340318
v -6.341983 0.340241 -7.006664
v -7.006663 0.340242 -6.341984
v -6.906079 0.394697 -6.241399
v -7.006663 0.340242 -6.341984
v -6.907745 0.334744 -6.243065
v -6.340317 0.400195 -7.004998
v -6.906079 0.394697 -6.241399
v -6.241399 0.394697 -6.906079
v -6.243065 0.334743 -6.907746
v -7.006663 0.340242 -6.341984
v -6.341983 0.340241 -7.006664
v -7.281454 0.477755 -6.845045
v -6.605848 0.438478 -6.107528
v -6.574893 0.438478 -6.138484
v -6.582941 0.393998 -6.132907
v -7.288661 0.463546 -6.838627
v -6.582099 0.424270 -6.132066
v -7.276955 0.433275 -6.852016
v -6.582941 0.393998 -6.132907
v -6.570394 0.393998 -6.145455
v -7.305992 0.463546 -6.821296
v -6.600272 0.393998 -6.115576
v -6.599431 0.424270 -6.114735
v -6.992106 0.431378 -6.585001
v -7.015541 0.351440 -6.566010
v -6.994328 0.351440 -6.587223
v -7.013303 0.432556 -6.606198
v -6.994328 0.351440 -6.587223
v -7.015525 0.352618 -6.608420
v -7.034516 0.432556 -6.584985
v -7.015525 0.352618 -6.608420
v -7.036738 0.352618 -6.587207
v -7.013319 0.431378 -6.563787
v -7.036738 0.352618 -6.587207
v -7.015541 0.351440 -6.566010
v -7.013303 0.432556 -6.606198
v -7.013319 0.431378 -6.563787
v -6.992106 0.431378 -6.585001
v -6.585001 0.431378 -6.992106
v -6.566009 0.351440 -7.015542
v -6.563787 0.431378 -7.013319
v -6.606198 0.432556 -7.013304
v -6.587222 0.351440 -6.994328
v -6.585001 0.431378 -6.992106
v -6.584984 0.432556 -7.034517
v -6.608419 0.352618 -7.015525
v -6.606198 0.432556 -7.013304
v -6.563787 0.431378 -7.013319
v -6.587206 0.352618 -7.036739
v -6.584984 0.432556 -7.034517
v -6.606198 0.432556 -7.013304
v -6.563787 0.431378 -7.013319
v -6.584984 0.432556 -7.034517
v -6.418039 0.404516 -7.082720
v -7.084386 0.344563 -6.419706
v -6.419705 0.344562 -7.084386
v -6.516957 0.410015 -7.181638
v -6.419705 0.344562 -7.084386
v -6.518623 0.350061 -7.183304
v -7.181638 0.410015 -6.516958
v -6.518623 0.350061 -7.183304
v -7.183304 0.350062 -6.518624
v -7.082720 0.404517 -6.418040
v -7.183304 0.350062 -6.518624
v -7.084386 0.344563 -6.419706
v -6.516957 0.410015 -7.181638
v -7.082720 0.404517 -6.418040
v -6.418039 0.404516 -7.082720
v -6.419705 0.344562 -7.084386
v -7.183304 0.350062 -6.518624
v -6.518623 0.350061 -7.183304
v -6.612820 0.393998 -6.103029
v -7.319811 0.417800 -6.810020
v -6.613250 0.378524 -6.103459
v -7.319811 0.417800 -6.810020
v -6.570824 0.378524 -6.145885
v -6.613250 0.378524 -6.103459
v -7.168746 0.441197 -6.761641
v -7.192181 0.361259 -6.742650
v -7.170968 0.361259 -6.763863
v -7.189943 0.442376 -6.782838
v -7.170968 0.361259 -6.763863
v -7.192165 0.362437 -6.785060
v -7.211156 0.442376 -6.761625
v -7.192165 0.362437 -6.785060
v -7.213378 0.362437 -6.763847
v -7.189959 0.441197 -6.740428
v -7.213378 0.362437 -6.763847
v -7.192181 0.361259 -6.742650
v -7.189943 0.442376 -6.782838
v -7.189959 0.441197 -6.740428
v -7.168746 0.441197 -6.761641
v -6.761641 0.441197 -7.168746
v -6.742649 0.361259 -7.192182
v -6.740427 0.441197 -7.189960
v -6.782838 0.442376 -7.189944
v -6.763862 0.361259 -7.170968
v -6.761641 0.441197 -7.168746
v -6.761624 0.442376 -7.211157
v -6.785059 0.362437 -7.192165
v -6.782838 0.442376 -7.189944
v -6.740427 0.441197 -7.189960
v -6.763846 0.362437 -7.213379
v -6.761624 0.442376 -7.211157
v -6.782838 0.442376 -7.189944
v -6.740427 0.441197 -7.189960
v -6.761624 0.442376 -7.211157
v -6.594679 0.414335 -7.259360
v -7.261026 0.354382 -6.596346
v -6.596345 0.354381 -7.261026
v -6.693597 0.419834 -7.358278
v -6.596345 0.354381 -7.261026
v -6.695263 0.359880 -7.359945
v -7.358278 0.419834 -6.693598
v -6.695263 0.359880 -7.359945
v -7.359944 0.359881 -6.695264
v -7.259360 0.414335 -6.594680
v -7.359944 0.359881 -6.695264
v -7.261026 0.354382 -6.596346
v -6.693597 0.419834 -7.358278
v -7.259360 0.414335 -6.594680
v -6.594679 0.414335 -7.259360
v -6.596345 0.354381 -7.261026
v -7.359944 0.359881 -6.695264
v -6.695263 0.359880 -7.359945
v -3.756697 0.236889 -3.306663
v -3.037588 0.197612 -2.612649
v -3.744149 0.236889 -3.319211
v -7.281454 0.477755 -6.845045
v -6.575287 0.424270 -6.138878
v -7.281848 0.463546 -6.845439
v -4.486165 0.320646 -3.987844
v -3.779999 0.267161 -3.281678
v -3.779604 0.281369 -3.281283
v -2.366482 0.202814 -1.868161
v -1.660315 0.149329 -1.161995
v -1.659921 0.163537 -1.161600
v -7.345387 0.451016 -6.938282
v -7.368822 0.371078 -6.919290
v -7.347608 0.371078 -6.940503
v -7.366584 0.452195 -6.959479
v -7.347608 0.371078 -6.940503
v -7.368805 0.372257 -6.961700
v -7.387797 0.452195 -6.938266
v -7.368805 0.372257 -6.961700
v -7.390019 0.372257 -6.940487
v -7.366600 0.451016 -6.917068
v -7.390019 0.372257 -6.940487
v -7.368822 0.371078 -6.919290
v -7.366584 0.452195 -6.959479
v -7.366600 0.451016 -6.917068
v -7.345387 0.451016 -6.938282
v -6.938281 0.451016 -7.345387
v -6.919290 0.371078 -7.368822
v -6.917068 0.451016 -7.366600
v -6.959478 0.452195 -7.366584
v -6.940503 0.371078 -7.347609
v -6.938281 0.451016 -7.345387
v -6.938265 0.452195 -7.387797
v -6.961700 0.372257 -7.368806
v -6.959478 0.452195 -7.366584
v -6.917068 0.451016 -7.366600
v -6.940487 0.372257 -7.390019
v -6.938265 0.452195 -7.387797
v -6.959478 0.452195 -7.366584
v -6.917068 0.451016 -7.366600
v -6.938265 0.452195 -7.387797
v -6.771320 0.424154 -7.436001
v -7.437666 0.364201 -6.772986
v -6.772986 0.364201 -7.437667
v -6.870238 0.429653 -7.534919
v -6.772986 0.364201 -7.437667
v -6.871904 0.369699 -7.536585
v -7.534918 0.429653 -6.870238
v -6.871904 0.369699 -7.536585
v -7.536584 0.369700 -6.871904
v -7.436000 0.424154 -6.771320
v -7.536584 0.369700 -6.871904
v -7.437666 0.364201 -6.772986
v -6.870238 0.429653 -7.534919
v -7.436000 0.424154 -6.771320
v -6.771320 0.424154 -7.436001
v -6.772986 0.364201 -7.437667
v -7.536584 0.369700 -6.871904
v -6.871904 0.369699 -7.536585
v -6.575287 0.424270 -6.138878
v -5.875538 0.384992 -5.425505
v -6.582099 0.424270 -6.132066
v -7.995222 0.502823 -7.545188
v -7.289502 0.433275 -6.839468
v -7.996063 0.472552 -7.546030
v -7.522027 0.460836 -7.114922
v -7.545462 0.380898 -7.095931
v -7.524248 0.380898 -7.117144
v -7.543224 0.462014 -7.136119
v -7.524248 0.380898 -7.117144
v -7.545445 0.382076 -7.138341
v -7.564437 0.462014 -7.114906
v -7.545445 0.382076 -7.138341
v -7.566659 0.382076 -7.117128
v -7.543240 0.460836 -7.093709
v -7.566659 0.382076 -7.117128
v -7.545462 0.380898 -7.095931
v -7.543224 0.462014 -7.136119
v -7.543240 0.460836 -7.093709
v -7.522027 0.460836 -7.114922
v -7.114921 0.460836 -7.522027
v -7.095930 0.380898 -7.545463
v -7.093708 0.460836 -7.543241
v -7.136118 0.462014 -7.543225
v -7.117143 0.380898 -7.524249
v -7.114921 0.460836 -7.522027
v -7.114905 0.462014 -7.564438
v -7.138340 0.382076 -7.545446
v -7.136118 0.462014 -7.543225
v -7.093708 0.460836 -7.543241
v -7.117127 0.382076 -7.566660
v -7.114905 0.462014 -7.564438
v -7.136118 0.462014 -7.543225
v -7.093708 0.460836 -7.543241
v -7.114905 0.462014 -7.564438
v -6.947960 0.433974 -7.612640
v -7.614306 0.374020 -6.949626
v -6.949626 0.374020 -7.614307
v -7.046878 0.439472 -7.711559
v -6.949626 0.374020 -7.614307
v -7.048544 0.379519 -7.713225
v -7.711558 0.439472 -7.046879
v -7.048544 0.379519 -7.713225
v -7.713224 0.379519 -7.048545
v -7.612640 0.433974 -6.947960
v -7.713224 0.379519 -7.048545
v -7.614306 0.374020 -6.949626
v -7.046878 0.439472 -7.711559
v -7.612640 0.433974 -6.947960
v -6.947960 0.433974 -7.612640
v -6.949626 0.374020 -7.614307
v -7.713224 0.379519 -7.048545
v -7.048544 0.379519 -7.713225
v -8.018970 0.517031 -7.520650
v -7.281454 0.477755 -6.845045
v -7.988015 0.517031 -7.551606
v -8.026372 0.457078 -7.516581
v -7.277385 0.417800 -6.852447
v -7.319811 0.417800 -6.810020
v -2.342733 0.188606 -1.892699
v -1.629360 0.149329 -1.192950
v -1.636172 0.149329 -1.186138
v -7.698667 0.470655 -7.291562
v -7.722102 0.390717 -7.272571
v -7.700889 0.390717 -7.293784
v -7.719864 0.471833 -7.312759
v -7.700889 0.390717 -7.293784
v -7.722086 0.391895 -7.314981
v -7.741077 0.471833 -7.291546
v -7.722086 0.391895 -7.314981
v -7.743299 0.391895 -7.293768
v -7.719880 0.470655 -7.270349
v -7.743299 0.391895 -7.293768
v -7.722102 0.390717 -7.272571
v -7.719864 0.471833 -7.312759
v -7.719880 0.470655 -7.270349
v -7.698667 0.470655 -7.291562
v -7.291562 0.470655 -7.698668
v -7.272570 0.390717 -7.722103
v -7.270348 0.470655 -7.719881
v -7.312759 0.471833 -7.719865
v -7.293783 0.390717 -7.700889
v -7.291562 0.470655 -7.698668
v -7.291545 0.471833 -7.741078
v -7.314981 0.391895 -7.722086
v -7.312759 0.471833 -7.719865
v -7.270348 0.470655 -7.719881
v -7.293767 0.391895 -7.743300
v -7.291545 0.471833 -7.741078
v -7.312759 0.471833 -7.719865
v -7.270348 0.470655 -7.719881
v -7.291545 0.471833 -7.741078
v -7.124600 0.443793 -7.789281
v -7.790947 0.383839 -7.126267
v -7.126266 0.383839 -7.790947
v -7.223518 0.449292 -7.888199
v -7.126266 0.383839 -7.790947
v -7.225184 0.389338 -7.889865
v -7.888199 0.449292 -7.223519
v -7.225184 0.389338 -7.889865
v -7.889865 0.389338 -7.225185
v -7.789281 0.443793 -7.124601
v -7.889865 0.389338 -7.225185
v -7.790947 0.383839 -7.126267
v -7.223518 0.449292 -7.888199
v -7.789281 0.443793 -7.124601
v -7.124600 0.443793 -7.789281
v -7.126266 0.383839 -7.790947
v -7.889865 0.389338 -7.225185
v -7.225184 0.389338 -7.889865
v -7.983516 0.472552 -7.558578
v -7.289502 0.433275 -6.839468
v -7.276955 0.433275 -6.852016
v -8.702624 0.511829 -8.252591
v -7.983516 0.472552 -7.558578
v -8.690077 0.511829 -8.265139
v -8.025942 0.472552 -7.516151
v -7.306833 0.433275 -6.822137
v -8.013394 0.472552 -7.528698
v -8.012553 0.502823 -7.527857
v -7.306833 0.433275 -6.822137
v -7.305992 0.463546 -6.821296
v -7.875307 0.480474 -7.468203
v -7.898742 0.400536 -7.449211
v -7.877529 0.400536 -7.470424
v -7.896504 0.481653 -7.489400
v -7.877529 0.400536 -7.470424
v -7.898726 0.401715 -7.491621
v -7.917717 0.481653 -7.468186
v -7.898726 0.401715 -7.491621
v -7.919940 0.401715 -7.470408
v -7.896520 0.480474 -7.446989
v -7.919940 0.401715 -7.470408
v -7.898742 0.400536 -7.449211
v -7.896504 0.481653 -7.489400
v -7.896520 0.480474 -7.446989
v -7.875307 0.480474 -7.468203
v -7.468202 0.480474 -7.875308
v -7.449210 0.400536 -7.898743
v -7.446988 0.480474 -7.896521
v -7.489399 0.481653 -7.896505
v -7.470423 0.400536 -7.877530
v -7.468202 0.480474 -7.875308
v -7.468185 0.481653 -7.917718
v -7.491621 0.401715 -7.898727
v -7.489399 0.481653 -7.896505
v -7.446988 0.480474 -7.896521
v -7.470407 0.401715 -7.919940
v -7.468185 0.481653 -7.917718
v -7.489399 0.481653 -7.896505
v -7.446988 0.480474 -7.896521
v -7.468185 0.481653 -7.917718
v -7.301240 0.453612 -7.965921
v -7.967587 0.393659 -7.302907
v -7.302907 0.393659 -7.967587
v -7.400158 0.459111 -8.064839
v -7.302907 0.393659 -7.967587
v -7.401824 0.399157 -8.066506
v -8.064838 0.459111 -7.400159
v -7.401824 0.399157 -8.066506
v -8.066505 0.399157 -7.401825
v -7.965921 0.453612 -7.301241
v -8.066505 0.399157 -7.401825
v -7.967587 0.393659 -7.302907
v -7.400158 0.459111 -8.064839
v -7.965921 0.453612 -7.301241
v -7.301240 0.453612 -7.965921
v -7.302907 0.393659 -7.967587
v -8.066505 0.399157 -7.401825
v -7.401824 0.399157 -8.066506
v -7.995222 0.502823 -7.545188
v -7.281848 0.463546 -6.845439
v -7.288661 0.463546 -6.838627
v -8.019365 0.502823 -7.521045
v -7.312409 0.477755 -6.814089
v -8.018970 0.517031 -7.520650
v -8.732503 0.511829 -8.222713
v -8.013394 0.472552 -7.528698
v -8.719955 0.511829 -8.235260
v -8.051948 0.490294 -7.644843
v -8.075382 0.410355 -7.625851
v -8.054170 0.410355 -7.647064
v -8.073145 0.491472 -7.666040
v -8.054170 0.410355 -7.647064
v -8.075367 0.411534 -7.668262
v -8.094358 0.491472 -7.644827
v -8.075367 0.411534 -7.668262
v -8.096580 0.411534 -7.647048
v -8.073161 0.490294 -7.623630
v -8.096580 0.411534 -7.647048
v -8.075382 0.410355 -7.625851
v -8.073145 0.491472 -7.666040
v -8.073161 0.490294 -7.623630
v -8.051948 0.490294 -7.644843
v -7.644842 0.490294 -8.051948
v -7.625851 0.410355 -8.075383
v -7.623629 0.490294 -8.073161
v -7.666039 0.491472 -8.073145
v -7.647064 0.410355 -8.054170
v -7.644842 0.490294 -8.051948
v -7.644826 0.491472 -8.094358
v -7.668261 0.411534 -8.075367
v -7.666039 0.491472 -8.073145
v -7.623629 0.490294 -8.073161
v -7.647048 0.411534 -8.096581
v -7.644826 0.491472 -8.094358
v -7.666039 0.491472 -8.073145
v -7.623629 0.490294 -8.073161
v -7.644826 0.491472 -8.094358
v -7.477881 0.463432 -8.142562
v -8.144228 0.403478 -7.479548
v -7.479547 0.403478 -8.144228
v -7.576799 0.468930 -8.241480
v -7.479547 0.403478 -8.144228
v -7.578465 0.408977 -8.243146
v -8.241479 0.468930 -7.576799
v -7.578465 0.408977 -8.243146
v -8.243146 0.408977 -7.578465
v -8.142561 0.463432 -7.477881
v -8.243146 0.408977 -7.578465
v -8.144228 0.403478 -7.479548
v -7.576799 0.468930 -8.241480
v -8.142561 0.463432 -7.477881
v -7.477881 0.463432 -8.142562
v -7.479547 0.403478 -8.144228
v -8.243146 0.408977 -7.578465
v -7.578465 0.408977 -8.243146
v -1.624896 0.103583 -1.199957
v -0.960761 0.064306 -0.450970
v -1.667322 0.103583 -1.157531
v -8.701783 0.542101 -8.251750
v -7.996063 0.472552 -7.546030
v -8.702624 0.511829 -8.252591
v -8.719114 0.542101 -8.234419
v -8.013394 0.472552 -7.528698
v -8.012553 0.502823 -7.527857
v -2.366877 0.188606 -1.868556
v -1.653503 0.149329 -1.168807
v -1.660315 0.149329 -1.161995
v -8.228588 0.500113 -7.821483
v -8.252023 0.420175 -7.802491
v -8.230810 0.420175 -7.823704
v -8.249785 0.501291 -7.842680
v -8.230810 0.420175 -7.823704
v -8.252007 0.421353 -7.844902
v -8.270999 0.501291 -7.821466
v -8.252007 0.421353 -7.844902
v -8.273220 0.421353 -7.823689
v -8.249802 0.500113 -7.800269
v -8.273220 0.421353 -7.823689
v -8.252023 0.420175 -7.802491
v -8.249785 0.501291 -7.842680
v -8.249802 0.500113 -7.800269
v -8.228588 0.500113 -7.821483
v -7.821483 0.500113 -8.228588
v -7.802491 0.420175 -8.252023
v -7.800269 0.500113 -8.249802
v -7.842680 0.501291 -8.249785
v -7.823704 0.420175 -8.230810
v -7.821483 0.500113 -8.228588
v -7.821466 0.501291 -8.270999
v -7.844902 0.421353 -8.252007
v -7.842680 0.501291 -8.249785
v -7.800269 0.500113 -8.249802
v -7.823689 0.421353 -8.273220
v -7.821466 0.501291 -8.270999
v -7.842680 0.501291 -8.249785
v -7.800269 0.500113 -8.249802
v -7.821466 0.501291 -8.270999
v -7.654521 0.473251 -8.319201
v -8.320868 0.413297 -7.656188
v -7.656187 0.413297 -8.320868
v -7.753439 0.478750 -8.418119
v -7.656187 0.413297 -8.320868
v -7.755105 0.418796 -8.419786
v -8.418119 0.478750 -7.753439
v -7.755105 0.418796 -8.419786
v -8.419786 0.418796 -7.755105
v -8.319201 0.473251 -7.654521
v -8.419786 0.418796 -7.755105
v -8.320868 0.413297 -7.656188
v -7.753439 0.478750 -8.418119
v -8.319201 0.473251 -7.654521
v -7.654521 0.473251 -8.319201
v -7.656187 0.413297 -8.320868
v -8.419786 0.418796 -7.755105
v -7.755105 0.418796 -8.419786
v -8.405228 0.509932 -7.998123
v -8.428662 0.429994 -7.979132
v -8.407450 0.429994 -8.000345
v -8.426425 0.511111 -8.019320
v -8.407450 0.429994 -8.000345
v -8.428647 0.431172 -8.021543
v -8.447639 0.511111 -7.998107
v -8.428647 0.431172 -8.021543
v -8.449860 0.431172 -8.000329
v -8.426441 0.509932 -7.976910
v -8.449860 0.431172 -8.000329
v -8.428662 0.429994 -7.979132
v -8.426425 0.511111 -8.019320
v -8.426441 0.509932 -7.976910
v -8.405228 0.509932 -7.998123
v -7.998122 0.509932 -8.405229
v -7.979131 0.429994 -8.428663
v -7.976909 0.509932 -8.426442
v -8.019320 0.511111 -8.426426
v -8.000344 0.429994 -8.407451
v -7.998122 0.509932 -8.405229
v -7.998106 0.511111 -8.447639
v -8.021542 0.431172 -8.428648
v -8.019320 0.511111 -8.426426
v -7.976909 0.509932 -8.426442
v -8.000328 0.431172 -8.449861
v -7.998106 0.511111 -8.447639
v -8.019320 0.511111 -8.426426
v -7.976909 0.509932 -8.426442
v -7.998106 0.511111 -8.447639
v -7.831161 0.483070 -8.495842
v -8.497508 0.423117 -7.832828
v -7.832827 0.423117 -8.497509
v -7.930079 0.488569 -8.594760
v -7.832827 0.423117 -8.497509
v -7.931745 0.428615 -8.596427
v -8.594759 0.488569 -7.930080
v -7.931745 0.428615 -8.596427
v -8.596426 0.428615 -7.931746
v -8.495841 0.483070 -7.831162
v -8.596426 0.428615 -7.931746
v -8.497508 0.423117 -7.832828
v -7.930079 0.488569 -8.594760
v -8.495841 0.483070 -7.831162
v -7.831161 0.483070 -8.495842
v -7.832827 0.423117 -8.497509
v -8.596426 0.428615 -7.931746
v -7.931745 0.428615 -8.596427
v -8.694575 0.556309 -8.258167
v -8.018970 0.517031 -7.520650
v -7.988015 0.517031 -7.551606
v -8.581868 0.519752 -8.174764
v -8.605303 0.439813 -8.155772
v -8.584090 0.439813 -8.176986
v -8.603065 0.520930 -8.195961
v -8.584090 0.439813 -8.176986
v -8.605288 0.440992 -8.198183
v -8.624279 0.520930 -8.174747
v -8.605288 0.440992 -8.198183
v -8.626500 0.440992 -8.176970
v -8.603082 0.519752 -8.153550
v -8.626500 0.440992 -8.176970
v -8.605303 0.439813 -8.155772
v -8.603065 0.520930 -8.195961
v -8.603082 0.519752 -8.153550
v -8.581868 0.519752 -8.174764
v -8.174763 0.519752 -8.581869
v -8.155771 0.439813 -8.605304
v -8.153549 0.519752 -8.603083
v -8.195960 0.520930 -8.603066
v -8.176985 0.439813 -8.584091
v -8.174763 0.519752 -8.581869
v -8.174747 0.520930 -8.624280
v -8.198182 0.440992 -8.605289
v -8.195960 0.520930 -8.603066
v -8.153549 0.519752 -8.603083
v -8.176969 0.440992 -8.626501
v -8.174747 0.520930 -8.624280
v -8.195960 0.520930 -8.603066
v -8.153549 0.519752 -8.603083
v -8.174747 0.520930 -8.624280
v -8.007801 0.492890 -8.672482
v -8.674149 0.432936 -8.009469
v -8.009468 0.432936 -8.674150
v -8.106719 0.498388 -8.771400
v -8.009468 0.432936 -8.674150
v -8.108386 0.438435 -8.773067
v -8.771399 0.498388 -8.106720
v -8.108386 0.438435 -8.773067
v -8.773067 0.438435 -8.108387
v -8.672482 0.492890 -8.007802
v -8.773067 0.438435 -8.108387
v -8.674149 0.432936 -8.009469
v -8.106719 0.498388 -8.771400
v -8.672482 0.492890 -8.007802
v -8.007801 0.492890 -8.672482
v -8.009468 0.432936 -8.674150
v -8.773067 0.438435 -8.108387
v -8.108386 0.438435 -8.773067
v -8.758509 0.529571 -8.351404
v -8.781943 0.449633 -8.332413
v -8.760731 0.449633 -8.353626
v -8.779706 0.530749 -8.372602
v -8.760731 0.449633 -8.353626
v -8.781928 0.450811 -8.374824
v -8.800920 0.530749 -8.351388
v -8.781928 0.450811 -8.374824
v -8.803141 0.450811 -8.353610
v -8.779722 0.529571 -8.330191
v -8.803141 0.450811 -8.353610
v -8.781943 0.449633 -8.332413
v -8.779706 0.530749 -8.372602
v -8.779722 0.529571 -8.330191
v -8.758509 0.529571 -8.351404
v -8.351403 0.529571 -8.758510
v -8.332412 0.449633 -8.781944
v -8.330190 0.529571 -8.779723
v -8.372601 0.530749 -8.779707
v -8.353625 0.449633 -8.760732
v -8.351403 0.529571 -8.758510
v -8.351387 0.530749 -8.800920
v -8.374823 0.450811 -8.781929
v -8.372601 0.530749 -8.779707
v -8.330190 0.529571 -8.779723
v -8.353609 0.450811 -8.803142
v -8.351387 0.530749 -8.800920
v -8.372601 0.530749 -8.779707
v -8.330190 0.529571 -8.779723
v -8.351387 0.530749 -8.800920
v -8.184442 0.502709 -8.849123
v -8.850789 0.442755 -8.186110
v -8.186109 0.442755 -8.850790
v -8.283360 0.508208 -8.948041
v -8.186109 0.442755 -8.850790
v -8.285027 0.448254 -8.949708
v -8.948040 0.508208 -8.283360
v -8.285027 0.448254 -8.949708
v -8.949707 0.448254 -8.285028
v -8.849122 0.502709 -8.184443
v -8.949707 0.448254 -8.285028
v -8.850789 0.442755 -8.186110
v -8.283360 0.508208 -8.948041
v -8.849122 0.502709 -8.184443
v -8.184442 0.502709 -8.849123
v -8.186109 0.442755 -8.850790
v -8.949707 0.448254 -8.285028
v -8.285027 0.448254 -8.949708
v -9.241145 0.585417 -8.758855
v -8.694575 0.556309 -8.258167
v -9.218204 0.585417 -8.781796
v -8.935149 0.539390 -8.528044
v -8.958584 0.459452 -8.509052
v -8.937371 0.459452 -8.530266
v -8.956347 0.540569 -8.549241
v -8.937371 0.459452 -8.530266
v -8.958569 0.460630 -8.551463
v -8.977560 0.540569 -8.528028
v -8.958569 0.460630 -8.551463
v -8.979781 0.460630 -8.530250
v -8.956363 0.539390 -8.506830
v -8.979781 0.460630 -8.530250
v -8.958584 0.459452 -8.509052
v -8.956347 0.540569 -8.549241
v -8.956363 0.539390 -8.506830
v -8.935149 0.539390 -8.528044
v -8.528044 0.539390 -8.935149
v -8.509052 0.459452 -8.958584
v -8.506830 0.539390 -8.956363
v -8.549241 0.540569 -8.956347
v -8.530266 0.459452 -8.937371
v -8.528044 0.539390 -8.935149
v -8.528028 0.540569 -8.977560
v -8.551463 0.460630 -8.958569
v -8.549241 0.540569 -8.956347
v -8.506830 0.539390 -8.956363
v -8.530250 0.460630 -8.979781
v -8.528028 0.540569 -8.977560
v -8.549241 0.540569 -8.956347
v -8.506830 0.539390 -8.956363
v -8.528028 0.540569 -8.977560
v -8.361082 0.512528 -9.025763
v -9.027430 0.452574 -8.362749
v -8.362749 0.452574 -9.027430
v -8.460000 0.518027 -9.124681
v -8.362749 0.452574 -9.027430
v -8.461667 0.458073 -9.126348
v -9.124681 0.518027 -8.460000
v -8.461667 0.458073 -9.126348
v -9.126348 0.458073 -8.461667
v -9.025763 0.512528 -8.361082
v -9.126348 0.458073 -8.461667
v -9.027430 0.452574 -8.362749
v -8.460000 0.518027 -9.124681
v -9.025763 0.512528 -8.361082
v -8.361082 0.512528 -9.025763
v -8.362749 0.452574 -9.027430
v -9.126348 0.458073 -8.461667
v -8.461667 0.458073 -9.126348
v -8.702624 0.511829 -8.252591
v -9.225017 0.563311 -8.774983
v -9.225017 0.571187 -8.774983
v -8.701783 0.542101 -8.251750
v -8.719114 0.542101 -8.234419
v -9.242348 0.548762 -8.757652
v -9.242348 0.540869 -8.757652
v -8.719955 0.511829 -8.235260
v -9.111789 0.549210 -8.704684
v -9.135223 0.469271 -8.685693
v -9.114011 0.469271 -8.706906
v -9.132986 0.550388 -8.725882
v -9.114011 0.469271 -8.706906
v -9.135208 0.470450 -8.728104
v -9.154200 0.550388 -8.704668
v -9.135208 0.470450 -8.728104
v -9.156421 0.470450 -8.706890
v -9.133002 0.549210 -8.683471
v -9.156421 0.470450 -8.706890
v -9.135223 0.469271 -8.685693
v -9.132986 0.550388 -8.725882
v -9.133002 0.549210 -8.683471
v -9.111789 0.549210 -8.704684
v -8.704683 0.549210 -9.111790
v -8.685692 0.469271 -9.135224
v -8.683470 0.549210 -9.133003
v -8.725881 0.550388 -9.132987
v -8.706905 0.469271 -9.114012
v -8.704683 0.549210 -9.111790
v -8.704667 0.550388 -9.154201
v -8.728103 0.470450 -9.135209
v -8.725881 0.550388 -9.132987
v -8.683470 0.549210 -9.133003
v -8.706889 0.470450 -9.156422
v -8.704667 0.550388 -9.154201
v -8.725881 0.550388 -9.132987
v -8.683470 0.549210 -9.133003
v -8.704667 0.550388 -9.154201
v -8.537722 0.522348 -9.202403
v -9.204069 0.462394 -8.539390
v -8.539389 0.462394 -9.204070
v -8.636640 0.527846 -9.301321
v -8.539389 0.462394 -9.204070
v -8.638307 0.467893 -9.302988
v -9.301320 0.527846 -8.636641
v -8.638307 0.467893 -9.302988
v -9.302987 0.467893 -8.638308
v -9.202402 0.522348 -8.537723
v -9.302987 0.467893 -8.638308
v -9.204069 0.462394 -8.539390
v -8.636640 0.527846 -9.301321
v -9.202402 0.522348 -8.537723
v -8.537722 0.522348 -9.202403
v -8.539389 0.462394 -9.204070
v -9.302987 0.467893 -8.638308
v -8.638307 0.467893 -9.302988
v -8.732503 0.511829 -8.222713
v -9.254895 0.529417 -8.745105
v -9.254895 0.525371 -8.745105
v -8.732933 0.496355 -8.223143
v -0.918335 0.064306 -0.493396
v -0.212470 0.041289 0.212469
v -0.212470 0.025803 0.212469
v -0.960761 0.064306 -0.450970
v -1.666892 0.119057 -1.157101
v -1.667322 0.103583 -1.157531
v -2.360064 0.188606 -1.875368
v -1.654345 0.119057 -1.169648
v -1.653503 0.149329 -1.168807
v -2.360906 0.158334 -1.876210
v -1.666892 0.119057 -1.157101
v -1.654345 0.119057 -1.169648
v -8.690077 0.511829 -8.265139
v -7.983946 0.457078 -7.559008
v -8.690507 0.496355 -8.265569
v -2.373453 0.158334 -1.863662
v -3.080444 0.182138 -2.570653
v -2.373883 0.142860 -1.864092
v -7.312804 0.463546 -6.814484
v -6.599431 0.424270 -6.114735
v -6.606243 0.424270 -6.107923
v -9.249160 0.585417 -8.750840
v -9.249160 0.581731 -8.750840
v -8.725926 0.542101 -8.227607
v -8.725532 0.556309 -8.227212
v -3.755855 0.267161 -3.305822
v -3.042482 0.227883 -2.606073
v -3.049294 0.227883 -2.599261
v -9.218204 0.585417 -8.781796
v -8.694575 0.556309 -8.258167
v -9.218204 0.574878 -8.781796
v -9.225017 0.571187 -8.774983
v -9.223248 0.571187 -8.776752
v -8.694970 0.542101 -8.258562
v -8.701783 0.542101 -8.251750
v -9.242348 0.540869 -8.757652
v -9.245619 0.540869 -8.754381
v -8.732503 0.511829 -8.222713
v -8.719955 0.511829 -8.235260
v -0.249161 0.085803 0.249160
v -0.953754 0.110052 -0.455434
v -0.249161 0.071584 0.249160
v -2.335921 0.188606 -1.899512
v -3.042087 0.242091 -2.605678
v -2.335526 0.202814 -1.899117
v -3.749043 0.267161 -3.312634
v -4.455209 0.320646 -4.018800
v -3.748648 0.281369 -3.312239
v -5.186309 0.345715 -4.701613
v -4.480589 0.276166 -3.995893
v -4.479748 0.306438 -3.995052
v -5.192726 0.359923 -4.694406
v -4.486560 0.306438 -3.988240
v -4.486165 0.320646 -3.987844
v -5.187150 0.315444 -4.702454
v -4.493136 0.276166 -3.983346
v -4.480589 0.276166 -3.995893
v -5.200128 0.299970 -4.690337
v -5.906259 0.354721 -5.396468
v -5.906689 0.339247 -5.396898
v -5.864263 0.339247 -5.439324
v -5.157271 0.315444 -4.732333
v -5.157701 0.299970 -4.732763
v -5.906689 0.339247 -5.396898
v -6.612820 0.393998 -6.103029
v -6.613250 0.378524 -6.103459
v -4.493567 0.260692 -3.983776
v -5.199697 0.315444 -4.689907
v -5.200128 0.299970 -4.690337
v -3.748648 0.281369 -3.312239
v -3.042482 0.227883 -2.606073
v -3.749043 0.267161 -3.312634
v -5.899287 0.399200 -5.400967
v -5.193121 0.345715 -4.694800
v -5.192726 0.359923 -4.694406
v -6.605848 0.438478 -6.107528
v -5.899682 0.384992 -5.401361
v -5.899287 0.399200 -5.400967
v -7.281454 0.477755 -6.845045
v -7.988410 0.502823 -7.552001
v -7.988015 0.517031 -7.551606
v -5.893711 0.354721 -5.409015
v -5.199697 0.315444 -4.689907
v -5.187150 0.315444 -4.702454
v -6.613250 0.378524 -6.103459
v -5.864263 0.339247 -5.439324
v -5.906689 0.339247 -5.396898
v -5.168977 0.345715 -4.718944
v -4.455604 0.306438 -4.019195
v -4.462416 0.306438 -4.012383
v -1.660315 0.149329 -1.161995
v -0.946942 0.110052 -0.462246
v -0.953754 0.110052 -0.455434
v -1.624466 0.119057 -1.199527
v -0.930452 0.079780 -0.480418
v -0.917905 0.079780 -0.492966
v -5.892870 0.384992 -5.408174
v -5.187150 0.315444 -4.702454
v -5.186309 0.345715 -4.701613
v -7.277385 0.417800 -6.852447
v -6.570394 0.393998 -6.145455
v -6.570824 0.378524 -6.145885
v -3.786575 0.236889 -3.276784
v -3.067467 0.197612 -2.582771
v -3.774028 0.236889 -3.289332
v -1.624896 0.103583 -1.199957
v -0.917905 0.079780 -0.492966
v -0.918335 0.064306 -0.493396
v -8.019365 0.502823 -7.521045
v -7.305992 0.463546 -6.821296
v -7.312804 0.463546 -6.814484
v -5.200128 0.299970 -4.690337
v -4.451140 0.260692 -4.026202
v -4.493567 0.260692 -3.983776
v -6.606243 0.424270 -6.107923
v -5.892870 0.384992 -5.408174
v -5.899682 0.384992 -5.401361
v -3.779999 0.267161 -3.281678
v -3.066625 0.227883 -2.581929
v -3.073438 0.227883 -2.575117
v -4.480589 0.276166 -3.995893
v -3.786575 0.236889 -3.276784
v -3.774028 0.236889 -3.289332
v -8.694575 0.556309 -8.258167
v -7.988410 0.502823 -7.552001
v -8.694970 0.542101 -8.258562
v -2.331027 0.158334 -1.906088
v -1.637013 0.119057 -1.186980
v -1.624466 0.119057 -1.199527
v -8.694970 0.542101 -8.258562
v -7.995222 0.502823 -7.545188
v -8.701783 0.542101 -8.251750
v -4.462416 0.306438 -4.012383
v -3.749043 0.267161 -3.312634
v -3.755855 0.267161 -3.305822
v -3.037588 0.197612 -2.612649
v -2.343575 0.158334 -1.893541
v -2.331027 0.158334 -1.906088
v -8.025942 0.472552 -7.516151
v -8.732933 0.496355 -8.223143
v -8.026372 0.457078 -7.516581
v -5.906689 0.339247 -5.396898
v -5.157701 0.299970 -4.732763
v -5.200128 0.299970 -4.690337
v -4.493567 0.260692 -3.983776
v -3.744579 0.221415 -3.319641
v -3.787005 0.221415 -3.277214
v -3.050136 0.197612 -2.600102
v -3.755855 0.267161 -3.305822
v -3.049294 0.227883 -2.599261
v -5.162165 0.345715 -4.725756
v -5.868331 0.399200 -5.431922
v -5.161770 0.359923 -4.725361
v -3.038018 0.182138 -2.613080
v -2.331027 0.158334 -1.906088
v -2.331457 0.142860 -1.906518
v -3.773186 0.267161 -3.288490
v -3.067467 0.197612 -2.582771
v -3.066625 0.227883 -2.581929
v -0.922404 0.124260 -0.485994
v -0.249161 0.085803 0.249160
v -0.218205 0.085803 0.218204
v -5.157701 0.299970 -4.732763
v -4.450710 0.276166 -4.025772
v -4.451140 0.260692 -4.026202
v -0.218205 0.085803 0.218204
v -0.922799 0.110052 -0.486389
v -0.922404 0.124260 -0.485994
v 0.218204 0.085803 -0.218205
v 0.225016 0.071584 -0.225017
v 0.242348 0.071584 -0.242348
v 0.242348 0.071584 -0.242348
v 0.249160 0.085803 -0.249161
v 0.218204 0.085803 -0.218205
v 0.254896 0.025803 -0.254896
v 0.242348 0.041289 -0.242349
v 0.212469 0.025803 -0.212470
v 0.225017 0.041289 -0.225018
v 0.212469 0.025803 -0.212470
v 0.242348 0.041289 -0.242349
v 0.225017 0.041289 -0.225018
v 0.242348 0.071584 -0.242348
v 0.225016 0.071584 -0.225017
v 0.225016 0.071584 -0.225017
v -0.486389 0.110052 -0.922799
v -0.479577 0.110052 -0.929611
v 0.242348 0.071584 -0.242348
v -0.455434 0.110052 -0.953754
v 0.249160 0.071584 -0.249161
v -0.450970 0.064306 -0.960761
v 0.212469 0.025803 -0.212470
v -0.493396 0.064306 -0.918335
v 0.242348 0.041289 -0.242349
v -0.450540 0.079780 -0.960331
v -0.463087 0.079780 -0.947784
v 0.212469 0.041289 -0.212470
v -0.480418 0.079780 -0.930452
v -0.492966 0.079780 -0.917905
v -3.988239 0.306438 -4.486560
v -4.701612 0.345715 -5.186309
v -4.694800 0.345715 -5.193121
v 0.225016 0.071584 -0.225017
v -0.480418 0.079780 -0.930452
v 0.225017 0.041289 -0.225018
v 0.242348 0.071584 -0.242348
v -0.463087 0.079780 -0.947784
v -0.462246 0.110052 -0.946942
v -8.757651 0.540869 -9.242349
v -8.235259 0.511829 -8.719956
v -8.748375 0.540869 -9.251625
v -0.450540 0.079780 -0.960331
v -1.169648 0.119057 -1.654345
v -0.463087 0.079780 -0.947784
v -0.455039 0.124260 -0.953359
v -1.192555 0.163537 -1.628965
v -0.485994 0.124260 -0.922404
v -1.186138 0.149329 -1.636172
v -0.480418 0.079780 -0.930452
v -0.479577 0.110052 -0.929611
v -7.559007 0.457078 -7.983946
v -6.852016 0.433274 -7.276955
v -7.558577 0.472552 -7.983516
v -3.988239 0.306438 -4.486560
v -4.694405 0.359923 -5.192727
v -3.987844 0.320646 -4.486166
v -3.983775 0.260692 -4.493567
v -3.276784 0.236889 -3.786576
v -3.277214 0.221415 -3.787006
v -1.892699 0.188606 -2.342733
v -1.186980 0.119057 -1.637013
v -1.186138 0.149329 -1.636172
v -6.138878 0.424269 -6.575288
v -6.838627 0.463546 -7.288661
v -6.132066 0.424269 -6.582100
v -2.612649 0.197612 -3.037588
v -3.319640 0.221415 -3.744579
v -2.613079 0.182138 -3.038018
v -1.899117 0.202814 -2.335526
v -1.161600 0.163537 -1.659921
v -1.868161 0.202814 -2.366482
v -1.864092 0.142860 -2.373883
v -2.613079 0.182138 -3.038018
v -2.570653 0.182138 -3.080445
v -4.025772 0.276166 -4.450711
v -4.732763 0.299970 -5.157702
v -4.026202 0.260692 -4.451141
v -7.516581 0.457078 -8.026373
v -8.265568 0.496355 -8.690508
v -8.223142 0.496355 -8.732934
v -2.613079 0.182138 -3.038018
v -1.906088 0.158334 -2.331027
v -2.612649 0.197612 -3.037588
v -1.186980 0.119057 -1.637013
v -1.906088 0.158334 -2.331027
v -1.199527 0.119057 -1.624466
v -1.899117 0.202814 -2.335526
v -1.192950 0.149329 -1.629360
v -1.192555 0.163537 -1.628965
v -6.103458 0.378523 -6.613250
v -5.396467 0.354721 -5.906259
v -5.396897 0.339247 -5.906689
v -1.199957 0.103583 -1.624896
v -0.492966 0.079780 -0.917905
v -1.199527 0.119057 -1.624466
v -2.574722 0.242091 -3.073043
v -3.312239 0.281369 -3.748648
v -2.605678 0.242091 -3.042087
v -2.575117 0.227883 -3.073438
v -3.281283 0.281369 -3.779604
v -2.574722 0.242091 -3.073043
v -4.026202 0.260692 -4.451141
v -3.319210 0.236889 -3.744149
v -4.025772 0.276166 -4.450711
v -3.277214 0.221415 -3.787006
v -2.570223 0.197612 -3.080014
v -2.570653 0.182138 -3.080445
v -4.026202 0.260692 -4.451141
v -4.690336 0.299970 -5.200128
v -3.983775 0.260692 -4.493567
v -1.168807 0.149329 -1.653503
v -1.868556 0.188606 -2.366877
v -1.161995 0.149329 -1.660316
v -2.582770 0.197612 -3.067467
v -3.288490 0.267161 -3.773187
v -2.581929 0.227883 -3.066626
v -2.613079 0.182138 -3.038018
v -3.277214 0.221415 -3.787006
v -2.570653 0.182138 -3.080445
v -2.570223 0.197612 -3.080014
v -3.289331 0.236889 -3.774028
v -2.582770 0.197612 -3.067467
v -4.025772 0.276166 -4.450711
v -4.719785 0.315444 -5.169819
v -4.732333 0.315444 -5.157272
v -3.281283 0.281369 -3.779604
v -3.988239 0.306438 -4.486560
v -3.987844 0.320646 -4.486166
v -4.018800 0.320646 -4.455210
v -3.281283 0.281369 -3.779604
v -3.987844 0.320646 -4.486166
v -1.868556 0.188606 -2.366877
v -2.581929 0.227883 -3.066626
v -2.575117 0.227883 -3.073438
v -0.462246 0.110052 -0.946942
v -1.161995 0.149329 -1.660316
v -0.455434 0.110052 -0.953754
v -8.258166 0.556309 -8.694576
v -7.520649 0.517031 -8.018970
v -8.227211 0.556309 -8.725533
v -8.781795 0.585417 -9.218205
v -8.781795 0.581731 -9.218205
v -8.258561 0.542101 -8.694971
v -8.258166 0.556309 -8.694576
v -6.145885 0.378523 -6.570824
v -5.438894 0.354721 -5.863833
v -6.145455 0.393997 -6.570394
v -4.718944 0.345715 -5.168978
v -4.013224 0.276166 -4.463258
v -4.012383 0.306438 -4.462417
v -2.612649 0.197612 -3.037588
v -3.306663 0.236889 -3.756697
v -3.319210 0.236889 -3.744149
v -8.745104 0.525371 -9.254896
v -8.745104 0.529417 -9.254896
v -8.222712 0.511829 -8.732504
v -8.223142 0.496355 -8.732934
v -4.694405 0.359923 -5.192727
v -5.431922 0.399200 -5.868332
v -4.725361 0.359923 -5.161771
v -4.012383 0.306438 -4.462417
v -3.306663 0.236889 -3.756697
v -3.305821 0.267161 -3.755856
v -1.863662 0.158334 -2.373453
v -2.582770 0.197612 -3.067467
v -1.876209 0.158334 -2.360906
v -3.306663 0.236889 -3.756697
v -4.025772 0.276166 -4.450711
v -3.319210 0.236889 -3.744149
v -4.701612 0.345715 -5.186309
v -5.409015 0.354721 -5.893712
v -5.408174 0.384992 -5.892870
v -4.732763 0.299970 -5.157702
v -5.396897 0.339247 -5.906689
v -4.690336 0.299970 -5.200128
v -4.732333 0.315444 -5.157272
v -5.426346 0.354721 -5.876380
v -5.438894 0.354721 -5.863833
v -1.199957 0.103583 -1.624896
v -1.906088 0.158334 -2.331027
v -1.906518 0.142860 -2.331457
v -4.694405 0.359923 -5.192727
v -5.401361 0.384992 -5.899683
v -5.400966 0.399200 -5.899288
v -1.876209 0.158334 -2.360906
v -2.581929 0.227883 -3.066626
v -1.875368 0.188606 -2.360065
v -3.319640 0.221415 -3.744579
v -3.983775 0.260692 -4.493567
v -3.277214 0.221415 -3.787006
v -4.725756 0.345715 -5.162166
v -4.018800 0.320646 -4.455210
v -4.725361 0.359923 -5.161771
v -2.606072 0.227883 -3.042482
v -3.305821 0.267161 -3.755856
v -2.599260 0.227883 -3.049294
v -6.132907 0.393997 -6.582942
v -5.425505 0.384992 -5.875539
v -6.132066 0.424269 -6.582100
v -4.694800 0.345715 -5.193121
v -5.408174 0.384992 -5.892870
v -5.401361 0.384992 -5.899683
v -5.425505 0.384992 -5.875539
v -6.138878 0.424269 -6.575288
v -6.132066 0.424269 -6.582100
v -5.408174 0.384992 -5.892870
v -6.115576 0.393997 -6.600273
v -6.114735 0.424269 -6.599431
v -5.438894 0.354721 -5.863833
v -6.132907 0.393997 -6.582942
v -6.145455 0.393997 -6.570394
v -5.408174 0.384992 -5.892870
v -6.107922 0.424269 -6.606244
v -5.401361 0.384992 -5.899683
v -1.864092 0.142860 -2.373883
v -1.157101 0.119057 -1.666892
v -1.157531 0.103583 -1.667322
v -3.312239 0.281369 -3.748648
v -2.606072 0.227883 -3.042482
v -2.605678 0.242091 -3.042087
v -6.107527 0.438477 -6.605849
v -6.845044 0.477754 -7.281454
v -6.138483 0.438477 -6.574893
v -6.838627 0.463546 -7.288661
v -6.132907 0.393997 -6.582942
v -6.132066 0.424269 -6.582100
v -6.107922 0.424269 -6.606244
v -6.821296 0.463546 -7.305992
v -6.814483 0.463546 -7.312805
v -6.115576 0.393997 -6.600273
v -6.821296 0.463546 -7.305992
v -6.114735 0.424269 -6.599431
v -6.814483 0.463546 -7.312805
v -7.527857 0.502823 -8.012553
v -7.521044 0.502823 -8.019365
v -6.138483 0.438477 -6.574893
v -5.432317 0.384992 -5.868727
v -5.431922 0.399200 -5.868332
v -0.480418 0.079780 -0.930452
v -1.199527 0.119057 -1.624466
v -0.492966 0.079780 -0.917905
v -6.814088 0.477754 -7.312410
v -7.521044 0.502823 -8.019365
v -7.520649 0.517031 -8.018970
v -7.551605 0.517031 -7.988015
v -6.845439 0.463546 -7.281849
v -6.845044 0.477754 -7.281454
v -6.852016 0.433274 -7.276955
v -7.546029 0.472552 -7.996064
v -7.558577 0.472552 -7.983516
v -3.306663 0.236889 -3.756697
v -2.599260 0.227883 -3.049294
v -3.305821 0.267161 -3.755856
v -6.838627 0.463546 -7.288661
v -7.552000 0.502823 -7.988410
v -7.545188 0.502823 -7.995222
v -7.545188 0.502823 -7.995222
v -6.839468 0.433274 -7.289503
v -6.838627 0.463546 -7.288661
v -6.103028 0.393997 -6.612820
v -6.822137 0.433274 -7.306834
v -6.115576 0.393997 -6.600273
v -6.845044 0.477754 -7.281454
v -6.138878 0.424269 -6.575288
v -6.138483 0.438477 -6.574893
v -6.107922 0.424269 -6.606244
v -6.814088 0.477754 -7.312410
v -6.107527 0.438477 -6.605849
v -6.821296 0.463546 -7.305992
v -7.528698 0.472552 -8.013394
v -7.527857 0.502823 -8.012553
v -0.493396 0.064306 -0.918335
v -1.157531 0.103583 -1.667322
v -0.450970 0.064306 -0.960761
v -8.251749 0.542101 -8.701784
v -7.546029 0.472552 -7.996064
v -7.545188 0.502823 -7.995222
v -7.527857 0.502823 -8.012553
v -8.235259 0.511829 -8.719956
v -8.234418 0.542101 -8.719115
v -1.868556 0.188606 -2.366877
v -2.574722 0.242091 -3.073043
v -1.868161 0.202814 -2.366482
v -8.757651 0.571187 -9.242349
v -8.234418 0.542101 -8.719115
v -8.757651 0.548762 -9.242349
v -8.227211 0.556309 -8.725533
v -8.773780 0.585417 -9.226220
v -8.781795 0.585417 -9.218205
v -8.258166 0.556309 -8.694576
v -8.774982 0.571187 -9.225018
v -8.774982 0.563311 -9.225018
v -8.252590 0.511829 -8.702625
v -8.251749 0.542101 -8.701784
v 0.212469 0.041289 -0.212470
v -0.493396 0.064306 -0.918335
v 0.212469 0.025803 -0.212470
v -0.450970 0.064306 -0.960761
v 0.254896 0.041289 -0.254896
v 0.254896 0.025803 -0.254896
v 0.249160 0.085803 -0.249161
v -0.455434 0.110052 -0.953754
v -0.455039 0.124260 -0.953359
v -8.745104 0.525371 -9.254896
v -8.223142 0.496355 -8.732934
v -8.776445 0.525371 -9.223555
v -7.546029 0.472552 -7.996064
v -8.265138 0.511829 -8.690078
v -7.558577 0.472552 -7.983516
v -1.906088 0.158334 -2.331027
v -2.600102 0.197612 -3.050136
v -2.612649 0.197612 -3.037588
v -5.425505 0.384992 -5.875539
v -4.719785 0.315444 -5.169819
v -4.718944 0.345715 -5.168978
v -2.570653 0.182138 -3.080445
v -1.863662 0.158334 -2.373453
v -1.864092 0.142860 -2.373883
v -2.599260 0.227883 -3.049294
v -1.893541 0.158334 -2.343575
v -1.892699 0.188606 -2.342733
v -5.396897 0.339247 -5.906689
v -4.689906 0.315444 -5.199698
v -4.690336 0.299970 -5.200128
v -5.431922 0.399200 -5.868332
v -4.725756 0.345715 -5.162166
v -4.725361 0.359923 -5.161771
v -1.169648 0.119057 -1.654345
v -1.863662 0.158334 -2.373453
v -1.876209 0.158334 -2.360906
v -1.168807 0.149329 -1.653503
v -1.876209 0.158334 -2.360906
v -1.875368 0.188606 -2.360065
v -7.552000 0.502823 -7.988410
v -8.251749 0.542101 -8.701784
v -7.545188 0.502823 -7.995222
v -0.455039 0.124260 -0.953359
v -1.161995 0.149329 -1.660316
v -1.161600 0.163537 -1.659921
v -8.750839 0.585417 -9.249161
v -8.227211 0.556309 -8.725533
v -8.750839 0.574877 -9.249161
v -4.732333 0.315444 -5.157272
v -5.439324 0.339247 -5.864263
v -4.732763 0.299970 -5.157702
v -3.983345 0.276166 -4.493137
v -4.702454 0.315444 -5.187150
v -3.995893 0.276166 -4.480589
v -8.222712 0.511829 -8.732504
v -7.516581 0.457078 -8.026373
v -8.223142 0.496355 -8.732934
v -4.725361 0.359923 -5.161771
v -3.987844 0.320646 -4.486166
v -4.694405 0.359923 -5.192727
v -2.581929 0.227883 -3.066626
v -3.281678 0.267161 -3.779999
v -2.575117 0.227883 -3.073438
v -3.995893 0.276166 -4.480589
v -4.701612 0.345715 -5.186309
v -3.995051 0.306438 -4.479748
v -6.822137 0.433274 -7.306834
v -7.516150 0.472552 -8.025943
v -7.528698 0.472552 -8.013394
v -6.814088 0.477754 -7.312410
v -7.551605 0.517031 -7.988015
v -6.845044 0.477754 -7.281454
v -1.192555 0.163537 -1.628965
v -0.486389 0.110052 -0.922799
v -0.485994 0.124260 -0.922404
v -4.019195 0.306438 -4.455605
v -4.718944 0.345715 -5.168978
v -4.012383 0.306438 -4.462417
v -4.689906 0.315444 -5.199698
v -5.409015 0.354721 -5.893712
v -4.702454 0.315444 -5.187150
v -3.288490 0.267161 -3.773187
v -3.988239 0.306438 -4.486560
v -3.281678 0.267161 -3.779999
v -1.192950 0.149329 -1.629360
v -1.892699 0.188606 -2.342733
v -1.186138 0.149329 -1.636172
v -3.288490 0.267161 -3.773187
v -3.995893 0.276166 -4.480589
v -3.995051 0.306438 -4.479748
v -7.516581 0.457078 -8.026373
v -6.809589 0.433274 -7.319381
v -6.810019 0.417800 -7.319811
v -4.018800 0.320646 -4.455210
v -3.312634 0.267161 -3.749043
v -3.312239 0.281369 -3.748648
v -4.725756 0.345715 -5.162166
v -5.425505 0.384992 -5.875539
v -4.718944 0.345715 -5.168978
v -6.810019 0.417800 -7.319811
v -6.103028 0.393997 -6.612820
v -6.103458 0.378523 -6.613250
v -5.401361 0.384992 -5.899683
v -6.107527 0.438477 -6.605849
v -5.400966 0.399200 -5.899288
v -3.276784 0.236889 -3.786576
v -3.995893 0.276166 -4.480589
v -3.289331 0.236889 -3.774028
v -6.132907 0.393997 -6.582942
v -6.852016 0.433274 -7.276955
v -6.145455 0.393997 -6.570394
v -0.479577 0.110052 -0.929611
v -1.192950 0.149329 -1.629360
v -1.186138 0.149329 -1.636172
v -6.145885 0.378523 -6.570824
v -6.810019 0.417800 -7.319811
v -6.103458 0.378523 -6.613250
v -6.145455 0.393997 -6.570394
v -6.852446 0.417800 -7.277385
v -6.145885 0.378523 -6.570824
v -1.868161 0.202814 -2.366482
v -2.605678 0.242091 -3.042087
v -1.899117 0.202814 -2.335526
v -3.312634 0.267161 -3.749043
v -4.012383 0.306438 -4.462417
v -3.305821 0.267161 -3.755856
v -5.396467 0.354721 -5.906259
v -6.115576 0.393997 -6.600273
v -5.409015 0.354721 -5.893712
v -8.234418 0.542101 -8.719115
v -8.752607 0.571187 -9.247393
v -8.750839 0.571187 -9.249161
v -8.227606 0.542101 -8.725927
v -0.486389 0.110052 -0.922799
v 0.218204 0.085803 -0.218205
v -0.485994 0.124260 -0.922404
v -8.265138 0.511829 -8.690078
v -8.787530 0.529417 -9.212470
v -8.787530 0.525371 -9.212470
v -8.265568 0.496355 -8.690508
v -1.892699 0.188606 -2.342733
v -2.606072 0.227883 -3.042482
v -2.599260 0.227883 -3.049294
v -4.690336 0.299970 -5.200128
v -3.983345 0.276166 -4.493137
v -3.983775 0.260692 -4.493567
v -5.396897 0.339247 -5.906689
v -6.145885 0.378523 -6.570824
v -6.103458 0.378523 -6.613250
v -1.157531 0.103583 -1.667322
v -0.450540 0.079780 -0.960331
v -0.450970 0.064306 -0.960761
v -7.528698 0.472552 -8.013394
v -8.222712 0.511829 -8.732504
v -8.235259 0.511829 -8.719956
v -5.400966 0.399200 -5.899288
v -6.138483 0.438477 -6.574893
v -5.431922 0.399200 -5.868332
v -8.258561 0.542101 -8.694971
v -8.776751 0.571187 -9.223249
v -8.774982 0.571187 -9.225018
v -8.251749 0.542101 -8.701784
v -7.521044 0.502823 -8.019365
v -8.227211 0.556309 -8.725533
v -7.520649 0.517031 -8.018970
v -1.161600 0.163537 -1.659921
v -1.868556 0.188606 -2.366877
v -1.868161 0.202814 -2.366482
v -8.258166 0.556309 -8.694576
v -7.552000 0.502823 -7.988410
v -7.551605 0.517031 -7.988015
v -7.558577 0.472552 -7.983516
v -8.265568 0.496355 -8.690508
v -7.559007 0.457078 -7.983946
v -7.527857 0.502823 -8.012553
v -8.227606 0.542101 -8.725927
v -7.521044 0.502823 -8.019365
v -1.199957 0.103583 -1.624896
v -1.864092 0.142860 -2.373883
v -1.157531 0.103583 -1.667322
v -2.605678 0.242091 -3.042087
v -1.899511 0.188606 -2.335921
v -1.899117 0.202814 -2.335526
v -8.252590 0.511829 -8.702625
v -8.784260 0.540869 -9.215740
v -8.787530 0.540869 -9.212470
v -8.265138 0.511829 -8.690078
v -0.463087 0.079780 -0.947784
v -1.168807 0.149329 -1.653503
v -0.462246 0.110052 -0.946942
v -0.485994 0.124260 -0.922404
v 0.249160 0.085803 -0.249161
v -0.455039 0.124260 -0.953359
v -6.810019 0.417800 -7.319811
v -7.559007 0.457078 -7.983946
v -7.516581 0.457078 -8.026373
v -0.218205 0.085803 0.218204
v -0.242349 0.071584 0.242348
v -0.225018 0.071584 0.225017
v -0.249161 0.085803 0.249160
v -0.249161 0.071584 0.249160
v -0.242349 0.071584 0.242348
v -0.254896 0.025803 0.254895
v -0.225017 0.041289 0.225016
v -0.242348 0.041289 0.242347
v -0.212470 0.025803 0.212469
v -0.212470 0.041289 0.212469
v -0.225017 0.041289 0.225016
v -0.225018 0.071584 0.225017
v -0.242349 0.071584 0.242348
v -0.242348 0.041289 0.242347
v -9.243811 0.525371 -8.756189
v -9.212469 0.525371 -8.787531
v -8.690507 0.496355 -8.265569
v -0.922799 0.110052 -0.486389
v -0.218205 0.071584 0.218204
v -0.225018 0.071584 0.225017
v -0.917905 0.079780 -0.492966
v -0.930452 0.079780 -0.480418
v -0.225017 0.041289 0.225016
v -9.212469 0.529417 -8.787531
v -9.212469 0.540869 -8.787531
v -8.690077 0.511829 -8.265139
v -0.953754 0.110052 -0.455434
v -0.946942 0.110052 -0.462246
v -0.242349 0.071584 0.242348
v -0.947783 0.079780 -0.463087
v -0.960331 0.079780 -0.450540
v -0.254896 0.041289 0.254895
v -2.331027 0.158334 -1.906088
v -1.624466 0.119057 -1.199527
v -1.624896 0.103583 -1.199957
v -0.918335 0.064306 -0.493396
v -0.212470 0.025803 0.212469
v -0.254896 0.025803 0.254895
v -0.279776 0.058245 0.127330
v -0.300989 0.058245 0.148543
v -0.303211 -0.021693 0.146321
v -0.300972 0.059423 0.106133
v -0.279776 0.058245 0.127330
v -0.281998 -0.021693 0.125108
v -0.322186 0.059423 0.127346
v -0.300972 0.059423 0.106133
v -0.303194 -0.020515 0.103911
v -0.300989 0.058245 0.148543
v -0.322186 0.059423 0.127346
v -0.324408 -0.020515 0.125124
v -0.300972 0.059423 0.106133
v -0.322186 0.059423 0.127346
v -0.300989 0.058245 0.148543
v 0.127330 0.058245 -0.279776
v 0.125108 -0.021693 -0.281997
v 0.146321 -0.021693 -0.303211
v 0.106133 0.059423 -0.300972
v 0.103911 -0.020515 -0.303194
v 0.125108 -0.021693 -0.281997
v 0.127346 0.059423 -0.322186
v 0.125124 -0.020515 -0.324408
v 0.103911 -0.020515 -0.303194
v 0.148543 0.058245 -0.300989
v 0.146321 -0.021693 -0.303211
v 0.125124 -0.020515 -0.324408
v 0.106133 0.059423 -0.300972
v 0.127330 0.058245 -0.279776
v 0.148543 0.058245 -0.300989
v 0.294292 0.031383 -0.370389
v -0.370389 0.031383 0.294292
v -0.372055 -0.028571 0.292625
v 0.195373 0.036881 -0.469307
v 0.294292 0.031383 -0.370389
v 0.292625 -0.028571 -0.372055
v -0.469307 0.036881 0.195373
v 0.195373 0.036881 -0.469307
v 0.193707 -0.023072 -0.470974
v -0.370389 0.031383 0.294292
v -0.469307 0.036881 0.195373
v -0.470974 -0.023072 0.193707
v 0.195373 0.036881 -0.469307
v -0.469307 0.036881 0.195373
v -0.370389 0.031383 0.294292
v 0.292625 -0.028571 -0.372055
v -0.372055 -0.028571 0.292625
v -0.470974 -0.023072 0.193707
v -9.247392 0.571187 -8.752608
v -9.242348 0.571187 -8.757652
v -8.719114 0.542101 -8.234419
v -7.312409 0.477755 -6.814089
v -7.312804 0.463546 -6.814484
v -6.606243 0.424270 -6.107923
v -0.456416 0.068064 -0.049311
v -0.477629 0.068064 -0.028097
v -0.479851 -0.011874 -0.030319
v -0.477613 0.069242 -0.070507
v -0.456416 0.068064 -0.049311
v -0.458638 -0.011874 -0.051532
v -0.498826 0.069242 -0.049294
v -0.477613 0.069242 -0.070507
v -0.479835 -0.010696 -0.072729
v -0.477629 0.068064 -0.028097
v -0.498826 0.069242 -0.049294
v -0.501048 -0.010696 -0.051516
v -0.477613 0.069242 -0.070507
v -0.498826 0.069242 -0.049294
v -0.477629 0.068064 -0.028097
v -0.049310 0.068064 -0.456416
v -0.051532 -0.011874 -0.458638
v -0.030319 -0.011874 -0.479851
v -0.070507 0.069242 -0.477613
v -0.072729 -0.010696 -0.479835
v -0.051532 -0.011874 -0.458638
v -0.049294 0.069242 -0.498826
v -0.051516 -0.010696 -0.501048
v -0.072729 -0.010696 -0.479835
v -0.028097 0.068064 -0.477629
v -0.030319 -0.011874 -0.479851
v -0.051516 -0.010696 -0.501048
v -0.070507 0.069242 -0.477613
v -0.049310 0.068064 -0.456416
v -0.028097 0.068064 -0.477629
v 0.117651 0.041202 -0.547029
v -0.547029 0.041202 0.117651
v -0.548696 -0.018752 0.115985
v 0.018733 0.046701 -0.645948
v 0.117651 0.041202 -0.547029
v 0.115985 -0.018752 -0.548696
v -0.645948 0.046701 0.018733
v 0.018733 0.046701 -0.645948
v 0.017066 -0.013253 -0.647614
v -0.547029 0.041202 0.117651
v -0.645948 0.046701 0.018733
v -0.647614 -0.013253 0.017066
v 0.018733 0.046701 -0.645948
v -0.645948 0.046701 0.018733
v -0.547029 0.041202 0.117651
v 0.115985 -0.018752 -0.548696
v -0.548696 -0.018752 0.115985
v -0.647614 -0.013253 0.017066
v -0.225018 0.071584 0.225017
v -0.225017 0.041289 0.225016
v -0.930452 0.079780 -0.480418
v -0.242349 0.071584 0.242348
v -0.946942 0.110052 -0.462246
v -0.947783 0.079780 -0.463087
v -0.633056 0.077883 -0.225951
v -0.654269 0.077883 -0.204738
v -0.656491 -0.002055 -0.206959
v -0.654253 0.079062 -0.247148
v -0.633056 0.077883 -0.225951
v -0.635278 -0.002055 -0.228173
v -0.675466 0.079062 -0.225934
v -0.654253 0.079062 -0.247148
v -0.656475 -0.000876 -0.249369
v -0.654269 0.077883 -0.204738
v -0.675466 0.079062 -0.225934
v -0.677688 -0.000876 -0.228156
v -0.654253 0.079062 -0.247148
v -0.675466 0.079062 -0.225934
v -0.654269 0.077883 -0.204738
v -0.225951 0.077883 -0.633056
v -0.228173 -0.002055 -0.635278
v -0.206959 -0.002055 -0.656491
v -0.247148 0.079062 -0.654253
v -0.249369 -0.000876 -0.656475
v -0.228173 -0.002055 -0.635278
v -0.225934 0.079062 -0.675466
v -0.228156 -0.000876 -0.677688
v -0.249369 -0.000876 -0.656475
v -0.204738 0.077883 -0.654269
v -0.206959 -0.002055 -0.656491
v -0.228156 -0.000876 -0.677688
v -0.247148 0.079062 -0.654253
v -0.225951 0.077883 -0.633056
v -0.204738 0.077883 -0.654269
v -0.058989 0.051021 -0.723669
v -0.723669 0.051021 -0.058989
v -0.725336 -0.008932 -0.060655
v -0.157908 0.056520 -0.822588
v -0.058989 0.051021 -0.723669
v -0.060655 -0.008932 -0.725336
v -0.822588 0.056520 -0.157908
v -0.157908 0.056520 -0.822588
v -0.159574 -0.003434 -0.824254
v -0.723669 0.051021 -0.058989
v -0.822588 0.056520 -0.157908
v -0.824254 -0.003434 -0.159574
v -0.157908 0.056520 -0.822588
v -0.822588 0.056520 -0.157908
v -0.723669 0.051021 -0.058989
v -0.060655 -0.008932 -0.725336
v -0.725336 -0.008932 -0.060655
v -0.824254 -0.003434 -0.159574
v -5.875538 0.384992 -5.425505
v -5.868726 0.384992 -5.432317
v -5.162165 0.345715 -4.725756
v -5.169819 0.315444 -4.719785
v -5.876380 0.354721 -5.426346
v -5.875538 0.384992 -5.425505
v -7.306833 0.433275 -6.822137
v -7.319381 0.433275 -6.809590
v -6.612820 0.393998 -6.103029
v -1.629360 0.149329 -1.192950
v -2.335921 0.188606 -1.899512
v -2.335526 0.202814 -1.899117
v -0.809696 0.087703 -0.402591
v -0.830910 0.087703 -0.381378
v -0.833131 0.007765 -0.383600
v -0.830893 0.088881 -0.423788
v -0.809696 0.087703 -0.402591
v -0.811918 0.007765 -0.404813
v -0.852107 0.088881 -0.402575
v -0.830893 0.088881 -0.423788
v -0.833115 0.008943 -0.426010
v -0.830910 0.087703 -0.381378
v -0.852107 0.088881 -0.402575
v -0.854328 0.008943 -0.404797
v -0.830893 0.088881 -0.423788
v -0.852107 0.088881 -0.402575
v -0.830910 0.087703 -0.381378
v -0.402591 0.087703 -0.809696
v -0.404813 0.007765 -0.811918
v -0.383600 0.007765 -0.833132
v -0.423788 0.088881 -0.830893
v -0.426010 0.008943 -0.833115
v -0.404813 0.007765 -0.811918
v -0.402575 0.088881 -0.852107
v -0.404796 0.008943 -0.854328
v -0.426010 0.008943 -0.833115
v -0.381378 0.087703 -0.830910
v -0.383600 0.007765 -0.833132
v -0.404796 0.008943 -0.854328
v -0.423788 0.088881 -0.830893
v -0.402591 0.087703 -0.809696
v -0.381378 0.087703 -0.830910
v -0.235629 0.060841 -0.900310
v -0.900310 0.060841 -0.235629
v -0.901976 0.000887 -0.237296
v -0.334548 0.066339 -0.999228
v -0.235629 0.060841 -0.900310
v -0.237296 0.000887 -0.901976
v -0.999228 0.066339 -0.334548
v -0.334548 0.066339 -0.999228
v -0.336214 0.006386 -1.000895
v -0.900310 0.060841 -0.235629
v -0.999228 0.066339 -0.334548
v -1.000895 0.006386 -0.336214
v -0.334548 0.066339 -0.999228
v -0.999228 0.066339 -0.334548
v -0.900310 0.060841 -0.235629
v -0.237296 0.000887 -0.901976
v -0.901976 0.000887 -0.237296
v -1.000895 0.006386 -0.336214
v -8.732933 0.496355 -8.223143
v -8.690507 0.496355 -8.265569
v -7.983946 0.457078 -7.559008
v -1.653503 0.149329 -1.168807
v -1.654345 0.119057 -1.169648
v -0.947783 0.079780 -0.463087
v -0.986337 0.097522 -0.579231
v -1.007550 0.097522 -0.558018
v -1.009772 0.017584 -0.560240
v -1.007534 0.098700 -0.600428
v -0.986337 0.097522 -0.579231
v -0.988559 0.017584 -0.581453
v -1.028747 0.098700 -0.579215
v -1.007534 0.098700 -0.600428
v -1.009755 0.018762 -0.602650
v -1.007550 0.097522 -0.558018
v -1.028747 0.098700 -0.579215
v -1.030969 0.018762 -0.581437
v -1.007534 0.098700 -0.600428
v -1.028747 0.098700 -0.579215
v -1.007550 0.097522 -0.558018
v -0.579231 0.097522 -0.986337
v -0.581453 0.017584 -0.988559
v -0.560240 0.017584 -1.009772
v -0.600428 0.098700 -1.007534
v -0.602650 0.018762 -1.009755
v -0.581453 0.017584 -0.988559
v -0.579215 0.098700 -1.028747
v -0.581437 0.018762 -1.030969
v -0.602650 0.018762 -1.009755
v -0.558018 0.097522 -1.007550
v -0.560240 0.017584 -1.009772
v -0.581437 0.018762 -1.030969
v -0.600428 0.098700 -1.007534
v -0.579231 0.097522 -0.986337
v -0.558018 0.097522 -1.007550
v -0.412269 0.070660 -1.076950
v -1.076950 0.070660 -0.412270
v -1.078616 0.010706 -0.413936
v -0.511188 0.076159 -1.175869
v -0.412269 0.070660 -1.076950
v -0.413936 0.010706 -1.078616
v -1.175868 0.076159 -0.511188
v -0.511188 0.076159 -1.175869
v -0.512854 0.016205 -1.177535
v -1.076950 0.070660 -0.412270
v -1.175868 0.076159 -0.511188
v -1.177535 0.016205 -0.512854
v -0.511188 0.076159 -1.175869
v -1.175868 0.076159 -0.511188
v -1.076950 0.070660 -0.412270
v -0.413936 0.010706 -1.078616
v -1.078616 0.010706 -0.413936
v -1.177535 0.016205 -0.512854
v -9.215739 0.540869 -8.784261
v -9.225017 0.540869 -8.774983
v -8.702624 0.511829 -8.252591
v -1.162977 0.107341 -0.755872
v -1.184190 0.107341 -0.734658
v -1.186412 0.027403 -0.736880
v -1.184174 0.108520 -0.777068
v -1.162977 0.107341 -0.755872
v -1.165199 0.027403 -0.758094
v -1.205387 0.108520 -0.755855
v -1.184174 0.108520 -0.777068
v -1.186396 0.028581 -0.779290
v -1.184190 0.107341 -0.734658
v -1.205387 0.108520 -0.755855
v -1.207609 0.028581 -0.758077
v -1.184174 0.108520 -0.777068
v -1.205387 0.108520 -0.755855
v -1.184190 0.107341 -0.734658
v -0.755872 0.107341 -1.162977
v -0.758093 0.027403 -1.165199
v -0.736880 0.027403 -1.186412
v -0.777068 0.108520 -1.184174
v -0.779290 0.028581 -1.186396
v -0.758093 0.027403 -1.165199
v -0.755855 0.108520 -1.205387
v -0.758077 0.028581 -1.207609
v -0.779290 0.028581 -1.186396
v -0.734658 0.107341 -1.184190
v -0.736880 0.027403 -1.186412
v -0.758077 0.028581 -1.207609
v -0.777068 0.108520 -1.184174
v -0.755872 0.107341 -1.162977
v -0.734658 0.107341 -1.184190
v -0.588910 0.080479 -1.253590
v -1.253590 0.080479 -0.588910
v -1.255257 0.020526 -0.590576
v -0.687828 0.085978 -1.352509
v -0.588910 0.080479 -1.253590
v -0.590576 0.020526 -1.255257
v -1.352509 0.085978 -0.687828
v -0.687828 0.085978 -1.352509
v -0.689495 0.026024 -1.354175
v -1.253590 0.080479 -0.588910
v -1.352509 0.085978 -0.687828
v -1.354175 0.026024 -0.689495
v -0.687828 0.085978 -1.352509
v -1.352509 0.085978 -0.687828
v -1.253590 0.080479 -0.588910
v -0.590576 0.020526 -1.255257
v -1.255257 0.020526 -0.590576
v -1.354175 0.026024 -0.689495
v -1.628965 0.163537 -1.192556
v -1.659921 0.163537 -1.161600
v -0.953359 0.124260 -0.455039
v -1.339617 0.117161 -0.932512
v -1.360830 0.117161 -0.911299
v -1.363052 0.037222 -0.913521
v -1.360814 0.118339 -0.953709
v -1.339617 0.117161 -0.932512
v -1.341839 0.037222 -0.934734
v -1.382027 0.118339 -0.932496
v -1.360814 0.118339 -0.953709
v -1.363036 0.038401 -0.955931
v -1.360830 0.117161 -0.911299
v -1.382027 0.118339 -0.932496
v -1.384249 0.038401 -0.934717
v -1.360814 0.118339 -0.953709
v -1.382027 0.118339 -0.932496
v -1.360830 0.117161 -0.911299
v -0.932512 0.117161 -1.339617
v -0.934734 0.037222 -1.341839
v -0.913520 0.037222 -1.363052
v -0.953709 0.118339 -1.360814
v -0.955931 0.038401 -1.363036
v -0.934734 0.037222 -1.341839
v -0.932495 0.118339 -1.382027
v -0.934717 0.038401 -1.384249
v -0.955931 0.038401 -1.363036
v -0.911299 0.117161 -1.360831
v -0.913520 0.037222 -1.363052
v -0.934717 0.038401 -1.384249
v -0.953709 0.118339 -1.360814
v -0.932512 0.117161 -1.339617
v -0.911299 0.117161 -1.360831
v -0.765550 0.090299 -1.430230
v -1.430230 0.090299 -0.765550
v -1.431897 0.030345 -0.767217
v -0.864469 0.095797 -1.529149
v -0.765550 0.090299 -1.430230
v -0.767216 0.030345 -1.431897
v -1.529149 0.095797 -0.864469
v -0.864469 0.095797 -1.529149
v -0.866135 0.035844 -1.530815
v -1.430230 0.090299 -0.765550
v -1.529149 0.095797 -0.864469
v -1.530815 0.035844 -0.866135
v -0.864469 0.095797 -1.529149
v -1.529149 0.095797 -0.864469
v -1.430230 0.090299 -0.765550
v -0.767216 0.030345 -1.431897
v -1.431897 0.030345 -0.767217
v -1.530815 0.035844 -0.866135
v -1.654345 0.119057 -1.169648
v -1.666892 0.119057 -1.157101
v -0.960331 0.079780 -0.450540
v -5.193121 0.345715 -4.694800
v -5.186309 0.345715 -4.701613
v -4.479748 0.306438 -3.995052
v -5.868331 0.399200 -5.431922
v -5.899287 0.399200 -5.400967
v -5.192726 0.359923 -4.694406
v -1.516258 0.126980 -1.109152
v -1.537471 0.126980 -1.087939
v -1.539693 0.047042 -1.090161
v -1.537454 0.128158 -1.130349
v -1.516258 0.126980 -1.109152
v -1.518479 0.047042 -1.111374
v -1.558668 0.128158 -1.109136
v -1.537454 0.128158 -1.130349
v -1.539676 0.048220 -1.132571
v -1.537471 0.126980 -1.087939
v -1.558668 0.128158 -1.109136
v -1.560889 0.048220 -1.111358
v -1.537454 0.128158 -1.130349
v -1.558668 0.128158 -1.109136
v -1.537471 0.126980 -1.087939
v -1.109152 0.126980 -1.516258
v -1.111374 0.047042 -1.518479
v -1.090161 0.047042 -1.539693
v -1.130349 0.128158 -1.537454
v -1.132571 0.048220 -1.539676
v -1.111374 0.047042 -1.518479
v -1.109136 0.128158 -1.558668
v -1.111358 0.048220 -1.560889
v -1.132571 0.048220 -1.539676
v -1.087939 0.126980 -1.537471
v -1.090161 0.047042 -1.539693
v -1.111358 0.048220 -1.560889
v -1.130349 0.128158 -1.537454
v -1.109152 0.126980 -1.516258
v -1.087939 0.126980 -1.537471
v -0.942190 0.100118 -1.606871
v -1.606871 0.100118 -0.942190
v -1.608537 0.040164 -0.943857
v -1.041109 0.105617 -1.705789
v -0.942190 0.100118 -1.606871
v -0.943857 0.040164 -1.608537
v -1.705789 0.105617 -1.041109
v -1.041109 0.105617 -1.705789
v -1.042775 0.045663 -1.707456
v -1.606871 0.100118 -0.942190
v -1.705789 0.105617 -1.041109
v -1.707456 0.045663 -1.042775
v -1.041109 0.105617 -1.705789
v -1.705789 0.105617 -1.041109
v -1.606871 0.100118 -0.942190
v -0.943857 0.040164 -1.608537
v -1.608537 0.040164 -0.943857
v -1.707456 0.045663 -1.042775
v -3.744579 0.221415 -3.319641
v -3.744149 0.236889 -3.319211
v -3.037588 0.197612 -2.612649
v -0.922799 0.110052 -0.486389
v -1.629360 0.149329 -1.192950
v -1.628965 0.163537 -1.192556
v -1.692898 0.136799 -1.285792
v -1.714111 0.136799 -1.264579
v -1.716333 0.056861 -1.266801
v -1.714095 0.137978 -1.306989
v -1.692898 0.136799 -1.285792
v -1.695120 0.056861 -1.288014
v -1.735308 0.137978 -1.285776
v -1.714095 0.137978 -1.306989
v -1.716317 0.058039 -1.309211
v -1.714111 0.136799 -1.264579
v -1.735308 0.137978 -1.285776
v -1.737530 0.058039 -1.287998
v -1.714095 0.137978 -1.306989
v -1.735308 0.137978 -1.285776
v -1.714111 0.136799 -1.264579
v -1.285792 0.136799 -1.692898
v -1.288014 0.056861 -1.695120
v -1.266801 0.056861 -1.716333
v -1.306989 0.137978 -1.714095
v -1.309211 0.058039 -1.716317
v -1.288014 0.056861 -1.695120
v -1.285776 0.137978 -1.735308
v -1.287998 0.058039 -1.737530
v -1.309211 0.058039 -1.716317
v -1.264579 0.136799 -1.714111
v -1.266801 0.056861 -1.716333
v -1.287998 0.058039 -1.737530
v -1.306989 0.137978 -1.714095
v -1.285792 0.136799 -1.692898
v -1.264579 0.136799 -1.714111
v -1.118831 0.109937 -1.783511
v -1.783511 0.109937 -1.118831
v -1.785177 0.049983 -1.120497
v -1.217749 0.115436 -1.882430
v -1.118831 0.109937 -1.783511
v -1.120497 0.049983 -1.785178
v -1.882429 0.115436 -1.217749
v -1.217749 0.115436 -1.882430
v -1.219415 0.055482 -1.884096
v -1.783511 0.109937 -1.118831
v -1.882429 0.115436 -1.217749
v -1.884096 0.055482 -1.219416
v -1.217749 0.115436 -1.882430
v -1.882429 0.115436 -1.217749
v -1.783511 0.109937 -1.118831
v -1.120497 0.049983 -1.785178
v -1.785177 0.049983 -1.120497
v -1.884096 0.055482 -1.219416
v -2.335526 0.202814 -1.899117
v -2.366482 0.202814 -1.868161
v -1.659921 0.163537 -1.161600
v -1.869538 0.146619 -1.462433
v -1.890751 0.146619 -1.441220
v -1.892973 0.066680 -1.443441
v -1.890735 0.147797 -1.483630
v -1.869538 0.146619 -1.462433
v -1.871760 0.066680 -1.464655
v -1.911948 0.147797 -1.462417
v -1.890735 0.147797 -1.483630
v -1.892957 0.067859 -1.485852
v -1.890751 0.146619 -1.441220
v -1.911948 0.147797 -1.462417
v -1.914170 0.067859 -1.464638
v -1.890735 0.147797 -1.483630
v -1.911948 0.147797 -1.462417
v -1.890751 0.146619 -1.441220
v -1.462433 0.146619 -1.869538
v -1.464654 0.066680 -1.871760
v -1.443441 0.066680 -1.892973
v -1.483630 0.147797 -1.890735
v -1.485851 0.067859 -1.892957
v -1.464654 0.066680 -1.871760
v -1.462416 0.147797 -1.911948
v -1.464638 0.067859 -1.914170
v -1.485851 0.067859 -1.892957
v -1.441219 0.146619 -1.890751
v -1.443441 0.066680 -1.892973
v -1.464638 0.067859 -1.914170
v -1.483630 0.147797 -1.890735
v -1.462433 0.146619 -1.869538
v -1.441219 0.146619 -1.890751
v -1.295471 0.119757 -1.960151
v -1.960151 0.119757 -1.295471
v -1.961818 0.059803 -1.297137
v -1.394389 0.125255 -2.059070
v -1.295471 0.119757 -1.960151
v -1.297137 0.059803 -1.961818
v -2.059070 0.125255 -1.394390
v -1.394389 0.125255 -2.059070
v -1.396056 0.065302 -2.060736
v -1.960151 0.119757 -1.295471
v -2.059070 0.125255 -1.394390
v -2.060736 0.065302 -1.396056
v -1.394389 0.125255 -2.059070
v -2.059070 0.125255 -1.394390
v -1.960151 0.119757 -1.295471
v -1.297137 0.059803 -1.961818
v -1.961818 0.059803 -1.297137
v -2.060736 0.065302 -1.396056
v -2.046178 0.156438 -1.639073
v -2.067391 0.156438 -1.617860
v -2.069613 0.076500 -1.620082
v -2.067375 0.157616 -1.660270
v -2.046178 0.156438 -1.639073
v -2.048400 0.076500 -1.641295
v -2.088588 0.157616 -1.639057
v -2.067375 0.157616 -1.660270
v -2.069597 0.077678 -1.662492
v -2.067391 0.156438 -1.617860
v -2.088588 0.157616 -1.639057
v -2.090810 0.077678 -1.641279
v -2.067375 0.157616 -1.660270
v -2.088588 0.157616 -1.639057
v -2.067391 0.156438 -1.617860
v -1.639073 0.156438 -2.046178
v -1.641295 0.076500 -2.048400
v -1.620081 0.076500 -2.069613
v -1.660270 0.157616 -2.067375
v -1.662492 0.077678 -2.069597
v -1.641295 0.076500 -2.048400
v -1.639057 0.157616 -2.088589
v -1.641279 0.077678 -2.090811
v -1.662492 0.077678 -2.069597
v -1.617860 0.156438 -2.067392
v -1.620081 0.076500 -2.069613
v -1.641279 0.077678 -2.090811
v -1.660270 0.157616 -2.067375
v -1.639073 0.156438 -2.046178
v -1.617860 0.156438 -2.067392
v -1.472111 0.129576 -2.136792
v -2.136792 0.129576 -1.472111
v -2.138458 0.069622 -1.473778
v -1.571030 0.135075 -2.235710
v -1.472111 0.129576 -2.136792
v -1.473778 0.069622 -2.138458
v -2.235710 0.135075 -1.571030
v -1.571030 0.135075 -2.235710
v -1.572696 0.075121 -2.237376
v -2.136792 0.129576 -1.472111
v -2.235710 0.135075 -1.571030
v -2.237376 0.075121 -1.572696
v -1.571030 0.135075 -2.235710
v -2.235710 0.135075 -1.571030
v -2.136792 0.129576 -1.472111
v -1.473778 0.069622 -2.138458
v -2.138458 0.069622 -1.473778
v -2.237376 0.075121 -1.572696
v -1.637013 0.119057 -1.186980
v -2.343575 0.158334 -1.893541
v -2.342733 0.188606 -1.892699
v -2.222819 0.166257 -1.815713
v -2.244032 0.166257 -1.794500
v -2.246253 0.086319 -1.796722
v -2.244016 0.167436 -1.836910
v -2.222819 0.166257 -1.815713
v -2.225040 0.086319 -1.817935
v -2.265229 0.167436 -1.815697
v -2.244016 0.167436 -1.836910
v -2.246238 0.087497 -1.839132
v -2.244032 0.166257 -1.794500
v -2.265229 0.167436 -1.815697
v -2.267451 0.087497 -1.817919
v -2.244016 0.167436 -1.836910
v -2.265229 0.167436 -1.815697
v -2.244032 0.166257 -1.794500
v -1.815713 0.166257 -2.222819
v -1.817935 0.086319 -2.225041
v -1.796722 0.086319 -2.246254
v -1.836910 0.167436 -2.244016
v -1.839132 0.087497 -2.246238
v -1.817935 0.086319 -2.225041
v -1.815697 0.167436 -2.265229
v -1.817919 0.087497 -2.267451
v -1.839132 0.087497 -2.246238
v -1.794500 0.166257 -2.244032
v -1.796722 0.086319 -2.246254
v -1.817919 0.087497 -2.267451
v -1.836910 0.167436 -2.244016
v -1.815713 0.166257 -2.222819
v -1.794500 0.166257 -2.244032
v -1.648751 0.139395 -2.313432
v -2.313432 0.139395 -1.648752
v -2.315098 0.079441 -1.650418
v -1.747670 0.144894 -2.412350
v -1.648751 0.139395 -2.313432
v -1.650418 0.079441 -2.315098
v -2.412350 0.144894 -1.747670
v -1.747670 0.144894 -2.412350
v -1.749336 0.084940 -2.414017
v -2.313432 0.139395 -1.648752
v -2.412350 0.144894 -1.747670
v -2.414017 0.084940 -1.749336
v -1.747670 0.144894 -2.412350
v -2.412350 0.144894 -1.747670
v -2.313432 0.139395 -1.648752
v -1.650418 0.079441 -2.315098
v -2.315098 0.079441 -1.650418
v -2.414017 0.084940 -1.749336
v -3.080014 0.197612 -2.570223
v -3.786575 0.236889 -3.276784
v -3.787005 0.221415 -3.277214
v -3.066625 0.227883 -2.581929
v -3.067467 0.197612 -2.582771
v -2.360906 0.158334 -1.876210
v -3.786575 0.236889 -3.276784
v -4.493136 0.276166 -3.983346
v -4.493567 0.260692 -3.983776
v -2.399459 0.176077 -1.992354
v -2.420672 0.176077 -1.971140
v -2.422894 0.096138 -1.973362
v -2.420656 0.177255 -2.013551
v -2.399459 0.176077 -1.992354
v -2.401681 0.096138 -1.994576
v -2.441869 0.177255 -1.992337
v -2.420656 0.177255 -2.013551
v -2.422878 0.097317 -2.015773
v -2.420672 0.176077 -1.971140
v -2.441869 0.177255 -1.992337
v -2.444091 0.097317 -1.994559
v -2.420656 0.177255 -2.013551
v -2.441869 0.177255 -1.992337
v -2.420672 0.176077 -1.971140
v -1.992353 0.176077 -2.399459
v -1.994575 0.096138 -2.401681
v -1.973362 0.096138 -2.422894
v -2.013551 0.177255 -2.420656
v -2.015772 0.097317 -2.422878
v -1.994575 0.096138 -2.401681
v -1.992337 0.177255 -2.441869
v -1.994559 0.097317 -2.444091
v -2.015772 0.097317 -2.422878
v -1.971140 0.176077 -2.420672
v -1.973362 0.096138 -2.422894
v -1.994559 0.097317 -2.444091
v -2.013551 0.177255 -2.420656
v -1.992353 0.176077 -2.399459
v -1.971140 0.176077 -2.420672
v -1.825392 0.149214 -2.490072
v -2.490072 0.149214 -1.825392
v -2.491738 0.089261 -1.827058
v -1.924310 0.154713 -2.588991
v -1.825392 0.149214 -2.490072
v -1.827058 0.089261 -2.491739
v -2.588991 0.154713 -1.924310
v -1.924310 0.154713 -2.588991
v -1.925977 0.094760 -2.590657
v -2.490072 0.149214 -1.825392
v -2.588991 0.154713 -1.924310
v -2.590657 0.094760 -1.925977
v -1.924310 0.154713 -2.588991
v -2.588991 0.154713 -1.924310
v -2.490072 0.149214 -1.825392
v -1.827058 0.089261 -2.491739
v -2.491738 0.089261 -1.827058
v -2.590657 0.094760 -1.925977
v -2.576099 0.185896 -2.168994
v -2.597312 0.185896 -2.147781
v -2.599534 0.105958 -2.150002
v -2.597296 0.187074 -2.190191
v -2.576099 0.185896 -2.168994
v -2.578321 0.105958 -2.171216
v -2.618509 0.187074 -2.168978
v -2.597296 0.187074 -2.190191
v -2.599518 0.107136 -2.192413
v -2.597312 0.185896 -2.147781
v -2.618509 0.187074 -2.168978
v -2.620731 0.107136 -2.171200
v -2.597296 0.187074 -2.190191
v -2.618509 0.187074 -2.168978
v -2.597312 0.185896 -2.147781
v -2.168994 0.185896 -2.576099
v -2.171216 0.105958 -2.578321
v -2.150002 0.105958 -2.599534
v -2.190191 0.187074 -2.597296
v -2.192413 0.107136 -2.599518
v -2.171216 0.105958 -2.578321
v -2.168977 0.187074 -2.618510
v -2.171199 0.107136 -2.620731
v -2.192413 0.107136 -2.599518
v -2.147780 0.185896 -2.597312
v -2.150002 0.105958 -2.599534
v -2.171199 0.107136 -2.620731
v -2.190191 0.187074 -2.597296
v -2.168994 0.185896 -2.576099
v -2.147780 0.185896 -2.597312
v -2.002032 0.159034 -2.666713
v -2.666712 0.159034 -2.002032
v -2.668379 0.099080 -2.003699
v -2.100950 0.164533 -2.765631
v -2.002032 0.159034 -2.666713
v -2.003698 0.099080 -2.668379
v -2.765631 0.164533 -2.100951
v -2.100950 0.164533 -2.765631
v -2.102617 0.104579 -2.767297
v -2.666712 0.159034 -2.002032
v -2.765631 0.164533 -2.100951
v -2.767297 0.104579 -2.102617
v -2.100950 0.164533 -2.765631
v -2.765631 0.164533 -2.100951
v -2.666712 0.159034 -2.002032
v -2.003698 0.099080 -2.668379
v -2.668379 0.099080 -2.003699
v -2.767297 0.104579 -2.102617
v -4.451140 0.260692 -4.026202
v -4.450710 0.276166 -4.025772
v -3.744149 0.236889 -3.319211
v -2.752739 0.195715 -2.345634
v -2.773952 0.195715 -2.324421
v -2.776174 0.115777 -2.326643
v -2.773937 0.196894 -2.366831
v -2.752739 0.195715 -2.345634
v -2.754961 0.115777 -2.347856
v -2.795150 0.196894 -2.345618
v -2.773937 0.196894 -2.366831
v -2.776158 0.116955 -2.369053
v -2.773952 0.195715 -2.324421
v -2.795150 0.196894 -2.345618
v -2.797371 0.116955 -2.347840
v -2.773937 0.196894 -2.366831
v -2.795150 0.196894 -2.345618
v -2.773952 0.195715 -2.324421
v -2.345634 0.195715 -2.752739
v -2.347856 0.115777 -2.754961
v -2.326643 0.115777 -2.776175
v -2.366831 0.196894 -2.773937
v -2.369053 0.116955 -2.776159
v -2.347856 0.115777 -2.754961
v -2.345618 0.196894 -2.795150
v -2.347840 0.116955 -2.797372
v -2.369053 0.116955 -2.776159
v -2.324421 0.195715 -2.773953
v -2.326643 0.115777 -2.776175
v -2.347840 0.116955 -2.797372
v -2.366831 0.196894 -2.773937
v -2.345634 0.195715 -2.752739
v -2.324421 0.195715 -2.773953
v -2.178672 0.168853 -2.843353
v -2.843353 0.168853 -2.178672
v -2.845019 0.108899 -2.180339
v -2.277591 0.174352 -2.942271
v -2.178672 0.168853 -2.843353
v -2.180339 0.108899 -2.845019
v -2.942271 0.174352 -2.277591
v -2.277591 0.174352 -2.942271
v -2.279257 0.114398 -2.943938
v -2.843353 0.168853 -2.178672
v -2.942271 0.174352 -2.277591
v -2.943938 0.114398 -2.279257
v -2.277591 0.174352 -2.942271
v -2.942271 0.174352 -2.277591
v -2.843353 0.168853 -2.178672
v -2.180339 0.108899 -2.845019
v -2.845019 0.108899 -2.180339
v -2.943938 0.114398 -2.279257
v -3.073043 0.242091 -2.574722
v -3.073438 0.227883 -2.575117
v -2.366877 0.188606 -1.868556
v -3.073438 0.227883 -2.575117
v -3.066625 0.227883 -2.581929
v -2.360064 0.188606 -1.875368
v -2.929380 0.205535 -2.522274
v -2.950593 0.205535 -2.501061
v -2.952815 0.125596 -2.503283
v -2.950577 0.206713 -2.543472
v -2.929380 0.205535 -2.522274
v -2.931602 0.125596 -2.524496
v -2.971790 0.206713 -2.522258
v -2.950577 0.206713 -2.543472
v -2.952799 0.126775 -2.545693
v -2.950593 0.205535 -2.501061
v -2.971790 0.206713 -2.522258
v -2.974012 0.126775 -2.524480
v -2.950577 0.206713 -2.543472
v -2.971790 0.206713 -2.522258
v -2.950593 0.205535 -2.501061
v -2.522274 0.205535 -2.929380
v -2.524496 0.125596 -2.931602
v -2.503283 0.125596 -2.952815
v -2.543471 0.206713 -2.950577
v -2.545693 0.126775 -2.952799
v -2.524496 0.125596 -2.931602
v -2.522258 0.206713 -2.971790
v -2.524480 0.126775 -2.974012
v -2.545693 0.126775 -2.952799
v -2.501061 0.205535 -2.950593
v -2.503283 0.125596 -2.952815
v -2.524480 0.126775 -2.974012
v -2.543471 0.206713 -2.950577
v -2.522274 0.205535 -2.929380
v -2.501061 0.205535 -2.950593
v -2.355312 0.178672 -3.019993
v -3.019993 0.178672 -2.355313
v -3.021659 0.118719 -2.356979
v -2.454231 0.184171 -3.118912
v -2.355312 0.178672 -3.019993
v -2.356979 0.118719 -3.021659
v -3.118912 0.184171 -2.454231
v -2.454231 0.184171 -3.118912
v -2.455898 0.124218 -3.120578
v -3.019993 0.178672 -2.355313
v -3.118912 0.184171 -2.454231
v -3.120578 0.124218 -2.455898
v -2.454231 0.184171 -3.118912
v -3.118912 0.184171 -2.454231
v -3.019993 0.178672 -2.355313
v -2.356979 0.118719 -3.021659
v -3.021659 0.118719 -2.356979
v -3.120578 0.124218 -2.455898
v -5.899682 0.384992 -5.401361
v -5.892870 0.384992 -5.408174
v -5.186309 0.345715 -4.701613
v -3.042087 0.242091 -2.605678
v -3.073043 0.242091 -2.574722
v -2.366482 0.202814 -1.868161
v -3.049294 0.227883 -2.599261
v -3.042482 0.227883 -2.606073
v -2.335921 0.188606 -1.899512
v -3.106020 0.215354 -2.698915
v -3.127233 0.215354 -2.677702
v -3.129455 0.135416 -2.679924
v -3.127217 0.216532 -2.720112
v -3.106020 0.215354 -2.698915
v -3.108242 0.135416 -2.701137
v -3.148430 0.216532 -2.698898
v -3.127217 0.216532 -2.720112
v -3.129439 0.136594 -2.722333
v -3.127233 0.215354 -2.677702
v -3.148430 0.216532 -2.698898
v -3.150652 0.136594 -2.701120
v -3.127217 0.216532 -2.720112
v -3.148430 0.216532 -2.698898
v -3.127233 0.215354 -2.677702
v -2.698915 0.215354 -3.106020
v -2.701137 0.135416 -3.108242
v -2.679923 0.135416 -3.129455
v -2.720111 0.216532 -3.127217
v -2.722333 0.136594 -3.129439
v -2.701137 0.135416 -3.108242
v -2.698898 0.216532 -3.148430
v -2.701120 0.136594 -3.150652
v -2.722333 0.136594 -3.129439
v -2.677701 0.215354 -3.127234
v -2.679923 0.135416 -3.129455
v -2.701120 0.136594 -3.150652
v -2.720111 0.216532 -3.127217
v -2.698915 0.215354 -3.106020
v -2.677701 0.215354 -3.127234
v -2.531953 0.188492 -3.196633
v -3.196633 0.188492 -2.531953
v -3.198299 0.128538 -2.533619
v -2.630871 0.193991 -3.295552
v -2.531953 0.188492 -3.196633
v -2.533619 0.128538 -3.198300
v -3.295552 0.193991 -2.630872
v -2.630871 0.193991 -3.295552
v -2.632538 0.134037 -3.297218
v -3.196633 0.188492 -2.531953
v -3.295552 0.193991 -2.630872
v -3.297218 0.134037 -2.632538
v -2.630871 0.193991 -3.295552
v -3.295552 0.193991 -2.630872
v -3.196633 0.188492 -2.531953
v -2.533619 0.128538 -3.198300
v -3.198299 0.128538 -2.533619
v -3.297218 0.134037 -2.632538
v -3.282660 0.225173 -2.875555
v -3.303874 0.225173 -2.854342
v -3.306095 0.145235 -2.856564
v -3.303857 0.226352 -2.896752
v -3.282660 0.225173 -2.875555
v -3.284882 0.145235 -2.877777
v -3.325070 0.226352 -2.875539
v -3.303857 0.226352 -2.896752
v -3.306079 0.146413 -2.898974
v -3.303874 0.225173 -2.854342
v -3.325070 0.226352 -2.875539
v -3.327292 0.146413 -2.877760
v -3.303857 0.226352 -2.896752
v -3.325070 0.226352 -2.875539
v -3.303874 0.225173 -2.854342
v -2.875555 0.225173 -3.282660
v -2.877777 0.145235 -3.284883
v -2.856564 0.145235 -3.306096
v -2.896752 0.226352 -3.303857
v -2.898973 0.146413 -3.306079
v -2.877777 0.145235 -3.284883
v -2.875538 0.226352 -3.325070
v -2.877760 0.146413 -3.327292
v -2.898973 0.146413 -3.306079
v -2.854342 0.225173 -3.303874
v -2.856564 0.145235 -3.306096
v -2.877760 0.146413 -3.327292
v -2.896752 0.226352 -3.303857
v -2.875555 0.225173 -3.282660
v -2.854342 0.225173 -3.303874
v -2.708593 0.198311 -3.373274
v -3.373273 0.198311 -2.708593
v -3.374940 0.138357 -2.710260
v -2.807512 0.203810 -3.472192
v -2.708593 0.198311 -3.373274
v -2.710259 0.138357 -3.374940
v -3.472192 0.203810 -2.807512
v -2.807512 0.203810 -3.472192
v -2.809178 0.143856 -3.473859
v -3.373273 0.198311 -2.708593
v -3.472192 0.203810 -2.807512
v -3.473858 0.143856 -2.809178
v -2.807512 0.203810 -3.472192
v -3.472192 0.203810 -2.807512
v -3.373273 0.198311 -2.708593
v -2.710259 0.138357 -3.374940
v -3.374940 0.138357 -2.710260
v -3.473858 0.143856 -2.809178
v -3.748648 0.281369 -3.312239
v -3.779604 0.281369 -3.281283
v -3.073043 0.242091 -2.574722
v -3.756697 0.236889 -3.306663
v -4.463258 0.276166 -4.013224
v -4.462416 0.306438 -4.012383
v -3.080444 0.182138 -2.570653
v -3.038018 0.182138 -2.613080
v -2.331457 0.142860 -1.906518
v -3.787005 0.221415 -3.277214
v -3.744579 0.221415 -3.319641
v -3.038018 0.182138 -2.613080
v -8.725532 0.556309 -8.227212
v -8.725926 0.542101 -8.227607
v -8.019365 0.502823 -7.521045
v -3.459301 0.234993 -3.052196
v -3.480514 0.234993 -3.030982
v -3.482736 0.155054 -3.033204
v -3.480497 0.236171 -3.073392
v -3.459301 0.234993 -3.052196
v -3.461523 0.155054 -3.054417
v -3.501710 0.236171 -3.052179
v -3.480497 0.236171 -3.073392
v -3.482719 0.156233 -3.075614
v -3.480514 0.234993 -3.030982
v -3.501710 0.236171 -3.052179
v -3.503932 0.156233 -3.054401
v -3.480497 0.236171 -3.073392
v -3.501710 0.236171 -3.052179
v -3.480514 0.234993 -3.030982
v -3.052195 0.234993 -3.459301
v -3.054417 0.155054 -3.461523
v -3.033204 0.155054 -3.482736
v -3.073392 0.236171 -3.480497
v -3.075614 0.156233 -3.482719
v -3.054417 0.155054 -3.461523
v -3.052179 0.236171 -3.501711
v -3.054400 0.156233 -3.503932
v -3.075614 0.156233 -3.482719
v -3.030982 0.234993 -3.480514
v -3.033204 0.155054 -3.482736
v -3.054400 0.156233 -3.503932
v -3.073392 0.236171 -3.480497
v -3.052195 0.234993 -3.459301
v -3.030982 0.234993 -3.480514
v -2.885233 0.208130 -3.549914
v -3.549914 0.208130 -2.885233
v -3.551580 0.148177 -2.886900
v -2.984152 0.213629 -3.648833
v -2.885233 0.208130 -3.549914
v -2.886900 0.148177 -3.551580
v -3.648832 0.213629 -2.984152
v -2.984152 0.213629 -3.648833
v -2.985818 0.153675 -3.650499
v -3.549914 0.208130 -2.885233
v -3.648832 0.213629 -2.984152
v -3.650499 0.153675 -2.985819
v -2.984152 0.213629 -3.648833
v -3.648832 0.213629 -2.984152
v -3.549914 0.208130 -2.885233
v -2.886900 0.148177 -3.551580
v -3.551580 0.148177 -2.886900
v -3.650499 0.153675 -2.985819
v -6.600272 0.393998 -6.115576
v -6.612820 0.393998 -6.103029
v -5.906259 0.354721 -5.396468
v -3.635941 0.244812 -3.228836
v -3.657154 0.244812 -3.207623
v -3.659376 0.164874 -3.209844
v -3.657138 0.245990 -3.250032
v -3.635941 0.244812 -3.228836
v -3.638163 0.164874 -3.231058
v -3.678351 0.245990 -3.228819
v -3.657138 0.245990 -3.250032
v -3.659359 0.166052 -3.252254
v -3.657154 0.244812 -3.207623
v -3.678351 0.245990 -3.228819
v -3.680573 0.166052 -3.231041
v -3.657138 0.245990 -3.250032
v -3.678351 0.245990 -3.228819
v -3.657154 0.244812 -3.207623
v -3.228836 0.244812 -3.635941
v -3.231057 0.164874 -3.638163
v -3.209844 0.164874 -3.659376
v -3.250032 0.245990 -3.657138
v -3.252254 0.166052 -3.659360
v -3.231057 0.164874 -3.638163
v -3.228819 0.245990 -3.678351
v -3.231041 0.166052 -3.680573
v -3.252254 0.166052 -3.659360
v -3.207622 0.244812 -3.657154
v -3.209844 0.164874 -3.659376
v -3.231041 0.166052 -3.680573
v -3.250032 0.245990 -3.657138
v -3.228836 0.244812 -3.635941
v -3.207622 0.244812 -3.657154
v -3.061873 0.217950 -3.726554
v -3.726554 0.217950 -3.061874
v -3.728220 0.157996 -3.063540
v -3.160792 0.223449 -3.825473
v -3.061873 0.217950 -3.726554
v -3.063540 0.157996 -3.728220
v -3.825473 0.223449 -3.160792
v -3.160792 0.223449 -3.825473
v -3.162459 0.163495 -3.827139
v -3.726554 0.217950 -3.061874
v -3.825473 0.223449 -3.160792
v -3.827139 0.163495 -3.162459
v -3.160792 0.223449 -3.825473
v -3.825473 0.223449 -3.160792
v -3.726554 0.217950 -3.061874
v -3.063540 0.157996 -3.728220
v -3.728220 0.157996 -3.063540
v -3.827139 0.163495 -3.162459
v -8.719114 0.542101 -8.234419
v -8.012553 0.502823 -7.527857
v -8.019365 0.502823 -7.521045
v -4.479748 0.306438 -3.995052
v -4.480589 0.276166 -3.995893
v -3.774028 0.236889 -3.289332
v -7.319381 0.433275 -6.809590
v -8.025942 0.472552 -7.516151
v -8.026372 0.457078 -7.516581
v -3.812581 0.254631 -3.405476
v -3.833794 0.254631 -3.384263
v -3.836016 0.174693 -3.386485
v -3.833778 0.255809 -3.426673
v -3.812581 0.254631 -3.405476
v -3.814803 0.174693 -3.407698
v -3.854991 0.255809 -3.405459
v -3.833778 0.255809 -3.426673
v -3.836000 0.175871 -3.428895
v -3.833794 0.254631 -3.384263
v -3.854991 0.255809 -3.405459
v -3.857213 0.175871 -3.407681
v -3.833778 0.255809 -3.426673
v -3.854991 0.255809 -3.405459
v -3.833794 0.254631 -3.384263
v -3.405476 0.254631 -3.812582
v -3.407698 0.174693 -3.814803
v -3.386484 0.174693 -3.836016
v -3.426672 0.255809 -3.833778
v -3.428894 0.175871 -3.836000
v -3.407698 0.174693 -3.814803
v -3.405459 0.255809 -3.854991
v -3.407681 0.175871 -3.857213
v -3.428894 0.175871 -3.836000
v -3.384263 0.254631 -3.833795
v -3.386484 0.174693 -3.836016
v -3.407681 0.175871 -3.857213
v -3.426672 0.255809 -3.833778
v -3.405476 0.254631 -3.812582
v -3.384263 0.254631 -3.833795
v -3.238514 0.227769 -3.903194
v -3.903194 0.227769 -3.238514
v -3.904860 0.167815 -3.240180
v -3.337432 0.233268 -4.002113
v -3.238514 0.227769 -3.903194
v -3.240180 0.167815 -3.904861
v -4.002113 0.233268 -3.337433
v -3.337432 0.233268 -4.002113
v -3.339099 0.173314 -4.003780
v -3.903194 0.227769 -3.238514
v -4.002113 0.233268 -3.337433
v -4.003779 0.173314 -3.339099
v -3.337432 0.233268 -4.002113
v -4.002113 0.233268 -3.337433
v -3.903194 0.227769 -3.238514
v -3.240180 0.167815 -3.904861
v -3.904860 0.167815 -3.240180
v -4.003779 0.173314 -3.339099
v -3.989222 0.264450 -3.582116
v -4.010435 0.264450 -3.560903
v -4.012657 0.184512 -3.563125
v -4.010418 0.265629 -3.603313
v -3.989222 0.264450 -3.582116
v -3.991443 0.184512 -3.584338
v -4.031631 0.265629 -3.582100
v -4.010418 0.265629 -3.603313
v -4.012640 0.185691 -3.605535
v -4.010435 0.264450 -3.560903
v -4.031631 0.265629 -3.582100
v -4.033853 0.185691 -3.584321
v -4.010418 0.265629 -3.603313
v -4.031631 0.265629 -3.582100
v -4.010435 0.264450 -3.560903
v -3.582116 0.264450 -3.989222
v -3.584338 0.184512 -3.991444
v -3.563125 0.184512 -4.012657
v -3.603313 0.265629 -4.010418
v -3.605535 0.185691 -4.012640
v -3.584338 0.184512 -3.991444
v -3.582099 0.265629 -4.031631
v -3.584321 0.185691 -4.033854
v -3.605535 0.185691 -4.012640
v -3.560903 0.264450 -4.010435
v -3.563125 0.184512 -4.012657
v -3.584321 0.185691 -4.033854
v -3.603313 0.265629 -4.010418
v -3.582116 0.264450 -3.989222
v -3.560903 0.264450 -4.010435
v -3.415154 0.237588 -4.079835
v -4.079834 0.237588 -3.415154
v -4.081501 0.177635 -3.416821
v -3.514073 0.243087 -4.178754
v -3.415154 0.237588 -4.079835
v -3.416821 0.177635 -4.081501
v -4.178753 0.243087 -3.514073
v -3.514073 0.243087 -4.178754
v -3.515739 0.183133 -4.180420
v -4.079834 0.237588 -3.415154
v -4.178753 0.243087 -3.514073
v -4.180419 0.183133 -3.515740
v -3.514073 0.243087 -4.178754
v -4.178753 0.243087 -3.514073
v -4.079834 0.237588 -3.415154
v -3.416821 0.177635 -4.081501
v -4.081501 0.177635 -3.416821
v -4.180419 0.183133 -3.515740
v -4.455209 0.320646 -4.018800
v -4.486165 0.320646 -3.987844
v -3.779604 0.281369 -3.281283
v -4.165862 0.274270 -3.758757
v -4.187075 0.274270 -3.737543
v -4.189297 0.194332 -3.739765
v -4.187058 0.275448 -3.779953
v -4.165862 0.274270 -3.758757
v -4.168084 0.194332 -3.760978
v -4.208272 0.275448 -3.758740
v -4.187058 0.275448 -3.779953
v -4.189280 0.195510 -3.782175
v -4.187075 0.274270 -3.737543
v -4.208272 0.275448 -3.758740
v -4.210494 0.195510 -3.760962
v -4.187058 0.275448 -3.779953
v -4.208272 0.275448 -3.758740
v -4.187075 0.274270 -3.737543
v -3.758756 0.274270 -4.165862
v -3.760978 0.194332 -4.168084
v -3.739765 0.194332 -4.189297
v -3.779953 0.275448 -4.187058
v -3.782175 0.195510 -4.189281
v -3.760978 0.194332 -4.168084
v -3.758740 0.275448 -4.208272
v -3.760962 0.195510 -4.210494
v -3.782175 0.195510 -4.189281
v -3.737543 0.274270 -4.187075
v -3.739765 0.194332 -4.189297
v -3.760962 0.195510 -4.210494
v -3.779953 0.275448 -4.187058
v -3.758756 0.274270 -4.165862
v -3.737543 0.274270 -4.187075
v -3.591794 0.247408 -4.256475
v -4.256475 0.247408 -3.591794
v -4.258141 0.187454 -3.593461
v -3.690713 0.252906 -4.355393
v -3.591794 0.247408 -4.256475
v -3.593461 0.187454 -4.258142
v -4.355394 0.252906 -3.690713
v -3.690713 0.252906 -4.355393
v -3.692380 0.192953 -4.357060
v -4.256475 0.247408 -3.591794
v -4.355394 0.252906 -3.690713
v -4.357060 0.192953 -3.692380
v -3.690713 0.252906 -4.355393
v -4.355394 0.252906 -3.690713
v -4.256475 0.247408 -3.591794
v -3.593461 0.187454 -4.258142
v -4.258141 0.187454 -3.593461
v -4.357060 0.192953 -3.692380
v -0.930452 0.079780 -0.480418
v -1.637013 0.119057 -1.186980
v -1.636172 0.149329 -1.186138
v -4.342502 0.284089 -3.935397
v -4.363715 0.284089 -3.914184
v -4.365937 0.204151 -3.916406
v -4.363699 0.285267 -3.956594
v -4.342502 0.284089 -3.935397
v -4.344724 0.204151 -3.937619
v -4.384912 0.285267 -3.935380
v -4.363699 0.285267 -3.956594
v -4.365921 0.205329 -3.958815
v -4.363715 0.284089 -3.914184
v -4.384912 0.285267 -3.935380
v -4.387134 0.205329 -3.937602
v -4.363699 0.285267 -3.956594
v -4.384912 0.285267 -3.935380
v -4.363715 0.284089 -3.914184
v -3.935397 0.284089 -4.342503
v -3.937618 0.204151 -4.344724
v -3.916405 0.204151 -4.365938
v -3.956594 0.285267 -4.363699
v -3.958815 0.205329 -4.365921
v -3.937618 0.204151 -4.344724
v -3.935380 0.285267 -4.384912
v -3.937602 0.205329 -4.387134
v -3.958815 0.205329 -4.365921
v -3.914183 0.284089 -4.363716
v -3.916405 0.204151 -4.365938
v -3.937602 0.205329 -4.387134
v -3.956594 0.285267 -4.363699
v -3.935397 0.284089 -4.342503
v -3.914183 0.284089 -4.363716
v -3.768434 0.257227 -4.433115
v -4.433115 0.257227 -3.768435
v -4.434781 0.197273 -3.770101
v -3.867353 0.262726 -4.532034
v -3.768434 0.257227 -4.433115
v -3.770101 0.197273 -4.434782
v -4.532034 0.262726 -3.867354
v -3.867353 0.262726 -4.532034
v -3.869020 0.202772 -4.533700
v -4.433115 0.257227 -3.768435
v -4.532034 0.262726 -3.867354
v -4.533700 0.202772 -3.869020
v -3.867353 0.262726 -4.532034
v -4.532034 0.262726 -3.867354
v -4.433115 0.257227 -3.768435
v -3.770101 0.197273 -4.434782
v -4.434781 0.197273 -3.770101
v -4.533700 0.202772 -3.869020
v -1.636172 0.149329 -1.186138
v -1.629360 0.149329 -1.192950
v -0.922799 0.110052 -0.486389
v -4.519142 0.293908 -4.112037
v -4.540355 0.293908 -4.090824
v -4.542577 0.213970 -4.093046
v -4.540339 0.295087 -4.133234
v -4.519142 0.293908 -4.112037
v -4.521364 0.213970 -4.114259
v -4.561552 0.295087 -4.112020
v -4.540339 0.295087 -4.133234
v -4.542561 0.215148 -4.135456
v -4.540355 0.293908 -4.090824
v -4.561552 0.295087 -4.112020
v -4.563774 0.215148 -4.114243
v -4.540339 0.295087 -4.133234
v -4.561552 0.295087 -4.112020
v -4.540355 0.293908 -4.090824
v -4.112037 0.293908 -4.519143
v -4.114258 0.213970 -4.521364
v -4.093045 0.213970 -4.542578
v -4.133234 0.295087 -4.540339
v -4.135455 0.215148 -4.542561
v -4.114258 0.213970 -4.521364
v -4.112020 0.295087 -4.561553
v -4.114242 0.215148 -4.563775
v -4.135455 0.215148 -4.542561
v -4.090823 0.293908 -4.540356
v -4.093045 0.213970 -4.542578
v -4.114242 0.215148 -4.563775
v -4.133234 0.295087 -4.540339
v -4.112037 0.293908 -4.519143
v -4.090823 0.293908 -4.540356
v -3.945075 0.267046 -4.609756
v -4.609756 0.267046 -3.945076
v -4.611422 0.207093 -3.946742
v -4.043994 0.272545 -4.708674
v -3.945075 0.267046 -4.609756
v -3.946741 0.207093 -4.611422
v -4.708674 0.272545 -4.043994
v -4.043994 0.272545 -4.708674
v -4.045660 0.212591 -4.710340
v -4.609756 0.267046 -3.945076
v -4.708674 0.272545 -4.043994
v -4.710340 0.212591 -4.045660
v -4.043994 0.272545 -4.708674
v -4.708674 0.272545 -4.043994
v -4.609756 0.267046 -3.945076
v -3.946741 0.207093 -4.611422
v -4.611422 0.207093 -3.946742
v -4.710340 0.212591 -4.045660
v -1.659921 0.163537 -1.161600
v -1.660315 0.149329 -1.161995
v -0.953754 0.110052 -0.455434
v -4.695783 0.303728 -4.288678
v -4.716996 0.303728 -4.267465
v -4.719218 0.223789 -4.269686
v -4.716980 0.304906 -4.309874
v -4.695783 0.303728 -4.288678
v -4.698004 0.223789 -4.290899
v -4.738193 0.304906 -4.288661
v -4.716980 0.304906 -4.309874
v -4.719201 0.224968 -4.312096
v -4.716996 0.303728 -4.267465
v -4.738193 0.304906 -4.288661
v -4.740415 0.224968 -4.290883
v -4.716980 0.304906 -4.309874
v -4.738193 0.304906 -4.288661
v -4.716996 0.303728 -4.267465
v -4.288677 0.303728 -4.695783
v -4.290899 0.223789 -4.698005
v -4.269686 0.223789 -4.719218
v -4.309874 0.304906 -4.716980
v -4.312096 0.224968 -4.719201
v -4.290899 0.223789 -4.698005
v -4.288661 0.304906 -4.738193
v -4.290883 0.224968 -4.740415
v -4.312096 0.224968 -4.719201
v -4.267464 0.303728 -4.716996
v -4.269686 0.223789 -4.719218
v -4.290883 0.224968 -4.740415
v -4.309874 0.304906 -4.716980
v -4.288677 0.303728 -4.695783
v -4.267464 0.303728 -4.716996
v -4.121715 0.276866 -4.786396
v -4.786396 0.276866 -4.121716
v -4.788062 0.216912 -4.123382
v -4.220634 0.282364 -4.885315
v -4.121715 0.276866 -4.786396
v -4.123381 0.216912 -4.788062
v -4.885314 0.282364 -4.220634
v -4.220634 0.282364 -4.885315
v -4.222300 0.222411 -4.886981
v -4.786396 0.276866 -4.121716
v -4.885314 0.282364 -4.220634
v -4.886981 0.222411 -4.222301
v -4.220634 0.282364 -4.885315
v -4.885314 0.282364 -4.220634
v -4.786396 0.276866 -4.121716
v -4.123381 0.216912 -4.788062
v -4.788062 0.216912 -4.123382
v -4.886981 0.222411 -4.222301
v -5.168977 0.345715 -4.718944
v -4.462416 0.306438 -4.012383
v -4.463258 0.276166 -4.013224
v -5.157271 0.315444 -4.732333
v -5.169819 0.315444 -4.719785
v -4.463258 0.276166 -4.013224
v -4.872423 0.313547 -4.465318
v -4.893636 0.313547 -4.444104
v -4.895858 0.233609 -4.446326
v -4.893620 0.314725 -4.486515
v -4.872423 0.313547 -4.465318
v -4.874644 0.233609 -4.467539
v -4.914833 0.314725 -4.465302
v -4.893620 0.314725 -4.486515
v -4.895841 0.234787 -4.488736
v -4.893636 0.313547 -4.444104
v -4.914833 0.314725 -4.465302
v -4.917055 0.234787 -4.467523
v -4.893620 0.314725 -4.486515
v -4.914833 0.314725 -4.465302
v -4.893636 0.313547 -4.444104
v -4.465317 0.313547 -4.872423
v -4.467539 0.233609 -4.874645
v -4.446326 0.233609 -4.895858
v -4.486514 0.314725 -4.893620
v -4.488736 0.234787 -4.895842
v -4.467539 0.233609 -4.874645
v -4.465301 0.314725 -4.914833
v -4.467523 0.234787 -4.917055
v -4.488736 0.234787 -4.895842
v -4.444104 0.313547 -4.893636
v -4.446326 0.233609 -4.895858
v -4.467523 0.234787 -4.917055
v -4.486514 0.314725 -4.893620
v -4.465317 0.313547 -4.872423
v -4.444104 0.313547 -4.893636
v -4.298356 0.286685 -4.963037
v -4.963036 0.286685 -4.298356
v -4.964702 0.226731 -4.300022
v -4.397274 0.292184 -5.061954
v -4.298356 0.286685 -4.963037
v -4.300022 0.226731 -4.964703
v -5.061955 0.292184 -4.397274
v -4.397274 0.292184 -5.061954
v -4.398941 0.232230 -5.063621
v -4.963036 0.286685 -4.298356
v -5.061955 0.292184 -4.397274
v -5.063621 0.232230 -4.398941
v -4.397274 0.292184 -5.061954
v -5.061955 0.292184 -4.397274
v -4.963036 0.286685 -4.298356
v -4.300022 0.226731 -4.964703
v -4.964702 0.226731 -4.300022
v -5.063621 0.232230 -4.398941
v -4.450710 0.276166 -4.025772
v -4.463258 0.276166 -4.013224
v -3.756697 0.236889 -3.306663
v -5.192726 0.359923 -4.694406
v -4.486165 0.320646 -3.987844
v -4.455209 0.320646 -4.018800
v -0.254896 0.041289 0.254895
v -0.960331 0.079780 -0.450540
v -0.960761 0.064306 -0.450970
v -5.049063 0.323366 -4.641958
v -5.070276 0.323366 -4.620745
v -5.072498 0.243428 -4.622967
v -5.070260 0.324545 -4.663155
v -5.049063 0.323366 -4.641958
v -5.051285 0.243428 -4.644180
v -5.091473 0.324545 -4.641941
v -5.070260 0.324545 -4.663155
v -5.072482 0.244606 -4.665376
v -5.070276 0.323366 -4.620745
v -5.091473 0.324545 -4.641941
v -5.093695 0.244606 -4.644163
v -5.070260 0.324545 -4.663155
v -5.091473 0.324545 -4.641941
v -5.070276 0.323366 -4.620745
v -4.641958 0.323366 -5.049064
v -4.644179 0.243428 -5.051285
v -4.622966 0.243428 -5.072499
v -4.663155 0.324545 -5.070260
v -4.665376 0.244606 -5.072482
v -4.644179 0.243428 -5.051285
v -4.641941 0.324545 -5.091473
v -4.644163 0.244606 -5.093695
v -4.665376 0.244606 -5.072482
v -4.620744 0.323366 -5.070277
v -4.622966 0.243428 -5.072499
v -4.644163 0.244606 -5.093695
v -4.663155 0.324545 -5.070260
v -4.641958 0.323366 -5.049064
v -4.620744 0.323366 -5.070277
v -4.474996 0.296504 -5.139676
v -5.139676 0.296504 -4.474996
v -5.141342 0.236551 -4.476662
v -4.573915 0.302003 -5.238595
v -4.474996 0.296504 -5.139676
v -4.476662 0.236551 -5.141343
v -5.238595 0.302003 -4.573915
v -4.573915 0.302003 -5.238595
v -4.575581 0.242049 -5.240262
v -5.139676 0.296504 -4.474996
v -5.238595 0.302003 -4.573915
v -5.240261 0.242049 -4.575581
v -4.573915 0.302003 -5.238595
v -5.238595 0.302003 -4.573915
v -5.139676 0.296504 -4.474996
v -4.476662 0.236551 -5.141343
v -5.141342 0.236551 -4.476662
v -5.240261 0.242049 -4.575581
v -2.373883 0.142860 -1.864092
v -2.331457 0.142860 -1.906518
v -1.624896 0.103583 -1.199957
v -4.455209 0.320646 -4.018800
v -4.455604 0.306438 -4.019195
v -5.162165 0.345715 -4.725756
v -5.225703 0.333186 -4.818598
v -5.246916 0.333186 -4.797385
v -5.249138 0.253247 -4.799607
v -5.246900 0.334364 -4.839795
v -5.225703 0.333186 -4.818598
v -5.227925 0.253247 -4.820820
v -5.268113 0.334364 -4.818582
v -5.246900 0.334364 -4.839795
v -5.249122 0.254426 -4.842017
v -5.246916 0.333186 -4.797385
v -5.268113 0.334364 -4.818582
v -5.270335 0.254426 -4.820804
v -5.246900 0.334364 -4.839795
v -5.268113 0.334364 -4.818582
v -5.246916 0.333186 -4.797385
v -4.818598 0.333186 -5.225704
v -4.820819 0.253247 -5.227925
v -4.799606 0.253247 -5.249139
v -4.839795 0.334364 -5.246901
v -4.842016 0.254426 -5.249122
v -4.820819 0.253247 -5.227925
v -4.818581 0.334364 -5.268114
v -4.820803 0.254426 -5.270336
v -4.842016 0.254426 -5.249122
v -4.797384 0.333186 -5.246917
v -4.799606 0.253247 -5.249139
v -4.820803 0.254426 -5.270336
v -4.839795 0.334364 -5.246901
v -4.818598 0.333186 -5.225704
v -4.797384 0.333186 -5.246917
v -4.651636 0.306324 -5.316317
v -5.316317 0.306324 -4.651637
v -5.317983 0.246370 -4.653303
v -4.750555 0.311822 -5.415236
v -4.651636 0.306324 -5.316317
v -4.653302 0.246370 -5.317983
v -5.415236 0.311822 -4.750556
v -4.750555 0.311822 -5.415236
v -4.752221 0.251869 -5.416902
v -5.316317 0.306324 -4.651637
v -5.415236 0.311822 -4.750556
v -5.416902 0.251869 -4.752222
v -4.750555 0.311822 -5.415236
v -5.415236 0.311822 -4.750556
v -5.316317 0.306324 -4.651637
v -4.653302 0.246370 -5.317983
v -5.317983 0.246370 -4.653303
v -5.416902 0.251869 -4.752222
v -3.067467 0.197612 -2.582771
v -3.080014 0.197612 -2.570223
v -2.373453 0.158334 -1.863662
v -5.402344 0.343005 -4.995239
v -5.423557 0.343005 -4.974026
v -5.425779 0.263067 -4.976247
v -5.423541 0.344183 -5.016435
v -5.402344 0.343005 -4.995239
v -5.404565 0.263067 -4.997460
v -5.444754 0.344183 -4.995222
v -5.423541 0.344183 -5.016435
v -5.425762 0.264245 -5.018657
v -5.423557 0.343005 -4.974026
v -5.444754 0.344183 -4.995222
v -5.446976 0.264245 -4.997444
v -5.423541 0.344183 -5.016435
v -5.444754 0.344183 -4.995222
v -5.423557 0.343005 -4.974026
v -4.995238 0.343005 -5.402344
v -4.997460 0.263067 -5.404566
v -4.976247 0.263067 -5.425779
v -5.016435 0.344183 -5.423541
v -5.018657 0.264245 -5.425762
v -4.997460 0.263067 -5.404566
v -4.995222 0.344183 -5.444754
v -4.997444 0.264245 -5.446976
v -5.018657 0.264245 -5.425762
v -4.974025 0.343005 -5.423557
v -4.976247 0.263067 -5.425779
v -4.997444 0.264245 -5.446976
v -5.016435 0.344183 -5.423541
v -4.995238 0.343005 -5.402344
v -4.974025 0.343005 -5.423557
v -4.828276 0.316143 -5.492957
v -5.492957 0.316143 -4.828277
v -5.494623 0.256189 -4.829943
v -4.927195 0.321642 -5.591876
v -4.828276 0.316143 -5.492957
v -4.829942 0.256189 -5.494623
v -5.591876 0.321642 -4.927196
v -4.927195 0.321642 -5.591876
v -4.928861 0.261688 -5.593542
v -5.492957 0.316143 -4.828277
v -5.591876 0.321642 -4.927196
v -5.593542 0.261688 -4.928862
v -4.927195 0.321642 -5.591876
v -5.591876 0.321642 -4.927196
v -5.492957 0.316143 -4.828277
v -4.829942 0.256189 -5.494623
v -5.494623 0.256189 -4.829943
v -5.593542 0.261688 -4.928862
v -5.578984 0.352824 -5.171879
v -5.600197 0.352824 -5.150665
v -5.602419 0.272886 -5.152887
v -5.600181 0.354003 -5.193076
v -5.578984 0.352824 -5.171879
v -5.581205 0.272886 -5.174100
v -5.621394 0.354003 -5.171863
v -5.600181 0.354003 -5.193076
v -5.602402 0.274064 -5.195297
v -5.600197 0.352824 -5.150665
v -5.621394 0.354003 -5.171863
v -5.623616 0.274064 -5.174084
v -5.600181 0.354003 -5.193076
v -5.621394 0.354003 -5.171863
v -5.600197 0.352824 -5.150665
v -5.171878 0.352824 -5.578984
v -5.174100 0.272886 -5.581206
v -5.152887 0.272886 -5.602419
v -5.193075 0.354003 -5.600181
v -5.195297 0.274064 -5.602403
v -5.174100 0.272886 -5.581206
v -5.171862 0.354003 -5.621394
v -5.174084 0.274064 -5.623616
v -5.195297 0.274064 -5.602403
v -5.150665 0.352824 -5.600197
v -5.152887 0.272886 -5.602419
v -5.174084 0.274064 -5.623616
v -5.193075 0.354003 -5.600181
v -5.171878 0.352824 -5.578984
v -5.150665 0.352824 -5.600197
v -5.004917 0.325962 -5.669598
v -5.669597 0.325962 -5.004917
v -5.671263 0.266008 -5.006583
v -5.103836 0.331461 -5.768517
v -5.004917 0.325962 -5.669598
v -5.006583 0.266008 -5.671264
v -5.768516 0.331461 -5.103836
v -5.103836 0.331461 -5.768517
v -5.105502 0.271507 -5.770183
v -5.669597 0.325962 -5.004917
v -5.768516 0.331461 -5.103836
v -5.770182 0.271507 -5.105502
v -5.103836 0.331461 -5.768517
v -5.768516 0.331461 -5.103836
v -5.669597 0.325962 -5.004917
v -5.006583 0.266008 -5.671264
v -5.671263 0.266008 -5.006583
v -5.770182 0.271507 -5.105502
v -6.570394 0.393998 -6.145455
v -6.582941 0.393998 -6.132907
v -5.876380 0.354721 -5.426346
v -1.667322 0.103583 -1.157531
v -1.666892 0.119057 -1.157101
v -2.373453 0.158334 -1.863662
v -5.755624 0.362644 -5.348519
v -5.776837 0.362644 -5.327306
v -5.779059 0.282705 -5.329528
v -5.776821 0.363822 -5.369716
v -5.755624 0.362644 -5.348519
v -5.757846 0.282705 -5.350741
v -5.798034 0.363822 -5.348503
v -5.776821 0.363822 -5.369716
v -5.779043 0.283884 -5.371938
v -5.776837 0.362644 -5.327306
v -5.798034 0.363822 -5.348503
v -5.800256 0.283884 -5.350725
v -5.776821 0.363822 -5.369716
v -5.798034 0.363822 -5.348503
v -5.776837 0.362644 -5.327306
v -5.348519 0.362644 -5.755625
v -5.350740 0.282705 -5.757846
v -5.329527 0.282705 -5.779060
v -5.369716 0.363822 -5.776822
v -5.371937 0.283884 -5.779043
v -5.350740 0.282705 -5.757846
v -5.348502 0.363822 -5.798035
v -5.350724 0.283884 -5.800257
v -5.371937 0.283884 -5.779043
v -5.327305 0.362644 -5.776838
v -5.329527 0.282705 -5.779060
v -5.350724 0.283884 -5.800257
v -5.369716 0.363822 -5.776822
v -5.348519 0.362644 -5.755625
v -5.327305 0.362644 -5.776838
v -5.181557 0.335781 -5.846237
v -5.846237 0.335781 -5.181557
v -5.847903 0.275828 -5.183223
v -5.280476 0.341280 -5.945156
v -5.181557 0.335781 -5.846237
v -5.183223 0.275828 -5.847904
v -5.945156 0.341280 -5.280476
v -5.280476 0.341280 -5.945156
v -5.282142 0.281327 -5.946823
v -5.846237 0.335781 -5.181557
v -5.945156 0.341280 -5.280476
v -5.946822 0.281327 -5.282142
v -5.280476 0.341280 -5.945156
v -5.945156 0.341280 -5.280476
v -5.846237 0.335781 -5.181557
v -5.183223 0.275828 -5.847904
v -5.847903 0.275828 -5.183223
v -5.946822 0.281327 -5.282142
v -5.932264 0.372463 -5.525159
v -5.953477 0.372463 -5.503946
v -5.955699 0.292525 -5.506168
v -5.953462 0.373641 -5.546357
v -5.932264 0.372463 -5.525159
v -5.934486 0.292525 -5.527381
v -5.974675 0.373641 -5.525144
v -5.953462 0.373641 -5.546357
v -5.955683 0.293703 -5.548578
v -5.953477 0.372463 -5.503946
v -5.974675 0.373641 -5.525144
v -5.976897 0.293703 -5.527365
v -5.953462 0.373641 -5.546357
v -5.974675 0.373641 -5.525144
v -5.953477 0.372463 -5.503946
v -5.525159 0.372463 -5.932265
v -5.527380 0.292525 -5.934486
v -5.506167 0.292525 -5.955700
v -5.546356 0.373641 -5.953462
v -5.548578 0.293703 -5.955684
v -5.527380 0.292525 -5.934486
v -5.525143 0.373641 -5.974675
v -5.527365 0.293703 -5.976897
v -5.548578 0.293703 -5.955684
v -5.503945 0.372463 -5.953478
v -5.506167 0.292525 -5.955700
v -5.527365 0.293703 -5.976897
v -5.546356 0.373641 -5.953462
v -5.525159 0.372463 -5.932265
v -5.503945 0.372463 -5.953478
v -5.358198 0.345601 -6.022879
v -6.022878 0.345601 -5.358198
v -6.024544 0.285647 -5.359864
v -5.457116 0.351100 -6.121797
v -5.358198 0.345601 -6.022879
v -5.359864 0.285647 -6.024545
v -6.121796 0.351100 -5.457116
v -5.457116 0.351100 -6.121797
v -5.458782 0.291146 -6.123463
v -6.022878 0.345601 -5.358198
v -6.121796 0.351100 -5.457116
v -6.123462 0.291146 -5.458782
v -5.457116 0.351100 -6.121797
v -6.121796 0.351100 -5.457116
v -6.022878 0.345601 -5.358198
v -5.359864 0.285647 -6.024545
v -6.024544 0.285647 -5.359864
v -6.123462 0.291146 -5.458782
v -6.108904 0.382282 -5.701799
v -6.130117 0.382282 -5.680586
v -6.132339 0.302344 -5.682808
v -6.130102 0.383461 -5.722997
v -6.108904 0.382282 -5.701799
v -6.111126 0.302344 -5.704021
v -6.151315 0.383461 -5.701783
v -6.130102 0.383461 -5.722997
v -6.132323 0.303522 -5.725218
v -6.130117 0.382282 -5.680586
v -6.151315 0.383461 -5.701783
v -6.153537 0.303522 -5.704005
v -6.130102 0.383461 -5.722997
v -6.151315 0.383461 -5.701783
v -6.130117 0.382282 -5.680586
v -5.701799 0.382282 -6.108905
v -5.704021 0.302344 -6.111126
v -5.682807 0.302344 -6.132340
v -5.722996 0.383461 -6.130102
v -5.725218 0.303522 -6.132324
v -5.704021 0.302344 -6.111126
v -5.701783 0.383461 -6.151315
v -5.704005 0.303522 -6.153537
v -5.725218 0.303522 -6.132324
v -5.680585 0.382282 -6.130118
v -5.682807 0.302344 -6.132340
v -5.704005 0.303522 -6.153537
v -5.722996 0.383461 -6.130102
v -5.701799 0.382282 -6.108905
v -5.680585 0.382282 -6.130118
v -5.534838 0.355420 -6.199518
v -6.199518 0.355420 -5.534838
v -6.201184 0.295466 -5.536504
v -5.633756 0.360919 -6.298436
v -5.534838 0.355420 -6.199518
v -5.536504 0.295466 -6.201185
v -6.298436 0.360919 -5.633756
v -5.633756 0.360919 -6.298436
v -5.635422 0.300965 -6.300103
v -6.199518 0.355420 -5.534838
v -6.298436 0.360919 -5.633756
v -6.300102 0.300965 -5.635422
v -5.633756 0.360919 -6.298436
v -6.298436 0.360919 -5.633756
v -6.199518 0.355420 -5.534838
v -5.536504 0.295466 -6.201185
v -6.201184 0.295466 -5.536504
v -6.300102 0.300965 -5.635422
v -6.574893 0.438478 -6.138484
v -6.605848 0.438478 -6.107528
v -5.899287 0.399200 -5.400967
v -5.875538 0.384992 -5.425505
v -5.876380 0.354721 -5.426346
v -6.582941 0.393998 -6.132907
v -6.599431 0.424270 -6.114735
v -6.600272 0.393998 -6.115576
v -5.893711 0.354721 -5.409015
v -6.285545 0.392102 -5.878440
v -6.306758 0.392102 -5.857226
v -6.308980 0.312163 -5.859448
v -6.306742 0.393280 -5.899637
v -6.285545 0.392102 -5.878440
v -6.287766 0.312163 -5.880661
v -6.327955 0.393280 -5.878424
v -6.306742 0.393280 -5.899637
v -6.308964 0.313342 -5.901859
v -6.306758 0.392102 -5.857226
v -6.327955 0.393280 -5.878424
v -6.330177 0.313342 -5.880646
v -6.306742 0.393280 -5.899637
v -6.327955 0.393280 -5.878424
v -6.306758 0.392102 -5.857226
v -5.878439 0.392102 -6.285545
v -5.880661 0.312163 -6.287767
v -5.859448 0.312163 -6.308980
v -5.899637 0.393280 -6.306743
v -5.901858 0.313342 -6.308964
v -5.880661 0.312163 -6.287767
v -5.878423 0.393280 -6.327956
v -5.880645 0.313342 -6.330178
v -5.901858 0.313342 -6.308964
v -5.857226 0.392102 -6.306758
v -5.859448 0.312163 -6.308980
v -5.880645 0.313342 -6.330178
v -5.899637 0.393280 -6.306743
v -5.878439 0.392102 -6.285545
v -5.857226 0.392102 -6.306758
v -5.711478 0.365239 -6.376159
v -6.376159 0.365239 -5.711479
v -6.377825 0.305286 -5.713145
v -5.810396 0.370738 -6.475077
v -5.711478 0.365239 -6.376159
v -5.713144 0.305286 -6.377825
v -6.475077 0.370738 -5.810397
v -5.810396 0.370738 -6.475077
v -5.812062 0.310785 -6.476743
v -6.376159 0.365239 -5.711479
v -6.475077 0.370738 -5.810397
v -6.476743 0.310785 -5.812063
v -5.810396 0.370738 -6.475077
v -6.475077 0.370738 -5.810397
v -6.376159 0.365239 -5.711479
v -5.713144 0.305286 -6.377825
v -6.377825 0.305286 -5.713145
v -6.476743 0.310785 -5.812063
v -7.983946 0.457078 -7.559008
v -7.983516 0.472552 -7.558578
v -7.276955 0.433275 -6.852016
v -4.486560 0.306438 -3.988240
v -4.479748 0.306438 -3.995052
v -3.773186 0.267161 -3.288490
v -6.570824 0.378524 -6.145885
v -6.570394 0.393998 -6.145455
v -5.863832 0.354721 -5.438894
v -6.462185 0.401921 -6.055080
v -6.483398 0.401921 -6.033867
v -6.485620 0.321983 -6.036088
v -6.483382 0.403099 -6.076277
v -6.462185 0.401921 -6.055080
v -6.464406 0.321983 -6.057302
v -6.504595 0.403099 -6.055064
v -6.483382 0.403099 -6.076277
v -6.485604 0.323161 -6.078499
v -6.483398 0.401921 -6.033867
v -6.504595 0.403099 -6.055064
v -6.506817 0.323161 -6.057286
v -6.483382 0.403099 -6.076277
v -6.504595 0.403099 -6.055064
v -6.483398 0.401921 -6.033867
v -6.055079 0.401921 -6.462185
v -6.057301 0.321983 -6.464407
v -6.036088 0.321983 -6.485620
v -6.076277 0.403099 -6.483383
v -6.078498 0.323161 -6.485604
v -6.057301 0.321983 -6.464407
v -6.055063 0.403099 -6.504596
v -6.057285 0.323161 -6.506818
v -6.078498 0.323161 -6.485604
v -6.033866 0.401921 -6.483398
v -6.036088 0.321983 -6.485620
v -6.057285 0.323161 -6.506818
v -6.076277 0.403099 -6.483383
v -6.055079 0.401921 -6.462185
v -6.033866 0.401921 -6.483398
v -5.888118 0.375059 -6.552799
v -6.552799 0.375059 -5.888119
v -6.554465 0.315105 -5.889785
v -5.987036 0.380558 -6.651717
v -5.888118 0.375059 -6.552799
v -5.889784 0.315104 -6.554465
v -6.651717 0.380558 -5.987037
v -5.987036 0.380558 -6.651717
v -5.988702 0.320603 -6.653384
v -6.552799 0.375059 -5.888119
v -6.651717 0.380558 -5.987037
v -6.653383 0.320604 -5.988703
v -5.987036 0.380558 -6.651717
v -6.651717 0.380558 -5.987037
v -6.552799 0.375059 -5.888119
v -5.889784 0.315104 -6.554465
v -6.554465 0.315105 -5.889785
v -6.653383 0.320604 -5.988703
v -7.288661 0.463546 -6.838627
v -7.281848 0.463546 -6.845439
v -6.575287 0.424270 -6.138878
v -3.049294 0.227883 -2.599261
v -2.342733 0.188606 -1.892699
v -2.343575 0.158334 -1.893541
v -5.868726 0.384992 -5.432317
v -6.575287 0.424270 -6.138878
v -6.574893 0.438478 -6.138484
v -6.638825 0.411740 -6.231720
v -6.660038 0.411740 -6.210507
v -6.662261 0.331802 -6.212729
v -6.660023 0.412919 -6.252918
v -6.638825 0.411740 -6.231720
v -6.641047 0.331802 -6.233942
v -6.681236 0.412919 -6.231705
v -6.660023 0.412919 -6.252918
v -6.662244 0.332980 -6.255139
v -6.660038 0.411740 -6.210507
v -6.681236 0.412919 -6.231705
v -6.683458 0.332980 -6.233926
v -6.660023 0.412919 -6.252918
v -6.681236 0.412919 -6.231705
v -6.660038 0.411740 -6.210507
v -6.231720 0.411739 -6.638826
v -6.233942 0.331802 -6.641047
v -6.212729 0.331802 -6.662261
v -6.252917 0.412919 -6.660023
v -6.255139 0.332980 -6.662245
v -6.233942 0.331802 -6.641047
v -6.231704 0.412919 -6.681236
v -6.233926 0.332980 -6.683458
v -6.255139 0.332980 -6.662245
v -6.210506 0.411739 -6.660039
v -6.212729 0.331802 -6.662261
v -6.233926 0.332980 -6.683458
v -6.252917 0.412919 -6.660023
v -6.231720 0.411739 -6.638826
v -6.210506 0.411739 -6.660039
v -6.064759 0.384878 -6.729440
v -6.729439 0.384878 -6.064759
v -6.731105 0.324924 -6.066425
v -6.163677 0.390377 -6.828358
v -6.064759 0.384878 -6.729440
v -6.066425 0.324923 -6.731106
v -6.828357 0.390377 -6.163677
v -6.163677 0.390377 -6.828358
v -6.165343 0.330422 -6.830024
v -6.729439 0.384878 -6.064759
v -6.828357 0.390377 -6.163677
v -6.830023 0.330423 -6.165343
v -6.163677 0.390377 -6.828358
v -6.828357 0.390377 -6.163677
v -6.729439 0.384878 -6.064759
v -6.066425 0.324923 -6.731106
v -6.731105 0.324924 -6.066425
v -6.830023 0.330423 -6.165343
v -5.863832 0.354721 -5.438894
v -5.876380 0.354721 -5.426346
v -5.169819 0.315444 -4.719785
v -3.779604 0.281369 -3.281283
v -3.779999 0.267161 -3.281678
v -3.073438 0.227883 -2.575117
v -6.815465 0.421560 -6.408360
v -6.836679 0.421560 -6.387147
v -6.838901 0.341621 -6.389369
v -6.836663 0.422738 -6.429558
v -6.815465 0.421560 -6.408360
v -6.817687 0.341621 -6.410582
v -6.857876 0.422738 -6.408344
v -6.836663 0.422738 -6.429558
v -6.838884 0.342800 -6.431779
v -6.836679 0.421560 -6.387147
v -6.857876 0.422738 -6.408344
v -6.860098 0.342800 -6.410566
v -6.836663 0.422738 -6.429558
v -6.857876 0.422738 -6.408344
v -6.836679 0.421560 -6.387147
v -6.408360 0.421559 -6.815466
v -6.410582 0.341621 -6.817688
v -6.389369 0.341621 -6.838901
v -6.429557 0.422737 -6.836663
v -6.431779 0.342799 -6.838885
v -6.410582 0.341621 -6.817688
v -6.408344 0.422737 -6.857876
v -6.410566 0.342799 -6.860098
v -6.431779 0.342799 -6.838885
v -6.387146 0.421559 -6.836679
v -6.389369 0.341621 -6.838901
v -6.410566 0.342799 -6.860098
v -6.429557 0.422737 -6.836663
v -6.408360 0.421559 -6.815466
v -6.387146 0.421559 -6.836679
v -6.241399 0.394697 -6.906079
v -6.906079 0.394697 -6.241399
v -6.907745 0.334744 -6.243065
v -6.340317 0.400195 -7.004998
v -6.241399 0.394697 -6.906079
v -6.243065 0.334743 -6.907746
v -7.004997 0.400196 -6.340318
v -6.340317 0.400195 -7.004998
v -6.341983 0.340241 -7.006664
v -6.906079 0.394697 -6.241399
v -7.004997 0.400196 -6.340318
v -7.006663 0.340242 -6.341984
v -6.340317 0.400195 -7.004998
v -7.004997 0.400196 -6.340318
v -6.906079 0.394697 -6.241399
v -6.243065 0.334743 -6.907746
v -6.907745 0.334744 -6.243065
v -7.006663 0.340242 -6.341984
v -7.281454 0.477755 -6.845045
v -7.312409 0.477755 -6.814089
v -6.605848 0.438478 -6.107528
v -6.582941 0.393998 -6.132907
v -7.289502 0.433275 -6.839468
v -7.288661 0.463546 -6.838627
v -7.276955 0.433275 -6.852016
v -7.289502 0.433275 -6.839468
v -6.582941 0.393998 -6.132907
v -7.305992 0.463546 -6.821296
v -7.306833 0.433275 -6.822137
v -6.600272 0.393998 -6.115576
v -6.992106 0.431378 -6.585001
v -7.013319 0.431378 -6.563787
v -7.015541 0.351440 -6.566010
v -7.013303 0.432556 -6.606198
v -6.992106 0.431378 -6.585001
v -6.994328 0.351440 -6.587223
v -7.034516 0.432556 -6.584985
v -7.013303 0.432556 -6.606198
v -7.015525 0.352618 -6.608420
v -7.013319 0.431378 -6.563787
v -7.034516 0.432556 -6.584985
v -7.036738 0.352618 -6.587207
v -7.013303 0.432556 -6.606198
v -7.034516 0.432556 -6.584985
v -7.013319 0.431378 -6.563787
v -6.585001 0.431378 -6.992106
v -6.587222 0.351440 -6.994328
v -6.566009 0.351440 -7.015542
v -6.606198 0.432556 -7.013304
v -6.608419 0.352618 -7.015525
v -6.587222 0.351440 -6.994328
v -6.584984 0.432556 -7.034517
v -6.587206 0.352618 -7.036739
v -6.608419 0.352618 -7.015525
v -6.563787 0.431378 -7.013319
v -6.566009 0.351440 -7.015542
v -6.587206 0.352618 -7.036739
v -6.606198 0.432556 -7.013304
v -6.585001 0.431378 -6.992106
v -6.563787 0.431378 -7.013319
v -6.418039 0.404516 -7.082720
v -7.082720 0.404517 -6.418040
v -7.084386 0.344563 -6.419706
v -6.516957 0.410015 -7.181638
v -6.418039 0.404516 -7.082720
v -6.419705 0.344562 -7.084386
v -7.181638 0.410015 -6.516958
v -6.516957 0.410015 -7.181638
v -6.518623 0.350061 -7.183304
v -7.082720 0.404517 -6.418040
v -7.181638 0.410015 -6.516958
v -7.183304 0.350062 -6.518624
v -6.516957 0.410015 -7.181638
v -7.181638 0.410015 -6.516958
v -7.082720 0.404517 -6.418040
v -6.419705 0.344562 -7.084386
v -7.084386 0.344563 -6.419706
v -7.183304 0.350062 -6.518624
v -6.612820 0.393998 -6.103029
v -7.319381 0.433275 -6.809590
v -7.319811 0.417800 -6.810020
v -7.319811 0.417800 -6.810020
v -7.277385 0.417800 -6.852447
v -6.570824 0.378524 -6.145885
v -7.168746 0.441197 -6.761641
v -7.189959 0.441197 -6.740428
v -7.192181 0.361259 -6.742650
v -7.189943 0.442376 -6.782838
v -7.168746 0.441197 -6.761641
v -7.170968 0.361259 -6.763863
v -7.211156 0.442376 -6.761625
v -7.189943 0.442376 -6.782838
v -7.192165 0.362437 -6.785060
v -7.189959 0.441197 -6.740428
v -7.211156 0.442376 -6.761625
v -7.213378 0.362437 -6.763847
v -7.189943 0.442376 -6.782838
v -7.211156 0.442376 -6.761625
v -7.189959 0.441197 -6.740428
v -6.761641 0.441197 -7.168746
v -6.763862 0.361259 -7.170968
v -6.742649 0.361259 -7.192182
v -6.782838 0.442376 -7.189944
v -6.785059 0.362437 -7.192165
v -6.763862 0.361259 -7.170968
v -6.761624 0.442376 -7.211157
v -6.763846 0.362437 -7.213379
v -6.785059 0.362437 -7.192165
v -6.740427 0.441197 -7.189960
v -6.742649 0.361259 -7.192182
v -6.763846 0.362437 -7.213379
v -6.782838 0.442376 -7.189944
v -6.761641 0.441197 -7.168746
v -6.740427 0.441197 -7.189960
v -6.594679 0.414335 -7.259360
v -7.259360 0.414335 -6.594680
v -7.261026 0.354382 -6.596346
v -6.693597 0.419834 -7.358278
v -6.594679 0.414335 -7.259360
v -6.596345 0.354381 -7.261026
v -7.358278 0.419834 -6.693598
v -6.693597 0.419834 -7.358278
v -6.695263 0.359880 -7.359945
v -7.259360 0.414335 -6.594680
v -7.358278 0.419834 -6.693598
v -7.359944 0.359881 -6.695264
v -6.693597 0.419834 -7.358278
v -7.358278 0.419834 -6.693598
v -7.259360 0.414335 -6.594680
v -6.596345 0.354381 -7.261026
v -7.261026 0.354382 -6.596346
v -7.359944 0.359881 -6.695264
v -3.756697 0.236889 -3.306663
v -3.050136 0.197612 -2.600102
v -3.037588 0.197612 -2.612649
v -7.281454 0.477755 -6.845045
v -6.574893 0.438478 -6.138484
v -6.575287 0.424270 -6.138878
v -4.486165 0.320646 -3.987844
v -4.486560 0.306438 -3.988240
v -3.779999 0.267161 -3.281678
v -2.366482 0.202814 -1.868161
v -2.366877 0.188606 -1.868556
v -1.660315 0.149329 -1.161995
v -7.345387 0.451016 -6.938282
v -7.366600 0.451016 -6.917068
v -7.368822 0.371078 -6.919290
v -7.366584 0.452195 -6.959479
v -7.345387 0.451016 -6.938282
v -7.347608 0.371078 -6.940503
v -7.387797 0.452195 -6.938266
v -7.366584 0.452195 -6.959479
v -7.368805 0.372257 -6.961700
v -7.366600 0.451016 -6.917068
v -7.387797 0.452195 -6.938266
v -7.390019 0.372257 -6.940487
v -7.366584 0.452195 -6.959479
v -7.387797 0.452195 -6.938266
v -7.366600 0.451016 -6.917068
v -6.938281 0.451016 -7.345387
v -6.940503 0.371078 -7.347609
v -6.919290 0.371078 -7.368822
v -6.959478 0.452195 -7.366584
v -6.961700 0.372257 -7.368806
v -6.940503 0.371078 -7.347609
v -6.938265 0.452195 -7.387797
v -6.940487 0.372257 -7.390019
v -6.961700 0.372257 -7.368806
v -6.917068 0.451016 -7.366600
v -6.919290 0.371078 -7.368822
v -6.940487 0.372257 -7.390019
v -6.959478 0.452195 -7.366584
v -6.938281 0.451016 -7.345387
v -6.917068 0.451016 -7.366600
v -6.771320 0.424154 -7.436001
v -7.436000 0.424154 -6.771320
v -7.437666 0.364201 -6.772986
v -6.870238 0.429653 -7.534919
v -6.771320 0.424154 -7.436001
v -6.772986 0.364201 -7.437667
v -7.534918 0.429653 -6.870238
v -6.870238 0.429653 -7.534919
v -6.871904 0.369699 -7.536585
v -7.436000 0.424154 -6.771320
v -7.534918 0.429653 -6.870238
v -7.536584 0.369700 -6.871904
v -6.870238 0.429653 -7.534919
v -7.534918 0.429653 -6.870238
v -7.436000 0.424154 -6.771320
v -6.772986 0.364201 -7.437667
v -7.437666 0.364201 -6.772986
v -7.536584 0.369700 -6.871904
v -6.575287 0.424270 -6.138878
v -5.868726 0.384992 -5.432317
v -5.875538 0.384992 -5.425505
v -7.995222 0.502823 -7.545188
v -7.288661 0.463546 -6.838627
v -7.289502 0.433275 -6.839468
v -7.522027 0.460836 -7.114922
v -7.543240 0.460836 -7.093709
v -7.545462 0.380898 -7.095931
v -7.543224 0.462014 -7.136119
v -7.522027 0.460836 -7.114922
v -7.524248 0.380898 -7.117144
v -7.564437 0.462014 -7.114906
v -7.543224 0.462014 -7.136119
v -7.545445 0.382076 -7.138341
v -7.543240 0.460836 -7.093709
v -7.564437 0.462014 -7.114906
v -7.566659 0.382076 -7.117128
v -7.543224 0.462014 -7.136119
v -7.564437 0.462014 -7.114906
v -7.543240 0.460836 -7.093709
v -7.114921 0.460836 -7.522027
v -7.117143 0.380898 -7.524249
v -7.095930 0.380898 -7.545463
v -7.136118 0.462014 -7.543225
v -7.138340 0.382076 -7.545446
v -7.117143 0.380898 -7.524249
v -7.114905 0.462014 -7.564438
v -7.117127 0.382076 -7.566660
v -7.138340 0.382076 -7.545446
v -7.093708 0.460836 -7.543241
v -7.095930 0.380898 -7.545463
v -7.117127 0.382076 -7.566660
v -7.136118 0.462014 -7.543225
v -7.114921 0.460836 -7.522027
v -7.093708 0.460836 -7.543241
v -6.947960 0.433974 -7.612640
v -7.612640 0.433974 -6.947960
v -7.614306 0.374020 -6.949626
v -7.046878 0.439472 -7.711559
v -6.947960 0.433974 -7.612640
v -6.949626 0.374020 -7.614307
v -7.711558 0.439472 -7.046879
v -7.046878 0.439472 -7.711559
v -7.048544 0.379519 -7.713225
v -7.612640 0.433974 -6.947960
v -7.711558 0.439472 -7.046879
v -7.713224 0.379519 -7.048545
v -7.046878 0.439472 -7.711559
v -7.711558 0.439472 -7.046879
v -7.612640 0.433974 -6.947960
v -6.949626 0.374020 -7.614307
v -7.614306 0.374020 -6.949626
v -7.713224 0.379519 -7.048545
v -8.018970 0.517031 -7.520650
v -7.312409 0.477755 -6.814089
v -7.281454 0.477755 -6.845045
v -8.026372 0.457078 -7.516581
v -7.983946 0.457078 -7.559008
v -7.277385 0.417800 -6.852447
v -2.342733 0.188606 -1.892699
v -2.335921 0.188606 -1.899512
v -1.629360 0.149329 -1.192950
v -7.698667 0.470655 -7.291562
v -7.719880 0.470655 -7.270349
v -7.722102 0.390717 -7.272571
v -7.719864 0.471833 -7.312759
v -7.698667 0.470655 -7.291562
v -7.700889 0.390717 -7.293784
v -7.741077 0.471833 -7.291546
v -7.719864 0.471833 -7.312759
v -7.722086 0.391895 -7.314981
v -7.719880 0.470655 -7.270349
v -7.741077 0.471833 -7.291546
v -7.743299 0.391895 -7.293768
v -7.719864 0.471833 -7.312759
v -7.741077 0.471833 -7.291546
v -7.719880 0.470655 -7.270349
v -7.291562 0.470655 -7.698668
v -7.293783 0.390717 -7.700889
v -7.272570 0.390717 -7.722103
v -7.312759 0.471833 -7.719865
v -7.314981 0.391895 -7.722086
v -7.293783 0.390717 -7.700889
v -7.291545 0.471833 -7.741078
v -7.293767 0.391895 -7.743300
v -7.314981 0.391895 -7.722086
v -7.270348 0.470655 -7.719881
v -7.272570 0.390717 -7.722103
v -7.293767 0.391895 -7.743300
v -7.312759 0.471833 -7.719865
v -7.291562 0.470655 -7.698668
v -7.270348 0.470655 -7.719881
v -7.124600 0.443793 -7.789281
v -7.789281 0.443793 -7.124601
v -7.790947 0.383839 -7.126267
v -7.223518 0.449292 -7.888199
v -7.124600 0.443793 -7.789281
v -7.126266 0.383839 -7.790947
v -7.888199 0.449292 -7.223519
v -7.223518 0.449292 -7.888199
v -7.225184 0.389338 -7.889865
v -7.789281 0.443793 -7.124601
v -7.888199 0.449292 -7.223519
v -7.889865 0.389338 -7.225185
v -7.223518 0.449292 -7.888199
v -7.888199 0.449292 -7.223519
v -7.789281 0.443793 -7.124601
v -7.126266 0.383839 -7.790947
v -7.790947 0.383839 -7.126267
v -7.889865 0.389338 -7.225185
v -7.983516 0.472552 -7.558578
v -7.996063 0.472552 -7.546030
v -7.289502 0.433275 -6.839468
v -8.702624 0.511829 -8.252591
v -7.996063 0.472552 -7.546030
v -7.983516 0.472552 -7.558578
v -8.025942 0.472552 -7.516151
v -7.319381 0.433275 -6.809590
v -7.306833 0.433275 -6.822137
v -8.012553 0.502823 -7.527857
v -8.013394 0.472552 -7.528698
v -7.306833 0.433275 -6.822137
v -7.875307 0.480474 -7.468203
v -7.896520 0.480474 -7.446989
v -7.898742 0.400536 -7.449211
v -7.896504 0.481653 -7.489400
v -7.875307 0.480474 -7.468203
v -7.877529 0.400536 -7.470424
v -7.917717 0.481653 -7.468186
v -7.896504 0.481653 -7.489400
v -7.898726 0.401715 -7.491621
v -7.896520 0.480474 -7.446989
v -7.917717 0.481653 -7.468186
v -7.919940 0.401715 -7.470408
v -7.896504 0.481653 -7.489400
v -7.917717 0.481653 -7.468186
v -7.896520 0.480474 -7.446989
v -7.468202 0.480474 -7.875308
v -7.470423 0.400536 -7.877530
v -7.449210 0.400536 -7.898743
v -7.489399 0.481653 -7.896505
v -7.491621 0.401715 -7.898727
v -7.470423 0.400536 -7.877530
v -7.468185 0.481653 -7.917718
v -7.470407 0.401715 -7.919940
v -7.491621 0.401715 -7.898727
v -7.446988 0.480474 -7.896521
v -7.449210 0.400536 -7.898743
v -7.470407 0.401715 -7.919940
v -7.489399 0.481653 -7.896505
v -7.468202 0.480474 -7.875308
v -7.446988 0.480474 -7.896521
v -7.301240 0.453612 -7.965921
v -7.965921 0.453612 -7.301241
v -7.967587 0.393659 -7.302907
v -7.400158 0.459111 -8.064839
v -7.301240 0.453612 -7.965921
v -7.302907 0.393659 -7.967587
v -8.064838 0.459111 -7.400159
v -7.400158 0.459111 -8.064839
v -7.401824 0.399157 -8.066506
v -7.965921 0.453612 -7.301241
v -8.064838 0.459111 -7.400159
v -8.066505 0.399157 -7.401825
v -7.400158 0.459111 -8.064839
v -8.064838 0.459111 -7.400159
v -7.965921 0.453612 -7.301241
v -7.302907 0.393659 -7.967587
v -7.967587 0.393659 -7.302907
v -8.066505 0.399157 -7.401825
v -7.995222 0.502823 -7.545188
v -7.988410 0.502823 -7.552001
v -7.281848 0.463546 -6.845439
v -8.019365 0.502823 -7.521045
v -7.312804 0.463546 -6.814484
v -7.312409 0.477755 -6.814089
v -8.732503 0.511829 -8.222713
v -8.025942 0.472552 -7.516151
v -8.013394 0.472552 -7.528698
v -8.051948 0.490294 -7.644843
v -8.073161 0.490294 -7.623630
v -8.075382 0.410355 -7.625851
v -8.073145 0.491472 -7.666040
v -8.051948 0.490294 -7.644843
v -8.054170 0.410355 -7.647064
v -8.094358 0.491472 -7.644827
v -8.073145 0.491472 -7.666040
v -8.075367 0.411534 -7.668262
v -8.073161 0.490294 -7.623630
v -8.094358 0.491472 -7.644827
v -8.096580 0.411534 -7.647048
v -8.073145 0.491472 -7.666040
v -8.094358 0.491472 -7.644827
v -8.073161 0.490294 -7.623630
v -7.644842 0.490294 -8.051948
v -7.647064 0.410355 -8.054170
v -7.625851 0.410355 -8.075383
v -7.666039 0.491472 -8.073145
v -7.668261 0.411534 -8.075367
v -7.647064 0.410355 -8.054170
v -7.644826 0.491472 -8.094358
v -7.647048 0.411534 -8.096581
v -7.668261 0.411534 -8.075367
v -7.623629 0.490294 -8.073161
v -7.625851 0.410355 -8.075383
v -7.647048 0.411534 -8.096581
v -7.666039 0.491472 -8.073145
v -7.644842 0.490294 -8.051948
v -7.623629 0.490294 -8.073161
v -7.477881 0.463432 -8.142562
v -8.142561 0.463432 -7.477881
v -8.144228 0.403478 -7.479548
v -7.576799 0.468930 -8.241480
v -7.477881 0.463432 -8.142562
v -7.479547 0.403478 -8.144228
v -8.241479 0.468930 -7.576799
v -7.576799 0.468930 -8.241480
v -7.578465 0.408977 -8.243146
v -8.142561 0.463432 -7.477881
v -8.241479 0.468930 -7.576799
v -8.243146 0.408977 -7.578465
v -7.576799 0.468930 -8.241480
v -8.241479 0.468930 -7.576799
v -8.142561 0.463432 -7.477881
v -7.479547 0.403478 -8.144228
v -8.144228 0.403478 -7.479548
v -8.243146 0.408977 -7.578465
v -1.624896 0.103583 -1.199957
v -0.918335 0.064306 -0.493396
v -0.960761 0.064306 -0.450970
v -8.701783 0.542101 -8.251750
v -7.995222 0.502823 -7.545188
v -7.996063 0.472552 -7.546030
v -8.719114 0.542101 -8.234419
v -8.719955 0.511829 -8.235260
v -8.013394 0.472552 -7.528698
v -2.366877 0.188606 -1.868556
v -2.360064 0.188606 -1.875368
v -1.653503 0.149329 -1.168807
v -8.228588 0.500113 -7.821483
v -8.249802 0.500113 -7.800269
v -8.252023 0.420175 -7.802491
v -8.249785 0.501291 -7.842680
v -8.228588 0.500113 -7.821483
v -8.230810 0.420175 -7.823704
v -8.270999 0.501291 -7.821466
v -8.249785 0.501291 -7.842680
v -8.252007 0.421353 -7.844902
v -8.249802 0.500113 -7.800269
v -8.270999 0.501291 -7.821466
v -8.273220 0.421353 -7.823689
v -8.249785 0.501291 -7.842680
v -8.270999 0.501291 -7.821466
v -8.249802 0.500113 -7.800269
v -7.821483 0.500113 -8.228588
v -7.823704 0.420175 -8.230810
v -7.802491 0.420175 -8.252023
v -7.842680 0.501291 -8.249785
v -7.844902 0.421353 -8.252007
v -7.823704 0.420175 -8.230810
v -7.821466 0.501291 -8.270999
v -7.823689 0.421353 -8.273220
v -7.844902 0.421353 -8.252007
v -7.800269 0.500113 -8.249802
v -7.802491 0.420175 -8.252023
v -7.823689 0.421353 -8.273220
v -7.842680 0.501291 -8.249785
v -7.821483 0.500113 -8.228588
v -7.800269 0.500113 -8.249802
v -7.654521 0.473251 -8.319201
v -8.319201 0.473251 -7.654521
v -8.320868 0.413297 -7.656188
v -7.753439 0.478750 -8.418119
v -7.654521 0.473251 -8.319201
v -7.656187 0.413297 -8.320868
v -8.418119 0.478750 -7.753439
v -7.753439 0.478750 -8.418119
v -7.755105 0.418796 -8.419786
v -8.319201 0.473251 -7.654521
v -8.418119 0.478750 -7.753439
v -8.419786 0.418796 -7.755105
v -7.753439 0.478750 -8.418119
v -8.418119 0.478750 -7.753439
v -8.319201 0.473251 -7.654521
v -7.656187 0.413297 -8.320868
v -8.320868 0.413297 -7.656188
v -8.419786 0.418796 -7.755105
v -8.405228 0.509932 -7.998123
v -8.426441 0.509932 -7.976910
v -8.428662 0.429994 -7.979132
v -8.426425 0.511111 -8.019320
v -8.405228 0.509932 -7.998123
v -8.407450 0.429994 -8.000345
v -8.447639 0.511111 -7.998107
v -8.426425 0.511111 -8.019320
v -8.428647 0.431172 -8.021543
v -8.426441 0.509932 -7.976910
v -8.447639 0.511111 -7.998107
v -8.449860 0.431172 -8.000329
v -8.426425 0.511111 -8.019320
v -8.447639 0.511111 -7.998107
v -8.426441 0.509932 -7.976910
v -7.998122 0.509932 -8.405229
v -8.000344 0.429994 -8.407451
v -7.979131 0.429994 -8.428663
v -8.019320 0.511111 -8.426426
v -8.021542 0.431172 -8.428648
v -8.000344 0.429994 -8.407451
v -7.998106 0.511111 -8.447639
v -8.000328 0.431172 -8.449861
v -8.021542 0.431172 -8.428648
v -7.976909 0.509932 -8.426442
v -7.979131 0.429994 -8.428663
v -8.000328 0.431172 -8.449861
v -8.019320 0.511111 -8.426426
v -7.998122 0.509932 -8.405229
v -7.976909 0.509932 -8.426442
v -7.831161 0.483070 -8.495842
v -8.495841 0.483070 -7.831162
v -8.497508 0.423117 -7.832828
v -7.930079 0.488569 -8.594760
v -7.831161 0.483070 -8.495842
v -7.832827 0.423117 -8.497509
v -8.594759 0.488569 -7.930080
v -7.930079 0.488569 -8.594760
v -7.931745 0.428615 -8.596427
v -8.495841 0.483070 -7.831162
v -8.594759 0.488569 -7.930080
v -8.596426 0.428615 -7.931746
v -7.930079 0.488569 -8.594760
v -8.594759 0.488569 -7.930080
v -8.495841 0.483070 -7.831162
v -7.832827 0.423117 -8.497509
v -8.497508 0.423117 -7.832828
v -8.596426 0.428615 -7.931746
v -8.694575 0.556309 -8.258167
v -8.725532 0.556309 -8.227212
v -8.018970 0.517031 -7.520650
v -8.581868 0.519752 -8.174764
v -8.603082 0.519752 -8.153550
v -8.605303 0.439813 -8.155772
v -8.603065 0.520930 -8.195961
v -8.581868 0.519752 -8.174764
v -8.584090 0.439813 -8.176986
v -8.624279 0.520930 -8.174747
v -8.603065 0.520930 -8.195961
v -8.605288 0.440992 -8.198183
v -8.603082 0.519752 -8.153550
v -8.624279 0.520930 -8.174747
v -8.626500 0.440992 -8.176970
v -8.603065 0.520930 -8.195961
v -8.624279 0.520930 -8.174747
v -8.603082 0.519752 -8.153550
v -8.174763 0.519752 -8.581869
v -8.176985 0.439813 -8.584091
v -8.155771 0.439813 -8.605304
v -8.195960 0.520930 -8.603066
v -8.198182 0.440992 -8.605289
v -8.176985 0.439813 -8.584091
v -8.174747 0.520930 -8.624280
v -8.176969 0.440992 -8.626501
v -8.198182 0.440992 -8.605289
v -8.153549 0.519752 -8.603083
v -8.155771 0.439813 -8.605304
v -8.176969 0.440992 -8.626501
v -8.195960 0.520930 -8.603066
v -8.174763 0.519752 -8.581869
v -8.153549 0.519752 -8.603083
v -8.007801 0.492890 -8.672482
v -8.672482 0.492890 -8.007802
v -8.674149 0.432936 -8.009469
v -8.106719 0.498388 -8.771400
v -8.007801 0.492890 -8.672482
v -8.009468 0.432936 -8.674150
v -8.771399 0.498388 -8.106720
v -8.106719 0.498388 -8.771400
v -8.108386 0.438435 -8.773067
v -8.672482 0.492890 -8.007802
v -8.771399 0.498388 -8.106720
v -8.773067 0.438435 -8.108387
v -8.106719 0.498388 -8.771400
v -8.771399 0.498388 -8.106720
v -8.672482 0.492890 -8.007802
v -8.009468 0.432936 -8.674150
v -8.674149 0.432936 -8.009469
v -8.773067 0.438435 -8.108387
v -8.758509 0.529571 -8.351404
v -8.779722 0.529571 -8.330191
v -8.781943 0.449633 -8.332413
v -8.779706 0.530749 -8.372602
v -8.758509 0.529571 -8.351404
v -8.760731 0.449633 -8.353626
v -8.800920 0.530749 -8.351388
v -8.779706 0.530749 -8.372602
v -8.781928 0.450811 -8.374824
v -8.779722 0.529571 -8.330191
v -8.800920 0.530749 -8.351388
v -8.803141 0.450811 -8.353610
v -8.779706 0.530749 -8.372602
v -8.800920 0.530749 -8.351388
v -8.779722 0.529571 -8.330191
v -8.351403 0.529571 -8.758510
v -8.353625 0.449633 -8.760732
v -8.332412 0.449633 -8.781944
v -8.372601 0.530749 -8.779707
v -8.374823 0.450811 -8.781929
v -8.353625 0.449633 -8.760732
v -8.351387 0.530749 -8.800920
v -8.353609 0.450811 -8.803142
v -8.374823 0.450811 -8.781929
v -8.330190 0.529571 -8.779723
v -8.332412 0.449633 -8.781944
v -8.353609 0.450811 -8.803142
v -8.372601 0.530749 -8.779707
v -8.351403 0.529571 -8.758510
v -8.330190 0.529571 -8.779723
v -8.184442 0.502709 -8.849123
v -8.849122 0.502709 -8.184443
v -8.850789 0.442755 -8.186110
v -8.283360 0.508208 -8.948041
v -8.184442 0.502709 -8.849123
v -8.186109 0.442755 -8.850790
v -8.948040 0.508208 -8.283360
v -8.283360 0.508208 -8.948041
v -8.285027 0.448254 -8.949708
v -8.849122 0.502709 -8.184443
v -8.948040 0.508208 -8.283360
v -8.949707 0.448254 -8.285028
v -8.283360 0.508208 -8.948041
v -8.948040 0.508208 -8.283360
v -8.849122 0.502709 -8.184443
v -8.186109 0.442755 -8.850790
v -8.850789 0.442755 -8.186110
v -8.949707 0.448254 -8.285028
v -9.241145 0.585417 -8.758855
v -9.249160 0.585417 -8.750840
v -8.725532 0.556309 -8.227212
v -8.694575 0.556309 -8.258167
v -8.935149 0.539390 -8.528044
v -8.956363 0.539390 -8.506830
v -8.958584 0.459452 -8.509052
v -8.956347 0.540569 -8.549241
v -8.935149 0.539390 -8.528044
v -8.937371 0.459452 -8.530266
v -8.977560 0.540569 -8.528028
v -8.956347 0.540569 -8.549241
v -8.958569 0.460630 -8.551463
v -8.956363 0.539390 -8.506830
v -8.977560 0.540569 -8.528028
v -8.979781 0.460630 -8.530250
v -8.956347 0.540569 -8.549241
v -8.977560 0.540569 -8.528028
v -8.956363 0.539390 -8.506830
v -8.528044 0.539390 -8.935149
v -8.530266 0.459452 -8.937371
v -8.509052 0.459452 -8.958584
v -8.549241 0.540569 -8.956347
v -8.551463 0.460630 -8.958569
v -8.530266 0.459452 -8.937371
v -8.528028 0.540569 -8.977560
v -8.530250 0.460630 -8.979781
v -8.551463 0.460630 -8.958569
v -8.506830 0.539390 -8.956363
v -8.509052 0.459452 -8.958584
v -8.530250 0.460630 -8.979781
v -8.549241 0.540569 -8.956347
v -8.528044 0.539390 -8.935149
v -8.506830 0.539390 -8.956363
v -8.361082 0.512528 -9.025763
v -9.025763 0.512528 -8.361082
v -9.027430 0.452574 -8.362749
v -8.460000 0.518027 -9.124681
v -8.361082 0.512528 -9.025763
v -8.362749 0.452574 -9.027430
v -9.124681 0.518027 -8.460000
v -8.460000 0.518027 -9.124681
v -8.461667 0.458073 -9.126348
v -9.025763 0.512528 -8.361082
v -9.124681 0.518027 -8.460000
v -9.126348 0.458073 -8.461667
v -8.460000 0.518027 -9.124681
v -9.124681 0.518027 -8.460000
v -9.025763 0.512528 -8.361082
v -8.362749 0.452574 -9.027430
v -9.027430 0.452574 -8.362749
v -9.126348 0.458073 -8.461667
v -9.225017 0.563311 -8.774983
v -8.702624 0.511829 -8.252591
v -9.225017 0.540869 -8.774983
v -9.242348 0.548762 -8.757652
v -8.719114 0.542101 -8.234419
v -9.242348 0.571187 -8.757652
v -9.111789 0.549210 -8.704684
v -9.133002 0.549210 -8.683471
v -9.135223 0.469271 -8.685693
v -9.132986 0.550388 -8.725882
v -9.111789 0.549210 -8.704684
v -9.114011 0.469271 -8.706906
v -9.154200 0.550388 -8.704668
v -9.132986 0.550388 -8.725882
v -9.135208 0.470450 -8.728104
v -9.133002 0.549210 -8.683471
v -9.154200 0.550388 -8.704668
v -9.156421 0.470450 -8.706890
v -9.132986 0.550388 -8.725882
v -9.154200 0.550388 -8.704668
v -9.133002 0.549210 -8.683471
v -8.704683 0.549210 -9.111790
v -8.706905 0.469271 -9.114012
v -8.685692 0.469271 -9.135224
v -8.725881 0.550388 -9.132987
v -8.728103 0.470450 -9.135209
v -8.706905 0.469271 -9.114012
v -8.704667 0.550388 -9.154201
v -8.706889 0.470450 -9.156422
v -8.728103 0.470450 -9.135209
v -8.683470 0.549210 -9.133003
v -8.685692 0.469271 -9.135224
v -8.706889 0.470450 -9.156422
v -8.725881 0.550388 -9.132987
v -8.704683 0.549210 -9.111790
v -8.683470 0.549210 -9.133003
v -8.537722 0.522348 -9.202403
v -9.202402 0.522348 -8.537723
v -9.204069 0.462394 -8.539390
v -8.636640 0.527846 -9.301321
v -8.537722 0.522348 -9.202403
v -8.539389 0.462394 -9.204070
v -9.301320 0.527846 -8.636641
v -8.636640 0.527846 -9.301321
v -8.638307 0.467893 -9.302988
v -9.202402 0.522348 -8.537723
v -9.301320 0.527846 -8.636641
v -9.302987 0.467893 -8.638308
v -8.636640 0.527846 -9.301321
v -9.301320 0.527846 -8.636641
v -9.202402 0.522348 -8.537723
v -8.539389 0.462394 -9.204070
v -9.204069 0.462394 -8.539390
v -9.302987 0.467893 -8.638308
v -9.254895 0.529417 -8.745105
v -8.732503 0.511829 -8.222713
v -9.254895 0.540869 -8.745105
v -0.918335 0.064306 -0.493396
v -0.917905 0.079780 -0.492966
v -0.212470 0.041289 0.212469
v -0.960761 0.064306 -0.450970
v -0.960331 0.079780 -0.450540
v -1.666892 0.119057 -1.157101
v -2.360064 0.188606 -1.875368
v -2.360906 0.158334 -1.876210
v -1.654345 0.119057 -1.169648
v -2.360906 0.158334 -1.876210
v -2.373453 0.158334 -1.863662
v -1.666892 0.119057 -1.157101
v -8.690077 0.511829 -8.265139
v -7.983516 0.472552 -7.558578
v -7.983946 0.457078 -7.559008
v -2.373453 0.158334 -1.863662
v -3.080014 0.197612 -2.570223
v -3.080444 0.182138 -2.570653
v -7.312804 0.463546 -6.814484
v -7.305992 0.463546 -6.821296
v -6.599431 0.424270 -6.114735
v -9.249160 0.581731 -8.750840
v -9.249160 0.571187 -8.750840
v -8.725926 0.542101 -8.227607
v -3.755855 0.267161 -3.305822
v -3.749043 0.267161 -3.312634
v -3.042482 0.227883 -2.606073
v -9.218204 0.574878 -8.781796
v -8.694575 0.556309 -8.258167
v -8.694970 0.542101 -8.258562
v -9.218204 0.571187 -8.781796
v -9.223248 0.571187 -8.776752
v -9.218204 0.571187 -8.781796
v -8.694970 0.542101 -8.258562
v -9.245619 0.540869 -8.754381
v -9.254895 0.540869 -8.745105
v -8.732503 0.511829 -8.222713
v -0.249161 0.085803 0.249160
v -0.953359 0.124260 -0.455039
v -0.953754 0.110052 -0.455434
v -2.335921 0.188606 -1.899512
v -3.042482 0.227883 -2.606073
v -3.042087 0.242091 -2.605678
v -3.749043 0.267161 -3.312634
v -4.455604 0.306438 -4.019195
v -4.455209 0.320646 -4.018800
v -5.186309 0.345715 -4.701613
v -5.187150 0.315444 -4.702454
v -4.480589 0.276166 -3.995893
v -5.192726 0.359923 -4.694406
v -5.193121 0.345715 -4.694800
v -4.486560 0.306438 -3.988240
v -5.187150 0.315444 -4.702454
v -5.199697 0.315444 -4.689907
v -4.493136 0.276166 -3.983346
v -5.200128 0.299970 -4.690337
v -5.199697 0.315444 -4.689907
v -5.906259 0.354721 -5.396468
v -5.864263 0.339247 -5.439324
v -5.863832 0.354721 -5.438894
v -5.157271 0.315444 -4.732333
v -5.906689 0.339247 -5.396898
v -5.906259 0.354721 -5.396468
v -6.612820 0.393998 -6.103029
v -4.493567 0.260692 -3.983776
v -4.493136 0.276166 -3.983346
v -5.199697 0.315444 -4.689907
v -3.748648 0.281369 -3.312239
v -3.042087 0.242091 -2.605678
v -3.042482 0.227883 -2.606073
v -5.899287 0.399200 -5.400967
v -5.899682 0.384992 -5.401361
v -5.193121 0.345715 -4.694800
v -6.605848 0.438478 -6.107528
v -6.606243 0.424270 -6.107923
v -5.899682 0.384992 -5.401361
v -7.281454 0.477755 -6.845045
v -7.281848 0.463546 -6.845439
v -7.988410 0.502823 -7.552001
v -5.893711 0.354721 -5.409015
v -5.906259 0.354721 -5.396468
v -5.199697 0.315444 -4.689907
v -6.613250 0.378524 -6.103459
v -6.570824 0.378524 -6.145885
v -5.864263 0.339247 -5.439324
v -5.168977 0.345715 -4.718944
v -5.162165 0.345715 -4.725756
v -4.455604 0.306438 -4.019195
v -1.660315 0.149329 -1.161995
v -1.653503 0.149329 -1.168807
v -0.946942 0.110052 -0.462246
v -1.624466 0.119057 -1.199527
v -1.637013 0.119057 -1.186980
v -0.930452 0.079780 -0.480418
v -5.892870 0.384992 -5.408174
v -5.893711 0.354721 -5.409015
v -5.187150 0.315444 -4.702454
v -7.277385 0.417800 -6.852447
v -7.276955 0.433275 -6.852016
v -6.570394 0.393998 -6.145455
v -3.786575 0.236889 -3.276784
v -3.080014 0.197612 -2.570223
v -3.067467 0.197612 -2.582771
v -1.624896 0.103583 -1.199957
v -1.624466 0.119057 -1.199527
v -0.917905 0.079780 -0.492966
v -8.019365 0.502823 -7.521045
v -8.012553 0.502823 -7.527857
v -7.305992 0.463546 -6.821296
v -5.200128 0.299970 -4.690337
v -5.157701 0.299970 -4.732763
v -4.451140 0.260692 -4.026202
v -6.606243 0.424270 -6.107923
v -6.599431 0.424270 -6.114735
v -5.892870 0.384992 -5.408174
v -3.779999 0.267161 -3.281678
v -3.773186 0.267161 -3.288490
v -3.066625 0.227883 -2.581929
v -4.480589 0.276166 -3.995893
v -4.493136 0.276166 -3.983346
v -3.786575 0.236889 -3.276784
v -8.694575 0.556309 -8.258167
v -7.988015 0.517031 -7.551606
v -7.988410 0.502823 -7.552001
v -2.331027 0.158334 -1.906088
v -2.343575 0.158334 -1.893541
v -1.637013 0.119057 -1.186980
v -8.694970 0.542101 -8.258562
v -7.988410 0.502823 -7.552001
v -7.995222 0.502823 -7.545188
v -4.462416 0.306438 -4.012383
v -4.455604 0.306438 -4.019195
v -3.749043 0.267161 -3.312634
v -3.037588 0.197612 -2.612649
v -3.050136 0.197612 -2.600102
v -2.343575 0.158334 -1.893541
v -8.025942 0.472552 -7.516151
v -8.732503 0.511829 -8.222713
v -8.732933 0.496355 -8.223143
v -5.906689 0.339247 -5.396898
v -5.864263 0.339247 -5.439324
v -5.157701 0.299970 -4.732763
v -4.493567 0.260692 -3.983776
v -4.451140 0.260692 -4.026202
v -3.744579 0.221415 -3.319641
v -3.050136 0.197612 -2.600102
v -3.756697 0.236889 -3.306663
v -3.755855 0.267161 -3.305822
v -5.162165 0.345715 -4.725756
v -5.868726 0.384992 -5.432317
v -5.868331 0.399200 -5.431922
v -3.038018 0.182138 -2.613080
v -3.037588 0.197612 -2.612649
v -2.331027 0.158334 -1.906088
v -3.773186 0.267161 -3.288490
v -3.774028 0.236889 -3.289332
v -3.067467 0.197612 -2.582771
v -0.922404 0.124260 -0.485994
v -0.953359 0.124260 -0.455039
v -0.249161 0.085803 0.249160
v -5.157701 0.299970 -4.732763
v -5.157271 0.315444 -4.732333
v -4.450710 0.276166 -4.025772
v -0.218205 0.085803 0.218204
v -0.218205 0.071584 0.218204
v -0.922799 0.110052 -0.486389
v 0.218204 0.085803 -0.218205
v 0.218204 0.071584 -0.218205
v 0.225016 0.071584 -0.225017
v 0.242348 0.071584 -0.242348
v 0.249160 0.071584 -0.249161
v 0.249160 0.085803 -0.249161
v 0.254896 0.025803 -0.254896
v 0.254896 0.041289 -0.254896
v 0.242348 0.041289 -0.242349
v 0.225017 0.041289 -0.225018
v 0.212469 0.041289 -0.212470
v 0.212469 0.025803 -0.212470
v 0.225017 0.041289 -0.225018
v 0.242348 0.041289 -0.242349
v 0.242348 0.071584 -0.242348
v 0.225016 0.071584 -0.225017
v 0.218204 0.071584 -0.218205
v -0.486389 0.110052 -0.922799
v 0.242348 0.071584 -0.242348
v -0.462246 0.110052 -0.946942
v -0.455434 0.110052 -0.953754
v -0.450970 0.064306 -0.960761
v 0.254896 0.025803 -0.254896
v 0.212469 0.025803 -0.212470
v 0.242348 0.041289 -0.242349
v 0.254896 0.041289 -0.254896
v -0.450540 0.079780 -0.960331
v 0.212469 0.041289 -0.212470
v 0.225017 0.041289 -0.225018
v -0.480418 0.079780 -0.930452
v -3.988239 0.306438 -4.486560
v -3.995051 0.306438 -4.479748
v -4.701612 0.345715 -5.186309
v 0.225016 0.071584 -0.225017
v -0.479577 0.110052 -0.929611
v -0.480418 0.079780 -0.930452
v 0.242348 0.071584 -0.242348
v 0.242348 0.041289 -0.242349
v -0.463087 0.079780 -0.947784
v -8.748375 0.540869 -9.251625
v -8.235259 0.511829 -8.719956
v -8.222712 0.511829 -8.732504
v -8.745104 0.540869 -9.254896
v -0.450540 0.079780 -0.960331
v -1.157101 0.119057 -1.666892
v -1.169648 0.119057 -1.654345
v -0.455039 0.124260 -0.953359
v -1.161600 0.163537 -1.659921
v -1.192555 0.163537 -1.628965
v -1.186138 0.149329 -1.636172
v -1.186980 0.119057 -1.637013
v -0.480418 0.079780 -0.930452
v -7.559007 0.457078 -7.983946
v -6.852446 0.417800 -7.277385
v -6.852016 0.433274 -7.276955
v -3.988239 0.306438 -4.486560
v -4.694800 0.345715 -5.193121
v -4.694405 0.359923 -5.192727
v -3.983775 0.260692 -4.493567
v -3.983345 0.276166 -4.493137
v -3.276784 0.236889 -3.786576
v -1.892699 0.188606 -2.342733
v -1.893541 0.158334 -2.343575
v -1.186980 0.119057 -1.637013
v -6.138878 0.424269 -6.575288
v -6.845439 0.463546 -7.281849
v -6.838627 0.463546 -7.288661
v -2.612649 0.197612 -3.037588
v -3.319210 0.236889 -3.744149
v -3.319640 0.221415 -3.744579
v -1.899117 0.202814 -2.335526
v -1.192555 0.163537 -1.628965
v -1.161600 0.163537 -1.659921
v -1.864092 0.142860 -2.373883
v -1.906518 0.142860 -2.331457
v -2.613079 0.182138 -3.038018
v -4.025772 0.276166 -4.450711
v -4.732333 0.315444 -5.157272
v -4.732763 0.299970 -5.157702
v -7.516581 0.457078 -8.026373
v -7.559007 0.457078 -7.983946
v -8.265568 0.496355 -8.690508
v -2.613079 0.182138 -3.038018
v -1.906518 0.142860 -2.331457
v -1.906088 0.158334 -2.331027
v -1.186980 0.119057 -1.637013
v -1.893541 0.158334 -2.343575
v -1.906088 0.158334 -2.331027
v -1.899117 0.202814 -2.335526
v -1.899511 0.188606 -2.335921
v -1.192950 0.149329 -1.629360
v -6.103458 0.378523 -6.613250
v -6.103028 0.393997 -6.612820
v -5.396467 0.354721 -5.906259
v -1.199957 0.103583 -1.624896
v -0.493396 0.064306 -0.918335
v -0.492966 0.079780 -0.917905
v -2.574722 0.242091 -3.073043
v -3.281283 0.281369 -3.779604
v -3.312239 0.281369 -3.748648
v -2.575117 0.227883 -3.073438
v -3.281678 0.267161 -3.779999
v -3.281283 0.281369 -3.779604
v -4.026202 0.260692 -4.451141
v -3.319640 0.221415 -3.744579
v -3.319210 0.236889 -3.744149
v -3.277214 0.221415 -3.787006
v -3.276784 0.236889 -3.786576
v -2.570223 0.197612 -3.080014
v -4.026202 0.260692 -4.451141
v -4.732763 0.299970 -5.157702
v -4.690336 0.299970 -5.200128
v -1.168807 0.149329 -1.653503
v -1.875368 0.188606 -2.360065
v -1.868556 0.188606 -2.366877
v -2.582770 0.197612 -3.067467
v -3.289331 0.236889 -3.774028
v -3.288490 0.267161 -3.773187
v -2.613079 0.182138 -3.038018
v -3.319640 0.221415 -3.744579
v -3.277214 0.221415 -3.787006
v -2.570223 0.197612 -3.080014
v -3.276784 0.236889 -3.786576
v -3.289331 0.236889 -3.774028
v -4.025772 0.276166 -4.450711
v -4.013224 0.276166 -4.463258
v -4.719785 0.315444 -5.169819
v -3.281283 0.281369 -3.779604
v -3.281678 0.267161 -3.779999
v -3.988239 0.306438 -4.486560
v -4.018800 0.320646 -4.455210
v -3.312239 0.281369 -3.748648
v -3.281283 0.281369 -3.779604
v -1.868556 0.188606 -2.366877
v -1.875368 0.188606 -2.360065
v -2.581929 0.227883 -3.066626
v -0.462246 0.110052 -0.946942
v -1.168807 0.149329 -1.653503
v -1.161995 0.149329 -1.660316
v -8.258166 0.556309 -8.694576
v -7.551605 0.517031 -7.988015
v -7.520649 0.517031 -8.018970
v -8.781795 0.581731 -9.218205
v -8.781795 0.571187 -9.218205
v -8.258561 0.542101 -8.694971
v -6.145885 0.378523 -6.570824
v -5.439324 0.339247 -5.864263
v -5.438894 0.354721 -5.863833
v -4.718944 0.345715 -5.168978
v -4.719785 0.315444 -5.169819
v -4.013224 0.276166 -4.463258
v -2.612649 0.197612 -3.037588
v -2.600102 0.197612 -3.050136
v -3.306663 0.236889 -3.756697
v -8.745104 0.529417 -9.254896
v -8.745104 0.540869 -9.254896
v -8.222712 0.511829 -8.732504
v -4.694405 0.359923 -5.192727
v -5.400966 0.399200 -5.899288
v -5.431922 0.399200 -5.868332
v -4.012383 0.306438 -4.462417
v -4.013224 0.276166 -4.463258
v -3.306663 0.236889 -3.756697
v -1.863662 0.158334 -2.373453
v -2.570223 0.197612 -3.080014
v -2.582770 0.197612 -3.067467
v -3.306663 0.236889 -3.756697
v -4.013224 0.276166 -4.463258
v -4.025772 0.276166 -4.450711
v -4.701612 0.345715 -5.186309
v -4.702454 0.315444 -5.187150
v -5.409015 0.354721 -5.893712
v -4.732763 0.299970 -5.157702
v -5.439324 0.339247 -5.864263
v -5.396897 0.339247 -5.906689
v -4.732333 0.315444 -5.157272
v -4.719785 0.315444 -5.169819
v -5.426346 0.354721 -5.876380
v -1.199957 0.103583 -1.624896
v -1.199527 0.119057 -1.624466
v -1.906088 0.158334 -2.331027
v -4.694405 0.359923 -5.192727
v -4.694800 0.345715 -5.193121
v -5.401361 0.384992 -5.899683
v -1.876209 0.158334 -2.360906
v -2.582770 0.197612 -3.067467
v -2.581929 0.227883 -3.066626
v -3.319640 0.221415 -3.744579
v -4.026202 0.260692 -4.451141
v -3.983775 0.260692 -4.493567
v -4.725756 0.345715 -5.162166
v -4.019195 0.306438 -4.455605
v -4.018800 0.320646 -4.455210
v -2.606072 0.227883 -3.042482
v -3.312634 0.267161 -3.749043
v -3.305821 0.267161 -3.755856
v -6.132907 0.393997 -6.582942
v -5.426346 0.354721 -5.876380
v -5.425505 0.384992 -5.875539
v -4.694800 0.345715 -5.193121
v -4.701612 0.345715 -5.186309
v -5.408174 0.384992 -5.892870
v -5.425505 0.384992 -5.875539
v -5.432317 0.384992 -5.868727
v -6.138878 0.424269 -6.575288
v -5.408174 0.384992 -5.892870
v -5.409015 0.354721 -5.893712
v -6.115576 0.393997 -6.600273
v -5.438894 0.354721 -5.863833
v -5.426346 0.354721 -5.876380
v -6.132907 0.393997 -6.582942
v -5.408174 0.384992 -5.892870
v -6.114735 0.424269 -6.599431
v -6.107922 0.424269 -6.606244
v -1.864092 0.142860 -2.373883
v -1.863662 0.158334 -2.373453
v -1.157101 0.119057 -1.666892
v -3.312239 0.281369 -3.748648
v -3.312634 0.267161 -3.749043
v -2.606072 0.227883 -3.042482
v -6.107527 0.438477 -6.605849
v -6.814088 0.477754 -7.312410
v -6.845044 0.477754 -7.281454
v -6.838627 0.463546 -7.288661
v -6.839468 0.433274 -7.289503
v -6.132907 0.393997 -6.582942
v -6.107922 0.424269 -6.606244
v -6.114735 0.424269 -6.599431
v -6.821296 0.463546 -7.305992
v -6.115576 0.393997 -6.600273
v -6.822137 0.433274 -7.306834
v -6.821296 0.463546 -7.305992
v -6.814483 0.463546 -7.312805
v -6.821296 0.463546 -7.305992
v -7.527857 0.502823 -8.012553
v -6.138483 0.438477 -6.574893
v -6.138878 0.424269 -6.575288
v -5.432317 0.384992 -5.868727
v -0.480418 0.079780 -0.930452
v -1.186980 0.119057 -1.637013
v -1.199527 0.119057 -1.624466
v -6.814088 0.477754 -7.312410
v -6.814483 0.463546 -7.312805
v -7.521044 0.502823 -8.019365
v -7.551605 0.517031 -7.988015
v -7.552000 0.502823 -7.988410
v -6.845439 0.463546 -7.281849
v -6.852016 0.433274 -7.276955
v -6.839468 0.433274 -7.289503
v -7.546029 0.472552 -7.996064
v -3.306663 0.236889 -3.756697
v -2.600102 0.197612 -3.050136
v -2.599260 0.227883 -3.049294
v -6.838627 0.463546 -7.288661
v -6.845439 0.463546 -7.281849
v -7.552000 0.502823 -7.988410
v -7.545188 0.502823 -7.995222
v -7.546029 0.472552 -7.996064
v -6.839468 0.433274 -7.289503
v -6.103028 0.393997 -6.612820
v -6.809589 0.433274 -7.319381
v -6.822137 0.433274 -7.306834
v -6.845044 0.477754 -7.281454
v -6.845439 0.463546 -7.281849
v -6.138878 0.424269 -6.575288
v -6.107922 0.424269 -6.606244
v -6.814483 0.463546 -7.312805
v -6.814088 0.477754 -7.312410
v -6.821296 0.463546 -7.305992
v -6.822137 0.433274 -7.306834
v -7.528698 0.472552 -8.013394
v -0.493396 0.064306 -0.918335
v -1.199957 0.103583 -1.624896
v -1.157531 0.103583 -1.667322
v -8.251749 0.542101 -8.701784
v -8.252590 0.511829 -8.702625
v -7.546029 0.472552 -7.996064
v -7.527857 0.502823 -8.012553
v -7.528698 0.472552 -8.013394
v -8.235259 0.511829 -8.719956
v -1.868556 0.188606 -2.366877
v -2.575117 0.227883 -3.073438
v -2.574722 0.242091 -3.073043
v -8.757651 0.548762 -9.242349
v -8.234418 0.542101 -8.719115
v -8.235259 0.511829 -8.719956
v -8.757651 0.540869 -9.242349
v -8.773780 0.585417 -9.226220
v -8.227211 0.556309 -8.725533
v -8.750839 0.585417 -9.249161
v -8.774982 0.563311 -9.225018
v -8.774982 0.540869 -9.225018
v -8.252590 0.511829 -8.702625
v 0.212469 0.041289 -0.212470
v -0.492966 0.079780 -0.917905
v -0.493396 0.064306 -0.918335
v -0.450970 0.064306 -0.960761
v -0.450540 0.079780 -0.960331
v 0.254896 0.041289 -0.254896
v 0.249160 0.085803 -0.249161
v 0.249160 0.071584 -0.249161
v -0.455434 0.110052 -0.953754
v -8.776445 0.525371 -9.223555
v -8.223142 0.496355 -8.732934
v -8.265568 0.496355 -8.690508
v -8.787530 0.525371 -9.212470
v -7.546029 0.472552 -7.996064
v -8.252590 0.511829 -8.702625
v -8.265138 0.511829 -8.690078
v -1.906088 0.158334 -2.331027
v -1.893541 0.158334 -2.343575
v -2.600102 0.197612 -3.050136
v -5.425505 0.384992 -5.875539
v -5.426346 0.354721 -5.876380
v -4.719785 0.315444 -5.169819
v -2.570653 0.182138 -3.080445
v -2.570223 0.197612 -3.080014
v -1.863662 0.158334 -2.373453
v -2.599260 0.227883 -3.049294
v -2.600102 0.197612 -3.050136
v -1.893541 0.158334 -2.343575
v -5.396897 0.339247 -5.906689
v -5.396467 0.354721 -5.906259
v -4.689906 0.315444 -5.199698
v -5.431922 0.399200 -5.868332
v -5.432317 0.384992 -5.868727
v -4.725756 0.345715 -5.162166
v -1.169648 0.119057 -1.654345
v -1.157101 0.119057 -1.666892
v -1.863662 0.158334 -2.373453
v -1.168807 0.149329 -1.653503
v -1.169648 0.119057 -1.654345
v -1.876209 0.158334 -2.360906
v -7.552000 0.502823 -7.988410
v -8.258561 0.542101 -8.694971
v -8.251749 0.542101 -8.701784
v -0.455039 0.124260 -0.953359
v -0.455434 0.110052 -0.953754
v -1.161995 0.149329 -1.660316
v -8.750839 0.574877 -9.249161
v -8.227211 0.556309 -8.725533
v -8.227606 0.542101 -8.725927
v -8.750839 0.571187 -9.249161
v -4.732333 0.315444 -5.157272
v -5.438894 0.354721 -5.863833
v -5.439324 0.339247 -5.864263
v -3.983345 0.276166 -4.493137
v -4.689906 0.315444 -5.199698
v -4.702454 0.315444 -5.187150
v -8.222712 0.511829 -8.732504
v -7.516150 0.472552 -8.025943
v -7.516581 0.457078 -8.026373
v -4.725361 0.359923 -5.161771
v -4.018800 0.320646 -4.455210
v -3.987844 0.320646 -4.486166
v -2.581929 0.227883 -3.066626
v -3.288490 0.267161 -3.773187
v -3.281678 0.267161 -3.779999
v -3.995893 0.276166 -4.480589
v -4.702454 0.315444 -5.187150
v -4.701612 0.345715 -5.186309
v -6.822137 0.433274 -7.306834
v -6.809589 0.433274 -7.319381
v -7.516150 0.472552 -8.025943
v -6.814088 0.477754 -7.312410
v -7.520649 0.517031 -8.018970
v -7.551605 0.517031 -7.988015
v -1.192555 0.163537 -1.628965
v -1.192950 0.149329 -1.629360
v -0.486389 0.110052 -0.922799
v -4.019195 0.306438 -4.455605
v -4.725756 0.345715 -5.162166
v -4.718944 0.345715 -5.168978
v -4.689906 0.315444 -5.199698
v -5.396467 0.354721 -5.906259
v -5.409015 0.354721 -5.893712
v -3.288490 0.267161 -3.773187
v -3.995051 0.306438 -4.479748
v -3.988239 0.306438 -4.486560
v -1.192950 0.149329 -1.629360
v -1.899511 0.188606 -2.335921
v -1.892699 0.188606 -2.342733
v -3.288490 0.267161 -3.773187
v -3.289331 0.236889 -3.774028
v -3.995893 0.276166 -4.480589
v -7.516581 0.457078 -8.026373
v -7.516150 0.472552 -8.025943
v -6.809589 0.433274 -7.319381
v -4.018800 0.320646 -4.455210
v -4.019195 0.306438 -4.455605
v -3.312634 0.267161 -3.749043
v -4.725756 0.345715 -5.162166
v -5.432317 0.384992 -5.868727
v -5.425505 0.384992 -5.875539
v -6.810019 0.417800 -7.319811
v -6.809589 0.433274 -7.319381
v -6.103028 0.393997 -6.612820
v -5.401361 0.384992 -5.899683
v -6.107922 0.424269 -6.606244
v -6.107527 0.438477 -6.605849
v -3.276784 0.236889 -3.786576
v -3.983345 0.276166 -4.493137
v -3.995893 0.276166 -4.480589
v -6.132907 0.393997 -6.582942
v -6.839468 0.433274 -7.289503
v -6.852016 0.433274 -7.276955
v -0.479577 0.110052 -0.929611
v -0.486389 0.110052 -0.922799
v -1.192950 0.149329 -1.629360
v -6.145885 0.378523 -6.570824
v -6.852446 0.417800 -7.277385
v -6.810019 0.417800 -7.319811
v -6.145455 0.393997 -6.570394
v -6.852016 0.433274 -7.276955
v -6.852446 0.417800 -7.277385
v -1.868161 0.202814 -2.366482
v -2.574722 0.242091 -3.073043
v -2.605678 0.242091 -3.042087
v -3.312634 0.267161 -3.749043
v -4.019195 0.306438 -4.455605
v -4.012383 0.306438 -4.462417
v -5.396467 0.354721 -5.906259
v -6.103028 0.393997 -6.612820
v -6.115576 0.393997 -6.600273
v -8.752607 0.571187 -9.247393
v -8.234418 0.542101 -8.719115
v -8.757651 0.571187 -9.242349
v -0.486389 0.110052 -0.922799
v 0.218204 0.071584 -0.218205
v 0.218204 0.085803 -0.218205
v -8.787530 0.529417 -9.212470
v -8.265138 0.511829 -8.690078
v -8.787530 0.540869 -9.212470
v -1.892699 0.188606 -2.342733
v -1.899511 0.188606 -2.335921
v -2.606072 0.227883 -3.042482
v -4.690336 0.299970 -5.200128
v -4.689906 0.315444 -5.199698
v -3.983345 0.276166 -4.493137
v -5.396897 0.339247 -5.906689
v -5.439324 0.339247 -5.864263
v -6.145885 0.378523 -6.570824
v -1.157531 0.103583 -1.667322
v -1.157101 0.119057 -1.666892
v -0.450540 0.079780 -0.960331
v -7.528698 0.472552 -8.013394
v -7.516150 0.472552 -8.025943
v -8.222712 0.511829 -8.732504
v -5.400966 0.399200 -5.899288
v -6.107527 0.438477 -6.605849
v -6.138483 0.438477 -6.574893
v -8.776751 0.571187 -9.223249
v -8.258561 0.542101 -8.694971
v -8.781795 0.571187 -9.218205
v -7.521044 0.502823 -8.019365
v -8.227606 0.542101 -8.725927
v -8.227211 0.556309 -8.725533
v -1.161600 0.163537 -1.659921
v -1.161995 0.149329 -1.660316
v -1.868556 0.188606 -2.366877
v -8.258166 0.556309 -8.694576
v -8.258561 0.542101 -8.694971
v -7.552000 0.502823 -7.988410
v -7.558577 0.472552 -7.983516
v -8.265138 0.511829 -8.690078
v -8.265568 0.496355 -8.690508
v -7.527857 0.502823 -8.012553
v -8.234418 0.542101 -8.719115
v -8.227606 0.542101 -8.725927
v -1.199957 0.103583 -1.624896
v -1.906518 0.142860 -2.331457
v -1.864092 0.142860 -2.373883
v -2.605678 0.242091 -3.042087
v -2.606072 0.227883 -3.042482
v -1.899511 0.188606 -2.335921
v -8.784260 0.540869 -9.215740
v -8.252590 0.511829 -8.702625
v -8.774982 0.540869 -9.225018
v -0.463087 0.079780 -0.947784
v -1.169648 0.119057 -1.654345
v -1.168807 0.149329 -1.653503
v -0.485994 0.124260 -0.922404
v 0.218204 0.085803 -0.218205
v 0.249160 0.085803 -0.249161
v -6.810019 0.417800 -7.319811
v -6.852446 0.417800 -7.277385
v -7.559007 0.457078 -7.983946
v -9.254895 0.525371 -8.745105
v -9.254895 0.540869 -8.745105
v -9.212469 0.540869 -8.787531
v -9.212469 0.525371 -8.787531
v -9.242348 0.540869 -8.757652
v -9.242348 0.571187 -8.757652
v -9.225017 0.571187 -8.774983
v -9.225017 0.540869 -8.774983
v -9.249160 0.571187 -8.750840
v -9.249160 0.585417 -8.750840
v -9.218204 0.585417 -8.781796
v -9.218204 0.571187 -8.781796
v -8.787530 0.525371 -9.212470
v -8.787530 0.540869 -9.212470
v -8.745104 0.540869 -9.254896
v -8.745104 0.525371 -9.254896
v -8.774982 0.540869 -9.225018
v -8.774982 0.571187 -9.225018
v -8.757651 0.571187 -9.242349
v -8.757651 0.540869 -9.242349
v -8.781795 0.571187 -9.218205
v -8.781795 0.585417 -9.218205
v -8.750839 0.585417 -9.249161
v -8.750839 0.571187 -9.249161
vn -0.7071 -0.0000 -0.7071
vn 0.7020 -0.0185 0.7119
vn 0.7193 0.0092 0.6947
vn 0.7054 0.0130 0.7087
vn 0.6932 -0.0030 0.7208
vn 0.7071 -0.0133 0.7070
vn 0.7163 0.0147 0.6976
vn 0.6883 -0.0021 0.7254
vn 0.7037 -0.0065 0.7104
vn 0.7207 -0.0037 0.6932
vn 0.6976 -0.0183 0.7163
vn 0.7147 -0.0165 0.6993
vn 0.7017 0.0183 0.7123
vn -0.0278 -0.9992 -0.0278
vn 0.7023 -0.0186 0.7116
vn 0.7253 0.0026 0.6884
vn 0.7000 0.0203 0.7139
vn -0.0273 -0.9993 -0.0273
vn -0.0134 -0.9998 -0.0134
vn 0.7071 -0.0000 -0.7071
vn 0.0273 0.9993 0.0273
vn 0.0348 0.9994 0.0060
vn 0.0194 0.9996 0.0212
vn -0.0455 -0.9988 -0.0197
vn -0.0400 -0.9987 -0.0307
vn 0.0352 0.9990 0.0260
vn 0.0057 0.9999 0.0122
vn -0.0269 -0.9993 -0.0273
vn -0.0464 -0.9987 -0.0223
vn 0.7066 -0.0393 0.7066
vn -0.7065 0.0393 -0.7066
vn -0.7071 -0.0000 0.7071
vn 0.0278 0.9992 0.0278
vn -0.7066 0.0393 -0.7065
vn -0.7066 0.0393 -0.7066
vn 0.6930 0.0005 -0.7209
vn -0.7100 0.0259 0.7037
vn -0.7199 -0.0075 0.6940
vn 0.7066 -0.0393 0.7065
vn 0.7065 -0.0393 0.7066
vn 0.0274 0.9992 0.0277
vn 0.7069 -0.0004 -0.7073
vn 0.7069 -0.0002 -0.7073
vn -0.6970 0.0139 0.7169
vn -0.7116 0.0049 0.7025
vn 0.7071 -0.0001 -0.7071
vn 0.7071 0.0001 -0.7071
vn -0.7066 0.0392 -0.7066
vn 0.7066 -0.0392 0.7066
vn -0.7071 0.0001 0.7071
vn 0.7071 0.0005 -0.7071
vn 0.7061 -0.0099 -0.7080
vn 0.6939 -0.0069 -0.7201
vn -0.7023 0.0114 0.7118
vn -0.7151 0.0069 0.6990
vn 0.7070 -0.0003 -0.7072
vn 0.0275 0.9992 0.0277
vn 0.0402 0.9989 0.0239
vn 0.0078 0.9997 0.0239
vn 0.6917 0.0038 0.7222
vn 0.7108 -0.0190 0.7031
vn 0.7168 0.0098 0.6972
vn 0.6977 -0.0014 0.7163
vn 0.7175 -0.0130 0.6965
vn 0.7011 0.0203 0.7128
vn 0.6910 -0.0023 0.7228
vn 0.6966 -0.0219 0.7171
vn 0.7182 -0.0117 0.6957
vn 0.6933 -0.0104 0.7206
vn 0.7122 -0.0153 0.7018
vn 0.7174 0.0216 0.6963
vn -0.0130 -0.9993 -0.0364
vn -0.0382 -0.9991 -0.0197
vn -0.0253 -0.9985 -0.0491
vn 0.0116 0.9999 0.0110
vn 0.0278 0.9994 0.0192
vn -0.7178 -0.0073 0.6962
vn 0.6914 0.0006 -0.7225
vn 0.0275 0.9992 0.0276
vn -0.7071 -0.0001 0.7071
vn 0.6977 0.0003 -0.7164
vn -0.7199 0.0075 0.6940
vn -0.7071 -0.0003 0.7071
vn 0.7069 -0.0000 -0.7073
vn 0.0180 0.9997 0.0180
vn 0.6956 -0.0115 0.7183
vn 0.7209 0.0019 0.6931
vn 0.7004 0.0174 0.7135
vn 0.7015 -0.0108 0.7126
vn 0.7152 -0.0066 0.6989
vn 0.6966 0.0132 0.7174
vn 0.7001 -0.0013 0.7141
vn 0.7208 -0.0111 0.6930
vn 0.7131 0.0178 0.7008
vn 0.6944 -0.0085 0.7195
vn 0.7123 -0.0182 0.7016
vn -0.0381 -0.9991 -0.0197
vn -0.0272 -0.9985 -0.0470
vn -0.0134 -0.9991 -0.0414
vn -0.0270 -0.9993 -0.0277
vn -0.0348 -0.9994 -0.0090
vn -0.0470 -0.9985 -0.0282
vn 0.6971 -0.0139 -0.7169
vn 0.6927 0.0104 -0.7211
vn -0.7209 0.0008 0.6930
vn -0.7107 0.0062 0.7034
vn 0.7072 -0.0000 -0.7071
vn -0.7071 -0.0000 0.7072
vn 0.7000 0.0002 -0.7141
vn -0.7140 0.0089 0.7001
vn 0.0266 0.9995 0.0140
vn 0.6989 -0.0161 -0.7151
vn 0.6979 0.0028 -0.7162
vn 0.7026 -0.0188 0.7113
vn 0.6978 0.0109 0.7162
vn 0.7023 -0.0114 0.7118
vn 0.7202 0.0113 0.6937
vn 0.7054 0.0131 0.7087
vn 0.7023 -0.0210 0.7116
vn -0.0433 -0.9988 -0.0216
vn -0.0180 -0.9998 -0.0074
vn -0.0271 -0.9993 -0.0276
vn 0.0058 0.9999 0.0122
vn -0.7190 0.0007 0.6950
vn 0.6950 -0.0140 -0.7189
vn 0.7054 -0.0130 -0.7087
vn -0.7203 0.0055 0.6936
vn 0.0444 0.9989 0.0174
vn 0.0162 0.9997 0.0201
vn -0.7071 0.0001 -0.7071
vt 0.988729 0.115757
vt 0.988729 0.103062
vt 0.980127 0.103062
vt 0.949641 0.115757
vt 0.958243 0.103062
vt 0.949641 0.103062
vt 0.980127 0.076013
vt 0.995971 0.076013
vt 0.995971 0.062186
vt 0.958243 0.076013
vt 0.942399 0.062186
vt 0.669080 0.210448
vt 0.669080 0.196248
vt -0.000122 0.156096
vt -0.000122 0.210448
vt 0.906387 0.321630
vt 0.000512 0.330358
vt 0.906387 0.330358
vt 0.236673 0.034093
vt 0.236529 0.037756
vt 0.905875 0.048121
vt 0.905875 0.034093
vt 0.000200 0.296828
vt 0.906075 0.312903
vt 0.906075 0.296828
vt 0.000512 0.312903
vt 0.000512 0.321630
vt 0.000200 0.281378
vt 0.906075 0.297453
vt 0.906075 0.281378
vt 0.000000 0.034093
vt 0.000000 0.048121
vt 0.905753 0.156096
vt 0.905753 0.210448
vt 0.999050 0.183297
vt 0.999050 0.342604
vt 0.939310 0.183297
vt 0.985655 0.179437
vt 0.939081 0.132863
vt 0.985655 0.132863
vt 0.939310 0.342604
vt 0.939081 0.179437
vt 0.979692 0.781451
vt 0.979692 0.844034
vt -0.000781 0.781451
vt 0.145247 0.656284
vt 0.145247 0.718868
vt -0.000781 0.656284
vt -0.000781 0.718868
vt 0.979692 0.718868
vt 0.156795 0.656284
vt 0.302823 0.656284
vt 0.302823 0.718868
vt 1.000000 1.000000
vt 0.000000 0.851064
vt 1.000000 0.851064
vt 0.671345 0.321630
vt 0.671345 0.319366
vt 0.998987 0.504118
vt 0.998987 0.652658
vt 0.001647 0.504118
vt 0.000000 0.000000
vt 0.000000 0.012881
vt 0.905875 0.012881
vt 0.000000 0.093759
vt 0.000000 0.121202
vt 0.905875 0.121202
vt 0.000000 0.062150
vt 0.000000 0.089593
vt 0.905875 0.062150
vt 0.905875 0.093759
vt 0.000000 0.025761
vt 0.905875 0.025761
vt 0.905875 0.089593
vt 0.236321 0.296828
vt 0.236321 0.301018
vt 0.000200 0.219937
vt 0.906075 0.259595
vt 0.906075 0.219937
vt 0.906387 0.312903
vt 0.000200 0.259595
vt 0.000200 0.312903
vt 0.000200 0.297453
vt 0.905875 0.000000
vt 0.234735 0.219937
vt 0.234736 0.249327
vt 0.235323 0.114073
vt 0.235042 0.121202
vt 0.670035 0.069295
vt 0.669754 0.062150
vt 0.669346 0.051784
vt 0.669202 0.048121
vt 0.671338 0.012881
vt 0.671207 0.009544
vt 0.671345 0.330358
vt 0.671345 0.328093
vt 0.236321 0.281378
vt 0.236321 0.285568
vt 0.234910 0.016221
vt 0.234535 0.025761
vt 0.236321 0.293263
vt 0.236321 0.281378
vt 0.234667 0.022424
vt 0.234736 0.230205
vt 0.670035 0.069295
vt 0.670833 0.089593
vt 0.669080 0.170296
vt 0.670964 0.003340
vt 0.942399 0.076013
vt 0.669080 0.156096
vt 0.236121 0.048121
vt -0.000781 0.844034
vt 0.156795 0.718868
vt 0.000000 1.000000
vt 0.001647 0.652658
vt 0.671345 0.312903
vt 0.236321 0.312903
vt 0.234737 0.259595
vt 0.236121 0.093759
vt 0.669754 0.062150
vt 0.670833 0.000000
vt 0.235042 0.012881
vt 0.671345 0.321630
vt 0.236321 0.297453
vt 0.669754 0.062150
s 1
usemtl Material.002
f 6875/1/1 6876/2/1 6871/3/1
f 6875/1/1 6871/3/1 6874/4/1
f 1/4/2 2/5/3 3/6/4
f 6/4/5 4/1/6 5/3/7
f 8/7/8 9/8/9 7/9/10
f 11/10/11 12/9/12 10/11/13
f 16/12/14 17/13/14 18/14/14
f 16/12/14 18/14/14 19/15/14
f 13/5/15 14/7/16 15/10/17
f 20/16/18 21/17/19 22/18/18
f 26/19/20 27/20/20 28/21/20
f 26/19/20 28/21/20 29/22/20
f 23/23/21 24/24/22 25/25/23
f 31/26/24 32/27/25 30/16/18
f 33/28/21 34/29/26 35/30/27
f 38/31/20 36/32/20 37/22/20
f 39/33/28 40/15/29 41/34/18
f 44/35/30 42/36/30 43/37/30
f 47/35/20 45/36/20 46/37/20
f 49/37/31 50/35/31 48/36/31
f 52/37/32 53/35/32 51/36/32
f 54/38/33 55/39/33 56/40/33
f 59/41/30 57/36/30 58/37/30
f 61/37/32 62/41/32 60/36/32
f 64/37/34 65/41/34 63/36/34
f 68/41/20 66/36/20 67/37/20
f 71/42/33 69/38/33 70/39/33
f 74/43/30 72/44/30 73/45/30
f 77/46/20 75/47/20 76/48/20
f 79/49/35 80/50/35 78/43/35
f 82/51/32 83/52/32 81/53/32
f 84/54/33 85/55/33 86/56/33
f 90/57/14 91/58/14 92/26/14
f 90/57/14 92/26/14 93/27/14
f 89/59/14 87/60/14 88/61/14
f 95/62/32 96/63/32 94/64/32
f 99/35/30 97/36/30 98/37/30
f 102/35/20 100/36/20 101/37/20
f 104/37/35 105/35/35 103/36/35
f 107/37/32 108/35/32 106/36/32
f 109/38/33 110/39/33 111/40/33
f 114/41/30 112/36/30 113/37/30
f 116/37/32 117/41/32 115/36/32
f 119/37/35 120/41/35 118/36/35
f 123/41/20 121/36/20 122/37/20
f 126/42/33 124/38/33 125/39/33
f 129/43/30 127/44/30 128/45/30
f 132/46/20 130/47/20 131/48/20
f 134/49/35 135/50/35 133/43/35
f 137/51/32 138/52/32 136/53/32
f 139/54/33 140/55/33 141/56/33
f 144/59/14 142/60/14 143/61/14
f 146/65/20 147/66/20 145/67/36
f 150/68/37 148/69/38 149/70/32
f 153/35/39 151/36/39 152/37/39
f 156/35/20 154/36/20 155/37/20
f 158/37/35 159/35/35 157/36/35
f 161/37/32 162/35/32 160/36/32
f 163/38/33 164/39/33 165/40/33
f 168/41/30 166/36/30 167/37/30
f 170/37/32 171/41/32 169/36/32
f 173/37/31 174/41/31 172/36/31
f 177/41/20 175/36/20 176/37/20
f 180/42/33 178/38/33 179/39/33
f 183/43/30 181/44/30 182/45/30
f 186/46/20 184/47/20 185/48/20
f 188/49/35 189/50/35 187/43/35
f 191/51/32 192/52/32 190/53/32
f 193/54/33 194/55/33 195/56/33
f 198/59/14 196/60/14 197/61/14
f 200/27/14 201/17/14 199/18/14
f 203/66/20 204/67/20 202/71/20
f 205/28/33 206/29/33 207/30/33
f 209/72/20 210/73/20 208/64/20
f 213/35/30 211/36/30 212/37/30
f 216/35/20 214/36/20 215/37/20
f 218/37/35 219/35/35 217/36/35
f 221/37/32 222/35/32 220/36/32
f 223/38/33 224/39/33 225/40/33
f 228/41/39 226/36/39 227/37/39
f 230/37/32 231/41/32 229/36/32
f 233/37/34 234/41/34 232/36/34
f 237/41/20 235/36/20 236/37/20
f 240/42/33 238/38/33 239/39/33
f 243/43/30 241/44/30 242/45/30
f 246/46/20 244/47/20 245/48/20
f 248/49/35 249/50/35 247/43/35
f 251/51/32 252/52/32 250/53/32
f 253/54/33 254/55/33 255/56/33
f 258/59/14 256/60/14 257/61/14
f 260/14/14 261/15/14 259/34/14
f 263/68/32 264/69/32 262/74/32
f 267/35/30 265/36/30 266/37/30
f 270/35/20 268/36/20 269/37/20
f 272/37/31 273/35/31 271/36/31
f 275/37/32 276/35/32 274/36/32
f 277/38/33 278/39/33 279/40/33
f 282/41/30 280/36/30 281/37/30
f 284/37/32 285/41/32 283/36/32
f 287/37/35 288/41/35 286/36/35
f 291/41/20 289/36/20 290/37/20
f 294/42/33 292/38/33 293/39/33
f 297/43/30 295/44/30 296/45/30
f 300/46/20 298/47/20 299/48/20
f 302/49/35 303/50/35 301/43/35
f 305/51/32 306/52/32 304/53/32
f 307/54/33 308/55/33 309/56/33
f 313/75/33 314/76/33 315/24/33
f 313/75/33 315/24/33 316/25/33
f 312/59/14 310/60/14 311/61/14
f 319/35/39 317/36/39 318/37/39
f 322/35/20 320/36/20 321/37/20
f 324/37/35 325/35/35 323/36/35
f 327/37/32 328/35/32 326/36/32
f 329/38/33 330/39/33 331/40/33
f 334/41/40 332/36/40 333/37/40
f 336/37/32 337/41/32 335/36/32
f 339/37/35 340/41/35 338/36/35
f 343/41/20 341/36/20 342/37/20
f 346/42/33 344/38/33 345/39/33
f 349/43/30 347/44/30 348/45/30
f 352/46/20 350/47/20 351/48/20
f 354/49/35 355/50/35 353/43/35
f 357/51/32 358/52/32 356/53/32
f 359/54/33 360/55/33 361/56/33
f 364/59/14 362/60/14 363/61/14
f 365/77/33 366/78/33 367/79/41
f 370/35/30 368/36/30 369/37/30
f 373/35/20 371/36/20 372/37/20
f 375/37/34 376/35/34 374/36/34
f 378/37/32 379/35/32 377/36/32
f 380/38/33 381/39/33 382/40/33
f 385/41/39 383/36/39 384/37/39
f 387/37/32 388/41/32 386/36/32
f 390/37/31 391/41/31 389/36/31
f 394/41/20 392/36/20 393/37/20
f 397/42/33 395/38/33 396/39/33
f 400/43/30 398/44/30 399/45/30
f 403/46/20 401/47/20 402/48/20
f 405/49/35 406/50/35 404/43/35
f 408/51/32 409/52/32 407/53/32
f 410/54/33 411/55/33 412/56/33
f 415/59/14 413/60/14 414/61/14
f 416/28/33 417/29/33 418/30/33
f 420/26/14 421/27/14 419/16/14
f 422/77/33 423/78/33 424/79/33
f 427/35/40 425/36/40 426/37/40
f 430/35/20 428/36/20 429/37/20
f 432/37/35 433/35/35 431/36/35
f 435/37/32 436/35/32 434/36/32
f 437/38/33 438/39/33 439/40/33
f 442/41/30 440/36/30 441/37/30
f 444/37/32 445/41/32 443/36/32
f 447/37/34 448/41/34 446/36/34
f 451/41/20 449/36/20 450/37/20
f 454/42/33 452/38/33 453/39/33
f 457/43/30 455/44/30 456/45/30
f 460/46/20 458/47/20 459/48/20
f 462/49/35 463/50/35 461/43/35
f 465/51/32 466/52/32 464/53/32
f 467/54/33 468/55/33 469/56/33
f 472/59/14 470/60/14 471/61/14
f 473/31/20 474/21/20 475/22/20
f 477/72/20 478/73/42 476/64/43
f 481/35/30 479/36/30 480/37/30
f 484/35/20 482/36/20 483/37/20
f 486/37/35 487/35/35 485/36/35
f 489/37/32 490/35/32 488/36/32
f 491/38/33 492/39/33 493/40/33
f 496/41/30 494/36/30 495/37/30
f 498/37/32 499/41/32 497/36/32
f 501/37/35 502/41/35 500/36/35
f 505/41/20 503/36/20 504/37/20
f 508/42/33 506/38/33 507/39/33
f 511/43/30 509/44/30 510/45/30
f 514/46/20 512/47/20 513/48/20
f 516/49/35 517/50/35 515/43/35
f 519/51/32 520/52/32 518/53/32
f 521/54/33 522/55/33 523/56/33
f 526/59/14 524/60/14 525/61/14
f 527/77/33 528/78/33 529/79/33
f 532/35/39 530/36/39 531/37/39
f 535/35/20 533/36/20 534/37/20
f 537/37/34 538/35/34 536/36/34
f 540/37/32 541/35/32 539/36/32
f 542/38/33 543/39/33 544/40/33
f 547/41/40 545/36/40 546/37/40
f 549/37/32 550/41/32 548/36/32
f 552/37/35 553/41/35 551/36/35
f 556/41/20 554/36/20 555/37/20
f 559/42/33 557/38/33 558/39/33
f 562/43/30 560/44/30 561/45/30
f 565/46/20 563/47/20 564/48/20
f 567/49/35 568/50/35 566/43/35
f 570/51/32 571/52/32 569/53/32
f 572/54/33 573/55/33 574/56/33
f 577/59/14 575/60/14 576/61/14
f 580/35/30 578/36/30 579/37/30
f 583/35/20 581/36/20 582/37/20
f 585/37/35 586/35/35 584/36/35
f 588/37/32 589/35/32 587/36/32
f 590/38/33 591/39/33 592/40/33
f 595/41/30 593/36/30 594/37/30
f 597/37/32 598/41/32 596/36/32
f 600/37/34 601/41/34 599/36/34
f 604/41/20 602/36/20 603/37/20
f 607/42/33 605/38/33 606/39/33
f 610/43/30 608/44/30 609/45/30
f 613/46/20 611/47/20 612/48/20
f 615/49/35 616/50/35 614/43/35
f 618/51/32 619/52/32 617/53/32
f 620/54/33 621/55/33 622/56/33
f 625/59/14 623/60/14 624/61/14
f 627/66/20 628/67/20 626/71/20
f 631/35/30 629/36/30 630/37/30
f 634/35/20 632/36/20 633/37/20
f 636/37/35 637/35/35 635/36/35
f 639/37/32 640/35/32 638/36/32
f 641/38/33 642/39/33 643/40/33
f 646/41/30 644/36/30 645/37/30
f 648/37/32 649/41/32 647/36/32
f 651/37/35 652/41/35 650/36/35
f 655/41/20 653/36/20 654/37/20
f 658/42/33 656/38/33 657/39/33
f 661/43/30 659/44/30 660/45/30
f 664/46/20 662/47/20 663/48/20
f 666/49/35 667/50/35 665/43/35
f 669/51/32 670/52/32 668/53/32
f 671/54/33 672/55/33 673/56/33
f 676/59/14 674/60/14 675/61/14
f 679/32/32 677/68/32 678/21/32
f 681/68/32 682/69/32 680/74/32
f 685/32/32 683/68/32 684/21/32
f 688/35/39 686/36/39 687/37/39
f 691/35/20 689/36/20 690/37/20
f 693/37/35 694/35/35 692/36/35
f 696/37/32 697/35/32 695/36/32
f 698/38/33 699/39/33 700/40/33
f 703/41/30 701/36/30 702/37/30
f 705/37/32 706/41/32 704/36/32
f 708/37/31 709/41/31 707/36/31
f 712/41/20 710/36/20 711/37/20
f 715/42/33 713/38/33 714/39/33
f 718/43/30 716/44/30 717/45/30
f 721/46/20 719/47/20 720/48/20
f 723/49/35 724/50/35 722/43/35
f 726/51/32 727/52/32 725/53/32
f 728/54/33 729/55/33 730/56/33
f 733/59/14 731/60/14 732/61/14
f 736/35/39 734/36/39 735/37/39
f 739/35/20 737/36/20 738/37/20
f 741/37/35 742/35/35 740/36/35
f 744/37/32 745/35/32 743/36/32
f 746/38/33 747/39/33 748/40/33
f 751/41/40 749/36/40 750/37/40
f 753/37/32 754/41/32 752/36/32
f 756/37/35 757/41/35 755/36/35
f 760/41/20 758/36/20 759/37/20
f 763/42/33 761/38/33 762/39/33
f 766/43/30 764/44/30 765/45/30
f 769/46/20 767/47/20 768/48/20
f 771/49/35 772/50/35 770/43/35
f 774/51/32 775/52/32 773/53/32
f 776/54/33 777/55/33 778/56/33
f 781/59/14 779/60/14 780/61/14
f 782/31/20 783/21/20 784/22/20
f 787/35/30 785/36/30 786/37/30
f 790/35/20 788/36/20 789/37/20
f 792/37/35 793/35/35 791/36/35
f 795/37/32 796/35/32 794/36/32
f 797/38/33 798/39/33 799/40/33
f 802/41/39 800/36/39 801/37/39
f 804/37/32 805/41/32 803/36/32
f 807/37/35 808/41/35 806/36/35
f 811/41/20 809/36/20 810/37/20
f 814/42/33 812/38/33 813/39/33
f 817/43/30 815/44/30 816/45/30
f 820/46/20 818/47/20 819/48/20
f 822/49/35 823/50/35 821/43/35
f 825/51/32 826/52/32 824/53/32
f 827/54/33 828/55/33 829/56/33
f 832/59/14 830/60/14 831/61/14
f 834/62/32 835/63/32 833/64/32
f 837/26/14 838/27/14 836/16/14
f 841/35/30 839/36/30 840/37/30
f 844/35/20 842/36/20 843/37/20
f 846/37/35 847/35/35 845/36/35
f 849/37/32 850/35/32 848/36/32
f 851/38/33 852/39/33 853/40/33
f 856/41/30 854/36/30 855/37/30
f 858/37/32 859/41/32 857/36/32
f 861/37/35 862/41/35 860/36/35
f 865/41/20 863/36/20 864/37/20
f 868/42/33 866/38/33 867/39/33
f 871/43/30 869/44/30 870/45/30
f 874/46/20 872/47/20 873/48/20
f 876/49/35 877/50/35 875/43/35
f 879/51/32 880/52/32 878/53/32
f 881/54/33 882/55/33 883/56/33
f 886/59/14 884/60/14 885/61/14
f 888/26/14 889/27/14 887/16/14
f 890/77/33 891/78/33 892/79/33
f 894/27/14 895/17/14 893/18/14
f 898/35/30 896/36/30 897/37/30
f 901/35/20 899/36/20 900/37/20
f 903/37/35 904/35/35 902/36/35
f 906/37/32 907/35/32 905/36/32
f 908/38/33 909/39/33 910/40/33
f 913/41/30 911/36/30 912/37/30
f 915/37/32 916/41/32 914/36/32
f 918/37/35 919/41/35 917/36/35
f 922/41/20 920/36/20 921/37/20
f 925/42/33 923/38/33 924/39/33
f 928/43/30 926/44/30 927/45/30
f 931/46/20 929/47/20 930/48/20
f 933/49/35 934/50/35 932/43/35
f 936/51/32 937/52/32 935/53/32
f 938/54/33 939/55/33 940/56/33
f 943/59/14 941/60/14 942/61/14
f 946/35/30 944/36/30 945/37/30
f 949/35/20 947/36/20 948/37/20
f 951/37/34 952/35/34 950/36/34
f 954/37/32 955/35/32 953/36/32
f 956/38/33 957/39/33 958/40/33
f 961/41/30 959/36/30 960/37/30
f 963/37/32 964/41/32 962/36/32
f 966/37/31 967/41/31 965/36/31
f 970/41/20 968/36/20 969/37/20
f 973/42/33 971/38/33 972/39/33
f 976/43/30 974/44/30 975/45/30
f 979/46/20 977/47/20 978/48/20
f 981/49/35 982/50/35 980/43/35
f 984/51/32 985/52/32 983/53/32
f 986/54/33 987/55/33 988/56/33
f 991/59/14 989/60/14 990/61/14
f 992/77/33 993/78/33 994/79/33
f 996/66/20 997/67/20 995/71/20
f 999/14/14 1000/15/14 998/34/14
f 1002/14/14 1003/15/14 1001/34/14
f 1005/62/32 1006/63/32 1004/64/32
f 1009/35/30 1007/36/30 1008/37/30
f 1012/35/20 1010/36/20 1011/37/20
f 1014/37/35 1015/35/35 1013/36/35
f 1017/37/32 1018/35/32 1016/36/32
f 1019/38/33 1020/39/33 1021/40/33
f 1024/41/30 1022/36/30 1023/37/30
f 1026/37/32 1027/41/32 1025/36/32
f 1029/37/34 1030/41/34 1028/36/34
f 1033/41/20 1031/36/20 1032/37/20
f 1036/42/33 1034/38/33 1035/39/33
f 1039/43/30 1037/44/30 1038/45/30
f 1042/46/20 1040/47/20 1041/48/20
f 1044/49/35 1045/50/35 1043/43/35
f 1047/51/32 1048/52/32 1046/53/32
f 1049/54/33 1050/55/33 1051/56/33
f 1054/59/14 1052/60/14 1053/61/14
f 1055/28/33 1056/29/33 1057/30/33
f 1060/35/39 1058/36/39 1059/37/39
f 1063/35/20 1061/36/20 1062/37/20
f 1065/37/35 1066/35/35 1064/36/35
f 1068/37/32 1069/35/32 1067/36/32
f 1070/38/33 1071/39/33 1072/40/33
f 1075/41/30 1073/36/30 1074/37/30
f 1077/37/32 1078/41/32 1076/36/32
f 1080/37/35 1081/41/35 1079/36/35
f 1084/41/20 1082/36/20 1083/37/20
f 1087/42/33 1085/38/33 1086/39/33
f 1090/43/30 1088/44/30 1089/45/30
f 1093/46/20 1091/47/20 1092/48/20
f 1095/49/35 1096/50/35 1094/43/35
f 1098/51/32 1099/52/32 1097/53/32
f 1100/54/33 1101/55/33 1102/56/33
f 1105/59/14 1103/60/14 1104/61/14
f 1106/80/14 1107/27/14 1108/16/14
f 1110/68/32 1111/69/32 1109/74/32
f 1114/32/32 1112/68/32 1113/21/32
f 1117/35/30 1115/36/30 1116/37/30
f 1120/35/20 1118/36/20 1119/37/20
f 1122/37/34 1123/35/34 1121/36/34
f 1125/37/32 1126/35/32 1124/36/32
f 1127/38/33 1128/39/33 1129/40/33
f 1132/41/39 1130/36/39 1131/37/39
f 1134/37/32 1135/41/32 1133/36/32
f 1137/37/35 1138/41/35 1136/36/35
f 1141/41/20 1139/36/20 1140/37/20
f 1144/42/33 1142/38/33 1143/39/33
f 1147/43/30 1145/44/30 1146/45/30
f 1150/46/20 1148/47/20 1149/48/20
f 1152/49/35 1153/50/35 1151/43/35
f 1155/51/32 1156/52/32 1154/53/32
f 1157/54/33 1158/55/33 1159/56/33
f 1162/59/14 1160/60/14 1161/61/14
f 1165/35/40 1163/36/40 1164/37/40
f 1168/35/20 1166/36/20 1167/37/20
f 1170/37/34 1171/35/34 1169/36/34
f 1173/37/32 1174/35/32 1172/36/32
f 1175/38/33 1176/39/33 1177/40/33
f 1180/41/30 1178/36/30 1179/37/30
f 1182/37/32 1183/41/32 1181/36/32
f 1185/37/31 1186/41/31 1184/36/31
f 1189/41/20 1187/36/20 1188/37/20
f 1192/42/33 1190/38/33 1191/39/33
f 1195/43/30 1193/44/30 1194/45/30
f 1198/46/20 1196/47/20 1197/48/20
f 1200/49/35 1201/50/35 1199/43/35
f 1203/51/32 1204/52/32 1202/53/32
f 1205/54/33 1206/55/33 1207/56/33
f 1210/59/14 1208/60/14 1209/61/14
f 1211/77/33 1212/78/33 1213/79/33
f 1216/35/30 1214/36/30 1215/37/30
f 1219/35/20 1217/36/20 1218/37/20
f 1221/37/31 1222/35/31 1220/36/31
f 1224/37/32 1225/35/32 1223/36/32
f 1226/38/33 1227/39/33 1228/40/33
f 1231/41/30 1229/36/30 1230/37/30
f 1233/37/32 1234/41/32 1232/36/32
f 1236/37/35 1237/41/35 1235/36/35
f 1240/41/20 1238/36/20 1239/37/20
f 1243/42/33 1241/38/33 1242/39/33
f 1246/43/30 1244/44/30 1245/45/30
f 1249/46/20 1247/47/20 1248/48/20
f 1251/49/35 1252/50/35 1250/43/35
f 1254/51/32 1255/52/32 1253/53/32
f 1256/54/33 1257/55/33 1258/56/33
f 1261/59/14 1259/60/14 1260/61/14
f 1263/66/20 1264/67/20 1262/71/20
f 1267/35/30 1265/36/30 1266/37/30
f 1270/35/20 1268/36/20 1269/37/20
f 1272/37/35 1273/35/35 1271/36/35
f 1275/37/32 1276/35/32 1274/36/32
f 1277/38/33 1278/39/33 1279/40/33
f 1282/41/40 1280/36/40 1281/37/40
f 1284/37/32 1285/41/32 1283/36/32
f 1287/37/35 1288/41/35 1286/36/35
f 1291/41/20 1289/36/20 1290/37/20
f 1294/42/33 1292/38/33 1293/39/33
f 1297/43/30 1295/44/30 1296/45/30
f 1300/46/20 1298/47/20 1299/48/20
f 1302/49/35 1303/50/35 1301/43/35
f 1305/51/32 1306/52/32 1304/53/32
f 1307/54/33 1308/55/33 1309/56/33
f 1312/59/14 1310/60/14 1311/61/14
f 1314/27/14 1315/17/14 1313/18/14
f 1318/35/40 1316/36/40 1317/37/40
f 1321/35/20 1319/36/20 1320/37/20
f 1323/37/35 1324/35/35 1322/36/35
f 1326/37/32 1327/35/32 1325/36/32
f 1328/38/33 1329/39/33 1330/40/33
f 1333/41/40 1331/36/40 1332/37/40
f 1335/37/32 1336/41/32 1334/36/32
f 1338/37/35 1339/41/35 1337/36/35
f 1342/41/20 1340/36/20 1341/37/20
f 1345/42/33 1343/38/33 1344/39/33
f 1348/43/30 1346/44/30 1347/45/30
f 1351/46/20 1349/47/20 1350/48/20
f 1353/49/35 1354/50/35 1352/43/35
f 1356/51/32 1357/52/32 1355/53/32
f 1358/54/33 1359/55/33 1360/56/33
f 1363/59/14 1361/60/14 1362/61/14
f 1365/62/32 1366/63/32 1364/64/32
f 1369/35/40 1367/36/40 1368/37/40
f 1372/35/20 1370/36/20 1371/37/20
f 1374/37/31 1375/35/31 1373/36/31
f 1377/37/32 1378/35/32 1376/36/32
f 1379/38/33 1380/39/33 1381/40/33
f 1384/41/39 1382/36/39 1383/37/39
f 1386/37/32 1387/41/32 1385/36/32
f 1389/37/35 1390/41/35 1388/36/35
f 1393/41/20 1391/36/20 1392/37/20
f 1396/42/33 1394/38/33 1395/39/33
f 1399/43/30 1397/44/30 1398/45/30
f 1402/46/20 1400/47/20 1401/48/20
f 1404/49/35 1405/50/35 1403/43/35
f 1407/51/32 1408/52/32 1406/53/32
f 1409/54/33 1410/55/33 1411/56/33
f 1414/59/14 1412/60/14 1413/61/14
f 1417/65/20 1415/66/20 1416/71/20
f 1418/23/33 1419/24/33 1420/25/33
f 1423/35/30 1421/36/30 1422/37/30
f 1426/35/20 1424/36/20 1425/37/20
f 1428/37/35 1429/35/35 1427/36/35
f 1431/37/32 1432/35/32 1430/36/32
f 1433/38/33 1434/39/33 1435/40/33
f 1438/41/30 1436/36/30 1437/37/30
f 1440/37/32 1441/41/32 1439/36/32
f 1443/37/35 1444/41/35 1442/36/35
f 1447/41/20 1445/36/20 1446/37/20
f 1450/42/33 1448/38/33 1449/39/33
f 1453/43/30 1451/44/30 1452/45/30
f 1456/46/20 1454/47/20 1455/48/20
f 1458/49/35 1459/50/35 1457/43/35
f 1461/51/32 1462/52/32 1460/53/32
f 1463/54/33 1464/55/33 1465/56/33
f 1468/59/14 1466/60/14 1467/61/14
f 1469/23/33 1470/24/33 1471/25/33
f 1474/77/33 1472/81/33 1473/79/33
f 1477/32/44 1475/68/45 1476/21/32
f 1480/35/39 1478/36/39 1479/37/39
f 1483/35/20 1481/36/20 1482/37/20
f 1485/37/34 1486/35/34 1484/36/34
f 1488/37/32 1489/35/32 1487/36/32
f 1490/38/33 1491/39/33 1492/40/33
f 1495/41/30 1493/36/30 1494/37/30
f 1497/37/32 1498/41/32 1496/36/32
f 1500/37/31 1501/41/31 1499/36/31
f 1504/41/20 1502/36/20 1503/37/20
f 1507/42/33 1505/38/33 1506/39/33
f 1510/43/30 1508/44/30 1509/45/30
f 1513/46/20 1511/47/20 1512/48/20
f 1515/49/35 1516/50/35 1514/43/35
f 1518/51/32 1519/52/32 1517/53/32
f 1520/54/33 1521/55/33 1522/56/33
f 1525/59/14 1523/60/14 1524/61/14
f 1527/14/14 1528/15/14 1526/34/14
f 1530/63/20 1531/72/20 1529/73/20
f 1534/35/39 1532/36/39 1533/37/39
f 1537/35/20 1535/36/20 1536/37/20
f 1539/37/35 1540/35/35 1538/36/35
f 1542/37/32 1543/35/32 1541/36/32
f 1544/38/33 1545/39/33 1546/40/33
f 1549/41/40 1547/36/40 1548/37/40
f 1551/37/32 1552/41/32 1550/36/32
f 1554/37/35 1555/41/35 1553/36/35
f 1558/41/20 1556/36/20 1557/37/20
f 1561/42/33 1559/38/33 1560/39/33
f 1564/43/30 1562/44/30 1563/45/30
f 1567/46/20 1565/47/20 1566/48/20
f 1569/49/35 1570/50/35 1568/43/35
f 1572/51/32 1573/52/32 1571/53/32
f 1574/54/33 1575/55/33 1576/56/33
f 1579/59/14 1577/60/14 1578/61/14
f 1580/28/33 1581/29/33 1582/30/33
f 1585/35/30 1583/36/30 1584/37/30
f 1588/35/20 1586/36/20 1587/37/20
f 1590/37/35 1591/35/35 1589/36/35
f 1593/37/32 1594/35/32 1592/36/32
f 1595/38/33 1596/39/33 1597/40/33
f 1600/41/40 1598/36/40 1599/37/40
f 1602/37/32 1603/41/32 1601/36/32
f 1605/37/35 1606/41/35 1604/36/35
f 1609/41/20 1607/36/20 1608/37/20
f 1612/42/33 1610/38/33 1611/39/33
f 1615/43/30 1613/44/30 1614/45/30
f 1618/46/20 1616/47/20 1617/48/20
f 1620/49/35 1621/50/35 1619/43/35
f 1623/51/32 1624/52/32 1622/53/32
f 1625/54/33 1626/55/33 1627/56/33
f 1630/59/14 1628/60/14 1629/61/14
f 1633/35/40 1631/36/40 1632/37/40
f 1636/35/20 1634/36/20 1635/37/20
f 1638/37/31 1639/35/31 1637/36/31
f 1641/37/32 1642/35/32 1640/36/32
f 1643/38/33 1644/39/33 1645/40/33
f 1648/41/30 1646/36/30 1647/37/30
f 1650/37/32 1651/41/32 1649/36/32
f 1653/37/31 1654/41/31 1652/36/31
f 1657/41/20 1655/36/20 1656/37/20
f 1660/42/33 1658/38/33 1659/39/33
f 1663/43/30 1661/44/30 1662/45/30
f 1666/46/20 1664/47/20 1665/48/20
f 1668/49/35 1669/50/35 1667/43/35
f 1671/51/32 1672/52/32 1670/53/32
f 1673/54/33 1674/55/33 1675/56/33
f 1678/59/14 1676/60/14 1677/61/14
f 1679/23/33 1680/24/33 1681/25/33
f 1684/21/32 1682/32/32 1683/70/32
f 1687/35/30 1685/36/30 1686/37/30
f 1690/35/20 1688/36/20 1689/37/20
f 1692/37/34 1693/35/34 1691/36/34
f 1695/37/32 1696/35/32 1694/36/32
f 1697/38/33 1698/39/33 1699/40/33
f 1702/41/40 1700/36/40 1701/37/40
f 1704/37/32 1705/41/32 1703/36/32
f 1707/37/31 1708/41/31 1706/36/31
f 1711/41/20 1709/36/20 1710/37/20
f 1714/42/33 1712/38/33 1713/39/33
f 1717/43/30 1715/44/30 1716/45/30
f 1720/46/20 1718/47/20 1719/48/20
f 1722/49/35 1723/50/35 1721/43/35
f 1725/51/32 1726/52/32 1724/53/32
f 1727/54/33 1728/55/33 1729/56/33
f 1732/59/14 1730/60/14 1731/61/14
f 1735/35/30 1733/36/30 1734/37/30
f 1738/35/20 1736/36/20 1737/37/20
f 1740/37/31 1741/35/31 1739/36/31
f 1743/37/32 1744/35/32 1742/36/32
f 1745/38/33 1746/39/33 1747/40/33
f 1750/41/30 1748/36/30 1749/37/30
f 1752/37/32 1753/41/32 1751/36/32
f 1755/37/35 1756/41/35 1754/36/35
f 1759/41/20 1757/36/20 1758/37/20
f 1762/42/33 1760/38/33 1761/39/33
f 1765/43/30 1763/44/30 1764/45/30
f 1768/46/20 1766/47/20 1767/48/20
f 1770/49/35 1771/50/35 1769/43/35
f 1773/51/32 1774/52/32 1772/53/32
f 1775/54/33 1776/55/33 1777/56/33
f 1780/59/14 1778/60/14 1779/61/14
f 1783/35/30 1781/36/30 1782/37/30
f 1786/35/20 1784/36/20 1785/37/20
f 1788/37/31 1789/35/31 1787/36/31
f 1791/37/32 1792/35/32 1790/36/32
f 1793/38/33 1794/39/33 1795/40/33
f 1798/41/40 1796/36/40 1797/37/40
f 1800/37/32 1801/41/32 1799/36/32
f 1803/37/34 1804/41/34 1802/36/34
f 1807/41/20 1805/36/20 1806/37/20
f 1810/42/33 1808/38/33 1809/39/33
f 1813/43/30 1811/44/30 1812/45/30
f 1816/46/20 1814/47/20 1815/48/20
f 1818/49/35 1819/50/35 1817/43/35
f 1821/51/32 1822/52/32 1820/53/32
f 1823/54/33 1824/55/33 1825/56/33
f 1828/59/14 1826/60/14 1827/61/14
f 1829/77/33 1830/78/33 1831/79/33
f 1833/65/20 1834/66/20 1832/67/20
f 1836/68/32 1837/69/32 1835/74/32
f 1840/35/40 1838/36/40 1839/37/40
f 1843/35/20 1841/36/20 1842/37/20
f 1845/37/35 1846/35/35 1844/36/35
f 1848/37/32 1849/35/32 1847/36/32
f 1850/38/33 1851/39/33 1852/40/33
f 1855/41/39 1853/36/39 1854/37/39
f 1857/37/32 1858/41/32 1856/36/32
f 1860/37/31 1861/41/31 1859/36/31
f 1864/41/20 1862/36/20 1863/37/20
f 1867/42/33 1865/38/33 1866/39/33
f 1870/43/30 1868/44/30 1869/45/30
f 1873/46/20 1871/47/20 1872/48/20
f 1875/49/35 1876/50/35 1874/43/35
f 1878/51/32 1879/52/32 1877/53/32
f 1880/54/33 1881/55/33 1882/56/33
f 1885/59/14 1883/60/14 1884/61/14
f 1886/31/20 1887/21/20 1888/22/20
f 1890/26/14 1891/27/14 1889/16/14
f 1892/31/46 1893/21/46 1894/22/46
f 1897/35/39 1895/36/39 1896/37/39
f 1900/35/20 1898/36/20 1899/37/20
f 1902/37/35 1903/35/35 1901/36/35
f 1905/37/32 1906/35/32 1904/36/32
f 1907/38/33 1908/39/33 1909/40/33
f 1912/41/30 1910/36/30 1911/37/30
f 1914/37/32 1915/41/32 1913/36/32
f 1917/37/35 1918/41/35 1916/36/35
f 1921/41/20 1919/36/20 1920/37/20
f 1924/42/33 1922/38/33 1923/39/33
f 1927/43/30 1925/44/30 1926/45/30
f 1930/46/20 1928/47/20 1929/48/20
f 1932/49/35 1933/50/35 1931/43/35
f 1935/51/32 1936/52/32 1934/53/32
f 1937/54/33 1938/55/33 1939/56/33
f 1942/59/14 1940/60/14 1941/61/14
f 1944/27/14 1945/17/14 1943/18/14
f 1948/65/20 1946/66/20 1947/71/20
f 1950/72/47 1951/73/47 1949/64/47
f 1954/35/30 1952/36/30 1953/37/30
f 1957/35/20 1955/36/20 1956/37/20
f 1959/37/31 1960/35/31 1958/36/31
f 1962/37/32 1963/35/32 1961/36/32
f 1964/38/33 1965/39/33 1966/40/33
f 1969/41/30 1967/36/30 1968/37/30
f 1971/37/32 1972/41/32 1970/36/32
f 1974/37/34 1975/41/34 1973/36/34
f 1978/41/20 1976/36/20 1977/37/20
f 1981/42/33 1979/38/33 1980/39/33
f 1984/43/30 1982/44/30 1983/45/30
f 1987/46/20 1985/47/20 1986/48/20
f 1989/49/35 1990/50/35 1988/43/35
f 1992/51/32 1993/52/32 1991/53/32
f 1994/54/33 1995/55/33 1996/56/33
f 1999/59/14 1997/60/14 1998/61/14
f 2000/23/33 2001/24/33 2002/25/33
f 2004/62/32 2005/63/32 2003/64/32
f 2008/35/40 2006/36/40 2007/37/40
f 2011/35/20 2009/36/20 2010/37/20
f 2013/37/31 2014/35/31 2012/36/31
f 2016/37/32 2017/35/32 2015/36/32
f 2018/38/33 2019/39/33 2020/40/33
f 2023/41/40 2021/36/40 2022/37/40
f 2025/37/32 2026/41/32 2024/36/32
f 2028/37/35 2029/41/35 2027/36/35
f 2032/41/20 2030/36/20 2031/37/20
f 2035/42/33 2033/38/33 2034/39/33
f 2038/43/30 2036/44/30 2037/45/30
f 2041/46/20 2039/47/20 2040/48/20
f 2043/49/35 2044/50/35 2042/43/35
f 2046/51/32 2047/52/32 2045/53/32
f 2048/54/33 2049/55/33 2050/56/33
f 2053/59/14 2051/60/14 2052/61/14
f 2054/77/33 2055/78/33 2056/79/33
f 2058/66/20 2059/67/20 2057/71/20
f 2060/23/33 2061/24/33 2062/25/33
f 2064/68/32 2065/69/32 2063/74/32
f 2068/35/39 2066/36/39 2067/37/39
f 2071/35/20 2069/36/20 2070/37/20
f 2073/37/35 2074/35/35 2072/36/35
f 2076/37/32 2077/35/32 2075/36/32
f 2078/38/33 2079/39/33 2080/40/33
f 2083/41/40 2081/36/40 2082/37/40
f 2085/37/32 2086/41/32 2084/36/32
f 2088/37/31 2089/41/31 2087/36/31
f 2092/41/20 2090/36/20 2091/37/20
f 2095/42/33 2093/38/33 2094/39/33
f 2098/43/30 2096/44/30 2097/45/30
f 2101/46/20 2099/47/20 2100/48/20
f 2103/49/35 2104/50/35 2102/43/35
f 2106/51/32 2107/52/32 2105/53/32
f 2108/54/33 2109/55/33 2110/56/33
f 2113/59/14 2111/60/14 2112/61/14
f 2116/32/32 2114/68/32 2115/21/32
f 2118/14/14 2119/15/14 2117/34/14
f 2122/35/40 2120/36/40 2121/37/40
f 2125/35/20 2123/36/20 2124/37/20
f 2127/37/35 2128/35/35 2126/36/35
f 2130/37/32 2131/35/32 2129/36/32
f 2132/38/33 2133/39/33 2134/40/33
f 2137/41/30 2135/36/30 2136/37/30
f 2139/37/32 2140/41/32 2138/36/32
f 2142/37/48 2143/41/48 2141/36/48
f 2146/41/20 2144/36/20 2145/37/20
f 2149/42/33 2147/38/33 2148/39/33
f 2152/43/30 2150/44/30 2151/45/30
f 2155/46/20 2153/47/20 2154/48/20
f 2157/49/35 2158/50/35 2156/43/35
f 2160/51/32 2161/52/32 2159/53/32
f 2162/54/33 2163/55/33 2164/56/33
f 2167/59/14 2165/60/14 2166/61/14
f 2170/23/33 2168/82/33 2169/25/33
f 2173/63/20 2171/72/20 2172/64/20
f 2175/62/32 2176/63/32 2174/64/32
f 2178/62/32 2179/63/32 2177/64/32
f 2182/35/40 2180/36/40 2181/37/40
f 2185/35/20 2183/36/20 2184/37/20
f 2187/37/35 2188/35/35 2186/36/35
f 2190/37/32 2191/35/32 2189/36/32
f 2192/38/33 2193/39/33 2194/40/33
f 2197/41/30 2195/36/30 2196/37/30
f 2199/37/32 2200/41/32 2198/36/32
f 2202/37/35 2203/41/35 2201/36/35
f 2206/41/20 2204/36/20 2205/37/20
f 2209/42/33 2207/38/33 2208/39/33
f 2212/43/49 2210/44/49 2211/45/49
f 2215/46/20 2213/47/20 2214/48/20
f 2217/49/35 2218/50/35 2216/43/35
f 2220/51/32 2221/52/32 2219/53/32
f 2222/54/33 2223/55/33 2224/56/33
f 2227/59/14 2225/60/14 2226/61/14
f 2228/16/14 2229/17/14 2230/18/14
f 2233/65/20 2231/66/20 2232/71/20
f 2236/35/40 2234/36/40 2235/37/40
f 2239/35/20 2237/36/20 2238/37/20
f 2241/37/31 2242/35/31 2240/36/31
f 2244/37/32 2245/35/32 2243/36/32
f 2246/38/33 2247/39/33 2248/40/33
f 2251/41/39 2249/36/39 2250/37/39
f 2253/37/32 2254/41/32 2252/36/32
f 2256/37/35 2257/41/35 2255/36/35
f 2260/41/20 2258/36/20 2259/37/20
f 2263/42/33 2261/38/33 2262/39/33
f 2266/43/30 2264/44/30 2265/45/30
f 2269/46/20 2267/47/20 2268/48/20
f 2271/49/35 2272/50/35 2270/43/35
f 2274/51/32 2275/52/32 2273/53/32
f 2276/54/33 2277/55/33 2278/56/33
f 2281/59/14 2279/60/14 2280/61/14
f 2284/77/33 2282/81/33 2283/79/33
f 2286/14/14 2287/15/14 2285/34/14
f 2289/27/14 2290/17/14 2288/18/14
f 2293/35/30 2291/36/30 2292/37/30
f 2296/35/20 2294/36/20 2295/37/20
f 2298/37/35 2299/35/35 2297/36/35
f 2301/37/32 2302/35/32 2300/36/32
f 2303/38/33 2304/39/33 2305/40/33
f 2308/41/40 2306/36/40 2307/37/40
f 2310/37/32 2311/41/32 2309/36/32
f 2313/37/31 2314/41/31 2312/36/31
f 2317/41/20 2315/36/20 2316/37/20
f 2320/42/33 2318/38/33 2319/39/33
f 2323/43/30 2321/44/30 2322/45/30
f 2326/46/20 2324/47/20 2325/48/20
f 2328/49/35 2329/50/35 2327/43/35
f 2331/51/32 2332/52/32 2330/53/32
f 2333/54/33 2334/55/33 2335/56/33
f 2338/59/14 2336/60/14 2337/61/14
f 2339/23/33 2340/24/33 2341/25/33
f 2344/23/33 2342/82/33 2343/25/33
f 2347/28/33 2345/83/33 2346/30/33
f 2349/68/32 2350/69/32 2348/74/32
f 2353/35/30 2351/36/30 2352/37/30
f 2356/35/20 2354/36/20 2355/37/20
f 2358/37/31 2359/35/31 2357/36/31
f 2361/37/32 2362/35/32 2360/36/32
f 2363/38/33 2364/39/33 2365/40/33
f 2368/41/40 2366/36/40 2367/37/40
f 2370/37/32 2371/41/32 2369/36/32
f 2373/37/31 2374/41/31 2372/36/31
f 2377/41/20 2375/36/20 2376/37/20
f 2380/42/33 2378/38/33 2379/39/33
f 2383/43/30 2381/44/30 2382/45/30
f 2386/46/20 2384/47/20 2385/48/20
f 2388/49/35 2389/50/35 2387/43/35
f 2391/51/32 2392/52/32 2390/53/32
f 2393/54/33 2394/55/33 2395/56/33
f 2398/59/14 2396/60/14 2397/61/14
f 2400/27/14 2401/17/14 2399/18/14
f 2402/84/32 2403/63/32 2404/64/32
f 2407/28/33 2405/83/33 2406/30/33
f 2410/35/40 2408/36/40 2409/37/40
f 2413/35/20 2411/36/20 2412/37/20
f 2415/37/34 2416/35/34 2414/36/34
f 2418/37/32 2419/35/32 2417/36/32
f 2420/38/33 2421/39/33 2422/40/33
f 2425/41/30 2423/36/30 2424/37/30
f 2427/37/32 2428/41/32 2426/36/32
f 2430/37/34 2431/41/34 2429/36/34
f 2434/41/20 2432/36/20 2433/37/20
f 2437/42/33 2435/38/33 2436/39/33
f 2440/43/30 2438/44/30 2439/45/30
f 2443/46/20 2441/47/20 2442/48/20
f 2445/49/35 2446/50/35 2444/43/35
f 2448/51/32 2449/52/32 2447/53/32
f 2450/54/33 2451/55/33 2452/56/33
f 2455/59/14 2453/60/14 2454/61/14
f 2456/33/14 2457/15/14 2458/34/14
f 2461/65/20 2459/66/20 2460/71/20
f 2463/68/50 2464/69/50 2462/74/50
f 2466/26/14 2467/27/14 2465/16/14
f 2470/35/39 2468/36/39 2469/37/39
f 2473/35/20 2471/36/20 2472/37/20
f 2475/37/35 2476/35/35 2474/36/35
f 2478/37/32 2479/35/32 2477/36/32
f 2480/38/33 2481/39/33 2482/40/33
f 2485/41/40 2483/36/40 2484/37/40
f 2487/37/32 2488/41/32 2486/36/32
f 2490/37/35 2491/41/35 2489/36/35
f 2494/41/20 2492/36/20 2493/37/20
f 2497/42/33 2495/38/33 2496/39/33
f 2500/43/30 2498/44/30 2499/45/30
f 2503/46/20 2501/47/20 2502/48/20
f 2505/49/35 2506/50/35 2504/43/35
f 2508/51/32 2509/52/32 2507/53/32
f 2510/54/33 2511/55/33 2512/56/33
f 2515/59/14 2513/60/14 2514/61/14
f 2518/35/39 2516/36/39 2517/37/39
f 2521/35/20 2519/36/20 2520/37/20
f 2523/37/34 2524/35/34 2522/36/34
f 2526/37/32 2527/35/32 2525/36/32
f 2528/38/33 2529/39/33 2530/40/33
f 2533/41/30 2531/36/30 2532/37/30
f 2535/37/32 2536/41/32 2534/36/32
f 2538/37/35 2539/41/35 2537/36/35
f 2542/41/20 2540/36/20 2541/37/20
f 2545/42/33 2543/38/33 2544/39/33
f 2548/43/30 2546/44/30 2547/45/30
f 2551/46/20 2549/47/20 2550/48/20
f 2553/49/35 2554/50/35 2552/43/35
f 2556/51/32 2557/52/32 2555/53/32
f 2558/54/33 2559/55/33 2560/56/33
f 2563/59/14 2561/60/14 2562/61/14
f 2564/77/33 2565/78/33 2566/79/33
f 2569/35/30 2567/36/30 2568/37/30
f 2572/35/20 2570/36/20 2571/37/20
f 2574/37/34 2575/35/34 2573/36/34
f 2577/37/32 2578/35/32 2576/36/32
f 2579/38/33 2580/39/33 2581/40/33
f 2584/41/30 2582/36/30 2583/37/30
f 2586/37/32 2587/41/32 2585/36/32
f 2589/37/34 2590/41/34 2588/36/34
f 2593/41/20 2591/36/20 2592/37/20
f 2596/42/33 2594/38/33 2595/39/33
f 2599/43/30 2597/44/30 2598/45/30
f 2602/46/20 2600/47/20 2601/48/20
f 2604/49/35 2605/50/35 2603/43/35
f 2607/51/32 2608/52/32 2606/53/32
f 2609/54/33 2610/55/33 2611/56/33
f 2614/59/14 2612/60/14 2613/61/14
f 2617/35/39 2615/36/39 2616/37/39
f 2620/35/20 2618/36/20 2619/37/20
f 2622/37/34 2623/35/34 2621/36/34
f 2625/37/32 2626/35/32 2624/36/32
f 2627/38/33 2628/39/33 2629/40/33
f 2632/41/30 2630/36/30 2631/37/30
f 2634/37/32 2635/41/32 2633/36/32
f 2637/37/31 2638/41/31 2636/36/31
f 2641/41/20 2639/36/20 2640/37/20
f 2644/42/33 2642/38/33 2643/39/33
f 2647/43/30 2645/44/30 2646/45/30
f 2650/46/20 2648/47/20 2649/48/20
f 2652/49/35 2653/50/35 2651/43/35
f 2655/51/32 2656/52/32 2654/53/32
f 2657/54/33 2658/55/33 2659/56/33
f 2662/59/14 2660/60/14 2661/61/14
f 2665/85/33 2663/86/33 2664/79/33
f 2668/35/39 2666/36/39 2667/37/39
f 2671/35/20 2669/36/20 2670/37/20
f 2673/37/34 2674/35/34 2672/36/34
f 2676/37/32 2677/35/32 2675/36/32
f 2678/38/33 2679/39/33 2680/40/33
f 2683/41/30 2681/36/30 2682/37/30
f 2685/37/32 2686/41/32 2684/36/32
f 2688/37/31 2689/41/31 2687/36/31
f 2692/41/20 2690/36/20 2691/37/20
f 2695/42/33 2693/38/33 2694/39/33
f 2698/43/30 2696/44/30 2697/45/30
f 2701/46/20 2699/47/20 2700/48/20
f 2703/49/35 2704/50/35 2702/43/35
f 2706/51/32 2707/52/32 2705/53/32
f 2708/54/33 2709/55/33 2710/56/33
f 2714/71/20 2715/87/20 2716/88/20
f 2714/71/20 2716/88/20 2717/67/20
f 2718/69/32 2719/89/32 2720/90/32
f 2718/69/32 2720/90/32 2721/68/32
f 2713/59/14 2711/60/14 2712/61/14
f 2724/35/39 2722/36/39 2723/37/39
f 2727/35/20 2725/36/20 2726/37/20
f 2729/37/34 2730/35/34 2728/36/34
f 2732/37/32 2733/35/32 2731/36/32
f 2734/38/33 2735/39/33 2736/40/33
f 2739/41/30 2737/36/30 2738/37/30
f 2741/37/32 2742/41/32 2740/36/32
f 2744/37/35 2745/41/35 2743/36/35
f 2748/41/20 2746/36/20 2747/37/20
f 2751/42/33 2749/38/33 2750/39/33
f 2754/43/30 2752/44/30 2753/45/30
f 2757/46/20 2755/47/20 2756/48/20
f 2759/49/35 2760/50/35 2758/43/35
f 2762/51/32 2763/52/32 2761/53/32
f 2764/54/33 2765/55/33 2766/56/33
f 2770/68/32 2771/91/32 2772/92/32
f 2770/68/32 2772/92/32 2773/32/32
f 2769/59/14 2767/60/14 2768/61/14
f 2774/31/51 2775/21/52 2776/22/53
f 2779/21/32 2777/32/32 2778/70/32
f 2781/68/32 2782/69/32 2780/74/32
f 2783/28/33 2784/29/33 2785/30/33
f 2788/31/20 2786/32/20 2787/22/20
f 2791/32/32 2789/68/32 2790/21/32
f 2795/93/32 2796/94/32 2797/62/32
f 2795/93/32 2797/62/32 2798/63/32
f 2793/26/14 2794/27/14 2792/16/14
f 2800/27/14 2801/17/14 2799/18/14
f 2805/95/14 2806/96/14 2807/27/14
f 2805/95/14 2807/27/14 2808/17/14
f 2809/97/33 2810/98/33 2811/29/33
f 2809/97/33 2811/29/33 2812/30/33
f 2804/99/20 2802/100/20 2803/73/20
f 2815/62/54 2813/63/55 2814/84/32
f 2817/72/20 2818/73/20 2816/64/20
f 2820/72/46 2821/73/46 2819/64/46
f 2823/68/32 2824/69/32 2822/74/32
f 2826/62/32 2827/63/32 2825/64/32
f 2828/28/33 2829/29/33 2830/30/33
f 2833/21/32 2831/32/32 2832/70/32
f 2834/31/20 2835/21/20 2836/22/20
f 2839/21/32 2837/32/32 2838/70/32
f 2842/21/32 2840/32/32 2841/70/32
f 2845/63/20 2843/72/20 2844/64/20
f 2847/62/50 2848/63/50 2846/64/50
f 2850/62/32 2851/63/32 2849/64/32
f 2853/63/20 2854/72/20 2852/73/20
f 2855/28/33 2856/29/33 2857/30/33
f 2859/14/14 2860/15/14 2858/34/14
f 2862/27/14 2863/17/14 2861/18/14
f 2865/26/14 2866/27/14 2864/16/14
f 2867/23/33 2868/24/33 2869/25/33
f 2871/68/32 2872/69/32 2870/74/32
f 2873/31/20 2874/21/20 2875/22/20
f 2878/28/33 2876/83/33 2877/30/33
f 2879/31/20 2880/21/56 2881/22/56
f 2883/26/14 2884/27/14 2882/16/14
f 2886/14/14 2887/15/14 2885/34/14
f 2889/26/14 2890/27/14 2888/16/14
f 2892/26/14 2893/27/14 2891/16/14
f 2894/28/33 2895/29/33 2896/30/33
f 2899/63/46 2897/72/46 2898/64/46
f 2900/23/33 2901/24/33 2902/25/33
f 2903/16/14 2904/17/14 2905/18/14
f 2907/27/14 2908/17/14 2906/18/14
f 2909/23/33 2910/24/33 2911/25/33
f 2914/32/32 2912/68/32 2913/21/32
f 2916/14/14 2917/15/14 2915/34/14
f 2919/14/14 2920/15/14 2918/34/14
f 2922/66/20 2923/67/20 2921/71/20
f 2925/72/46 2926/73/46 2924/64/46
f 2927/31/20 2928/21/20 2929/22/20
f 2931/68/32 2932/69/32 2930/74/32
f 2933/77/57 2934/78/58 2935/79/59
f 2936/31/20 2937/21/20 2938/22/20
f 2940/63/20 2941/72/20 2939/73/36
f 2944/3/60 2942/4/61 2943/5/62
f 2946/1/63 2947/4/64 2945/3/65
f 2949/7/11 2950/11/12 2948/9/13
f 2953/7/66 2951/10/67 2952/11/68
f 2955/3/69 2956/5/70 2954/10/71
f 2959/18/18 2957/17/72 2958/16/18
f 2962/27/73 2960/26/74 2961/16/18
f 2963/34/18 2964/14/29 2965/33/18
f 2967/83/21 2968/28/21 2966/30/75
f 2970/82/21 2971/23/21 2969/25/76
f 2974/16/14 2972/27/14 2973/80/14
f 2977/71/37 2975/67/77 2976/65/32
f 2979/70/20 2980/74/20 2978/69/78
f 2983/101/33 2981/102/33 2982/30/33
f 2985/28/33 2986/30/33 2984/29/79
f 2988/77/33 2989/79/33 2987/78/33
f 2991/71/32 2992/67/32 2990/66/32
f 2993/31/50 2994/21/50 2995/32/50
f 2997/64/46 2998/63/46 2996/62/46
f 2999/21/20 3000/68/20 3001/32/20
f 3003/71/32 3004/67/32 3002/66/32
f 3007/17/14 3005/27/14 3006/18/14
f 3010/22/32 3008/21/32 3009/31/32
f 3013/81/33 3011/77/33 3012/78/33
f 3016/34/14 3014/15/14 3015/33/14
f 3019/22/32 3017/21/32 3018/31/32
f 3022/34/14 3020/15/14 3021/33/14
f 3023/31/32 3024/21/32 3025/32/32
f 3027/23/33 3028/25/33 3026/24/33
f 3030/64/32 3031/73/32 3029/72/32
f 3032/21/20 3033/68/20 3034/32/20
f 3035/31/32 3036/21/32 3037/32/32
f 3039/77/33 3040/79/33 3038/78/33
f 3042/64/20 3043/63/20 3041/62/20
f 3044/31/32 3045/21/32 3046/32/32
f 3047/21/20 3048/68/20 3049/32/20
f 3052/15/14 3050/14/14 3051/34/14
f 3055/27/14 3053/26/14 3054/16/14
f 3057/74/20 3058/69/20 3056/68/20
f 3061/15/14 3059/14/14 3060/34/14
f 3063/28/33 3064/30/33 3062/29/33
f 3066/82/33 3067/23/33 3065/25/33
f 3069/84/20 3070/64/20 3068/63/20
f 3073/81/33 3071/77/33 3072/78/33
f 3076/16/14 3074/27/14 3075/80/14
f 3079/27/14 3077/26/14 3078/16/14
f 3083/100/32 3084/103/32 3085/64/32
f 3083/100/32 3085/64/32 3086/73/32
f 3082/81/33 3080/77/33 3081/78/33
f 3087/31/32 3088/21/32 3089/32/32
f 3091/71/32 3092/67/32 3090/66/32
f 3096/92/46 3097/91/46 3098/68/46
f 3096/92/46 3098/68/46 3099/32/46
f 3094/82/33 3095/23/33 3093/25/33
f 3101/77/33 3102/79/33 3100/78/33
f 3104/71/32 3105/67/32 3103/66/32
f 3107/28/33 3108/30/33 3106/29/33
f 3110/23/33 3111/25/33 3109/24/33
f 3113/70/20 3114/74/20 3112/69/20
f 3117/15/14 3115/14/14 3116/34/14
f 3119/82/33 3120/23/33 3118/25/33
f 3123/31/32 3121/22/32 3122/32/32
f 3125/84/20 3126/64/20 3124/63/20
f 3128/74/20 3129/69/20 3127/68/20
f 3132/15/14 3130/14/14 3131/34/14
f 3133/63/32 3134/73/32 3135/72/32
f 3138/17/14 3136/27/14 3137/18/14
f 3139/65/32 3140/67/32 3141/66/32
f 3144/16/14 3142/27/14 3143/80/14
f 3147/18/14 3145/17/14 3146/16/14
f 3149/70/20 3150/74/20 3148/69/20
f 3152/82/33 3153/23/33 3151/25/33
f 3156/27/14 3154/26/14 3155/16/14
f 3157/21/20 3158/68/20 3159/32/20
f 3161/64/80 3162/73/80 3160/72/80
f 3164/77/33 3165/79/33 3163/78/33
f 3167/71/32 3168/67/32 3166/66/32
f 3171/16/14 3169/27/14 3170/80/14
f 3173/74/20 3174/69/20 3172/68/20
f 3177/16/14 3175/27/14 3176/80/14
f 3179/64/32 3180/73/32 3178/72/32
f 3182/23/33 3183/25/33 3181/24/33
f 3185/84/20 3186/64/20 3184/63/20
f 3188/64/32 3189/73/32 3187/72/32
f 3191/82/33 3192/23/33 3190/25/33
f 3193/65/32 3194/67/32 3195/66/32
f 3198/18/14 3196/17/14 3197/16/14
f 3200/71/32 3201/67/32 3199/66/32
f 3203/28/33 3204/30/33 3202/29/33
f 3206/64/32 3207/73/32 3205/72/32
f 3209/64/20 3210/63/20 3208/62/20
f 3212/70/20 3213/74/20 3211/69/20
f 3216/15/14 3214/14/14 3215/34/14
f 3218/71/32 3219/67/32 3217/66/32
f 3221/70/20 3222/74/20 3220/69/20
f 3224/64/20 3225/63/20 3223/62/20
f 3229/78/33 3230/104/33 3231/85/33
f 3229/78/33 3231/85/33 3232/79/33
f 3233/88/32 3234/87/32 3235/71/32
f 3233/88/32 3235/71/32 3236/67/32
f 3228/105/20 3226/106/20 3227/69/20
f 3239/22/44 3237/21/45 3238/31/32
f 3240/21/20 3241/68/52 3242/32/53
f 3244/84/20 3245/64/20 3243/63/81
f 3246/12/14 3247/15/14 3248/107/14
f 3250/23/33 3251/25/33 3249/24/33
f 3253/82/33 3254/23/33 3252/25/33
f 3256/71/32 3257/67/32 3255/66/32
f 3258/21/20 3259/68/20 3260/32/20
f 3262/71/32 3263/67/32 3261/66/32
f 3264/21/47 3265/68/47 3266/32/47
f 3268/64/32 3269/73/32 3267/72/32
f 3271/83/33 3272/28/33 3270/30/33
f 3274/70/20 3275/74/20 3273/69/20
f 3278/17/14 3276/27/14 3277/18/14
f 3280/84/20 3281/64/20 3279/63/20
f 3284/108/20 3282/93/20 3283/63/20
f 3287/22/32 3285/21/32 3286/31/32
f 3289/28/33 3290/30/33 3288/29/33
f 3293/21/20 3291/70/20 3292/32/20
f 3296/81/33 3294/77/33 3295/78/33
f 3299/27/14 3297/26/14 3298/16/14
f 3301/74/20 3302/69/20 3300/68/20
f 3304/83/33 3305/28/33 3303/30/33
f 3307/77/33 3308/79/33 3306/78/33
f 3310/64/32 3311/73/32 3309/72/32
f 3314/17/14 3312/27/14 3313/18/14
f 3316/28/33 3317/30/33 3315/29/33
f 3320/27/14 3318/26/14 3319/16/14
f 3323/17/14 3321/27/14 3322/18/14
f 3325/70/20 3326/74/20 3324/69/20
f 3327/21/20 3328/68/20 3329/32/20
f 3331/64/32 3332/73/32 3330/72/32
f 3335/17/14 3333/27/14 3334/18/14
f 3336/21/46 3337/68/46 3338/32/46
f 3340/64/20 3341/63/20 3339/62/20
f 3343/28/33 3344/30/33 3342/29/33
f 3346/23/33 3347/25/33 3345/24/33
f 3350/18/14 3348/17/14 3349/16/14
f 3353/15/14 3351/14/14 3352/34/14
f 3356/22/32 3354/21/32 3355/31/32
f 3358/77/33 3359/79/33 3357/78/33
f 3362/17/14 3360/27/14 3361/18/14
f 3366/26/14 3367/58/14 3368/57/14
f 3366/26/14 3368/57/14 3369/27/14
f 3364/28/33 3365/30/33 3363/29/33
f 3373/21/80 3374/20/80 3375/19/80
f 3373/21/80 3375/19/80 3376/22/80
f 3370/63/32 3371/73/82 3372/72/83
f 3379/18/14 3377/17/14 3378/16/14
f 3380/21/20 3381/68/20 3382/32/20
f 3385/34/14 3383/15/14 3384/33/14
f 3386/21/20 3387/68/20 3388/32/56
f 3390/83/33 3391/28/33 3389/30/33
f 3395/27/14 3396/96/14 3397/95/14
f 3395/27/14 3397/95/14 3398/17/14
f 3393/77/33 3394/79/33 3392/78/33
f 3400/64/20 3401/63/20 3399/62/20
f 3403/84/20 3404/64/20 3402/63/20
f 3406/64/32 3407/73/32 3405/72/32
f 3410/22/50 3408/21/50 3409/31/50
f 3413/27/14 3411/26/14 3412/16/14
f 3416/15/14 3414/14/14 3415/34/14
f 3420/24/33 3421/76/33 3422/75/33
f 3420/24/33 3422/75/33 3423/25/33
f 3418/64/80 3419/73/80 3417/72/80
f 3425/74/20 3426/69/20 3424/68/84
f 3429/81/21 3427/77/21 3428/78/85
f 3432/34/14 3430/15/14 3431/33/14
f 3433/4/86 3434/3/87 3435/5/88
f 3436/1/89 3437/2/90 3438/3/91
f 3440/10/66 3441/7/67 3439/9/68
f 3443/109/92 3444/10/93 3442/11/94
f 3445/5/95 3446/3/96 3447/7/71
f 3449/110/14 3450/14/14 3448/13/14
f 3452/27/97 3453/17/98 3451/16/18
f 3454/23/21 3455/82/21 3456/24/75
f 3457/20/20 3458/111/20 3459/21/20
f 3461/80/18 3462/26/99 3460/16/100
f 3463/28/21 3464/83/21 3465/29/76
f 3466/32/20 3467/21/20 3468/22/20
f 3470/14/101 3471/15/102 3469/33/18
f 3472/36/30 3473/41/30 3474/37/30
f 3475/36/20 3476/41/20 3477/37/20
f 3480/37/31 3478/36/31 3479/41/31
f 3483/37/32 3481/36/32 3482/41/32
f 3484/38/33 3485/42/33 3486/39/33
f 3489/37/39 3487/36/39 3488/35/39
f 3491/35/32 3492/37/32 3490/36/32
f 3494/35/34 3495/37/34 3493/36/34
f 3498/37/20 3496/36/20 3497/35/20
f 3499/38/33 3500/40/33 3501/39/33
f 3502/44/30 3503/112/30 3504/45/30
f 3505/47/20 3506/49/20 3507/48/20
f 3510/49/35 3508/43/35 3509/45/35
f 3513/51/32 3511/53/32 3512/113/32
f 3515/114/33 3516/55/33 3514/54/33
f 3517/60/14 3518/115/14 3519/61/14
f 3521/116/14 3522/26/14 3520/58/14
f 3524/84/50 3525/62/50 3523/64/50
f 3526/36/39 3527/41/39 3528/37/39
f 3529/36/20 3530/41/20 3531/37/20
f 3534/37/35 3532/36/35 3533/41/35
f 3537/37/32 3535/36/32 3536/41/32
f 3538/38/33 3539/42/33 3540/39/33
f 3543/37/30 3541/36/30 3542/35/30
f 3545/35/32 3546/37/32 3544/36/32
f 3548/35/35 3549/37/35 3547/36/35
f 3552/37/20 3550/36/20 3551/35/20
f 3553/38/33 3554/40/33 3555/39/33
f 3556/44/30 3557/112/30 3558/45/30
f 3559/47/20 3560/49/20 3561/48/20
f 3564/49/35 3562/43/35 3563/45/35
f 3567/51/32 3565/53/32 3566/113/32
f 3569/114/33 3570/55/33 3568/54/33
f 3571/60/14 3572/115/14 3573/61/14
f 3576/65/20 3574/67/103 3575/71/104
f 3579/70/32 3577/69/105 3578/74/32
f 3580/36/30 3581/41/30 3582/37/30
f 3583/36/20 3584/41/20 3585/37/20
f 3588/37/34 3586/36/34 3587/41/34
f 3591/37/32 3589/36/32 3590/41/32
f 3592/38/33 3593/42/33 3594/39/33
f 3597/37/40 3595/36/40 3596/35/40
f 3599/35/32 3600/37/32 3598/36/32
f 3602/35/35 3603/37/35 3601/36/35
f 3606/37/20 3604/36/20 3605/35/20
f 3607/38/33 3608/40/33 3609/39/33
f 3610/44/30 3611/112/30 3612/45/30
f 3613/47/20 3614/49/20 3615/48/20
f 3618/49/35 3616/43/35 3617/45/35
f 3621/51/32 3619/53/32 3620/113/32
f 3623/114/33 3624/55/33 3622/54/33
f 3625/60/14 3626/115/14 3627/61/14
f 3629/16/14 3630/27/14 3628/18/14
f 3632/65/20 3633/66/20 3631/71/20
f 3634/28/33 3635/83/33 3636/29/33
f 3638/63/20 3639/72/20 3637/64/20
f 3640/36/40 3641/41/40 3642/37/40
f 3643/36/20 3644/41/20 3645/37/20
f 3648/37/31 3646/36/31 3647/41/31
f 3651/37/32 3649/36/32 3650/41/32
f 3652/38/33 3653/42/33 3654/39/33
f 3657/37/39 3655/36/39 3656/35/39
f 3659/35/32 3660/37/32 3658/36/32
f 3662/35/31 3663/37/31 3661/36/31
f 3666/37/20 3664/36/20 3665/35/20
f 3667/38/33 3668/40/33 3669/39/33
f 3670/44/30 3671/112/30 3672/45/30
f 3673/47/20 3674/49/20 3675/48/20
f 3678/49/35 3676/43/35 3677/45/35
f 3681/51/32 3679/53/32 3680/113/32
f 3683/114/33 3684/55/33 3682/54/33
f 3685/60/14 3686/115/14 3687/61/14
f 3689/33/14 3690/14/14 3688/34/14
f 3692/70/32 3693/68/32 3691/74/32
f 3694/36/30 3695/41/30 3696/37/30
f 3697/36/20 3698/41/20 3699/37/20
f 3702/37/35 3700/36/35 3701/41/35
f 3705/37/32 3703/36/32 3704/41/32
f 3706/38/33 3707/42/33 3708/39/33
f 3711/37/30 3709/36/30 3710/35/30
f 3713/35/32 3714/37/32 3712/36/32
f 3716/35/34 3717/37/34 3715/36/34
f 3720/37/20 3718/36/20 3719/35/20
f 3721/38/33 3722/40/33 3723/39/33
f 3724/44/30 3725/112/30 3726/45/30
f 3727/47/20 3728/49/20 3729/48/20
f 3732/49/35 3730/43/35 3731/45/35
f 3735/51/32 3733/53/32 3734/113/32
f 3737/114/33 3738/55/33 3736/54/33
f 3739/60/14 3740/115/14 3741/61/14
f 3742/76/33 3743/117/33 3744/24/33
f 3745/36/39 3746/41/39 3747/37/39
f 3748/36/20 3749/41/20 3750/37/20
f 3753/37/35 3751/36/35 3752/41/35
f 3756/37/32 3754/36/32 3755/41/32
f 3757/38/33 3758/42/33 3759/39/33
f 3762/37/30 3760/36/30 3761/35/30
f 3764/35/32 3765/37/32 3763/36/32
f 3767/35/35 3768/37/35 3766/36/35
f 3771/37/20 3769/36/20 3770/35/20
f 3772/38/33 3773/40/33 3774/39/33
f 3775/44/30 3776/112/30 3777/45/30
f 3778/47/20 3779/49/20 3780/48/20
f 3783/49/35 3781/43/35 3782/45/35
f 3786/51/32 3784/53/32 3785/113/32
f 3788/114/33 3789/55/33 3787/54/33
f 3790/60/14 3791/115/14 3792/61/14
f 3793/77/33 3794/81/33 3795/78/33
f 3796/36/30 3797/41/30 3798/37/30
f 3799/36/20 3800/41/20 3801/37/20
f 3804/37/35 3802/36/35 3803/41/35
f 3807/37/32 3805/36/32 3806/41/32
f 3808/38/33 3809/42/33 3810/39/33
f 3813/37/40 3811/36/40 3812/35/40
f 3815/35/32 3816/37/32 3814/36/32
f 3818/35/31 3819/37/31 3817/36/31
f 3822/37/20 3820/36/20 3821/35/20
f 3823/38/33 3824/40/33 3825/39/33
f 3826/44/30 3827/112/30 3828/45/30
f 3829/47/20 3830/49/20 3831/48/20
f 3834/49/35 3832/43/35 3833/45/35
f 3837/51/32 3835/53/32 3836/113/32
f 3839/114/33 3840/55/33 3838/54/33
f 3841/60/14 3842/115/14 3843/61/14
f 3844/28/33 3845/83/33 3846/29/33
f 3848/80/14 3849/26/14 3847/16/14
f 3850/77/33 3851/81/33 3852/78/33
f 3853/36/30 3854/41/30 3855/37/30
f 3856/36/20 3857/41/20 3858/37/20
f 3861/37/31 3859/36/31 3860/41/31
f 3864/37/32 3862/36/32 3863/41/32
f 3865/38/33 3866/42/33 3867/39/33
f 3870/37/39 3868/36/39 3869/35/39
f 3872/35/32 3873/37/32 3871/36/32
f 3875/35/35 3876/37/35 3874/36/35
f 3879/37/20 3877/36/20 3878/35/20
f 3880/38/33 3881/40/33 3882/39/33
f 3883/44/30 3884/112/30 3885/45/30
f 3886/47/20 3887/49/20 3888/48/20
f 3891/49/35 3889/43/35 3890/45/35
f 3894/51/32 3892/53/32 3893/113/32
f 3896/114/33 3897/55/33 3895/54/33
f 3898/60/14 3899/115/14 3900/61/14
f 3901/31/20 3902/32/20 3903/21/20
f 3905/63/20 3906/72/20 3904/64/20
f 3907/36/30 3908/41/30 3909/37/30
f 3910/36/20 3911/41/20 3912/37/20
f 3915/37/35 3913/36/35 3914/41/35
f 3918/37/32 3916/36/32 3917/41/32
f 3919/38/33 3920/42/33 3921/39/33
f 3924/37/30 3922/36/30 3923/35/30
f 3926/35/32 3927/37/32 3925/36/32
f 3929/35/35 3930/37/35 3928/36/35
f 3933/37/20 3931/36/20 3932/35/20
f 3934/38/33 3935/40/33 3936/39/33
f 3937/44/30 3938/112/30 3939/45/30
f 3940/47/20 3941/49/20 3942/48/20
f 3945/49/35 3943/43/35 3944/45/35
f 3948/51/32 3946/53/32 3947/113/32
f 3950/114/33 3951/55/33 3949/54/33
f 3952/60/14 3953/115/14 3954/61/14
f 3955/77/33 3956/81/33 3957/78/33
f 3958/36/30 3959/41/30 3960/37/30
f 3961/36/20 3962/41/20 3963/37/20
f 3966/37/35 3964/36/35 3965/41/35
f 3969/37/32 3967/36/32 3968/41/32
f 3970/38/33 3971/42/33 3972/39/33
f 3975/37/30 3973/36/30 3974/35/30
f 3977/35/32 3978/37/32 3976/36/32
f 3980/35/35 3981/37/35 3979/36/35
f 3984/37/20 3982/36/20 3983/35/20
f 3985/38/33 3986/40/33 3987/39/33
f 3988/44/30 3989/112/30 3990/45/30
f 3991/47/20 3992/49/20 3993/48/20
f 3996/49/35 3994/43/35 3995/45/35
f 3999/51/32 3997/53/32 3998/113/32
f 4001/114/33 4002/55/33 4000/54/33
f 4003/60/14 4004/115/14 4005/61/14
f 4006/36/30 4007/41/30 4008/37/30
f 4009/36/20 4010/41/20 4011/37/20
f 4014/37/35 4012/36/35 4013/41/35
f 4017/37/32 4015/36/32 4016/41/32
f 4018/38/33 4019/42/33 4020/39/33
f 4023/37/30 4021/36/30 4022/35/30
f 4025/35/32 4026/37/32 4024/36/32
f 4028/35/34 4029/37/34 4027/36/34
f 4032/37/20 4030/36/20 4031/35/20
f 4033/38/33 4034/40/33 4035/39/33
f 4036/44/30 4037/112/30 4038/45/30
f 4039/47/20 4040/49/20 4041/48/20
f 4044/49/35 4042/43/35 4043/45/35
f 4047/51/32 4045/53/32 4046/113/32
f 4049/114/33 4050/55/33 4048/54/33
f 4051/60/14 4052/115/14 4053/61/14
f 4055/65/20 4056/66/20 4054/71/20
f 4057/36/30 4058/41/30 4059/37/30
f 4060/36/20 4061/41/20 4062/37/20
f 4065/37/35 4063/36/35 4064/41/35
f 4068/37/32 4066/36/32 4067/41/32
f 4069/38/33 4070/42/33 4071/39/33
f 4074/37/30 4072/36/30 4073/35/30
f 4076/35/32 4077/37/32 4075/36/32
f 4079/35/35 4080/37/35 4078/36/35
f 4083/37/20 4081/36/20 4082/35/20
f 4084/38/33 4085/40/33 4086/39/33
f 4087/44/30 4088/112/30 4089/45/30
f 4090/47/20 4091/49/20 4092/48/20
f 4095/49/35 4093/43/35 4094/45/35
f 4098/51/32 4096/53/32 4097/113/32
f 4100/114/33 4101/55/33 4099/54/33
f 4102/60/14 4103/115/14 4104/61/14
f 4107/21/32 4105/68/32 4106/70/32
f 4109/70/32 4110/68/32 4108/74/32
f 4113/21/50 4111/68/50 4112/70/50
f 4114/36/39 4115/41/39 4116/37/39
f 4117/36/20 4118/41/20 4119/37/20
f 4122/37/34 4120/36/34 4121/41/34
f 4125/37/32 4123/36/32 4124/41/32
f 4126/38/33 4127/42/33 4128/39/33
f 4131/37/30 4129/36/30 4130/35/30
f 4133/35/32 4134/37/32 4132/36/32
f 4136/35/35 4137/37/35 4135/36/35
f 4140/37/20 4138/36/20 4139/35/20
f 4141/38/33 4142/40/33 4143/39/33
f 4144/44/30 4145/112/30 4146/45/30
f 4147/47/20 4148/49/20 4149/48/20
f 4152/49/35 4150/43/35 4151/45/35
f 4155/51/32 4153/53/32 4154/113/32
f 4157/114/33 4158/55/33 4156/54/33
f 4159/60/14 4160/115/14 4161/61/14
f 4162/36/30 4163/41/30 4164/37/30
f 4165/36/20 4166/41/20 4167/37/20
f 4170/37/35 4168/36/35 4169/41/35
f 4173/37/32 4171/36/32 4172/41/32
f 4174/38/33 4175/42/33 4176/39/33
f 4179/37/40 4177/36/40 4178/35/40
f 4181/35/32 4182/37/32 4180/36/32
f 4184/35/35 4185/37/35 4183/36/35
f 4188/37/20 4186/36/20 4187/35/20
f 4189/38/33 4190/40/33 4191/39/33
f 4192/44/30 4193/112/30 4194/45/30
f 4195/47/20 4196/49/20 4197/48/20
f 4200/49/35 4198/43/35 4199/45/35
f 4203/51/32 4201/53/32 4202/113/32
f 4205/114/33 4206/55/33 4204/54/33
f 4207/60/14 4208/115/14 4209/61/14
f 4210/31/20 4211/32/20 4212/21/20
f 4213/36/30 4214/41/30 4215/37/30
f 4216/36/20 4217/41/20 4218/37/20
f 4221/37/35 4219/36/35 4220/41/35
f 4224/37/32 4222/36/32 4223/41/32
f 4225/38/33 4226/42/33 4227/39/33
f 4230/37/39 4228/36/39 4229/35/39
f 4232/35/32 4233/37/32 4231/36/32
f 4235/35/35 4236/37/35 4234/36/35
f 4239/37/20 4237/36/20 4238/35/20
f 4240/38/33 4241/40/33 4242/39/33
f 4243/44/30 4244/112/30 4245/45/30
f 4246/47/20 4247/49/20 4248/48/20
f 4251/49/35 4249/43/35 4250/45/35
f 4254/51/32 4252/53/32 4253/113/32
f 4256/114/33 4257/55/33 4255/54/33
f 4258/60/14 4259/115/14 4260/61/14
f 4262/84/32 4263/62/32 4261/64/32
f 4265/80/14 4266/26/14 4264/16/14
f 4267/36/30 4268/41/30 4269/37/30
f 4270/36/20 4271/41/20 4272/37/20
f 4275/37/35 4273/36/35 4274/41/35
f 4278/37/32 4276/36/32 4277/41/32
f 4279/38/33 4280/42/33 4281/39/33
f 4284/37/30 4282/36/30 4283/35/30
f 4286/35/32 4287/37/32 4285/36/32
f 4289/35/35 4290/37/35 4288/36/35
f 4293/37/20 4291/36/20 4292/35/20
f 4294/38/33 4295/40/33 4296/39/33
f 4297/44/30 4298/112/30 4299/45/30
f 4300/47/20 4301/49/20 4302/48/20
f 4305/49/35 4303/43/35 4304/45/35
f 4308/51/32 4306/53/32 4307/113/32
f 4310/114/33 4311/55/33 4309/54/33
f 4312/60/14 4313/115/14 4314/61/14
f 4316/80/14 4317/26/14 4315/16/14
f 4318/77/33 4319/81/33 4320/78/33
f 4322/16/14 4323/27/14 4321/18/14
f 4324/36/30 4325/41/30 4326/37/30
f 4327/36/20 4328/41/20 4329/37/20
f 4332/37/35 4330/36/35 4331/41/35
f 4335/37/32 4333/36/32 4334/41/32
f 4336/38/33 4337/42/33 4338/39/33
f 4341/37/40 4339/36/40 4340/35/40
f 4343/35/32 4344/37/32 4342/36/32
f 4346/35/35 4347/37/35 4345/36/35
f 4350/37/20 4348/36/20 4349/35/20
f 4351/38/33 4352/40/33 4353/39/33
f 4354/44/30 4355/112/30 4356/45/30
f 4357/47/20 4358/49/20 4359/48/20
f 4362/49/35 4360/43/35 4361/45/35
f 4365/51/32 4363/53/32 4364/113/32
f 4367/114/33 4368/55/33 4366/54/33
f 4369/60/14 4370/115/14 4371/61/14
f 4372/36/40 4373/41/40 4374/37/40
f 4375/36/20 4376/41/20 4377/37/20
f 4380/37/35 4378/36/35 4379/41/35
f 4383/37/32 4381/36/32 4382/41/32
f 4384/38/33 4385/42/33 4386/39/33
f 4389/37/30 4387/36/30 4388/35/30
f 4391/35/32 4392/37/32 4390/36/32
f 4394/35/35 4395/37/35 4393/36/35
f 4398/37/20 4396/36/20 4397/35/20
f 4399/38/33 4400/40/33 4401/39/33
f 4402/44/30 4403/112/30 4404/45/30
f 4405/47/20 4406/49/20 4407/48/20
f 4410/49/35 4408/43/35 4409/45/35
f 4413/51/32 4411/53/32 4412/113/32
f 4415/114/33 4416/55/33 4414/54/33
f 4417/60/14 4418/115/14 4419/61/14
f 4420/77/33 4421/81/33 4422/78/33
f 4424/65/20 4425/66/20 4423/71/20
f 4427/33/14 4428/14/14 4426/34/14
f 4430/33/14 4431/14/14 4429/34/14
f 4433/84/50 4434/62/50 4432/64/50
f 4435/36/39 4436/41/39 4437/37/39
f 4438/36/20 4439/41/20 4440/37/20
f 4443/37/35 4441/36/35 4442/41/35
f 4446/37/32 4444/36/32 4445/41/32
f 4447/38/33 4448/42/33 4449/39/33
f 4452/37/30 4450/36/30 4451/35/30
f 4454/35/32 4455/37/32 4453/36/32
f 4457/35/35 4458/37/35 4456/36/35
f 4461/37/20 4459/36/20 4460/35/20
f 4462/38/33 4463/40/33 4464/39/33
f 4465/44/30 4466/112/30 4467/45/30
f 4468/47/20 4469/49/20 4470/48/20
f 4473/49/35 4471/43/35 4472/45/35
f 4476/51/32 4474/53/32 4475/113/32
f 4478/114/33 4479/55/33 4477/54/33
f 4480/60/14 4481/115/14 4482/61/14
f 4483/28/33 4484/83/33 4485/29/33
f 4486/36/30 4487/41/30 4488/37/30
f 4489/36/20 4490/41/20 4491/37/20
f 4494/37/35 4492/36/35 4493/41/35
f 4497/37/32 4495/36/32 4496/41/32
f 4498/38/33 4499/42/33 4500/39/33
f 4503/37/30 4501/36/30 4502/35/30
f 4505/35/32 4506/37/32 4504/36/32
f 4508/35/35 4509/37/35 4507/36/35
f 4512/37/20 4510/36/20 4511/35/20
f 4513/38/33 4514/40/33 4515/39/33
f 4516/44/30 4517/112/30 4518/45/30
f 4519/47/20 4520/49/20 4521/48/20
f 4524/49/35 4522/43/35 4523/45/35
f 4527/51/32 4525/53/32 4526/113/32
f 4529/114/33 4530/55/33 4528/54/33
f 4531/60/14 4532/115/14 4533/61/14
f 4535/26/14 4536/27/14 4534/80/14
f 4538/70/32 4539/68/32 4537/74/32
f 4542/21/80 4540/68/80 4541/70/80
f 4543/36/30 4544/41/30 4545/37/30
f 4546/36/20 4547/41/20 4548/37/20
f 4551/37/34 4549/36/34 4550/41/34
f 4554/37/32 4552/36/32 4553/41/32
f 4555/38/33 4556/42/33 4557/39/33
f 4560/37/40 4558/36/40 4559/35/40
f 4562/35/32 4563/37/32 4561/36/32
f 4565/35/35 4566/37/35 4564/36/35
f 4569/37/20 4567/36/20 4568/35/20
f 4570/38/33 4571/40/33 4572/39/33
f 4573/44/30 4574/112/30 4575/45/30
f 4576/47/20 4577/49/20 4578/48/20
f 4581/49/35 4579/43/35 4580/45/35
f 4584/51/32 4582/53/32 4583/113/32
f 4586/114/33 4587/55/33 4585/54/33
f 4588/60/14 4589/115/14 4590/61/14
f 4591/36/30 4592/41/30 4593/37/30
f 4594/36/20 4595/41/20 4596/37/20
f 4599/37/35 4597/36/35 4598/41/35
f 4602/37/32 4600/36/32 4601/41/32
f 4603/38/33 4604/42/33 4605/39/33
f 4608/37/30 4606/36/30 4607/35/30
f 4610/35/32 4611/37/32 4609/36/32
f 4613/35/31 4614/37/31 4612/36/31
f 4617/37/20 4615/36/20 4616/35/20
f 4618/38/33 4619/40/33 4620/39/33
f 4621/44/30 4622/112/30 4623/45/30
f 4624/47/20 4625/49/20 4626/48/20
f 4629/49/35 4627/43/35 4628/45/35
f 4632/51/32 4630/53/32 4631/113/32
f 4634/114/33 4635/55/33 4633/54/33
f 4636/60/14 4637/115/14 4638/61/14
f 4639/77/33 4640/81/33 4641/78/33
f 4642/36/30 4643/41/30 4644/37/30
f 4645/36/20 4646/41/20 4647/37/20
f 4650/37/31 4648/36/31 4649/41/31
f 4653/37/32 4651/36/32 4652/41/32
f 4654/38/33 4655/42/33 4656/39/33
f 4659/37/30 4657/36/30 4658/35/30
f 4661/35/32 4662/37/32 4660/36/32
f 4664/35/34 4665/37/34 4663/36/34
f 4668/37/20 4666/36/20 4667/35/20
f 4669/38/33 4670/40/33 4671/39/33
f 4672/44/30 4673/112/30 4674/45/30
f 4675/47/20 4676/49/20 4677/48/20
f 4680/49/35 4678/43/35 4679/45/35
f 4683/51/32 4681/53/32 4682/113/32
f 4685/114/33 4686/55/33 4684/54/33
f 4687/60/14 4688/115/14 4689/61/14
f 4691/65/20 4692/66/20 4690/71/20
f 4693/36/30 4694/41/30 4695/37/30
f 4696/36/20 4697/41/20 4698/37/20
f 4701/37/34 4699/36/34 4700/41/34
f 4704/37/32 4702/36/32 4703/41/32
f 4705/38/33 4706/42/33 4707/39/33
f 4710/37/30 4708/36/30 4709/35/30
f 4712/35/32 4713/37/32 4711/36/32
f 4715/35/35 4716/37/35 4714/36/35
f 4719/37/20 4717/36/20 4718/35/20
f 4720/38/33 4721/40/33 4722/39/33
f 4723/44/30 4724/112/30 4725/45/30
f 4726/47/20 4727/49/20 4728/48/20
f 4731/49/35 4729/43/35 4730/45/35
f 4734/51/32 4732/53/32 4733/113/32
f 4736/114/33 4737/55/33 4735/54/33
f 4738/60/14 4739/115/14 4740/61/14
f 4742/16/14 4743/27/14 4741/18/14
f 4744/36/39 4745/41/39 4746/37/39
f 4747/36/20 4748/41/20 4749/37/20
f 4752/37/34 4750/36/34 4751/41/34
f 4755/37/32 4753/36/32 4754/41/32
f 4756/38/33 4757/42/33 4758/39/33
f 4761/37/39 4759/36/39 4760/35/39
f 4763/35/32 4764/37/32 4762/36/32
f 4766/35/35 4767/37/35 4765/36/35
f 4770/37/20 4768/36/20 4769/35/20
f 4771/38/33 4772/40/33 4773/39/33
f 4774/44/30 4775/112/30 4776/45/30
f 4777/47/20 4778/49/20 4779/48/20
f 4782/49/35 4780/43/35 4781/45/35
f 4785/51/32 4783/53/32 4784/113/32
f 4787/114/33 4788/55/33 4786/54/33
f 4789/60/14 4790/115/14 4791/61/14
f 4793/84/80 4794/62/80 4792/64/80
f 4795/36/30 4796/41/30 4797/37/30
f 4798/36/20 4799/41/20 4800/37/20
f 4803/37/35 4801/36/35 4802/41/35
f 4806/37/32 4804/36/32 4805/41/32
f 4807/38/33 4808/42/33 4809/39/33
f 4812/37/30 4810/36/30 4811/35/30
f 4814/35/32 4815/37/32 4813/36/32
f 4817/35/34 4818/37/34 4816/36/34
f 4821/37/20 4819/36/20 4820/35/20
f 4822/38/33 4823/40/33 4824/39/33
f 4825/44/30 4826/112/30 4827/45/30
f 4828/47/20 4829/49/20 4830/48/20
f 4833/49/35 4831/43/35 4832/45/35
f 4836/51/32 4834/53/32 4835/113/32
f 4838/114/33 4839/55/33 4837/54/33
f 4840/60/14 4841/115/14 4842/61/14
f 4843/66/20 4844/67/20 4845/71/20
f 4846/23/33 4847/82/33 4848/24/33
f 4849/36/30 4850/41/30 4851/37/30
f 4852/36/20 4853/41/20 4854/37/20
f 4857/37/35 4855/36/35 4856/41/35
f 4860/37/32 4858/36/32 4859/41/32
f 4861/38/33 4862/42/33 4863/39/33
f 4866/37/30 4864/36/30 4865/35/30
f 4868/35/32 4869/37/32 4867/36/32
f 4871/35/34 4872/37/34 4870/36/34
f 4875/37/20 4873/36/20 4874/35/20
f 4876/38/33 4877/40/33 4878/39/33
f 4879/44/30 4880/112/30 4881/45/30
f 4882/47/20 4883/49/20 4884/48/20
f 4887/49/35 4885/43/35 4886/45/35
f 4890/51/32 4888/53/32 4889/113/32
f 4892/114/33 4893/55/33 4891/54/33
f 4894/60/14 4895/115/14 4896/61/14
f 4897/23/33 4898/82/33 4899/24/33
f 4900/81/33 4901/78/33 4902/79/33
f 4905/21/32 4903/68/106 4904/70/32
f 4906/36/39 4907/41/39 4908/37/39
f 4909/36/20 4910/41/20 4911/37/20
f 4914/37/34 4912/36/34 4913/41/34
f 4917/37/32 4915/36/32 4916/41/32
f 4918/38/33 4919/42/33 4920/39/33
f 4923/37/30 4921/36/30 4922/35/30
f 4925/35/32 4926/37/32 4924/36/32
f 4928/35/35 4929/37/35 4927/36/35
f 4932/37/20 4930/36/20 4931/35/20
f 4933/38/33 4934/40/33 4935/39/33
f 4936/44/30 4937/112/30 4938/45/30
f 4939/47/20 4940/49/20 4941/48/20
f 4944/49/35 4942/43/35 4943/45/35
f 4947/51/32 4945/53/32 4946/113/32
f 4949/114/33 4950/55/33 4948/54/33
f 4951/60/14 4952/115/14 4953/61/14
f 4955/33/14 4956/14/14 4954/34/14
f 4959/63/20 4957/73/20 4958/64/20
f 4960/36/40 4961/41/40 4962/37/40
f 4963/36/20 4964/41/20 4965/37/20
f 4968/37/34 4966/36/34 4967/41/34
f 4971/37/32 4969/36/32 4970/41/32
f 4972/38/33 4973/42/33 4974/39/33
f 4977/37/39 4975/36/39 4976/35/39
f 4979/35/32 4980/37/32 4978/36/32
f 4982/35/34 4983/37/34 4981/36/34
f 4986/37/20 4984/36/20 4985/35/20
f 4987/38/33 4988/40/33 4989/39/33
f 4990/44/30 4991/112/30 4992/45/30
f 4993/47/20 4994/49/20 4995/48/20
f 4998/49/35 4996/43/35 4997/45/35
f 5001/51/32 4999/53/32 5000/113/32
f 5003/114/33 5004/55/33 5002/54/33
f 5005/60/14 5006/115/14 5007/61/14
f 5008/28/33 5009/83/33 5010/29/33
f 5011/36/40 5012/41/40 5013/37/40
f 5014/36/20 5015/41/20 5016/37/20
f 5019/37/35 5017/36/35 5018/41/35
f 5022/37/32 5020/36/32 5021/41/32
f 5023/38/33 5024/42/33 5025/39/33
f 5028/37/39 5026/36/39 5027/35/39
f 5030/35/32 5031/37/32 5029/36/32
f 5033/35/34 5034/37/34 5032/36/34
f 5037/37/20 5035/36/20 5036/35/20
f 5038/38/33 5039/40/33 5040/39/33
f 5041/44/30 5042/112/30 5043/45/30
f 5044/47/20 5045/49/20 5046/48/20
f 5049/49/35 5047/43/35 5048/45/35
f 5052/51/32 5050/53/32 5051/113/32
f 5054/114/33 5055/55/33 5053/54/33
f 5056/60/14 5057/115/14 5058/61/14
f 5059/36/39 5060/41/39 5061/37/39
f 5062/36/20 5063/41/20 5064/37/20
f 5067/37/31 5065/36/31 5066/41/31
f 5070/37/32 5068/36/32 5069/41/32
f 5071/38/33 5072/42/33 5073/39/33
f 5076/37/30 5074/36/30 5075/35/30
f 5078/35/32 5079/37/32 5077/36/32
f 5081/35/34 5082/37/34 5080/36/34
f 5085/37/20 5083/36/20 5084/35/20
f 5086/38/33 5087/40/33 5088/39/33
f 5089/44/30 5090/112/30 5091/45/30
f 5092/47/20 5093/49/20 5094/48/20
f 5097/49/35 5095/43/35 5096/45/35
f 5100/51/32 5098/53/32 5099/113/32
f 5102/114/33 5103/55/33 5101/54/33
f 5104/60/14 5105/115/14 5106/61/14
f 5107/23/33 5108/82/33 5109/24/33
f 5110/32/32 5111/68/32 5112/70/32
f 5113/36/30 5114/41/30 5115/37/30
f 5116/36/20 5117/41/20 5118/37/20
f 5121/37/35 5119/36/35 5120/41/35
f 5124/37/32 5122/36/32 5123/41/32
f 5125/38/33 5126/42/33 5127/39/33
f 5130/37/39 5128/36/39 5129/35/39
f 5132/35/32 5133/37/32 5131/36/32
f 5135/35/34 5136/37/34 5134/36/34
f 5139/37/20 5137/36/20 5138/35/20
f 5140/38/33 5141/40/33 5142/39/33
f 5143/44/30 5144/112/30 5145/45/30
f 5146/47/20 5147/49/20 5148/48/20
f 5151/49/35 5149/43/35 5150/45/35
f 5154/51/32 5152/53/32 5153/113/32
f 5156/114/33 5157/55/33 5155/54/33
f 5158/60/14 5159/115/14 5160/61/14
f 5161/36/30 5162/41/30 5163/37/30
f 5164/36/20 5165/41/20 5166/37/20
f 5169/37/35 5167/36/35 5168/41/35
f 5172/37/32 5170/36/32 5171/41/32
f 5173/38/33 5174/42/33 5175/39/33
f 5178/37/39 5176/36/39 5177/35/39
f 5180/35/32 5181/37/32 5179/36/32
f 5183/35/34 5184/37/34 5182/36/34
f 5187/37/20 5185/36/20 5186/35/20
f 5188/38/33 5189/40/33 5190/39/33
f 5191/44/30 5192/112/30 5193/45/30
f 5194/47/20 5195/49/20 5196/48/20
f 5199/49/35 5197/43/35 5198/45/35
f 5202/51/32 5200/53/32 5201/113/32
f 5204/114/33 5205/55/33 5203/54/33
f 5206/60/14 5207/115/14 5208/61/14
f 5209/36/30 5210/41/30 5211/37/30
f 5212/36/20 5213/41/20 5214/37/20
f 5217/37/34 5215/36/34 5216/41/34
f 5220/37/32 5218/36/32 5219/41/32
f 5221/38/33 5222/42/33 5223/39/33
f 5226/37/39 5224/36/39 5225/35/39
f 5228/35/32 5229/37/32 5227/36/32
f 5231/35/31 5232/37/31 5230/36/31
f 5235/37/20 5233/36/20 5234/35/20
f 5236/38/33 5237/40/33 5238/39/33
f 5239/44/30 5240/112/30 5241/45/30
f 5242/47/20 5243/49/20 5244/48/20
f 5247/49/35 5245/43/35 5246/45/35
f 5250/51/32 5248/53/32 5249/113/32
f 5252/114/33 5253/55/33 5251/54/33
f 5254/60/14 5255/115/14 5256/61/14
f 5257/77/33 5258/81/33 5259/78/33
f 5262/65/20 5260/67/20 5261/71/20
f 5264/70/32 5265/68/32 5263/74/32
f 5266/36/39 5267/41/39 5268/37/39
f 5269/36/20 5270/41/20 5271/37/20
f 5274/37/34 5272/36/34 5273/41/34
f 5277/37/32 5275/36/32 5276/41/32
f 5278/38/33 5279/42/33 5280/39/33
f 5283/37/40 5281/36/40 5282/35/40
f 5285/35/32 5286/37/32 5284/36/32
f 5288/35/34 5289/37/34 5287/36/34
f 5292/37/20 5290/36/20 5291/35/20
f 5293/38/33 5294/40/33 5295/39/33
f 5296/44/30 5297/112/30 5298/45/30
f 5299/47/20 5300/49/20 5301/48/20
f 5304/49/35 5302/43/35 5303/45/35
f 5307/51/32 5305/53/32 5306/113/32
f 5309/114/33 5310/55/33 5308/54/33
f 5311/60/14 5312/115/14 5313/61/14
f 5314/31/20 5315/32/20 5316/21/20
f 5318/80/14 5319/26/14 5317/16/14
f 5320/31/47 5321/32/47 5322/21/47
f 5323/36/30 5324/41/30 5325/37/30
f 5326/36/20 5327/41/20 5328/37/20
f 5331/37/35 5329/36/35 5330/41/35
f 5334/37/32 5332/36/32 5333/41/32
f 5335/38/33 5336/42/33 5337/39/33
f 5340/37/30 5338/36/30 5339/35/30
f 5342/35/32 5343/37/32 5341/36/32
f 5345/35/35 5346/37/35 5344/36/35
f 5349/37/20 5347/36/20 5348/35/20
f 5350/38/33 5351/40/33 5352/39/33
f 5353/44/30 5354/112/30 5355/45/30
f 5356/47/20 5357/49/20 5358/48/20
f 5361/49/35 5359/43/35 5360/45/35
f 5364/51/32 5362/53/32 5363/113/32
f 5366/114/33 5367/55/33 5365/54/33
f 5368/60/14 5369/115/14 5370/61/14
f 5372/16/14 5373/27/14 5371/18/14
f 5374/66/20 5375/67/20 5376/71/20
f 5378/63/20 5379/72/20 5377/64/20
f 5380/36/30 5381/41/30 5382/37/30
f 5383/36/20 5384/41/20 5385/37/20
f 5388/37/35 5386/36/35 5387/41/35
f 5391/37/32 5389/36/32 5390/41/32
f 5392/38/33 5393/42/33 5394/39/33
f 5397/37/39 5395/36/39 5396/35/39
f 5399/35/32 5400/37/32 5398/36/32
f 5402/35/31 5403/37/31 5401/36/31
f 5406/37/20 5404/36/20 5405/35/20
f 5407/38/33 5408/40/33 5409/39/33
f 5410/44/30 5411/112/30 5412/45/30
f 5413/47/20 5414/49/20 5415/48/20
f 5418/49/48 5416/43/48 5417/45/48
f 5421/51/32 5419/53/32 5420/113/32
f 5423/114/33 5424/55/33 5422/54/33
f 5425/60/14 5426/115/14 5427/61/14
f 5428/23/33 5429/82/33 5430/24/33
f 5432/84/32 5433/62/32 5431/64/32
f 5434/36/40 5435/41/40 5436/37/40
f 5437/36/20 5438/41/20 5439/37/20
f 5442/37/34 5440/36/34 5441/41/34
f 5445/37/32 5443/36/32 5444/41/32
f 5446/38/33 5447/42/33 5448/39/33
f 5451/37/30 5449/36/30 5450/35/30
f 5453/35/32 5454/37/32 5452/36/32
f 5456/35/35 5457/37/35 5455/36/35
f 5460/37/20 5458/36/20 5459/35/20
f 5461/38/33 5462/40/33 5463/39/33
f 5464/44/30 5465/112/30 5466/45/30
f 5467/47/20 5468/49/20 5469/48/20
f 5472/49/48 5470/43/48 5471/45/48
f 5475/51/32 5473/53/32 5474/113/32
f 5477/114/33 5478/55/33 5476/54/33
f 5479/60/14 5480/115/14 5481/61/14
f 5482/77/33 5483/81/33 5484/78/33
f 5486/65/20 5487/66/20 5485/71/20
f 5488/23/33 5489/82/33 5490/24/33
f 5492/70/32 5493/68/32 5491/74/32
f 5494/36/30 5495/41/30 5496/37/30
f 5497/36/20 5498/41/20 5499/37/20
f 5502/37/31 5500/36/31 5501/41/31
f 5505/37/32 5503/36/32 5504/41/32
f 5506/38/33 5507/42/33 5508/39/33
f 5511/37/39 5509/36/39 5510/35/39
f 5513/35/32 5514/37/32 5512/36/32
f 5516/35/34 5517/37/34 5515/36/34
f 5520/37/20 5518/36/20 5519/35/20
f 5521/38/33 5522/40/33 5523/39/33
f 5524/44/30 5525/112/30 5526/45/30
f 5527/47/20 5528/49/20 5529/48/20
f 5532/49/35 5530/43/35 5531/45/35
f 5535/51/32 5533/53/32 5534/113/32
f 5537/114/33 5538/55/33 5536/54/33
f 5539/60/14 5540/115/14 5541/61/14
f 5544/21/32 5542/68/32 5543/70/32
f 5546/33/14 5547/14/14 5545/34/14
f 5548/36/39 5549/41/39 5550/37/39
f 5551/36/20 5552/41/20 5553/37/20
f 5556/37/35 5554/36/35 5555/41/35
f 5559/37/32 5557/36/32 5558/41/32
f 5560/38/33 5561/42/33 5562/39/33
f 5565/37/30 5563/36/30 5564/35/30
f 5567/35/32 5568/37/32 5566/36/32
f 5570/35/35 5571/37/35 5569/36/35
f 5574/37/20 5572/36/20 5573/35/20
f 5575/38/33 5576/40/33 5577/39/33
f 5578/44/30 5579/112/30 5580/45/30
f 5581/47/20 5582/49/20 5583/48/20
f 5586/49/35 5584/43/35 5585/45/35
f 5589/51/32 5587/53/32 5588/113/32
f 5591/114/33 5592/55/33 5590/54/33
f 5593/60/14 5594/115/14 5595/61/14
f 5596/82/33 5597/24/33 5598/25/33
f 5599/72/20 5600/73/20 5601/64/20
f 5603/84/80 5604/62/80 5602/64/80
f 5606/84/32 5607/62/32 5605/64/32
f 5608/36/39 5609/41/39 5610/37/39
f 5611/36/20 5612/41/20 5613/37/20
f 5616/37/35 5614/36/35 5615/41/35
f 5619/37/32 5617/36/32 5618/41/32
f 5620/38/33 5621/42/33 5622/39/33
f 5625/37/30 5623/36/30 5624/35/30
f 5627/35/32 5628/37/32 5626/36/32
f 5630/35/35 5631/37/35 5629/36/35
f 5634/37/20 5632/36/20 5633/35/20
f 5635/38/33 5636/40/33 5637/39/33
f 5638/44/30 5639/112/30 5640/45/30
f 5641/47/20 5642/49/20 5643/48/20
f 5646/49/35 5644/43/35 5645/45/35
f 5649/51/32 5647/53/32 5648/113/32
f 5651/114/33 5652/55/33 5650/54/33
f 5653/60/14 5654/115/14 5655/61/14
f 5657/27/14 5658/17/14 5656/16/14
f 5659/66/20 5660/67/20 5661/71/20
f 5662/36/30 5663/41/30 5664/37/30
f 5665/36/20 5666/41/20 5667/37/20
f 5670/37/35 5668/36/35 5669/41/35
f 5673/37/32 5671/36/32 5672/41/32
f 5674/38/33 5675/42/33 5676/39/33
f 5679/37/30 5677/36/30 5678/35/30
f 5681/35/32 5682/37/32 5680/36/32
f 5684/35/34 5685/37/34 5683/36/34
f 5688/37/20 5686/36/20 5687/35/20
f 5689/38/33 5690/40/33 5691/39/33
f 5692/44/30 5693/112/30 5694/45/30
f 5695/47/20 5696/49/20 5697/48/20
f 5700/49/35 5698/43/35 5699/45/35
f 5703/51/32 5701/53/32 5702/113/32
f 5705/114/33 5706/55/33 5704/54/33
f 5707/60/14 5708/115/14 5709/61/14
f 5710/81/33 5711/78/33 5712/79/33
f 5714/33/14 5715/14/14 5713/34/14
f 5717/16/14 5718/27/14 5716/18/14
f 5719/36/30 5720/41/30 5721/37/30
f 5722/36/20 5723/41/20 5724/37/20
f 5727/37/35 5725/36/35 5726/41/35
f 5730/37/32 5728/36/32 5729/41/32
f 5731/38/33 5732/42/33 5733/39/33
f 5736/37/30 5734/36/30 5735/35/30
f 5738/35/32 5739/37/32 5737/36/32
f 5741/35/34 5742/37/34 5740/36/34
f 5745/37/20 5743/36/20 5744/35/20
f 5746/38/33 5747/40/33 5748/39/33
f 5749/44/30 5750/112/30 5751/45/30
f 5752/47/20 5753/49/20 5754/48/20
f 5757/49/48 5755/43/48 5756/45/48
f 5760/51/32 5758/53/32 5759/113/32
f 5762/114/33 5763/55/33 5761/54/33
f 5764/60/14 5765/115/14 5766/61/14
f 5767/23/33 5768/82/33 5769/24/33
f 5770/82/33 5771/24/33 5772/25/33
f 5773/83/33 5774/29/33 5775/30/33
f 5777/70/32 5778/68/32 5776/74/32
f 5779/36/30 5780/41/30 5781/37/30
f 5782/36/20 5783/41/20 5784/37/20
f 5787/37/34 5785/36/34 5786/41/34
f 5790/37/32 5788/36/32 5789/41/32
f 5791/38/33 5792/42/33 5793/39/33
f 5796/37/30 5794/36/30 5795/35/30
f 5798/35/32 5799/37/32 5797/36/32
f 5801/35/34 5802/37/34 5800/36/34
f 5805/37/20 5803/36/20 5804/35/20
f 5806/38/33 5807/40/33 5808/39/33
f 5809/44/30 5810/112/30 5811/45/30
f 5812/47/20 5813/49/20 5814/48/20
f 5817/49/35 5815/43/35 5816/45/35
f 5820/51/32 5818/53/32 5819/113/32
f 5822/114/33 5823/55/33 5821/54/33
f 5824/60/14 5825/115/14 5826/61/14
f 5828/16/14 5829/27/14 5827/18/14
f 5831/62/32 5832/63/32 5830/84/32
f 5833/83/33 5834/29/33 5835/30/33
f 5836/36/39 5837/41/39 5838/37/39
f 5839/36/20 5840/41/20 5841/37/20
f 5844/37/35 5842/36/35 5843/41/35
f 5847/37/32 5845/36/32 5846/41/32
f 5848/38/33 5849/42/33 5850/39/33
f 5853/37/30 5851/36/30 5852/35/30
f 5855/35/32 5856/37/32 5854/36/32
f 5858/35/34 5859/37/34 5857/36/34
f 5862/37/107 5860/36/107 5861/35/107
f 5863/38/33 5864/40/33 5865/39/33
f 5866/44/30 5867/112/30 5868/45/30
f 5869/47/20 5870/49/20 5871/48/20
f 5874/49/35 5872/43/35 5873/45/35
f 5877/51/32 5875/53/32 5876/113/32
f 5879/114/33 5880/55/33 5878/54/33
f 5881/60/14 5882/115/14 5883/61/14
f 5885/14/14 5886/15/14 5884/33/14
f 5887/66/47 5888/67/47 5889/71/47
f 5891/70/80 5892/68/80 5890/74/80
f 5894/80/14 5895/26/14 5893/16/14
f 5896/36/39 5897/41/39 5898/37/39
f 5899/36/20 5900/41/20 5901/37/20
f 5904/37/35 5902/36/35 5903/41/35
f 5907/37/32 5905/36/32 5906/41/32
f 5908/38/33 5909/42/33 5910/39/33
f 5913/37/40 5911/36/40 5912/35/40
f 5915/35/32 5916/37/32 5914/36/32
f 5918/35/35 5919/37/35 5917/36/35
f 5922/37/20 5920/36/20 5921/35/20
f 5923/38/33 5924/40/33 5925/39/33
f 5926/44/30 5927/112/30 5928/45/30
f 5929/47/20 5930/49/20 5931/48/20
f 5934/49/35 5932/43/35 5933/45/35
f 5937/51/32 5935/53/32 5936/113/32
f 5939/114/33 5940/55/33 5938/54/33
f 5941/60/14 5942/115/14 5943/61/14
f 5944/36/30 5945/41/30 5946/37/30
f 5947/36/20 5948/41/20 5949/37/20
f 5952/37/31 5950/36/31 5951/41/31
f 5955/37/108 5953/36/108 5954/41/108
f 5956/38/33 5957/42/33 5958/39/33
f 5961/37/30 5959/36/30 5960/35/30
f 5963/35/32 5964/37/32 5962/36/32
f 5966/35/31 5967/37/31 5965/36/31
f 5970/37/20 5968/36/20 5969/35/20
f 5971/38/33 5972/40/33 5973/39/33
f 5974/44/30 5975/112/30 5976/45/30
f 5977/47/20 5978/49/20 5979/48/20
f 5982/49/35 5980/43/35 5981/45/35
f 5985/51/32 5983/53/32 5984/113/32
f 5987/114/33 5988/55/33 5986/54/33
f 5989/60/14 5990/115/14 5991/61/14
f 5992/77/33 5993/81/33 5994/78/33
f 5995/36/39 5996/41/39 5997/37/39
f 5998/36/107 5999/41/107 6000/37/107
f 6003/37/35 6001/36/35 6002/41/35
f 6006/37/32 6004/36/32 6005/41/32
f 6007/38/33 6008/42/33 6009/39/33
f 6012/37/40 6010/36/40 6011/35/40
f 6014/35/32 6015/37/32 6013/36/32
f 6017/35/35 6018/37/35 6016/36/35
f 6021/37/20 6019/36/20 6020/35/20
f 6022/38/33 6023/40/33 6024/39/33
f 6025/44/30 6026/112/30 6027/45/30
f 6028/47/20 6029/49/20 6030/48/20
f 6033/49/35 6031/43/35 6032/45/35
f 6036/51/32 6034/53/32 6035/113/32
f 6038/114/33 6039/55/33 6037/54/33
f 6040/60/14 6041/115/14 6042/61/14
f 6043/36/30 6044/41/30 6045/37/30
f 6046/36/107 6047/41/107 6048/37/107
f 6051/37/34 6049/36/34 6050/41/34
f 6054/37/32 6052/36/32 6053/41/32
f 6055/38/33 6056/42/33 6057/39/33
f 6060/37/30 6058/36/30 6059/35/30
f 6062/35/32 6063/37/32 6061/36/32
f 6065/35/35 6066/37/35 6064/36/35
f 6069/37/20 6067/36/20 6068/35/20
f 6070/38/33 6071/40/33 6072/39/33
f 6073/44/30 6074/112/30 6075/45/30
f 6076/47/20 6077/49/20 6078/48/20
f 6081/49/35 6079/43/35 6080/45/35
f 6084/51/32 6082/53/32 6083/113/32
f 6086/114/33 6087/55/33 6085/54/33
f 6091/86/33 6092/118/33 6093/78/33
f 6091/86/33 6093/78/33 6094/79/33
f 6088/60/14 6089/115/14 6090/61/14
f 6095/36/30 6096/41/30 6097/37/30
f 6098/36/20 6099/41/20 6100/37/20
f 6103/37/35 6101/36/35 6102/41/35
f 6106/37/32 6104/36/32 6105/41/32
f 6107/38/33 6108/42/33 6109/39/33
f 6112/37/30 6110/36/30 6111/35/30
f 6114/35/32 6115/37/32 6113/36/32
f 6117/35/31 6118/37/31 6116/36/31
f 6121/37/20 6119/36/20 6120/35/20
f 6122/38/33 6123/40/33 6124/39/33
f 6125/44/30 6126/112/30 6127/45/30
f 6128/47/20 6129/49/20 6130/48/20
f 6133/49/35 6131/43/35 6132/45/35
f 6136/51/32 6134/53/32 6135/113/32
f 6138/114/33 6139/55/33 6137/54/33
f 6140/60/14 6141/115/14 6142/61/14
f 6145/119/20 6143/87/20 6144/71/20
f 6146/89/32 6147/69/32 6148/106/32
f 6149/36/30 6150/41/30 6151/37/30
f 6152/36/20 6153/41/20 6154/37/20
f 6157/37/35 6155/36/35 6156/41/35
f 6160/37/32 6158/36/32 6159/41/32
f 6161/38/33 6162/42/33 6163/39/33
f 6166/37/40 6164/36/40 6165/35/40
f 6168/35/32 6169/37/32 6167/36/32
f 6171/35/35 6172/37/35 6170/36/35
f 6175/37/20 6173/36/20 6174/35/20
f 6176/38/33 6177/40/33 6178/39/33
f 6179/44/30 6180/112/30 6181/45/30
f 6182/47/20 6183/49/20 6184/48/20
f 6187/49/35 6185/43/35 6186/45/35
f 6190/51/32 6188/53/32 6189/113/32
f 6192/114/33 6193/55/33 6191/54/33
f 6194/60/14 6195/115/14 6196/61/14
f 6197/91/32 6198/68/32 6199/120/32
f 6200/31/20 6201/32/20 6202/21/109
f 6203/32/32 6204/68/32 6205/70/32
f 6207/70/32 6208/68/32 6206/74/32
f 6209/28/33 6210/83/33 6211/29/33
f 6212/32/20 6213/21/20 6214/22/20
f 6217/21/32 6215/68/32 6216/70/32
f 6219/80/14 6220/26/14 6218/16/14
f 6222/121/32 6223/62/32 6221/94/32
f 6227/99/20 6228/73/20 6229/64/20
f 6227/99/20 6229/64/20 6230/122/20
f 6225/16/14 6226/27/14 6224/18/14
f 6232/123/14 6233/27/14 6231/96/14
f 6234/98/33 6235/124/33 6236/29/33
f 6239/84/32 6237/63/110 6238/64/32
f 6241/63/20 6242/72/20 6240/64/20
f 6244/63/20 6245/72/20 6243/64/20
f 6247/70/32 6248/68/32 6246/74/32
f 6250/84/32 6251/62/32 6249/64/32
f 6252/28/33 6253/83/33 6254/29/33
f 6255/32/50 6256/68/50 6257/70/50
f 6258/31/20 6259/32/20 6260/21/20
f 6261/32/32 6262/68/32 6263/70/32
f 6264/32/50 6265/68/50 6266/70/50
f 6267/72/20 6268/73/20 6269/64/20
f 6271/84/32 6272/62/32 6270/64/32
f 6274/84/50 6275/62/50 6273/64/50
f 6278/63/20 6276/73/20 6277/64/20
f 6279/28/33 6280/83/33 6281/29/33
f 6283/33/14 6284/14/14 6282/34/14
f 6286/16/14 6287/27/14 6285/18/14
f 6289/80/14 6290/26/14 6288/16/14
f 6291/23/33 6292/82/33 6293/24/33
f 6295/70/32 6296/68/32 6294/74/32
f 6297/31/47 6298/32/47 6299/21/47
f 6300/83/33 6301/29/33 6302/30/33
f 6303/31/20 6304/32/20 6305/21/20
f 6307/80/14 6308/26/14 6306/16/14
f 6310/33/14 6311/14/14 6309/34/14
f 6313/80/14 6314/26/14 6312/16/14
f 6316/80/14 6317/26/14 6315/16/14
f 6318/28/33 6319/83/33 6320/29/33
f 6321/72/47 6322/73/47 6323/64/47
f 6324/23/33 6325/82/33 6326/24/33
f 6328/27/14 6329/17/14 6327/16/14
f 6331/16/14 6332/27/14 6330/18/14
f 6333/23/33 6334/82/33 6335/24/33
f 6338/21/32 6336/68/32 6337/70/32
f 6340/33/14 6341/14/14 6339/34/14
f 6343/33/14 6344/14/14 6342/34/14
f 6346/65/20 6347/66/20 6345/71/20
f 6349/63/20 6350/72/20 6348/64/20
f 6351/31/20 6352/32/20 6353/21/20
f 6355/70/32 6356/68/32 6354/74/32
f 6357/77/21 6358/81/21 6359/78/111
f 6360/31/20 6361/32/20 6362/21/20
f 6365/63/20 6363/73/112 6364/64/113
f 6366/4/114 6367/6/90 6368/5/115
f 6371/1/116 6369/3/117 6370/2/118
f 6373/8/92 6374/7/93 6372/9/94
f 6375/10/8 6376/109/9 6377/11/10
f 6379/7/17 6380/3/119 6378/10/16
f 6381/17/120 6382/27/25 6383/16/18
f 6386/16/18 6384/26/121 6385/80/122
f 6388/15/101 6389/14/102 6387/34/18
f 6392/83/21 6390/30/22 6391/29/23
f 6395/82/21 6393/25/26 6394/24/123
f 6396/27/14 6397/26/14 6398/80/14
f 6401/65/32 6399/67/124 6400/66/32
f 6405/101/33 6406/30/33 6407/29/33
f 6405/101/33 6407/29/33 6408/124/33
f 6404/70/20 6402/69/125 6403/68/104
f 6410/83/33 6411/28/33 6409/29/33
f 6413/81/33 6414/77/33 6412/78/33
f 6416/65/32 6417/71/32 6415/66/32
f 6419/22/50 6420/21/50 6418/31/50
f 6422/84/46 6423/64/46 6421/62/46
f 6424/21/20 6425/70/20 6426/68/20
f 6428/65/32 6429/71/32 6427/66/32
f 6432/18/14 6430/27/14 6431/16/14
f 6435/31/32 6433/21/32 6434/32/32
f 6436/77/33 6437/79/33 6438/78/33
f 6439/15/14 6440/14/14 6441/33/14
f 6444/31/32 6442/21/32 6443/32/32
f 6445/15/14 6446/14/14 6447/33/14
f 6449/22/32 6450/21/32 6448/31/32
f 6452/82/33 6453/23/33 6451/24/33
f 6455/63/80 6456/64/80 6454/72/80
f 6457/21/46 6458/70/46 6459/68/46
f 6461/22/32 6462/21/32 6460/31/32
f 6464/81/33 6465/77/33 6463/78/33
f 6467/84/20 6468/64/20 6466/62/20
f 6470/22/32 6471/21/32 6469/31/32
f 6472/21/20 6473/70/20 6474/68/20
f 6477/34/14 6475/14/14 6476/33/14
f 6480/16/14 6478/26/14 6479/80/14
f 6482/70/20 6483/74/20 6481/68/20
f 6486/34/14 6484/14/14 6485/33/14
f 6488/83/33 6489/28/33 6487/29/33
f 6492/82/33 6490/25/33 6491/24/33
f 6495/84/20 6493/63/20 6494/62/20
f 6496/77/33 6497/79/33 6498/78/33
f 6499/27/14 6500/26/14 6501/80/14
f 6504/16/14 6502/26/14 6503/80/14
f 6505/77/33 6506/79/33 6507/78/33
f 6509/122/32 6510/64/32 6508/103/32
f 6512/22/32 6513/21/32 6511/31/32
f 6515/65/32 6516/71/32 6514/66/32
f 6519/82/33 6517/25/33 6518/24/33
f 6520/91/20 6521/120/20 6522/68/20
f 6524/81/33 6525/77/33 6523/78/33
f 6527/65/32 6528/71/32 6526/66/32
f 6530/83/33 6531/28/33 6529/29/33
f 6533/82/33 6534/23/33 6532/24/33
f 6537/70/20 6535/69/20 6536/68/20
f 6540/34/14 6538/14/14 6539/33/14
f 6543/82/33 6541/25/33 6542/24/33
f 6544/22/32 6545/21/32 6546/32/32
f 6549/84/20 6547/63/20 6548/62/20
f 6551/70/20 6552/74/20 6550/68/20
f 6555/34/14 6553/14/14 6554/33/14
f 6557/64/32 6558/73/32 6556/63/32
f 6561/18/14 6559/27/14 6560/16/14
f 6563/71/32 6564/67/32 6562/65/32
f 6565/27/14 6566/26/14 6567/80/14
f 6568/17/14 6569/27/14 6570/16/14
f 6573/70/20 6571/69/20 6572/68/20
f 6576/82/33 6574/25/33 6575/24/33
f 6579/16/14 6577/26/14 6578/80/14
f 6580/21/20 6581/70/20 6582/68/20
f 6584/63/32 6585/64/32 6583/72/32
f 6587/81/33 6588/77/33 6586/78/33
f 6590/65/32 6591/71/32 6589/66/32
f 6592/27/14 6593/26/14 6594/80/14
f 6596/70/47 6597/74/47 6595/68/47
f 6598/27/14 6599/26/14 6600/80/14
f 6602/63/32 6603/64/32 6601/72/32
f 6605/82/33 6606/23/33 6604/24/33
f 6609/84/20 6607/63/20 6608/62/20
f 6611/63/32 6612/64/32 6610/72/32
f 6615/82/33 6613/25/33 6614/24/33
f 6617/71/32 6618/67/32 6616/65/32
f 6619/17/14 6620/27/14 6621/16/14
f 6623/65/32 6624/71/32 6622/66/32
f 6626/83/33 6627/28/33 6625/29/33
f 6629/63/32 6630/64/32 6628/72/32
f 6632/84/47 6633/64/47 6631/62/47
f 6636/70/47 6634/69/47 6635/68/47
f 6639/34/14 6637/14/14 6638/33/14
f 6641/65/32 6642/71/32 6640/66/32
f 6645/70/20 6643/69/20 6644/68/20
f 6649/105/20 6650/69/20 6651/68/20
f 6649/105/20 6651/68/20 6652/125/20
f 6647/84/20 6648/64/20 6646/62/20
f 6655/118/33 6653/104/33 6654/78/33
f 6657/119/32 6658/71/32 6656/87/32
f 6661/31/32 6659/21/106 6660/32/32
f 6662/21/20 6663/70/20 6664/68/109
f 6668/107/14 6669/15/14 6670/14/14
f 6668/107/14 6670/14/14 6671/110/14
f 6667/84/20 6665/63/126 6666/62/113
f 6673/82/33 6674/23/33 6672/24/33
f 6677/82/33 6675/25/33 6676/24/33
f 6679/65/32 6680/71/32 6678/66/32
f 6681/21/47 6682/70/47 6683/68/47
f 6685/65/32 6686/71/32 6684/66/32
f 6687/21/20 6688/70/20 6689/68/20
f 6691/63/32 6692/64/32 6690/72/32
f 6695/83/33 6693/30/33 6694/29/33
f 6698/70/20 6696/69/20 6697/68/20
f 6701/18/14 6699/27/14 6700/16/14
f 6705/108/20 6706/63/20 6707/62/20
f 6705/108/20 6707/62/20 6708/121/20
f 6704/84/20 6702/63/20 6703/62/20
f 6711/31/32 6709/21/32 6710/32/32
f 6713/83/33 6714/28/33 6712/29/33
f 6715/70/20 6716/68/20 6717/32/20
f 6718/77/33 6719/79/33 6720/78/33
f 6723/16/14 6721/26/14 6722/80/14
f 6725/70/20 6726/74/20 6724/68/20
f 6729/83/33 6727/30/33 6728/29/33
f 6731/81/33 6732/77/33 6730/78/33
f 6734/63/32 6735/64/32 6733/72/32
f 6738/18/14 6736/27/14 6737/16/14
f 6740/83/33 6741/28/33 6739/29/33
f 6744/16/14 6742/26/14 6743/80/14
f 6747/18/14 6745/27/14 6746/16/14
f 6750/70/20 6748/69/20 6749/68/20
f 6751/21/20 6752/70/20 6753/68/20
f 6755/63/32 6756/64/32 6754/72/32
f 6759/18/14 6757/27/14 6758/16/14
f 6760/21/20 6761/70/20 6762/68/20
f 6764/84/20 6765/64/20 6763/62/20
f 6767/83/33 6768/28/33 6766/29/33
f 6770/82/33 6771/23/33 6769/24/33
f 6772/17/14 6773/27/14 6774/16/14
f 6777/34/14 6775/14/14 6776/33/14
f 6780/31/32 6778/21/32 6779/32/32
f 6782/81/33 6783/77/33 6781/78/33
f 6786/18/14 6784/27/14 6785/16/14
f 6788/83/33 6789/28/33 6787/29/33
f 6790/58/14 6791/26/14 6792/116/14
f 6794/64/54 6795/73/127 6793/63/32
f 6796/20/32 6797/21/32 6798/111/32
f 6799/17/14 6800/27/14 6801/16/14
f 6802/21/20 6803/70/20 6804/68/20
f 6805/15/14 6806/14/14 6807/33/14
f 6808/21/20 6809/70/20 6810/68/20
f 6813/83/33 6811/30/33 6812/29/33
f 6815/81/33 6816/77/33 6814/78/33
f 6817/96/14 6818/27/14 6819/123/14
f 6821/84/46 6822/64/46 6820/62/46
f 6825/84/20 6823/63/20 6824/62/20
f 6827/63/32 6828/64/32 6826/72/32
f 6831/31/80 6829/21/80 6830/32/80
f 6834/16/14 6832/26/14 6833/80/14
f 6837/34/14 6835/14/14 6836/33/14
f 6839/63/80 6840/64/80 6838/72/80
f 6843/117/33 6841/76/33 6842/24/33
f 6845/70/20 6846/74/20 6844/68/20
f 6847/77/21 6848/79/128 6849/78/129
f 6860/10/1 6855/109/1 6856/11/1
f 6860/10/1 6856/11/1 6853/9/1
f 6853/9/1 6854/8/1 6857/7/1
f 6853/9/1 6857/7/1 6860/10/1
f 6859/5/1 6860/10/1 6857/7/1
f 6859/5/1 6857/7/1 6858/3/1
f 6858/3/1 6861/2/130 6862/1/1
f 6858/3/1 6862/1/1 6859/5/1
f 6863/4/1 6864/6/1 6859/5/1
f 6863/4/1 6859/5/1 6862/1/1
f 6872/7/1 6867/8/1 6868/9/1
f 6872/7/1 6868/9/1 6865/11/1
f 6865/11/1 6866/109/1 6869/10/1
f 6865/11/1 6869/10/1 6872/7/1
f 6871/3/1 6872/7/1 6869/10/1
f 6871/3/1 6869/10/1 6870/5/1
f 6870/5/1 6873/6/1 6874/4/1
f 6870/5/1 6874/4/1 6871/3/1
f 6850/15/14 6851/14/14 6852/33/14
