# Blender v3.1.2 OBJ File: '45degswitch_active_left.blend'
# www.blender.org
mtllib 4x3_switch_45_left_active.mtl
o track_normal.001_track_normal.008
v -2.816522 0.041289 -2.306730
v -2.810787 0.071584 -2.312465
v -2.781056 0.071584 -3.217466
v -2.756913 0.041289 -3.241609
v -2.786643 0.071584 -2.336609
v -2.774096 0.041289 -2.349156
v -2.774245 0.041289 -3.224278
v -2.786792 0.041289 -3.211730
v -3.217466 0.085803 -2.781056
v -3.217466 0.071584 -2.781056
v -2.744365 0.025803 -3.254156
v -2.701093 0.054721 -3.108199
v -2.722306 0.054721 -3.129412
v -2.786792 0.025803 -3.211730
v -2.750100 0.071584 -3.248420
v -2.750100 0.085803 -3.248420
v -2.756913 0.071584 -3.241609
v -2.774245 0.071584 -3.224278
v -2.701093 0.054721 -3.150625
v -3.211730 0.041289 -2.786791
v -3.224278 0.041289 -2.774244
v -2.781056 0.085803 -3.217466
v -3.049255 0.085803 -2.612846
v -3.056068 0.041289 -2.606034
v -3.043520 0.041289 -2.618582
v -3.085947 0.041289 -2.576154
v -3.073399 0.041289 -2.588702
v -3.080211 0.085803 -2.581890
v -3.056068 0.071584 -2.606034
v -3.073399 0.071584 -2.588702
v -3.049255 0.071584 -2.612846
v -3.248421 0.085803 -2.750100
v -3.241609 0.071584 -2.756912
v -3.248421 0.071584 -2.750100
v -3.129412 -0.025279 -2.722306
v -3.129412 0.054721 -2.722306
v -3.150625 0.054721 -2.701092
v -3.150625 -0.025279 -2.701092
v -3.108199 -0.025279 -2.701092
v -3.129412 -0.025279 -2.679880
v -3.129412 0.054721 -2.679880
v -2.722306 -0.025279 -3.129412
v -2.701093 -0.025279 -3.150625
v -2.701093 -0.025279 -3.108199
v -2.679880 0.054721 -3.129412
v -2.679880 -0.025279 -3.129412
v -2.632410 -0.030000 -3.297090
v -2.632410 0.030000 -3.297090
v -3.297090 0.030000 -2.632410
v -3.198095 -0.030000 -2.533415
v -3.224278 0.071584 -2.774244
v -3.254156 0.041289 -2.744365
v -3.254156 0.025803 -2.744365
v -3.241609 0.041289 -2.756912
v -3.211730 0.025803 -2.786791
v -3.085947 0.025803 -2.576154
v -3.043520 0.025803 -2.618582
v -3.198095 0.030000 -2.533415
v -2.533416 0.030000 -3.198095
v -2.533416 -0.030000 -3.198095
v -3.297090 -0.030000 -2.632410
v -3.080211 0.071584 -2.581890
v -3.108199 0.054721 -2.701092
v -2.914185 0.071584 -2.415865
v -2.914185 0.085803 -2.415865
v -3.142512 -0.030000 -2.477832
v -3.043517 -0.030000 -2.378836
v -3.086631 0.025803 -2.576839
v -2.919921 0.025803 -2.410129
v -3.086631 0.041289 -2.576839
v -3.049940 0.085803 -2.613529
v -3.074083 0.071584 -2.589387
v -3.056752 0.071584 -2.606718
v -3.080895 0.085803 -2.582574
v -3.080895 0.071584 -2.582574
v -3.056752 0.041289 -2.606718
v -3.074083 0.041289 -2.589387
v -3.044204 0.025803 -2.619265
v -3.044204 0.041289 -2.619265
v -2.919921 0.041289 -2.410129
v -2.877494 0.025803 -2.452556
v -2.890042 0.041289 -2.440008
v -2.907373 0.041289 -2.422677
v -2.890042 0.071584 -2.440008
v -2.907373 0.071584 -2.422677
v -2.883230 0.085803 -2.446820
v -2.883230 0.071584 -2.446820
v -2.974834 -0.025279 -2.567728
v -2.974834 0.054721 -2.567728
v -2.996047 0.054721 -2.546515
v -2.996047 -0.025279 -2.546515
v -2.953621 -0.025279 -2.546515
v -2.953621 0.054721 -2.546515
v -2.974834 -0.025279 -2.525302
v -2.974834 0.054721 -2.525302
v -2.567728 0.054721 -2.974834
v -2.567728 -0.025279 -2.974834
v -2.546515 -0.025279 -2.996047
v -2.546515 0.054721 -2.953621
v -2.546515 -0.025279 -2.953621
v -2.525302 0.054721 -2.974834
v -2.525302 -0.025279 -2.974834
v -2.477832 -0.030000 -3.142512
v -2.378837 0.030000 -3.043517
v -2.477832 0.030000 -3.142512
v -3.049940 0.071584 -2.613529
v -2.546515 0.054721 -2.996047
v -3.043517 0.030000 -2.378836
v -2.378837 -0.030000 -3.043517
v -3.142512 0.030000 -2.477832
v -2.377299 0.054721 -2.826831
v -2.398512 0.054721 -2.848044
v -2.230834 -0.030000 -2.895514
v -2.895514 -0.030000 -2.230834
v -2.230834 0.030000 -2.895514
v -2.994509 0.030000 -2.329829
v -2.329829 0.030000 -2.994509
v -2.419725 0.054721 -2.826831
v -2.398512 0.054721 -2.805617
v -2.883384 0.071584 -2.446975
v -2.907528 0.071584 -2.422831
v -2.890196 0.071584 -2.440163
v -2.914340 0.085803 -2.416019
v -2.914340 0.071584 -2.416019
v -2.920075 0.041289 -2.410284
v -2.920075 0.025803 -2.410284
v -2.890196 0.041289 -2.440163
v -2.877649 0.041289 -2.452710
v -2.816522 0.025803 -2.306730
v -2.810787 0.085803 -2.312465
v -2.803974 0.071584 -2.319278
v -2.779831 0.071584 -2.343421
v -2.826831 -0.025279 -2.419725
v -2.848044 0.054721 -2.398512
v -2.848044 -0.025279 -2.398512
v -2.805617 -0.025279 -2.398512
v -2.805617 0.054721 -2.398512
v -2.826831 -0.025279 -2.377299
v -2.826831 0.054721 -2.377299
v -2.419725 -0.025279 -2.826831
v -2.398512 -0.025279 -2.848044
v -2.398512 -0.025279 -2.805617
v -2.377299 -0.025279 -2.826831
v -2.329829 -0.030000 -2.994509
v -2.994509 -0.030000 -2.329829
v -2.895514 0.030000 -2.230834
v -2.907528 0.041289 -2.422831
v -2.826831 0.054721 -2.419725
v -2.877649 0.025803 -2.452710
v -2.877494 0.041289 -2.452556
v -2.883384 0.085803 -2.446975
v -2.786643 0.041289 -2.336609
v -2.803975 0.041289 -2.319278
v -2.774096 0.025803 -2.349156
v -2.779831 0.085803 -2.343421
v -0.652775 0.025344 -0.227836
v -0.652775 0.040830 -0.227836
v -0.658519 0.085343 -0.222110
v -0.689523 0.085343 -0.191202
v -0.695267 0.025344 -0.185476
v -0.665342 0.071124 -0.215309
v -0.658519 0.071124 -0.222110
v -0.665342 0.040830 -0.215309
v -0.682700 0.071124 -0.198004
v -0.682700 0.040830 -0.198004
v -0.689523 0.071124 -0.191202
v -0.695267 0.040830 -0.185476
v -3.629804 0.085803 -1.147634
v -3.629804 0.025803 -1.139523
v -3.629804 0.071584 -1.191412
v -3.629804 0.041289 -1.181778
v -3.629804 0.041289 -1.157268
v -3.629804 0.071584 -1.147634
v -3.629306 0.025803 -1.860477
v -3.629306 0.071584 -1.808588
v -3.629306 0.041289 -1.842732
v -3.629306 0.071584 -1.852366
v -3.629381 0.085345 -1.852603
v 0.241515 0.071584 -0.243181
v 0.217372 0.085803 -0.219037
v 0.217372 0.071584 -0.219037
v 0.224184 0.071584 -0.225850
v 0.248328 0.071584 -0.249993
v 0.211637 0.025803 -0.213302
v 0.254063 0.025803 -0.255728
v 0.254063 0.041289 -0.255728
v 0.241515 0.041289 -0.243181
v 0.224184 0.041289 -0.225850
v 0.211637 0.041289 -0.213302
v 0.248328 0.085803 -0.249993
v -0.219037 0.071584 0.217372
v -0.243181 0.071584 0.241515
v -0.225850 0.071584 0.224184
v -0.249993 0.085803 0.248328
v -0.249993 0.071584 0.248328
v -0.225850 0.041289 0.224184
v -0.243181 0.041289 0.241515
v -0.213302 0.041289 0.211637
v -0.213302 0.025803 0.211637
v -0.297528 -0.025279 0.109577
v -0.297528 0.054721 0.109577
v -0.318742 0.054721 0.130790
v -0.318742 -0.025279 0.130790
v -0.276315 -0.025279 0.130790
v -0.276315 0.054721 0.130790
v -0.297528 -0.025279 0.152003
v -0.297528 0.054721 0.152003
v 0.130790 0.054721 -0.318742
v 0.109577 0.054721 -0.297528
v 0.109577 -0.025279 -0.297528
v 0.130790 -0.025279 -0.318742
v 0.130790 -0.025279 -0.276315
v 0.152003 0.054721 -0.297528
v 0.152003 -0.025279 -0.297528
v 0.130790 0.054721 -0.276315
v -0.219037 0.085803 0.217372
v -0.255728 0.025803 0.254063
v -0.255728 0.041289 0.254063
v 0.199474 -0.030000 -0.465207
v 0.199474 0.030000 -0.465207
v -0.465207 0.030000 0.199474
v -0.465207 -0.030000 0.199474
v 0.298469 -0.030000 -0.366212
v 0.298469 0.030000 -0.366212
v -0.366212 -0.030000 0.298469
v -0.366212 0.030000 0.298469
v -0.448974 -0.025279 -0.041868
v -0.470187 0.054721 -0.020655
v -0.470187 -0.025279 -0.020655
v -0.427761 -0.025279 -0.020655
v -0.448974 -0.025279 0.000558
v -0.448974 0.054721 0.000558
v -0.041868 -0.025279 -0.448974
v -0.020655 -0.025279 -0.470187
v -0.020655 -0.025279 -0.427761
v 0.000558 0.054721 -0.448974
v 0.000558 -0.025279 -0.448974
v -0.448974 0.054721 -0.041868
v -0.427761 0.054721 -0.020655
v -0.020655 0.054721 -0.427761
v -0.041868 0.054721 -0.448974
v -0.020655 0.054721 -0.470187
v 0.048028 -0.030000 -0.616652
v 0.048028 0.030000 -0.616652
v -0.616652 0.030000 0.048028
v -0.616652 -0.030000 0.048028
v 0.147023 -0.030000 -0.517657
v 0.147023 0.030000 -0.517657
v -0.517657 -0.030000 0.147023
v -0.517657 0.030000 0.147023
v -0.652832 0.025803 -0.227893
v -0.695258 0.025803 -0.185467
v -0.682711 0.041289 -0.198014
v -0.695258 0.041289 -0.185467
v -0.689523 0.085803 -0.191202
v -0.658567 0.085803 -0.222158
v -0.665380 0.071584 -0.215346
v -0.598810 -0.025279 -0.191704
v -0.620023 0.054721 -0.170491
v -0.620023 -0.025279 -0.170491
v -0.577597 -0.025279 -0.170491
v -0.598810 -0.025279 -0.149278
v -0.598810 0.054721 -0.149278
v -0.191705 0.054721 -0.598810
v -0.191705 -0.025279 -0.598810
v -0.170492 -0.025279 -0.620023
v -0.170492 -0.025279 -0.577597
v -0.149279 0.054721 -0.598810
v -0.149279 -0.025279 -0.598810
v -0.101809 -0.030000 -0.766488
v -0.766488 0.030000 -0.101808
v -0.002814 -0.030000 -0.667493
v -0.002814 0.030000 -0.667493
v -0.667493 -0.030000 -0.002813
v -0.101809 0.030000 -0.766488
v -0.170492 0.054721 -0.577597
v -0.766488 -0.030000 -0.101808
v -0.170492 0.054721 -0.620023
v -0.667493 0.030000 -0.002813
v -0.652832 0.041289 -0.227893
v -0.598810 0.054721 -0.191704
v -0.577597 0.054721 -0.170491
v -0.665390 0.041289 -0.215357
v -0.689534 0.071584 -0.191213
v -0.682722 0.071584 -0.198025
v -0.658578 0.071584 -0.222169
v -3.629804 0.071584 -1.157268
v -3.629804 0.085803 -1.191412
v -3.629804 0.071584 -1.181778
v -3.629804 0.025803 -1.199523
v -3.629804 0.041289 -1.139523
v -3.629804 0.041289 -1.199523
v -4.000000 0.025803 -1.139523
v -4.000000 0.041289 -1.139523
v -4.000000 0.041289 -1.181778
v -4.000000 0.041289 -1.157268
v -4.000000 0.025803 -1.199523
v -4.000000 0.041289 -1.199523
v -4.000000 0.071584 -1.157268
v -4.000000 0.071584 -1.181778
v -4.000000 0.071584 -1.191412
v -4.000000 0.085803 -1.191412
v -4.000000 0.085803 -1.147634
v -4.000000 0.071584 -1.147634
v -3.629306 0.085803 -1.808588
v -3.629306 0.071584 -1.842732
v -3.629306 0.071584 -1.818222
v -3.629306 0.085803 -1.852366
v -3.629306 0.041289 -1.860477
v -3.629306 0.041289 -1.818222
v -3.629306 0.025803 -1.800477
v -3.629306 0.041289 -1.800477
v -4.000000 0.025803 -1.860477
v -4.000000 0.041289 -1.860477
v -4.000000 0.025803 -1.800477
v -4.000000 0.041289 -1.818222
v -4.000000 0.041289 -1.800477
v -4.000000 0.041289 -1.842732
v -4.000000 0.071584 -1.852366
v -4.000000 0.085803 -1.852366
v -4.000000 0.071584 -1.818222
v -4.000000 0.071584 -1.842732
v -4.000000 0.085803 -1.808588
v -4.000000 0.071584 -1.808588
v -3.680850 -0.025279 -1.787867
v -3.680850 0.054721 -1.787867
v -3.680850 0.054721 -1.817867
v -3.680850 -0.025279 -1.817867
v -3.710850 -0.025279 -1.787867
v -3.710850 0.054721 -1.787867
v -3.710850 -0.025279 -1.817867
v -3.710850 0.054721 -1.817867
v -3.680850 0.054721 -1.182133
v -3.680850 0.054721 -1.212133
v -3.680850 -0.025279 -1.212133
v -3.680850 -0.025279 -1.182133
v -3.710850 0.054721 -1.212133
v -3.710850 -0.025279 -1.212133
v -3.710850 0.054721 -1.182133
v -3.710850 -0.025279 -1.182133
v -3.875202 -0.025279 -1.787867
v -3.875202 0.054721 -1.787867
v -3.875202 0.054721 -1.817867
v -3.875202 -0.025279 -1.817867
v -3.905202 -0.025279 -1.787867
v -3.905202 0.054721 -1.787867
v -3.905202 -0.025279 -1.817867
v -3.905202 0.054721 -1.817867
v -3.875202 0.054721 -1.182133
v -3.875202 0.054721 -1.212133
v -3.875202 -0.025279 -1.212133
v -3.875202 -0.025279 -1.182133
v -3.905202 0.054721 -1.212133
v -3.905202 -0.025279 -1.212133
v -3.905202 0.054721 -1.182133
v -3.905202 -0.025279 -1.182133
v -3.820202 -0.030000 -1.030000
v -3.820202 0.030000 -1.030000
v -3.820202 0.030000 -1.970000
v -3.820202 -0.030000 -1.970000
v -3.960202 -0.030000 -1.030000
v -3.960202 0.030000 -1.030000
v -3.960202 -0.030000 -1.970000
v -3.960202 0.030000 -1.970000
v -3.625850 -0.030000 -1.030000
v -3.625850 0.030000 -1.030000
v -3.625850 0.030000 -1.970000
v -3.625850 -0.030000 -1.970000
v -3.765850 -0.030000 -1.030000
v -3.765850 0.030000 -1.030000
v -3.765850 -0.030000 -1.970000
v -3.765850 0.030000 -1.970000
v -2.744365 0.041289 -3.254156
v -2.286192 0.041289 -1.776400
v -2.286192 0.025803 -1.776400
v -2.816522 0.025804 -2.306730
v -2.816522 0.041290 -2.306730
v -2.786643 0.041290 -2.336609
v -2.803974 0.041290 -2.319278
v -2.774096 0.025804 -2.349156
v -2.774096 0.041290 -2.349156
v -2.803974 0.071585 -2.319278
v -2.786643 0.071585 -2.336609
v -2.779831 0.071585 -2.343421
v -2.779831 0.085804 -2.343421
v -2.810786 0.085804 -2.312465
v -2.810786 0.071585 -2.312465
v -2.256313 0.071584 -1.806279
v -2.256313 0.041289 -1.806279
v -2.249501 0.085803 -1.813091
v -2.249501 0.071584 -1.813091
v -0.491311 -0.025279 -0.898417
v -0.491311 0.054721 -0.898417
v -0.470098 0.054721 -0.919630
v -0.470098 -0.025279 -0.919630
v -0.512525 -0.025279 -0.919630
v -0.512525 0.054721 -0.919630
v -0.491311 -0.025279 -0.940843
v -0.491311 0.054721 -0.940843
v -0.668088 -0.025279 -1.075194
v -0.668088 0.054721 -1.075194
v -0.646875 0.054721 -1.096407
v -0.646875 -0.025279 -1.096407
v -0.689301 -0.025279 -1.096407
v -0.689301 0.054721 -1.096407
v -0.668088 -0.025279 -1.117620
v -0.668088 0.054721 -1.117620
v -0.844865 -0.025279 -1.251970
v -0.844865 0.054721 -1.251970
v -0.823652 0.054721 -1.273183
v -0.823652 -0.025279 -1.273183
v -0.866078 -0.025279 -1.273183
v -0.866078 0.054721 -1.273183
v -0.844865 -0.025279 -1.294397
v -0.844865 0.054721 -1.294397
v -1.341867 -0.030000 -0.677186
v -1.341867 0.030000 -0.677186
v -0.677187 0.030000 -1.341867
v -0.677187 -0.030000 -1.341867
v -1.440862 -0.030000 -0.776181
v -1.440862 0.030000 -0.776181
v -0.776181 -0.030000 -1.440862
v -0.776181 0.030000 -1.440862
v -1.165090 -0.030000 -0.500410
v -1.165090 0.030000 -0.500410
v -0.500410 0.030000 -1.165090
v -0.500410 -0.030000 -1.165090
v -1.264085 -0.030000 -0.599405
v -1.264085 0.030000 -0.599405
v -0.599405 -0.030000 -1.264085
v -0.599405 0.030000 -1.264085
v -0.988313 -0.030000 -0.323633
v -0.988313 0.030000 -0.323633
v -0.323633 0.030000 -0.988313
v -0.323633 -0.030000 -0.988313
v -1.087308 -0.030000 -0.422628
v -1.087308 0.030000 -0.422628
v -0.422628 -0.030000 -1.087308
v -0.422628 0.030000 -1.087308
v -0.811537 -0.030000 -0.146856
v -0.811537 0.030000 -0.146856
v -0.146856 0.030000 -0.811537
v -0.146856 -0.030000 -0.811537
v -0.910532 -0.030000 -0.245851
v -0.910532 0.030000 -0.245851
v -0.245851 -0.030000 -0.910532
v -0.245851 0.030000 -0.910532
v -1.021642 -0.025279 -1.428747
v -1.021642 0.054721 -1.428747
v -1.000428 0.054721 -1.449960
v -1.000428 -0.025279 -1.449960
v -1.042855 -0.025279 -1.449960
v -1.042855 0.054721 -1.449960
v -1.021642 -0.025279 -1.471173
v -1.021642 0.054721 -1.471173
v -1.198418 -0.025279 -1.605523
v -1.198418 0.054721 -1.605523
v -1.177205 0.054721 -1.626737
v -1.177205 -0.025279 -1.626737
v -1.219631 -0.025279 -1.626737
v -1.219631 0.054721 -1.626737
v -1.198418 -0.025279 -1.647950
v -1.198418 0.054721 -1.647950
v -1.375195 -0.025279 -1.782300
v -1.375195 0.054721 -1.782300
v -1.353982 0.054721 -1.803513
v -1.353982 -0.025279 -1.803513
v -1.396408 -0.025279 -1.803513
v -1.396408 0.054721 -1.803513
v -1.375195 -0.025279 -1.824727
v -1.375195 0.054721 -1.824727
v -1.803514 0.054721 -1.353981
v -1.782300 0.054721 -1.375195
v -1.782300 -0.025279 -1.375195
v -1.803514 -0.025279 -1.353981
v -1.803514 0.054721 -1.396408
v -1.803514 -0.025279 -1.396408
v -1.824727 0.054721 -1.375195
v -1.824727 -0.025279 -1.375195
v -1.551972 -0.025279 -1.959077
v -1.551972 0.054721 -1.959077
v -1.530759 0.054721 -1.980290
v -1.530759 -0.025279 -1.980290
v -1.573185 -0.025279 -1.980290
v -1.573185 0.054721 -1.980290
v -1.551972 -0.025279 -2.001503
v -1.551972 0.054721 -2.001503
v -2.048974 -0.030000 -1.384293
v -2.048974 0.030000 -1.384293
v -1.384293 0.030000 -2.048974
v -1.384293 -0.030000 -2.048974
v -2.147969 -0.030000 -1.483288
v -2.147969 0.030000 -1.483288
v -1.483288 -0.030000 -2.147969
v -1.483288 0.030000 -2.147969
v -1.872197 -0.030000 -1.207516
v -1.872197 0.030000 -1.207516
v -1.207517 0.030000 -1.872197
v -1.207517 -0.030000 -1.872197
v -1.971192 -0.030000 -1.306511
v -1.971192 0.030000 -1.306511
v -1.306512 -0.030000 -1.971192
v -1.306512 0.030000 -1.971192
v -1.695420 -0.030000 -1.030740
v -1.695420 0.030000 -1.030740
v -1.030740 0.030000 -1.695420
v -1.030740 -0.030000 -1.695420
v -1.794415 -0.030000 -1.129735
v -1.794415 0.030000 -1.129735
v -1.129735 -0.030000 -1.794415
v -1.129735 0.030000 -1.794415
v -1.518644 -0.030000 -0.853963
v -1.518644 0.030000 -0.853963
v -0.853963 0.030000 -1.518643
v -0.853963 -0.030000 -1.518643
v -1.617638 -0.030000 -0.952958
v -1.617638 0.030000 -0.952958
v -0.952958 -0.030000 -1.617638
v -0.952958 0.030000 -1.617638
v -1.728748 -0.025279 -2.135854
v -1.728748 0.054721 -2.135854
v -1.707535 0.054721 -2.157067
v -1.707535 -0.025279 -2.157067
v -1.749961 -0.025279 -2.157067
v -1.749961 0.054721 -2.157067
v -1.728748 -0.025279 -2.178280
v -1.728748 0.054721 -2.178280
v -2.157067 0.054721 -1.707535
v -2.135854 0.054721 -1.728748
v -2.135854 -0.025279 -1.728748
v -2.157067 -0.025279 -1.707535
v -2.157067 0.054721 -1.749961
v -2.157067 -0.025279 -1.749961
v -2.178280 0.054721 -1.728748
v -2.178280 -0.025279 -1.728748
v -1.905525 -0.025279 -2.312630
v -1.905525 0.054721 -2.312630
v -1.884312 0.054721 -2.333843
v -1.884312 -0.025279 -2.333843
v -1.926738 -0.025279 -2.333843
v -1.926738 0.054721 -2.333843
v -1.905525 -0.025279 -2.355056
v -1.905525 0.054721 -2.355056
v -2.333844 0.054721 -1.884312
v -2.312631 0.054721 -1.905525
v -2.312631 -0.025279 -1.905525
v -2.333844 -0.025279 -1.884312
v -2.333843 0.054721 -1.926738
v -2.333843 -0.025279 -1.926738
v -2.355057 0.054721 -1.905525
v -2.355057 -0.025279 -1.905525
v -2.082302 -0.025279 -2.489407
v -2.082302 0.054721 -2.489407
v -2.061089 0.054721 -2.510620
v -2.061089 -0.025279 -2.510620
v -2.103515 -0.025279 -2.510620
v -2.103515 0.054721 -2.510620
v -2.082302 -0.025279 -2.531833
v -2.082302 0.054721 -2.531833
v -2.510620 0.054721 -2.061088
v -2.489407 0.054721 -2.082301
v -2.489407 -0.025279 -2.082301
v -2.510620 -0.025279 -2.061088
v -2.510620 0.054721 -2.103514
v -2.510620 -0.025279 -2.103514
v -2.531834 0.054721 -2.082301
v -2.531834 -0.025279 -2.082301
v -2.259078 -0.025279 -2.666183
v -2.259078 0.054721 -2.666183
v -2.237865 0.054721 -2.687397
v -2.237865 -0.025279 -2.687397
v -2.280292 -0.025279 -2.687397
v -2.280292 0.054721 -2.687397
v -2.259079 -0.025279 -2.708610
v -2.259079 0.054721 -2.708610
v -2.687397 0.054721 -2.237865
v -2.666184 0.054721 -2.259078
v -2.666184 -0.025279 -2.259078
v -2.687397 -0.025279 -2.237865
v -2.687397 0.054721 -2.280291
v -2.687397 -0.025279 -2.280291
v -2.708611 0.054721 -2.259078
v -2.708611 -0.025279 -2.259078
v -2.756081 -0.030000 -2.091400
v -2.756081 0.030000 -2.091400
v -2.091400 0.030000 -2.756080
v -2.091400 -0.030000 -2.756080
v -2.855075 -0.030000 -2.190394
v -2.855075 0.030000 -2.190394
v -2.190395 -0.030000 -2.855075
v -2.190395 0.030000 -2.855075
v -2.579304 -0.030000 -1.914623
v -2.579304 0.030000 -1.914623
v -1.914623 0.030000 -2.579303
v -1.914623 -0.030000 -2.579303
v -2.678299 -0.030000 -2.013618
v -2.678299 0.030000 -2.013618
v -2.013618 -0.030000 -2.678298
v -2.013618 0.030000 -2.678298
v -2.402527 -0.030000 -1.737846
v -2.402527 0.030000 -1.737846
v -1.737847 0.030000 -2.402526
v -1.737847 -0.030000 -2.402526
v -2.501522 -0.030000 -1.836841
v -2.501522 0.030000 -1.836841
v -1.836842 -0.030000 -2.501522
v -1.836842 0.030000 -2.501522
v -2.225750 -0.030000 -1.561070
v -2.225750 0.030000 -1.561070
v -1.561070 0.030000 -2.225750
v -1.561070 -0.030000 -2.225750
v -2.324745 -0.030000 -1.660065
v -2.324745 0.030000 -1.660065
v -1.660065 -0.030000 -2.324745
v -1.660065 0.030000 -2.324745
v -0.809630 0.040830 -0.382338
v -0.809108 0.025344 -0.381836
v -0.651558 0.025344 -0.228189
v -0.651558 0.040830 -0.228189
v -0.844662 0.085343 -0.344068
v -0.815105 0.085343 -0.376356
v -0.657303 0.085343 -0.222463
v -0.688306 0.085343 -0.191555
v -0.850218 0.025344 -0.338163
v -0.694050 0.025344 -0.185828
v -0.821271 0.071124 -0.368923
v -0.664125 0.071124 -0.215662
v -0.657303 0.071124 -0.222463
v -0.814668 0.071124 -0.375933
v -0.664125 0.040830 -0.215662
v -0.821271 0.040830 -0.368923
v -0.838063 0.071124 -0.351083
v -0.681484 0.071124 -0.198357
v -0.681484 0.040830 -0.198357
v -0.838063 0.040830 -0.351083
v -0.688306 0.071124 -0.191555
v -0.844662 0.071124 -0.344068
v -0.694050 0.040830 -0.185828
v -0.850218 0.040830 -0.338163
v -0.306552 -0.025739 -0.712226
v -0.306552 0.054262 -0.712226
v -0.285306 0.054262 -0.733406
v -0.285306 -0.025739 -0.733406
v -0.329395 -0.025739 -0.734159
v -0.329395 0.054262 -0.734159
v -0.308272 -0.025739 -0.755462
v -0.308272 0.054262 -0.755462
v -0.735532 0.054262 -0.284570
v -0.714285 0.054262 -0.305750
v -0.714285 -0.025739 -0.305750
v -0.735532 -0.025739 -0.284570
v -0.734773 0.054262 -0.325333
v -0.734773 -0.025739 -0.325333
v -0.755896 0.054262 -0.304031
v -0.755896 -0.025739 -0.304031
v -0.965137 0.040830 -0.514921
v -0.964571 0.025344 -0.514468
v -0.996763 0.085343 -0.473791
v -0.970081 0.085343 -0.508492
v -1.001794 0.025344 -0.467430
v -0.975583 0.071124 -0.500559
v -0.969605 0.071124 -0.508110
v -0.975583 0.040830 -0.500559
v -0.990788 0.071124 -0.481345
v -0.990788 0.040830 -0.481345
v -0.996763 0.071124 -0.473791
v -1.001794 0.040830 -0.467430
v -1.132159 0.040830 -0.634591
v -1.131551 0.025344 -0.634188
v -1.160288 0.085343 -0.590995
v -1.136557 0.085343 -0.627777
v -1.164779 0.025344 -0.584241
v -1.141382 0.071124 -0.619419
v -1.136044 0.071124 -0.627436
v -1.141382 0.040830 -0.619419
v -1.154954 0.071124 -0.599016
v -1.154954 0.040830 -0.599016
v -1.160288 0.071124 -0.590995
v -1.164779 0.040830 -0.584241
v -1.043366 0.054262 -0.550770
v -1.025908 0.054262 -0.575167
v -1.025908 -0.025739 -0.575167
v -1.043366 -0.025739 -0.550770
v -1.047667 0.054262 -0.591020
v -1.047667 -0.025739 -0.591020
v -1.064858 0.054262 -0.566434
v -1.064858 -0.025739 -0.566434
v -1.094884 -0.030460 -0.400196
v -1.094884 0.029540 -0.400196
v -0.532766 0.029540 -1.153602
v -0.532766 -0.030460 -1.153602
v -1.190145 -0.030460 -0.467359
v -1.190145 0.029540 -0.467359
v -0.666627 -0.030460 -1.248080
v -0.666627 0.029540 -1.248080
v -1.309501 0.040830 -0.741288
v -1.308855 0.025344 -0.740936
v -1.334152 0.085343 -0.695636
v -1.313355 0.085343 -0.734152
v -1.338106 0.025344 -0.688553
v -1.317509 0.071124 -0.725446
v -1.312810 0.071124 -0.733855
v -1.317509 0.040830 -0.725446
v -1.329457 0.071124 -0.704048
v -1.329457 0.040830 -0.704048
v -1.334152 0.071124 -0.695636
v -1.338106 0.040830 -0.688553
v -0.984082 0.025344 -1.318203
v -0.763939 0.025344 -1.183363
v -0.763939 0.040830 -1.183363
v -0.984082 0.040830 -1.318203
v -1.004353 0.040830 -1.281026
v -1.004358 0.071124 -1.281022
v -0.786976 0.071124 -1.147946
v -0.786976 0.040830 -1.147946
v -1.008949 0.071124 -1.272803
v -1.008855 0.085343 -1.272671
v -0.792229 0.085343 -1.139870
v -0.792370 0.071124 -1.139962
v -1.213467 0.054262 -0.664383
v -1.198035 0.054262 -0.690109
v -1.198035 -0.025739 -0.690109
v -1.213467 -0.025739 -0.664383
v -1.221271 0.054262 -0.704087
v -1.221272 -0.025739 -0.704087
v -1.236440 0.054262 -0.678205
v -1.236440 -0.025739 -0.678205
v -1.252003 -0.030460 -0.510148
v -1.252003 0.029540 -0.510148
v -0.753400 0.029540 -1.307012
v -0.753401 -0.030460 -1.307013
v -1.353606 -0.030460 -0.570095
v -1.353606 0.029540 -0.570095
v -0.893396 -0.030460 -1.389732
v -0.893396 0.029540 -1.389732
v -0.773252 0.040830 -1.168252
v -0.991904 0.040830 -1.302699
v -0.773252 0.071124 -1.168252
v -0.767857 0.071124 -1.176232
v -0.987490 0.071124 -1.310735
v -0.992080 0.071124 -1.302523
v -0.767857 0.085343 -1.176232
v -0.987439 0.085343 -1.310787
v -0.796909 0.040830 -1.133242
v -1.012905 0.040830 -1.265794
v -0.796909 0.025344 -1.133242
v -1.013071 0.025344 -1.265627
v -1.495837 0.040830 -0.835259
v -1.495159 0.025344 -0.834958
v -1.517119 0.085343 -0.787942
v -1.499165 0.085343 -0.827863
v -1.520551 0.025344 -0.780591
v -1.502671 0.071124 -0.818881
v -1.498592 0.071124 -0.827610
v -1.502671 0.040830 -0.818881
v -1.513043 0.071124 -0.796672
v -1.513043 0.040830 -0.796672
v -1.517119 0.071124 -0.787942
v -1.520551 0.040830 -0.780591
v -1.212572 0.025344 -1.434722
v -1.212371 0.040830 -1.434923
v -1.229778 0.040830 -1.396489
v -1.229719 0.071124 -1.396548
v -1.233669 0.071124 -1.388023
v -1.233359 0.085343 -1.388114
v -1.393371 0.054262 -0.765269
v -1.379930 0.054262 -0.792090
v -1.379930 -0.025739 -0.792089
v -1.393370 -0.025739 -0.765268
v -1.404473 0.054262 -0.804171
v -1.404473 -0.025739 -0.804171
v -1.417659 0.054262 -0.777225
v -1.417659 -0.025739 -0.777225
v -1.419604 -0.030460 -0.608213
v -1.419604 0.029540 -0.608213
v -0.983817 0.029540 -1.441093
v -0.983817 -0.030460 -1.441093
v -1.526646 -0.030460 -0.661421
v -1.526646 0.029540 -0.661421
v -1.128178 -0.030460 -1.512786
v -1.128178 0.029540 -1.512786
v -1.218931 0.040830 -1.418970
v -1.215141 0.071124 -1.427332
v -1.219016 0.071124 -1.418885
v -1.215307 0.085343 -1.427165
v -1.237079 0.040830 -1.380762
v -1.236872 0.025344 -1.380969
v -1.689823 0.040830 -0.917019
v -1.689115 0.025344 -0.916767
v -1.707901 0.085343 -0.868387
v -1.692648 0.085343 -0.909417
v -1.710836 0.025344 -0.860823
v -1.695542 0.071124 -0.900223
v -1.692052 0.071124 -0.909206
v -1.695542 0.040830 -0.900223
v -1.704414 0.071124 -0.877370
v -1.704414 0.040830 -0.877370
v -1.707901 0.071124 -0.868387
v -1.710836 0.040830 -0.860823
v -1.448629 0.025344 -1.532574
v -1.448629 0.040830 -1.532574
v -1.463464 0.040830 -1.493013
v -1.463464 0.071124 -1.493013
v -1.467002 0.071124 -1.484047
v -1.466847 0.085343 -1.483992
v -1.581763 0.054262 -0.853782
v -1.570236 0.054262 -0.881479
v -1.570236 -0.025739 -0.881479
v -1.581763 -0.025739 -0.853782
v -1.595900 0.054262 -0.891677
v -1.595900 -0.025739 -0.891677
v -1.607189 0.054262 -0.863881
v -1.607189 -0.025739 -0.863881
v -1.596644 -0.030460 -0.694466
v -1.596644 0.029540 -0.694466
v -1.221351 0.029540 -1.556298
v -1.221351 -0.030460 -1.556298
v -1.708795 -0.030460 -0.740614
v -1.708795 0.029540 -0.740614
v -1.368864 -0.030460 -1.616996
v -1.368864 0.029540 -1.616996
v -1.454462 0.040830 -1.515818
v -1.450923 0.071124 -1.524783
v -1.454462 0.071124 -1.515818
v -1.450923 0.085343 -1.524783
v -1.469979 0.040830 -1.476501
v -1.469979 0.025344 -1.476501
v -1.890536 0.040830 -0.986466
v -1.889816 0.025344 -0.986238
v -1.905630 0.085343 -0.936827
v -1.892895 0.085343 -0.978707
v -1.908102 0.025344 -0.929102
v -1.895227 0.071124 -0.969342
v -1.892289 0.071124 -0.978515
v -1.895227 0.040830 -0.969342
v -1.902697 0.071124 -0.946002
v -1.902697 0.040830 -0.946002
v -1.905630 0.071124 -0.936827
v -1.908102 0.040830 -0.929102
v -1.687253 0.025344 -1.615285
v -1.687254 0.040830 -1.615286
v -1.699656 0.040830 -1.574895
v -1.699656 0.071124 -1.574895
v -1.702639 0.071124 -1.565735
v -1.702483 0.085343 -1.565686
v -1.581303 -0.025739 -1.502759
v -1.581303 0.054262 -1.502759
v -1.571576 0.054262 -1.531138
v -1.571576 -0.025739 -1.531138
v -1.611928 -0.025739 -1.513363
v -1.611928 0.054262 -1.513363
v -1.602429 -0.025739 -1.541819
v -1.602429 0.054262 -1.541819
v -1.777709 0.054262 -0.929751
v -1.767981 0.054262 -0.958130
v -1.767981 -0.025739 -0.958130
v -1.777709 -0.025739 -0.929751
v -1.794220 0.054262 -0.967250
v -1.794221 -0.025739 -0.967249
v -1.803719 0.054262 -0.938793
v -1.803719 -0.025739 -0.938793
v -1.781667 -0.030460 -0.769662
v -1.781667 0.029540 -0.769662
v -1.463642 0.029540 -1.654230
v -1.463642 -0.030460 -1.654230
v -1.898197 -0.030460 -0.809050
v -1.898197 0.029540 -0.809050
v -1.613170 -0.030460 -1.704794
v -1.613170 0.029540 -1.704794
v -1.692062 0.040830 -1.598197
v -1.689075 0.071124 -1.607356
v -1.692062 0.071124 -1.598197
v -1.689075 0.085343 -1.607356
v -1.705151 0.040830 -1.558024
v -1.705151 0.025344 -1.558024
v -2.096630 0.040830 -1.044529
v -2.095889 0.025344 -1.044349
v -2.108973 0.085343 -0.994136
v -2.098559 0.085343 -1.036652
v -2.111017 0.025344 -0.986285
v -2.100366 0.071124 -1.027177
v -2.097935 0.071124 -1.036500
v -2.100366 0.040830 -1.027177
v -2.106545 0.071124 -1.003459
v -2.106545 0.040830 -1.003459
v -2.108973 0.071124 -0.994136
v -2.111017 0.040830 -0.986285
v -1.928299 0.025344 -1.683730
v -1.928299 0.040830 -1.683730
v -1.938448 0.040830 -1.642716
v -1.938449 0.071124 -1.642715
v -1.940921 0.071124 -1.633402
v -1.940763 0.085343 -1.633364
v -1.817088 -0.025739 -1.577485
v -1.817088 0.054262 -1.577485
v -1.809030 0.054262 -1.606382
v -1.809030 -0.025739 -1.606382
v -1.848100 -0.025739 -1.586104
v -1.848100 0.054262 -1.586104
v -1.840252 -0.025739 -1.615059
v -1.840252 0.054262 -1.615059
v -1.979792 0.054262 -0.994011
v -1.971734 0.054262 -1.022909
v -1.971734 -0.025739 -1.022909
v -1.979792 -0.025739 -0.994011
v -1.998722 0.054262 -1.030422
v -1.998722 -0.025739 -1.030422
v -2.006571 0.054262 -1.001468
v -2.006571 -0.025739 -1.001468
v -1.973494 -0.030460 -0.834396
v -1.973494 0.029540 -0.834396
v -1.708994 0.029540 -1.736415
v -1.708994 -0.030460 -1.736415
v -2.093700 -0.030460 -0.867410
v -2.093700 0.029540 -0.867410
v -1.859681 -0.030460 -1.777813
v -1.859681 0.029540 -1.777813
v -1.932157 0.040830 -1.666407
v -1.929683 0.071124 -1.675719
v -1.932156 0.071124 -1.666408
v -1.929683 0.085343 -1.675719
v -1.943002 0.040830 -1.625563
v -1.943002 0.025344 -1.625563
v -2.306812 0.040830 -1.092745
v -2.306055 0.025344 -1.092612
v -2.316618 0.085343 -1.041797
v -2.308345 0.085343 -1.084782
v -2.318268 0.025344 -1.033852
v -2.309670 0.071124 -1.075234
v -2.307707 0.071124 -1.084669
v -2.309670 0.040830 -1.075234
v -2.314658 0.071124 -1.051232
v -2.314658 0.040830 -1.051232
v -2.316618 0.071124 -1.041797
v -2.318268 0.040830 -1.033852
v -2.185838 0.025803 -1.676046
v -2.185838 0.041289 -1.676046
v -2.173290 0.041289 -1.688594
v -2.155959 0.041289 -1.705925
v -2.143411 0.041289 -1.718472
v -2.143411 0.025803 -1.718472
v -2.155959 0.071584 -1.705925
v -2.180103 0.085803 -1.681781
v -2.149147 0.085803 -1.712737
v -2.149147 0.071584 -1.712737
v -2.173290 0.071584 -1.688594
v -2.180103 0.071584 -1.681781
v -2.186635 0.054262 -1.047964
v -2.180120 0.054262 -1.077247
v -2.180120 -0.025739 -1.077247
v -2.186635 -0.025739 -1.047964
v -2.207784 0.054262 -1.083017
v -2.207784 -0.025739 -1.083017
v -2.214111 0.054262 -1.053692
v -2.214111 -0.025739 -1.053692
v -2.171554 -0.030460 -0.888207
v -2.171554 0.029540 -0.888207
v -1.956169 0.029540 -1.803198
v -1.956169 -0.030460 -1.803198
v -2.294819 -0.030460 -0.915150
v -2.294819 0.029540 -0.915150
v -2.107355 -0.030460 -1.836266
v -2.107355 0.029540 -1.836266
v -2.520758 0.040830 -1.130228
v -2.519994 0.025344 -1.130116
v -2.528269 0.085343 -1.078892
v -2.521932 0.085343 -1.122204
v -2.529562 0.025344 -1.070884
v -2.522827 0.071124 -1.112599
v -2.521288 0.071124 -1.122109
v -2.522827 0.040830 -1.112599
v -2.526734 0.071124 -1.088403
v -2.526734 0.040830 -1.088403
v -2.528269 0.071124 -1.078892
v -2.529562 0.040830 -1.070884
v -2.413925 0.025344 -1.782494
v -2.170769 0.025344 -1.739519
v -2.170769 0.040830 -1.739519
v -2.413925 0.040830 -1.782494
v -2.420123 0.040830 -1.740701
v -2.420124 0.071124 -1.740700
v -2.178844 0.071124 -1.698047
v -2.178844 0.040830 -1.698047
v -2.421696 0.071124 -1.731194
v -2.421537 0.085343 -1.731171
v -2.180686 0.085343 -1.688590
v -2.180845 0.071124 -1.688623
v -2.294545 -0.025739 -1.688006
v -2.294545 0.054262 -1.688006
v -2.289434 0.054262 -1.717568
v -2.289435 -0.025739 -1.717567
v -2.325890 -0.025739 -1.693557
v -2.325890 0.054262 -1.693557
v -2.320956 -0.025739 -1.723148
v -2.320956 0.054262 -1.723148
v -2.397748 0.054262 -1.091129
v -2.392636 0.054262 -1.120689
v -2.392636 -0.025739 -1.120689
v -2.397748 -0.025739 -1.091129
v -2.420577 0.054262 -1.125662
v -2.420577 -0.025739 -1.125662
v -2.425512 0.054262 -1.096071
v -2.425512 -0.025739 -1.096071
v -2.374407 -0.030460 -0.932480
v -2.374407 0.029540 -0.932480
v -2.204085 0.029540 -1.856920
v -2.204085 -0.030460 -1.856920
v -2.500134 -0.030460 -0.953874
v -2.500134 0.029540 -0.953874
v -2.355331 -0.030460 -1.882653
v -2.355331 0.029540 -1.882652
v -2.173755 0.040830 -1.722018
v -2.416122 0.040830 -1.764883
v -2.173755 0.071124 -1.722018
v -2.171754 0.071124 -1.731441
v -2.414548 0.071124 -1.774388
v -2.416122 0.071124 -1.764883
v -2.171754 0.085343 -1.731441
v -2.414548 0.085343 -1.774388
v -2.182528 0.040830 -1.680691
v -2.423020 0.040830 -1.723193
v -2.182528 0.025344 -1.680691
v -2.423020 0.025344 -1.723193
v -2.737158 0.040830 -1.159600
v -2.736384 0.025344 -1.159530
v -2.742559 0.085343 -1.107999
v -2.738003 0.085343 -1.151535
v -2.743525 0.025344 -1.099944
v -2.738498 0.071124 -1.141907
v -2.737350 0.071124 -1.151474
v -2.738498 0.040830 -1.141907
v -2.741414 0.071124 -1.117567
v -2.741414 0.040830 -1.117567
v -2.742560 0.071124 -1.107999
v -2.743525 0.040830 -1.099944
v -2.657200 0.025344 -1.815703
v -2.657200 0.040830 -1.815703
v -2.661674 0.040830 -1.773690
v -2.661674 0.071124 -1.773690
v -2.662853 0.071124 -1.764129
v -2.662694 0.085343 -1.764110
v -2.534655 -0.025739 -1.726123
v -2.534655 0.054262 -1.726123
v -2.530828 0.054262 -1.755878
v -2.530828 -0.025739 -1.755878
v -2.566046 -0.025739 -1.729872
v -2.566046 0.054262 -1.729872
v -2.562376 -0.025739 -1.759646
v -2.562376 0.054262 -1.759646
v -2.611910 0.054262 -1.125336
v -2.608083 0.054262 -1.155091
v -2.608083 -0.025739 -1.155091
v -2.611910 -0.025739 -1.125336
v -2.636477 0.054262 -1.158462
v -2.636477 -0.025739 -1.158462
v -2.640146 0.054262 -1.128687
v -2.640146 -0.025739 -1.128687
v -2.581254 -0.030460 -0.967742
v -2.581254 0.029540 -0.967742
v -2.452080 0.029540 -1.898823
v -2.452080 -0.030460 -1.898823
v -2.709070 -0.030460 -0.983691
v -2.709070 0.029540 -0.983691
v -2.603055 -0.030460 -1.917692
v -2.603055 0.029540 -1.917692
v -2.658672 0.040830 -1.798012
v -2.657491 0.071124 -1.807571
v -2.658672 0.071124 -1.798012
v -2.657491 0.085343 -1.807571
v -2.663846 0.040830 -1.756081
v -2.663846 0.025344 -1.756081
v -2.955863 0.040830 -1.179754
v -2.955085 0.025344 -1.179701
v -2.959366 0.085343 -1.127989
v -2.956410 0.085343 -1.171662
v -2.960035 0.025344 -1.119904
v -2.956550 0.071124 -1.162017
v -2.955754 0.071124 -1.171618
v -2.956550 0.040830 -1.162017
v -2.958572 0.071124 -1.137590
v -2.958573 0.040830 -1.137590
v -2.959366 0.071124 -1.127989
v -2.960035 0.040830 -1.119904
v -2.900126 0.025344 -1.838381
v -2.900126 0.040830 -1.838381
v -2.903045 0.040830 -1.796231
v -2.903046 0.071124 -1.796230
v -2.903870 0.071124 -1.786630
v -2.903712 0.085343 -1.786620
v -2.774953 -0.025739 -1.753818
v -2.774953 0.054262 -1.753818
v -2.772291 0.054262 -1.783700
v -2.772291 -0.025739 -1.783700
v -2.806337 -0.025739 -1.756699
v -2.806337 0.054262 -1.756699
v -2.803823 -0.025739 -1.786593
v -2.803823 0.054262 -1.786593
v -2.828692 0.054262 -1.150473
v -2.826031 0.054262 -1.180354
v -2.826031 -0.025739 -1.180354
v -2.828692 -0.025739 -1.150473
v -2.854604 0.054262 -1.182992
v -2.854604 -0.025739 -1.182992
v -2.857119 0.054262 -1.153097
v -2.857119 -0.025739 -1.153097
v -2.791434 -0.030460 -0.994274
v -2.791434 0.029540 -0.994274
v -2.699628 0.029540 -1.929779
v -2.699628 -0.030460 -1.929779
v -2.920794 -0.030460 -1.005595
v -2.920794 0.029540 -1.005595
v -2.850158 -0.030460 -1.942937
v -2.850158 0.029540 -1.942937
v -2.900947 0.040830 -1.820653
v -2.900121 0.071124 -1.830252
v -2.900947 0.071124 -1.820653
v -2.900121 0.085343 -1.830252
v -2.904564 0.040830 -1.778549
v -2.904564 0.025344 -1.778549
v -3.176034 0.040830 -1.192934
v -3.175252 0.025344 -1.192900
v -3.177793 0.085343 -1.141081
v -3.176309 0.085343 -1.184829
v -3.178190 0.025344 -1.132980
v -3.176123 0.071124 -1.175179
v -3.175650 0.071124 -1.184800
v -3.176123 0.040830 -1.175179
v -3.177323 0.071124 -1.150702
v -3.177323 0.040830 -1.150702
v -3.177793 0.071124 -1.141081
v -3.178190 0.040830 -1.132980
v -3.142523 0.025344 -1.852967
v -3.142523 0.040830 -1.852967
v -3.144020 0.040830 -1.810743
v -3.144020 0.071124 -1.810743
v -3.144520 0.071124 -1.801121
v -3.144361 0.085343 -1.801115
v -3.015099 -0.025739 -1.773073
v -3.015099 0.054262 -1.773073
v -3.013505 0.054262 -1.803030
v -3.013505 -0.025739 -1.803030
v -3.046402 -0.025739 -1.774396
v -3.046402 0.054262 -1.774396
v -3.044936 -0.025739 -1.804360
v -3.044936 0.054262 -1.804360
v -3.047293 0.054262 -1.168195
v -3.045698 0.054262 -1.198153
v -3.045698 -0.025739 -1.198153
v -3.047293 -0.025739 -1.168195
v -3.074543 0.054262 -1.199351
v -3.074543 -0.025739 -1.199351
v -3.076009 0.054262 -1.169386
v -3.076009 -0.025739 -1.169386
v -3.004205 -0.030460 -1.013000
v -3.004205 0.029540 -1.013000
v -2.946429 0.029540 -1.951223
v -2.946429 -0.030460 -1.951223
v -3.134901 -0.030460 -1.019580
v -3.134901 0.029540 -1.019580
v -3.096314 -0.030460 -1.958786
v -3.096314 0.029540 -1.958786
v -3.142747 0.040830 -1.835218
v -3.142247 0.071124 -1.844839
v -3.142747 0.071124 -1.835218
v -3.142247 0.085343 -1.844839
v -3.144940 0.040830 -1.793022
v -3.144940 0.025344 -1.793022
v -3.397432 0.040830 -1.198802
v -3.396645 0.025344 -1.198805
v -3.397606 0.085343 -1.146920
v -3.397459 0.085343 -1.190693
v -3.397757 0.025344 -1.138808
v -3.396976 0.071124 -1.181061
v -3.396795 0.071124 -1.190695
v -3.396976 0.040830 -1.181061
v -3.397429 0.071124 -1.156554
v -3.397429 0.040830 -1.156554
v -3.397606 0.071124 -1.146919
v -3.397757 0.040830 -1.138808
v -3.384166 0.025348 -1.859710
v -3.384166 0.040834 -1.859710
v -3.384364 0.040832 -1.817459
v -3.384364 0.071126 -1.817459
v -3.384566 0.071126 -1.807824
v -3.384409 0.085346 -1.807825
v -3.254750 -0.025739 -1.783344
v -3.254750 0.054263 -1.783344
v -3.254117 0.054263 -1.813336
v -3.254117 -0.025738 -1.813336
v -3.285994 -0.025738 -1.783924
v -3.285994 0.054263 -1.783924
v -3.285481 -0.025738 -1.813920
v -3.285481 0.054263 -1.813920
v -3.267515 0.054262 -1.177744
v -3.266883 0.054262 -1.207737
v -3.266883 -0.025739 -1.207737
v -3.267515 -0.025739 -1.177744
v -3.295830 0.054262 -1.208274
v -3.295830 -0.025739 -1.208274
v -3.296343 0.054262 -1.178278
v -3.296343 -0.025739 -1.178278
v -3.218982 -0.030460 -1.024704
v -3.218982 0.029540 -1.024704
v -3.192300 0.029541 -1.964323
v -3.192300 -0.030459 -1.964323
v -3.350679 -0.030460 -1.027145
v -3.350679 0.029540 -1.027145
v -3.341495 -0.030456 -1.967099
v -3.341495 0.029544 -1.967099
v -3.383846 0.040832 -1.841969
v -3.383643 0.071126 -1.851601
v -3.383846 0.071126 -1.841969
v -3.383643 0.085346 -1.851601
v -3.384737 0.040831 -1.799715
v -3.384737 0.025345 -1.799715
v -3.630185 0.041289 -1.200483
v -3.629371 0.025803 -1.200486
v -3.629437 0.085802 -1.148605
v -3.630069 0.085802 -1.192374
v -3.629448 0.025803 -1.140495
v -3.629394 0.071583 -1.182743
v -3.629381 0.071583 -1.192377
v -3.629394 0.041289 -1.182743
v -3.629426 0.071583 -1.158238
v -3.629426 0.041289 -1.158238
v -3.629438 0.071583 -1.148606
v -3.629448 0.041289 -1.140495
v -3.630034 0.025347 -1.860710
v -3.630034 0.040833 -1.860710
v -3.629425 0.040833 -1.818464
v -3.629425 0.071127 -1.818464
v -3.629436 0.071127 -1.808830
v -3.629285 0.085346 -1.808831
v -3.493855 -0.025735 -1.786716
v -3.493855 0.054266 -1.786716
v -3.494107 0.054266 -1.816715
v -3.494107 -0.025735 -1.816715
v -3.525033 -0.025735 -1.786593
v -3.525033 0.054266 -1.786593
v -3.525400 -0.025735 -1.816591
v -3.525400 0.054266 -1.816591
v -3.488732 0.054262 -1.181004
v -3.488985 0.054262 -1.211002
v -3.488985 -0.025739 -1.211002
v -3.488732 -0.025739 -1.181004
v -3.518009 0.054262 -1.210902
v -3.518009 -0.025739 -1.210902
v -3.517643 0.054262 -1.180904
v -3.517643 -0.025739 -1.180904
v -3.435486 -0.030460 -1.029063
v -3.435486 0.029540 -1.029063
v -3.436981 0.029544 -1.969061
v -3.436981 -0.030456 -1.969061
v -3.569797 -0.030460 -1.028593
v -3.569797 0.029540 -1.028593
v -3.583365 -0.030456 -1.968494
v -3.583365 0.029544 -1.968494
v -3.629393 0.040833 -1.842971
v -3.629381 0.071127 -1.852603
v -3.629393 0.071127 -1.842971
v -3.629381 0.085346 -1.852603
v -3.629447 0.040833 -1.800721
v -3.629447 0.025347 -1.800721
v -2.273644 0.041289 -1.788948
v -1.875897 0.041289 -1.391200
v -1.743314 0.041289 -1.258618
v -1.755862 0.041289 -1.246070
v -1.888444 0.041289 -1.378653
v -1.142273 0.041289 -0.798998
v -1.154821 0.041289 -0.786451
v -2.280456 0.071584 -1.782135
v -2.273644 0.071584 -1.788947
v -1.882709 0.071584 -1.384388
v -1.750126 0.071584 -1.251805
v -1.743314 0.071584 -1.258618
v -1.875897 0.071584 -1.391200
v -1.149086 0.071584 -0.792186
v -1.142273 0.071584 -0.798998
v -2.280456 0.085803 -1.782135
v -1.882709 0.085803 -1.384388
v -1.750126 0.085803 -1.251805
v -1.149086 0.085803 -0.792186
v -2.243765 0.041289 -1.818826
v -1.846018 0.041289 -1.421079
v -1.713435 0.041289 -1.288496
v -1.725983 0.041289 -1.275949
v -1.858565 0.041289 -1.408531
v -1.112394 0.041289 -0.828877
v -1.124942 0.041289 -0.816329
v -1.858565 0.071584 -1.408531
v -1.725983 0.071584 -1.275949
v -1.719171 0.071584 -1.282761
v -1.851753 0.071584 -1.415344
v -1.124942 0.071584 -0.816329
v -1.118130 0.071584 -0.823142
v -1.118130 0.085803 -0.823142
v -1.719171 0.085803 -1.282761
v -2.243765 0.025803 -1.818826
v -1.888444 0.025803 -1.378653
v -1.755862 0.025803 -1.246070
v -1.713435 0.025803 -1.288496
v -1.846018 0.025803 -1.421079
v -1.154821 0.025803 -0.786451
v -1.112394 0.025803 -0.828877
v -1.851753 0.085803 -1.415344
v -2.035169 0.025803 -1.525377
v -2.035169 0.041289 -1.525377
v -1.992742 0.041289 -1.567804
v -1.992742 0.025803 -1.567804
v -2.029433 0.085803 -1.531112
v -1.998478 0.085803 -1.562068
v -2.005290 0.071584 -1.555256
v -2.005290 0.041289 -1.555256
v -1.998478 0.071584 -1.562068
v -2.022621 0.071584 -1.537925
v -2.022621 0.041289 -1.537925
v -2.029433 0.071584 -1.531112
v -1.973219 0.054721 -1.523687
v -1.952006 0.054721 -1.544900
v -1.952006 -0.025279 -1.544900
v -1.973219 -0.025279 -1.523687
v -1.973219 0.054721 -1.566114
v -1.973219 -0.025279 -1.566114
v -1.994432 0.054721 -1.544900
v -1.994432 -0.025279 -1.544900
v -0.907735 -0.025279 -0.451722
v -0.907735 0.054721 -0.451722
v -0.888990 0.054721 -0.475145
v -0.888990 -0.025279 -0.475145
v -0.931159 -0.025279 -0.470466
v -0.931159 0.054721 -0.470466
v -0.912414 -0.025279 -0.493889
v -0.912414 0.054721 -0.493889
vt 0.906075 0.259595
vt 0.906075 0.219937
vt 0.000000 0.000000
vt 0.000512 0.321630
vt 0.000512 0.312903
vt 0.000000 0.089593
vt 0.905875 0.093759
vt 0.000000 0.062150
vt 0.905875 0.121202
vt 0.906075 0.312903
vt 0.905875 0.048121
vt 0.905875 0.034093
vt 0.000200 0.219937
vt 0.000000 0.121202
vt 0.000000 0.093759
vt 0.000000 0.025761
vt 0.000000 0.012881
vt 0.905875 0.012881
vt 0.000512 0.321630
vt 0.906387 0.321630
vt 0.906387 0.330358
vt 0.906075 0.296828
vt 0.000200 0.312903
vt 0.905875 0.062150
vt 0.000000 0.012881
vt 0.000000 0.000000
vt 0.905875 0.000000
vt 0.906387 0.312903
vt 0.999050 0.183297
vt 0.939310 0.183297
vt 0.939310 0.342604
vt 0.999050 0.183297
vt 0.939310 0.183297
vt 0.939310 0.342604
vt 0.999050 0.342604
vt 0.999050 0.183297
vt 0.939310 0.183297
vt 0.999050 0.342604
vt 0.999050 0.183297
vt 0.939310 0.183297
vt 0.985655 0.132863
vt 0.939081 0.132863
vt 0.939081 0.179437
vt 0.939310 0.342604
vt 0.939310 0.183297
vt 0.999050 0.183297
vt 0.939310 0.342604
vt 0.939310 0.183297
vt 0.999050 0.183297
vt 0.939310 0.342604
vt 0.939310 0.183297
vt 0.999050 0.183297
vt 0.999050 0.342604
vt 0.939310 0.342604
vt 0.939310 0.183297
vt 0.979692 0.844034
vt 0.979692 0.781451
vt -0.000781 0.781451
vt 0.146184 0.656284
vt 0.000156 0.656284
vt 0.000156 0.718868
vt 0.998987 0.850355
vt 0.001647 0.850355
vt 0.001647 0.998895
vt 0.000000 0.012881
vt 0.000512 0.321630
vt 0.000512 0.312903
vt 0.980127 0.103062
vt 0.958243 0.103062
vt 0.000000 0.000000
vt 0.905875 0.034093
vt 0.906075 0.312903
vt 0.000000 0.062150
vt 0.000000 0.089593
vt 0.000000 0.000000
vt 0.905875 0.048121
vt 0.905875 0.062150
vt 0.000000 0.062150
vt 0.000000 0.034093
vt -0.000122 0.210448
vt -0.000122 0.156096
vt 0.905753 0.156096
vt 0.906075 0.297453
vt 0.000200 0.297453
vt 0.000200 0.281378
vt 0.985655 0.179437
vt 0.939081 0.179437
vt 0.939081 0.132863
vt 0.980629 0.781451
vt 0.980629 0.718868
vt 0.000156 0.718868
vt 0.302823 0.718868
vt 0.302823 0.656284
vt 0.156795 0.656284
vt 0.999534 0.654611
vt 0.999534 0.505675
vt -0.000466 0.505675
vt 0.905875 0.048121
vt 0.000512 0.330358
vt 0.905875 0.025761
vt 0.000000 0.048121
vt 0.905875 0.048121
vt 0.905875 0.062150
vt 0.905875 0.034093
vt 0.905875 0.048121
vt 0.000000 0.048121
vt -0.000122 0.156096
vt 0.905753 0.156096
vt 0.905753 0.210448
vt 0.000000 0.121202
vt 0.000000 0.093759
vt 0.905875 0.093759
vt 0.000512 0.321630
vt 0.906387 0.321630
vt 0.906387 0.330358
vt 0.906075 0.296828
vt 0.906075 0.312903
vt 0.000200 0.312903
vt 0.000000 0.062150
vt 0.905875 0.062150
vt 0.905875 0.089593
vt 0.000000 0.012881
vt 0.000000 0.000000
vt 0.905875 0.000000
vt 0.000512 0.321630
vt 0.000512 0.312903
vt 0.906387 0.312903
vt 0.906075 0.281378
vt 0.906075 0.297453
vt 0.000200 0.297453
vt 0.999050 0.183297
vt 0.939310 0.183297
vt 0.939310 0.342604
vt 0.999050 0.183297
vt 0.939310 0.183297
vt 0.939310 0.342604
vt 0.999050 0.342604
vt 0.999050 0.183297
vt 0.939310 0.183297
vt 0.999050 0.342604
vt 0.999050 0.183297
vt 0.939310 0.183297
vt 0.985655 0.132863
vt 0.939081 0.132863
vt 0.939081 0.179437
vt 0.999050 0.342604
vt 0.939310 0.342604
vt 0.939310 0.183297
vt 0.939310 0.342604
vt 0.939310 0.183297
vt 0.999050 0.183297
vt 0.999050 0.342604
vt 0.939310 0.342604
vt 0.939310 0.183297
vt 0.939310 0.342604
vt 0.939310 0.183297
vt 0.999050 0.183297
vt 0.979692 0.844034
vt 0.979692 0.781451
vt -0.000781 0.781451
vt 0.146184 0.718868
vt 0.146184 0.656284
vt 0.000156 0.656284
vt 0.998987 0.998895
vt 0.998987 0.850355
vt 0.001647 0.850355
vt 0.000200 0.219937
vt 0.906075 0.219937
vt 0.906075 0.259595
vt 0.000000 0.025761
vt 0.000000 0.012881
vt 0.905875 0.012881
vt 0.985655 0.179437
vt 0.939081 0.179437
vt 0.939081 0.132863
vt 0.980629 0.718868
vt 0.000156 0.718868
vt 0.000156 0.781451
vt 0.302823 0.656284
vt 0.156795 0.656284
vt 0.156795 0.718868
vt 0.999534 0.654611
vt 0.999534 0.505675
vt -0.000466 0.505675
vt 0.905875 0.048121
vt 0.905875 0.062150
vt 0.000000 0.062150
vt 0.000000 0.034093
vt 0.905875 0.034093
vt 0.905875 0.048121
vt 0.906075 0.219937
vt 0.906075 0.259595
vt 0.000200 0.259595
vt -0.000122 0.210448
vt -0.000122 0.156096
vt 0.905753 0.156096
vt 0.000000 0.093759
vt 0.905875 0.093759
vt 0.905875 0.121202
vt 0.000000 0.012881
vt 0.905875 0.012881
vt 0.905875 0.025761
vt 0.000512 0.321630
vt 0.906387 0.321630
vt 0.906387 0.330358
vt 0.906075 0.312903
vt 0.000200 0.312903
vt 0.000200 0.296828
vt 0.000000 0.089593
vt 0.000000 0.062150
vt 0.905875 0.062150
vt 0.000000 0.012881
vt 0.000000 0.000000
vt 0.905875 0.000000
vt 0.000512 0.312903
vt 0.906387 0.312903
vt 0.906387 0.321630
vt 0.906075 0.281378
vt 0.906075 0.297453
vt 0.000200 0.297453
vt 0.999050 0.183297
vt 0.939310 0.183297
vt 0.939310 0.342604
vt 0.999050 0.342604
vt 0.999050 0.183297
vt 0.939310 0.183297
vt 0.999050 0.342604
vt 0.999050 0.183297
vt 0.939310 0.183297
vt 0.999050 0.342604
vt 0.999050 0.183297
vt 0.939310 0.183297
vt 0.985655 0.132863
vt 0.939081 0.132863
vt 0.939081 0.179437
vt 0.999050 0.342604
vt 0.939310 0.342604
vt 0.939310 0.183297
vt 0.999050 0.342604
vt 0.939310 0.342604
vt 0.939310 0.183297
vt 0.999050 0.342604
vt 0.939310 0.342604
vt 0.939310 0.183297
vt 0.999050 0.342604
vt 0.939310 0.342604
vt 0.939310 0.183297
vt 0.979692 0.844034
vt 0.979692 0.781451
vt -0.000781 0.781451
vt 0.146184 0.656284
vt 0.000156 0.656284
vt 0.000156 0.718868
vt 0.998987 0.998895
vt 0.998987 0.850355
vt 0.001647 0.850355
vt 0.939081 0.179437
vt 0.939081 0.132863
vt 0.985655 0.132863
vt 0.980629 0.781451
vt 0.980629 0.718868
vt 0.000156 0.718868
vt 0.302823 0.718868
vt 0.302823 0.656284
vt 0.156795 0.656284
vt 0.999534 0.654611
vt 0.999534 0.505675
vt -0.000466 0.505675
vt 0.000000 0.121202
vt 0.905875 0.089593
vt 0.000000 0.093759
vt 0.905875 0.000000
vt 0.906387 0.312903
vt 0.905875 0.012881
vt 0.000200 0.259595
vt 0.906075 0.219937
vt 0.906075 0.259595
vt 0.905875 0.012881
vt 0.905875 0.000000
vt 0.000200 0.297453
vt 0.905875 0.048121
vt 0.000200 0.281378
vt 0.905753 0.156096
vt 0.000200 0.296828
vt 0.000000 0.000000
vt 0.999050 0.342604
vt 0.999050 0.183297
vt 0.939310 0.183297
vt 0.999050 0.342604
vt 0.999050 0.183297
vt 0.939310 0.183297
vt 0.999050 0.183297
vt 0.939310 0.183297
vt 0.939310 0.342604
vt 0.999050 0.342604
vt 0.999050 0.183297
vt 0.939310 0.183297
vt 0.985655 0.132863
vt 0.939081 0.132863
vt 0.939081 0.179437
vt 0.999050 0.342604
vt 0.939310 0.342604
vt 0.939310 0.183297
vt 0.999050 0.342604
vt 0.939310 0.342604
vt 0.939310 0.183297
vt 0.999050 0.342604
vt 0.939310 0.342604
vt 0.939310 0.183297
vt 0.999050 0.342604
vt 0.939310 0.342604
vt 0.939310 0.183297
vt 0.000000 0.000000
vt 0.905875 0.062150
vt 0.905875 0.089593
vt 0.000000 0.093759
vt 0.939081 0.179437
vt 0.939081 0.132863
vt 0.985655 0.132863
vt 0.979692 0.844034
vt 0.979692 0.781451
vt -0.000781 0.781451
vt 0.146184 0.718868
vt 0.146184 0.656284
vt 0.000156 0.656284
vt 0.980629 0.718868
vt 0.000156 0.718868
vt 0.000156 0.781451
vt 0.302823 0.656284
vt 0.156795 0.656284
vt 0.156795 0.718868
vt 0.999534 0.505675
vt -0.000466 0.505675
vt -0.000466 0.654611
vt 0.998987 0.998895
vt 0.998987 0.850355
vt 0.001647 0.850355
vt 0.000000 0.000000
vt 0.000000 0.034093
vt 0.000000 0.048121
vt -0.000122 0.210448
vt 0.905753 0.210448
vt 0.905753 0.156096
vt 0.000000 0.121202
vt 0.905875 0.121202
vt 0.905875 0.093759
vt 0.000000 0.025761
vt 0.905875 0.025761
vt 0.905875 0.012881
vt 0.906387 0.330358
vt 0.906387 0.321630
vt 0.000512 0.321630
vt 0.906075 0.296828
vt 0.000200 0.296828
vt 0.000200 0.312903
vt 0.906387 0.321630
vt 0.906387 0.312903
vt 0.000200 0.297453
vt 0.905875 0.048121
vt 0.999050 0.342604
vt 0.999050 0.183297
vt 0.939310 0.183297
vt 0.999050 0.342604
vt 0.999050 0.183297
vt 0.939310 0.183297
vt 0.999050 0.342604
vt 0.999050 0.183297
vt 0.939310 0.183297
vt 0.999050 0.342604
vt 0.999050 0.183297
vt 0.939310 0.183297
vt 0.985655 0.179437
vt 0.985655 0.132863
vt 0.939081 0.132863
vt 0.999050 0.342604
vt 0.939310 0.342604
vt 0.939310 0.183297
vt 0.999050 0.342604
vt 0.939310 0.342604
vt 0.939310 0.183297
vt 0.999050 0.342604
vt 0.939310 0.342604
vt 0.939310 0.183297
vt 0.939310 0.342604
vt 0.939310 0.183297
vt 0.999050 0.183297
vt 0.906075 0.219937
vt 0.985655 0.179437
vt 0.939081 0.179437
vt 0.939081 0.132863
vt 0.979692 0.844034
vt 0.979692 0.781451
vt -0.000781 0.781451
vt 0.146184 0.718868
vt 0.146184 0.656284
vt 0.000156 0.656284
vt 0.980629 0.781451
vt 0.980629 0.718868
vt 0.000156 0.718868
vt 0.302823 0.718868
vt 0.302823 0.656284
vt 0.156795 0.656284
vt 0.999534 0.654611
vt 0.999534 0.505675
vt -0.000466 0.505675
vt 0.998987 0.850355
vt 0.001647 0.850355
vt 0.001647 0.998895
vt 0.000000 0.048121
vt 0.905875 0.062150
vt 0.000000 0.034093
vt 0.905875 0.034093
vt 0.905875 0.048121
vt 0.000200 0.219937
vt 0.906075 0.219937
vt 0.906075 0.259595
vt -0.000122 0.156096
vt 0.905753 0.210448
vt 0.905875 0.093759
vt 0.905875 0.121202
vt 0.000000 0.012881
vt 0.905875 0.012881
vt 0.905875 0.025761
vt 0.000512 0.330358
vt 0.000512 0.321630
vt 0.906387 0.321630
vt 0.906075 0.296828
vt 0.906075 0.312903
vt 0.000200 0.312903
vt 0.000000 0.062150
vt 0.905875 0.062150
vt 0.000000 0.012881
vt 0.000000 0.000000
vt 0.000512 0.321630
vt 0.000512 0.312903
vt 0.906075 0.281378
vt 0.906075 0.297453
vt 0.999050 0.342604
vt 0.999050 0.183297
vt 0.939310 0.183297
vt 0.999050 0.342604
vt 0.999050 0.183297
vt 0.939310 0.183297
vt 0.999050 0.183297
vt 0.939310 0.183297
vt 0.939310 0.342604
vt 0.999050 0.342604
vt 0.999050 0.183297
vt 0.939310 0.183297
vt 0.985655 0.132863
vt 0.939081 0.132863
vt 0.939081 0.179437
vt 0.999050 0.342604
vt 0.939310 0.342604
vt 0.939310 0.183297
vt 0.999050 0.342604
vt 0.939310 0.342604
vt 0.939310 0.183297
vt 0.999050 0.342604
vt 0.939310 0.342604
vt 0.939310 0.183297
vt 0.999050 0.342604
vt 0.939310 0.342604
vt 0.939310 0.183297
vt 0.979692 0.844034
vt 0.979692 0.781451
vt -0.000781 0.781451
vt 0.146184 0.718868
vt 0.146184 0.656284
vt 0.000156 0.656284
vt 0.998987 0.998895
vt 0.998987 0.850355
vt 0.001647 0.850355
vt 0.939081 0.179437
vt 0.939081 0.132863
vt 0.985655 0.132863
vt 0.980629 0.781451
vt 0.980629 0.718868
vt 0.000156 0.718868
vt 0.302823 0.718868
vt 0.302823 0.656284
vt 0.156795 0.656284
vt 0.999534 0.505675
vt -0.000466 0.505675
vt -0.000466 0.654611
vt 0.000000 0.048121
vt 0.000000 0.062150
vt 0.905875 0.062150
vt 0.959024 0.014240
vt 0.980908 0.014240
vt 0.943180 0.000413
vt 0.996752 0.000413
vt 0.980908 0.041289
vt 0.959024 0.041289
vt 0.989510 0.053985
vt 0.950422 0.053985
vt 0.000000 0.034093
vt 0.000000 0.048121
vt 0.905875 0.048121
vt 0.000200 0.219937
vt 0.000200 0.259595
vt 0.906075 0.259595
vt -0.000122 0.210448
vt 0.905753 0.210448
vt 0.905753 0.156096
vt 0.000000 0.121202
vt 0.905875 0.121202
vt 0.905875 0.093759
vt 0.000000 0.025761
vt 0.905875 0.025761
vt 0.905875 0.012881
vt 0.000512 0.330358
vt 0.906387 0.330358
vt 0.906387 0.321630
vt 0.906075 0.296828
vt 0.000200 0.296828
vt 0.000200 0.312903
vt 0.000000 0.089593
vt 0.905875 0.089593
vt 0.905875 0.062150
vt 0.000000 0.012881
vt 0.905875 0.012881
vt 0.905875 0.000000
vt 0.000512 0.321630
vt 0.906387 0.321630
vt 0.906387 0.312903
vt 0.906075 0.281378
vt 0.000200 0.281378
vt 0.000200 0.297453
vt 0.000000 0.048121
vt 0.905875 0.048121
vt 0.905875 0.062150
vt 0.996752 0.000413
vt 0.996752 0.014240
vt 0.980908 0.014240
vt 0.959024 0.014240
vt 0.943180 0.014240
vt 0.943180 0.000413
vt 0.950422 0.053985
vt 0.950422 0.041289
vt 0.959024 0.041289
vt 0.989510 0.053985
vt 0.980908 0.041289
vt 0.905875 0.034093
vt 0.905875 0.048121
vt 0.000000 0.048121
vt 0.000200 0.219937
vt 0.906075 0.219937
vt 0.906075 0.259595
vt -0.000122 0.210448
vt -0.000122 0.156096
vt 0.905753 0.156096
vt 0.000000 0.121202
vt 0.000000 0.093759
vt 0.905875 0.093759
vt 0.000000 0.025761
vt 0.000000 0.012881
vt 0.905875 0.012881
vt 0.000512 0.330358
vt 0.000512 0.321630
vt 0.906387 0.321630
vt 0.906075 0.296828
vt 0.906075 0.312903
vt 0.000200 0.312903
vt 0.000000 0.089593
vt 0.000000 0.062150
vt 0.905875 0.062150
vt 0.000000 0.012881
vt 0.000000 0.000000
vt 0.905875 0.000000
vt 0.000512 0.321630
vt 0.000512 0.312903
vt 0.906387 0.312903
vt 0.906075 0.281378
vt 0.906075 0.297453
vt 0.000200 0.297453
vt 0.999050 0.342604
vt 0.999050 0.183297
vt 0.939310 0.183297
vt 0.999050 0.342604
vt 0.999050 0.183297
vt 0.939310 0.183297
vt 0.999050 0.342604
vt 0.999050 0.183297
vt 0.939310 0.183297
vt 0.999050 0.342604
vt 0.999050 0.183297
vt 0.939310 0.183297
vt 0.985655 0.179437
vt 0.985655 0.132863
vt 0.939081 0.132863
vt 0.999050 0.342604
vt 0.939310 0.342604
vt 0.939310 0.183297
vt 0.999050 0.342604
vt 0.939310 0.342604
vt 0.939310 0.183297
vt 0.999050 0.342604
vt 0.939310 0.342604
vt 0.939310 0.183297
vt 0.999050 0.342604
vt 0.939310 0.342604
vt 0.939310 0.183297
vt 0.985655 0.179437
vt 0.939081 0.179437
vt 0.939081 0.132863
vt 0.999050 0.342604
vt 0.999050 0.183297
vt 0.939310 0.183297
vt 0.999050 0.183297
vt 0.939310 0.183297
vt 0.939310 0.342604
vt 0.999050 0.342604
vt 0.999050 0.183297
vt 0.939310 0.183297
vt 0.999050 0.342604
vt 0.999050 0.183297
vt 0.939310 0.183297
vt 0.985655 0.179437
vt 0.985655 0.132863
vt 0.939081 0.132863
vt 0.999050 0.342604
vt 0.939310 0.342604
vt 0.939310 0.183297
vt 0.939310 0.342604
vt 0.939310 0.183297
vt 0.999050 0.183297
vt 0.999050 0.342604
vt 0.939310 0.342604
vt 0.939310 0.183297
vt 0.999050 0.342604
vt 0.939310 0.342604
vt 0.939310 0.183297
vt 0.985655 0.179437
vt 0.939081 0.179437
vt 0.939081 0.132863
vt 0.979692 0.844034
vt 0.979692 0.781451
vt -0.000781 0.781451
vt 0.146184 0.656284
vt 0.000156 0.656284
vt 0.000156 0.718868
vt 0.980629 0.781451
vt 0.980629 0.718868
vt 0.000156 0.718868
vt 0.302823 0.718868
vt 0.302823 0.656284
vt 0.156795 0.656284
vt 0.999534 0.654611
vt 0.999534 0.505675
vt -0.000466 0.505675
vt 0.979692 0.844034
vt 0.979692 0.781451
vt -0.000781 0.781451
vt 0.145247 0.656284
vt -0.000781 0.656284
vt -0.000781 0.718868
vt 0.979692 0.781451
vt 0.979692 0.718868
vt -0.000781 0.718868
vt 0.302823 0.718868
vt 0.302823 0.656284
vt 0.156795 0.656284
vt 1.000000 1.000000
vt 1.000000 0.851064
vt 0.000000 0.851064
vt 0.998987 0.998895
vt 0.998987 0.850355
vt 0.001647 0.850355
vt 0.998987 0.998049
vt 0.998987 0.849509
vt 0.001647 0.849509
vt 0.000200 0.281378
vt 0.000200 0.259595
vt 0.000200 0.296828
vt 0.905875 0.089593
vt 0.905875 0.012881
vt 0.906387 0.321630
vt 0.999050 0.342604
vt 0.999050 0.342604
vt 0.939310 0.342604
vt 0.939310 0.342604
vt 0.985655 0.179437
vt 0.999050 0.342604
vt 0.999050 0.342604
vt 0.999050 0.342604
vt 0.999050 0.183297
vt -0.000781 0.844034
vt 0.146184 0.718868
vt 0.998987 0.998895
vt 0.000000 0.048121
vt 0.000000 0.048121
vt 0.905753 0.210448
vt 0.906075 0.281378
vt 0.985655 0.132863
vt 0.000156 0.781451
vt 0.156795 0.718868
vt -0.000466 0.654611
vt 0.000000 0.062150
vt 0.000000 0.034093
vt -0.000122 0.210448
vt 0.905875 0.121202
vt 0.000512 0.330358
vt 0.000200 0.296828
vt 0.000000 0.089593
vt 0.905875 0.012881
vt 0.906387 0.321630
vt 0.000200 0.281378
vt 0.999050 0.342604
vt 0.999050 0.342604
vt 0.939310 0.342604
vt 0.939310 0.342604
vt 0.985655 0.179437
vt 0.999050 0.183297
vt 0.999050 0.342604
vt 0.999050 0.183297
vt 0.999050 0.342604
vt -0.000781 0.844034
vt 0.000156 0.718868
vt 0.001647 0.998895
vt 0.000200 0.259595
vt 0.905875 0.025761
vt 0.985655 0.132863
vt 0.980629 0.781451
vt 0.302823 0.718868
vt -0.000466 0.654611
vt 0.000000 0.048121
vt 0.000000 0.048121
vt 0.000200 0.219937
vt 0.905753 0.210448
vt 0.000000 0.121202
vt 0.000000 0.025761
vt 0.000512 0.330358
vt 0.906075 0.296828
vt 0.905875 0.089593
vt 0.905875 0.012881
vt 0.000512 0.321630
vt 0.000200 0.281378
vt 0.999050 0.342604
vt 0.939310 0.342604
vt 0.939310 0.342604
vt 0.939310 0.342604
vt 0.985655 0.179437
vt 0.999050 0.183297
vt 0.999050 0.183297
vt 0.999050 0.183297
vt 0.999050 0.183297
vt -0.000781 0.844034
vt 0.146184 0.718868
vt 0.001647 0.998895
vt 0.985655 0.179437
vt 0.000156 0.781451
vt 0.156795 0.718868
vt -0.000466 0.654611
vt 0.939310 0.342604
vt 0.939310 0.342604
vt 0.999050 0.342604
vt 0.939310 0.342604
vt 0.985655 0.179437
vt 0.999050 0.183297
vt 0.999050 0.183297
vt 0.999050 0.183297
vt 0.999050 0.183297
vt 0.985655 0.179437
vt -0.000781 0.844034
vt 0.000156 0.718868
vt 0.980629 0.781451
vt 0.302823 0.718868
vt 0.999534 0.654611
vt 0.001647 0.998895
vt -0.000122 0.156096
vt 0.000000 0.012881
vt 0.000512 0.330358
vt 0.000000 0.000000
vt 0.939310 0.342604
vt 0.939310 0.342604
vt 0.939310 0.342604
vt 0.939310 0.342604
vt 0.939081 0.179437
vt 0.999050 0.183297
vt 0.999050 0.183297
vt 0.999050 0.183297
vt 0.999050 0.342604
vt 0.000200 0.219937
vt 0.985655 0.132863
vt -0.000781 0.844034
vt 0.000156 0.718868
vt 0.000156 0.781451
vt 0.156795 0.718868
vt -0.000466 0.654611
vt 0.998987 0.998895
vt 0.000000 0.062150
vt 0.000000 0.048121
vt 0.000200 0.259595
vt -0.000122 0.210448
vt 0.000000 0.025761
vt 0.906387 0.330358
vt 0.000000 0.089593
vt 0.906387 0.321630
vt 0.939310 0.342604
vt 0.939310 0.342604
vt 0.999050 0.342604
vt 0.939310 0.342604
vt 0.985655 0.179437
vt 0.999050 0.183297
vt 0.999050 0.183297
vt 0.999050 0.183297
vt 0.999050 0.183297
vt -0.000781 0.844034
vt 0.000156 0.718868
vt 0.001647 0.998895
vt 0.985655 0.179437
vt 0.000156 0.781451
vt 0.156795 0.718868
vt 0.999534 0.654611
vt 0.905875 0.048121
vt 0.943180 0.014240
vt 0.996752 0.014240
vt 0.989510 0.041289
vt 0.950422 0.041289
vt 0.905875 0.034093
vt 0.906075 0.219937
vt -0.000122 0.156096
vt 0.000000 0.093759
vt 0.000000 0.012881
vt 0.000512 0.321630
vt 0.906075 0.312903
vt 0.000000 0.062150
vt 0.000000 0.000000
vt 0.000512 0.312903
vt 0.906075 0.297453
vt 0.000000 0.062150
vt 0.989510 0.041289
vt 0.000000 0.034093
vt 0.000200 0.259595
vt 0.905753 0.210448
vt 0.905875 0.121202
vt 0.905875 0.025761
vt 0.906387 0.330358
vt 0.000200 0.296828
vt 0.905875 0.089593
vt 0.905875 0.012881
vt 0.906387 0.321630
vt 0.000200 0.281378
vt 0.939310 0.342604
vt 0.939310 0.342604
vt 0.939310 0.342604
vt 0.939310 0.342604
vt 0.939081 0.179437
vt 0.999050 0.183297
vt 0.999050 0.183297
vt 0.999050 0.183297
vt 0.999050 0.183297
vt 0.985655 0.132863
vt 0.939310 0.342604
vt 0.999050 0.342604
vt 0.939310 0.342604
vt 0.939310 0.342604
vt 0.939081 0.179437
vt 0.999050 0.183297
vt 0.999050 0.342604
vt 0.999050 0.183297
vt 0.999050 0.183297
vt 0.985655 0.132863
vt -0.000781 0.844034
vt 0.146184 0.718868
vt 0.000156 0.781451
vt 0.156795 0.718868
vt -0.000466 0.654611
vt -0.000781 0.844034
vt 0.145247 0.718868
vt -0.000781 0.781451
vt 0.156795 0.718868
vt 0.000000 1.000000
vt 0.001647 0.998895
vt 0.001647 0.998049
vt 0.905875 0.062150
vt 0.679406 0.048121
vt 0.679406 0.062150
vt 0.982037 0.022561
vt 0.982037 0.022561
vt 0.982037 0.022561
vt 0.982037 0.022561
vt 0.982037 0.022561
vt 0.982037 0.022561
vt 0.982037 0.022561
vt 0.982037 0.022561
vt 0.226469 0.093759
vt 0.000000 0.121202
vt 0.226469 0.121202
vt 0.226469 0.012881
vt 0.000000 0.025761
vt 0.226469 0.025761
vt 0.939310 0.183297
vt 0.999050 0.342604
vt 0.999050 0.183297
vt 0.999050 0.183297
vt 0.939310 0.342604
vt 0.999050 0.342604
vt 0.939310 0.183297
vt 0.999050 0.342604
vt 0.999050 0.183297
vt 0.939310 0.183297
vt 0.999050 0.342604
vt 0.999050 0.183297
vt 0.939081 0.132863
vt 0.985655 0.179437
vt 0.985655 0.132863
vt 0.939310 0.183297
vt 0.999050 0.342604
vt 0.999050 0.183297
vt 0.999050 0.183297
vt 0.939310 0.342604
vt 0.999050 0.342604
vt 0.939310 0.183297
vt 0.999050 0.342604
vt 0.999050 0.183297
vt 0.939310 0.183297
vt 0.999050 0.342604
vt 0.999050 0.183297
vt 0.939081 0.132863
vt 0.985655 0.179437
vt 0.985655 0.132863
vt 0.939310 0.183297
vt 0.999050 0.342604
vt 0.999050 0.183297
vt 0.939310 0.183297
vt 0.999050 0.342604
vt 0.999050 0.183297
vt 0.939310 0.183297
vt 0.999050 0.342604
vt 0.999050 0.183297
vt 0.939310 0.183297
vt 0.999050 0.342604
vt 0.999050 0.183297
vt 0.939081 0.132863
vt 0.985655 0.179437
vt 0.985655 0.132863
vt -0.000781 0.781451
vt 0.979692 0.844034
vt 0.979692 0.781451
vt 0.146184 0.656284
vt 0.000156 0.718868
vt 0.146184 0.718868
vt 0.000156 0.718868
vt 0.980629 0.781451
vt 0.980629 0.718868
vt 0.156795 0.656284
vt 0.302823 0.718868
vt 0.302823 0.656284
vt -0.000466 0.505675
vt 0.999534 0.654611
vt 0.999534 0.505675
vt -0.000781 0.781451
vt 0.979692 0.844034
vt 0.979692 0.781451
vt 0.145247 0.656284
vt -0.000781 0.718868
vt 0.145247 0.718868
vt -0.000781 0.718868
vt 0.979692 0.781451
vt 0.979692 0.718868
vt 0.156795 0.656284
vt 0.302823 0.718868
vt 0.302823 0.656284
vt 1.000000 0.851064
vt 0.000000 1.000000
vt 1.000000 1.000000
vt -0.000781 0.781451
vt 0.979692 0.844034
vt 0.979692 0.781451
vt -0.000781 0.656284
vt 0.145247 0.718868
vt 0.145247 0.656284
vt -0.000781 0.718868
vt 0.979692 0.781451
vt 0.979692 0.718868
vt 0.302823 0.656284
vt 0.156795 0.718868
vt 0.302823 0.718868
vt -0.000103 0.349106
vt 0.999897 0.498042
vt 0.999897 0.349106
vt -0.000781 0.781451
vt 0.979692 0.844034
vt 0.979692 0.781451
vt 0.145247 0.656284
vt -0.000781 0.718868
vt 0.145247 0.718868
vt -0.000781 0.718868
vt 0.979692 0.781451
vt 0.979692 0.718868
vt 0.302823 0.656284
vt 0.156795 0.718868
vt 0.302823 0.718868
vt 0.000000 0.851064
vt 1.000000 1.000000
vt 1.000000 0.851064
vt 0.001647 0.850355
vt 0.998987 0.998895
vt 0.998987 0.850355
vt 0.998987 0.849509
vt 0.001647 0.998049
vt 0.998987 0.998049
vt 0.000000 0.352016
vt 0.997339 0.500556
vt 0.997339 0.352016
vt 0.001647 0.504118
vt 0.998987 0.652658
vt 0.998987 0.504118
vt 0.939310 0.183297
vt 0.999050 0.342604
vt 0.999050 0.183297
vt 0.999050 0.183297
vt 0.939310 0.342604
vt 0.999050 0.342604
vt 0.939310 0.183297
vt 0.999050 0.342604
vt 0.999050 0.183297
vt 0.939310 0.183297
vt 0.999050 0.342604
vt 0.999050 0.183297
vt 0.985655 0.132863
vt 0.939081 0.179437
vt 0.985655 0.179437
vt 0.939310 0.183297
vt 0.999050 0.342604
vt 0.999050 0.183297
vt 0.939310 0.183297
vt 0.999050 0.342604
vt 0.999050 0.183297
vt 0.939310 0.183297
vt 0.999050 0.342604
vt 0.999050 0.183297
vt 0.939310 0.183297
vt 0.999050 0.342604
vt 0.999050 0.183297
vt 0.939081 0.132863
vt 0.985655 0.179437
vt 0.985655 0.132863
vt 0.939310 0.183297
vt 0.999050 0.342604
vt 0.999050 0.183297
vt 0.939310 0.183297
vt 0.999050 0.342604
vt 0.999050 0.183297
vt 0.939310 0.183297
vt 0.999050 0.342604
vt 0.999050 0.183297
vt 0.939310 0.183297
vt 0.999050 0.342604
vt 0.999050 0.183297
vt 0.939081 0.132863
vt 0.985655 0.179437
vt 0.985655 0.132863
vt 0.939310 0.183297
vt 0.999050 0.342604
vt 0.939310 0.342604
vt 0.939310 0.183297
vt 0.999050 0.342604
vt 0.939310 0.342604
vt 0.939310 0.183297
vt 0.999050 0.342604
vt 0.939310 0.342604
vt 0.939310 0.183297
vt 0.999050 0.342604
vt 0.939310 0.342604
vt 0.939081 0.132863
vt 0.985655 0.179437
vt 0.939081 0.179437
vt 0.939310 0.183297
vt 0.999050 0.342604
vt 0.999050 0.183297
vt 0.939310 0.183297
vt 0.999050 0.342604
vt 0.999050 0.183297
vt 0.939310 0.183297
vt 0.999050 0.342604
vt 0.999050 0.183297
vt 0.939310 0.183297
vt 0.999050 0.342604
vt 0.999050 0.183297
vt 0.939081 0.132863
vt 0.985655 0.179437
vt 0.985655 0.132863
vt -0.000781 0.781451
vt 0.979692 0.844034
vt 0.979692 0.781451
vt 0.000156 0.656284
vt 0.146184 0.718868
vt 0.146184 0.656284
vt 0.000156 0.718868
vt 0.980629 0.781451
vt 0.980629 0.718868
vt 0.156795 0.656284
vt 0.302823 0.718868
vt 0.302823 0.656284
vt -0.000466 0.505675
vt 0.999534 0.654611
vt 0.999534 0.505675
vt -0.000781 0.781451
vt 0.979692 0.844034
vt 0.979692 0.781451
vt 0.145247 0.656284
vt -0.000781 0.718868
vt 0.145247 0.718868
vt -0.000781 0.718868
vt 0.979692 0.781451
vt 0.979692 0.718868
vt 0.156795 0.656284
vt 0.302823 0.718868
vt 0.302823 0.656284
vt 1.000000 0.851064
vt 0.000000 1.000000
vt 1.000000 1.000000
vt -0.000781 0.781451
vt 0.979692 0.844034
vt 0.979692 0.781451
vt 0.145247 0.656284
vt -0.000781 0.718868
vt 0.145247 0.718868
vt -0.000781 0.718868
vt 0.979692 0.781451
vt 0.979692 0.718868
vt 0.156795 0.656284
vt 0.302823 0.718868
vt 0.302823 0.656284
vt 0.999897 0.349106
vt -0.000103 0.498042
vt 0.999897 0.498042
vt -0.000781 0.781451
vt 0.979692 0.844034
vt 0.979692 0.781451
vt 0.145247 0.656284
vt -0.000781 0.718868
vt 0.145247 0.718868
vt -0.000781 0.718868
vt 0.979692 0.781451
vt 0.979692 0.718868
vt 0.156795 0.656284
vt 0.302823 0.718868
vt 0.302823 0.656284
vt 0.000000 0.851064
vt 1.000000 1.000000
vt 1.000000 0.851064
vt 0.001647 0.850355
vt 0.998987 0.998895
vt 0.998987 0.850355
vt 0.998987 0.849509
vt 0.001647 0.998049
vt 0.998987 0.998049
vt 0.000000 0.352016
vt 0.997339 0.500556
vt 0.997339 0.352016
vt 0.001647 0.504118
vt 0.998987 0.652658
vt 0.998987 0.504118
vt 0.939310 0.183297
vt 0.999050 0.342604
vt 0.999050 0.183297
vt 0.999050 0.183297
vt 0.939310 0.342604
vt 0.999050 0.342604
vt 0.939310 0.183297
vt 0.999050 0.342604
vt 0.999050 0.183297
vt 0.939310 0.183297
vt 0.999050 0.342604
vt 0.999050 0.183297
vt 0.985655 0.132863
vt 0.939081 0.179437
vt 0.985655 0.179437
vt 0.939310 0.183297
vt 0.999050 0.342604
vt 0.939310 0.342604
vt 0.939310 0.342604
vt 0.999050 0.183297
vt 0.999050 0.342604
vt 0.939310 0.183297
vt 0.999050 0.342604
vt 0.939310 0.342604
vt 0.939310 0.183297
vt 0.999050 0.342604
vt 0.939310 0.342604
vt 0.939081 0.179437
vt 0.985655 0.132863
vt 0.985655 0.179437
vt 0.939310 0.183297
vt 0.999050 0.342604
vt 0.999050 0.183297
vt 0.999050 0.183297
vt 0.939310 0.342604
vt 0.999050 0.342604
vt 0.939310 0.183297
vt 0.999050 0.342604
vt 0.999050 0.183297
vt 0.939310 0.183297
vt 0.999050 0.342604
vt 0.999050 0.183297
vt 0.939081 0.132863
vt 0.985655 0.179437
vt 0.985655 0.132863
vt 0.939310 0.183297
vt 0.999050 0.342604
vt 0.939310 0.342604
vt 0.939310 0.342604
vt 0.999050 0.183297
vt 0.999050 0.342604
vt 0.939310 0.183297
vt 0.999050 0.342604
vt 0.939310 0.342604
vt 0.939310 0.183297
vt 0.999050 0.342604
vt 0.939310 0.342604
vt 0.939081 0.132863
vt 0.985655 0.179437
vt 0.939081 0.179437
vt 0.939310 0.183297
vt 0.999050 0.342604
vt 0.999050 0.183297
vt 0.999050 0.183297
vt 0.939310 0.342604
vt 0.999050 0.342604
vt 0.939310 0.183297
vt 0.999050 0.342604
vt 0.999050 0.183297
vt 0.939310 0.183297
vt 0.999050 0.342604
vt 0.999050 0.183297
vt 0.939081 0.132863
vt 0.985655 0.179437
vt 0.985655 0.132863
vt 0.939310 0.183297
vt 0.999050 0.342604
vt 0.939310 0.342604
vt 0.939310 0.342604
vt 0.999050 0.183297
vt 0.999050 0.342604
vt 0.939310 0.183297
vt 0.999050 0.342604
vt 0.939310 0.342604
vt 0.939310 0.342604
vt 0.999050 0.183297
vt 0.999050 0.342604
vt 0.939081 0.132863
vt 0.985655 0.179437
vt 0.939081 0.179437
vt 0.939310 0.183297
vt 0.999050 0.342604
vt 0.999050 0.183297
vt 0.999050 0.183297
vt 0.939310 0.342604
vt 0.999050 0.342604
vt 0.939310 0.183297
vt 0.999050 0.342604
vt 0.999050 0.183297
vt 0.939310 0.183297
vt 0.999050 0.342604
vt 0.999050 0.183297
vt 0.939081 0.132863
vt 0.985655 0.179437
vt 0.985655 0.132863
vt 0.939310 0.183297
vt 0.999050 0.342604
vt 0.939310 0.342604
vt 0.939310 0.183297
vt 0.999050 0.342604
vt 0.939310 0.342604
vt 0.939310 0.183297
vt 0.999050 0.342604
vt 0.939310 0.342604
vt 0.939310 0.183297
vt 0.999050 0.342604
vt 0.939310 0.342604
vt 0.939081 0.132863
vt 0.985655 0.179437
vt 0.939081 0.179437
vt -0.000781 0.781451
vt 0.979692 0.844034
vt 0.979692 0.781451
vt 0.146184 0.656284
vt 0.000156 0.718868
vt 0.146184 0.718868
vt 0.000156 0.718868
vt 0.980629 0.781451
vt 0.980629 0.718868
vt 0.156795 0.656284
vt 0.302823 0.718868
vt 0.302823 0.656284
vt -0.000466 0.505675
vt 0.999534 0.654611
vt 0.999534 0.505675
vt -0.000781 0.781451
vt 0.979692 0.844034
vt 0.979692 0.781451
vt 0.145247 0.656284
vt -0.000781 0.718868
vt 0.145247 0.718868
vt -0.000781 0.718868
vt 0.979692 0.781451
vt 0.979692 0.718868
vt 0.156795 0.656284
vt 0.302823 0.718868
vt 0.302823 0.656284
vt 0.000000 0.851064
vt 1.000000 1.000000
vt 1.000000 0.851064
vt -0.000781 0.781451
vt 0.979692 0.844034
vt 0.979692 0.781451
vt 0.145247 0.656284
vt -0.000781 0.718868
vt 0.145247 0.718868
vt -0.000781 0.718868
vt 0.979692 0.781451
vt 0.979692 0.718868
vt 0.156795 0.656284
vt 0.302823 0.718868
vt 0.302823 0.656284
vt 0.999897 0.349106
vt -0.000103 0.498042
vt 0.999897 0.498042
vt -0.000781 0.781451
vt 0.979692 0.844034
vt 0.979692 0.781451
vt 0.145247 0.656284
vt -0.000781 0.718868
vt 0.145247 0.718868
vt -0.000781 0.718868
vt 0.979692 0.781451
vt 0.979692 0.718868
vt 0.156795 0.656284
vt 0.302823 0.718868
vt 0.302823 0.656284
vt 1.000000 0.851064
vt 0.000000 1.000000
vt 1.000000 1.000000
vt 0.001647 0.850355
vt 0.998987 0.998895
vt 0.998987 0.850355
vt 0.998987 0.849509
vt 0.001647 0.998049
vt 0.998987 0.998049
vt 0.997339 0.352016
vt 0.000000 0.500556
vt 0.997339 0.500556
vt 0.001647 0.504118
vt 0.998987 0.652658
vt 0.998987 0.504118
vt 0.905875 0.048121
vt 0.679406 0.034093
vt 0.679406 0.048121
vt 0.679606 0.259595
vt 0.906075 0.219937
vt 0.679606 0.219937
vt 0.226347 0.210448
vt -0.000122 0.156096
vt -0.000122 0.210448
vt 0.226981 0.330358
vt 0.000512 0.321630
vt 0.000512 0.330358
vt 0.679606 0.312903
vt 0.906075 0.296828
vt 0.679606 0.296828
vt 0.226469 0.089593
vt 0.000000 0.062150
vt 0.000000 0.089593
vt 0.226469 0.000000
vt 0.000000 0.012881
vt 0.226469 0.012881
vt 0.226981 0.321630
vt 0.000512 0.312903
vt 0.000512 0.321630
vt 0.679606 0.297453
vt 0.906075 0.281378
vt 0.679606 0.281378
vt 0.939310 0.183297
vt 0.999050 0.342604
vt 0.999050 0.183297
vt 0.939310 0.183297
vt 0.999050 0.342604
vt 0.999050 0.183297
vt 0.939310 0.183297
vt 0.999050 0.342604
vt 0.999050 0.183297
vt 0.939310 0.183297
vt 0.999050 0.342604
vt 0.999050 0.183297
vt 0.985655 0.132863
vt 0.939081 0.179437
vt 0.985655 0.179437
vt 0.939310 0.183297
vt 0.999050 0.342604
vt 0.939310 0.342604
vt 0.939310 0.342604
vt 0.999050 0.183297
vt 0.999050 0.342604
vt 0.939310 0.183297
vt 0.999050 0.342604
vt 0.939310 0.342604
vt 0.939310 0.183297
vt 0.999050 0.342604
vt 0.939310 0.342604
vt 0.939081 0.132863
vt 0.985655 0.179437
vt 0.939081 0.179437
vt 0.905875 0.025761
vt 0.679406 0.012881
vt 0.679406 0.025761
vt 0.905875 0.093759
vt 0.679406 0.121202
vt 0.905875 0.121202
vt 0.226469 0.062150
vt 0.000000 0.048121
vt 0.000000 0.062150
vt 0.905875 0.048121
vt 0.679406 0.034093
vt 0.679406 0.048121
vt 0.679606 0.259595
vt 0.906075 0.219937
vt 0.679606 0.219937
vt 0.226347 0.156096
vt -0.000122 0.210448
vt 0.226347 0.210448
vt 0.226981 0.321630
vt 0.000512 0.330358
vt 0.226981 0.330358
vt 0.679606 0.312903
vt 0.906075 0.296828
vt 0.679606 0.296828
vt 0.226469 0.062150
vt 0.000000 0.089593
vt 0.226469 0.089593
vt 0.226469 0.000000
vt 0.000000 0.012881
vt 0.226469 0.012881
vt 0.226981 0.312903
vt 0.000512 0.321630
vt 0.226981 0.321630
vt 0.679606 0.281378
vt 0.906075 0.297453
vt 0.906075 0.281378
vt 0.905875 0.025761
vt 0.679406 0.012881
vt 0.679406 0.025761
vt 0.905875 0.093759
vt 0.679406 0.121202
vt 0.905875 0.121202
vt 0.226469 0.062150
vt 0.000000 0.048121
vt 0.000000 0.062150
vt 0.905875 0.048121
vt 0.679406 0.034093
vt 0.679406 0.048121
vt 0.679606 0.259595
vt 0.906075 0.219937
vt 0.679606 0.219937
vt 0.226347 0.156096
vt -0.000122 0.210448
vt 0.226347 0.210448
vt 0.226981 0.321630
vt 0.000512 0.330358
vt 0.226981 0.330358
vt 0.679606 0.312903
vt 0.906075 0.296828
vt 0.679606 0.296828
vt 0.226469 0.062150
vt 0.000000 0.089593
vt 0.226469 0.089593
vt 0.226469 0.000000
vt 0.000000 0.012881
vt 0.226469 0.012881
vt 0.226981 0.312903
vt 0.000512 0.321630
vt 0.226981 0.321630
vt 0.679606 0.281378
vt 0.906075 0.297453
vt 0.906075 0.281378
vt 0.939310 0.183297
vt 0.999050 0.342604
vt 0.939310 0.342604
vt 0.939310 0.183297
vt 0.999050 0.342604
vt 0.939310 0.342604
vt 0.939310 0.183297
vt 0.999050 0.342604
vt 0.939310 0.342604
vt 0.939310 0.183297
vt 0.999050 0.342604
vt 0.939310 0.342604
vt 0.939081 0.179437
vt 0.985655 0.132863
vt 0.985655 0.179437
vt -0.000781 0.781451
vt 0.979692 0.844034
vt 0.979692 0.781451
vt 0.145247 0.656284
vt -0.000781 0.718868
vt 0.145247 0.718868
vt -0.000781 0.718868
vt 0.979692 0.781451
vt 0.979692 0.718868
vt 0.156795 0.656284
vt 0.302823 0.718868
vt 0.302823 0.656284
vt 1.000000 0.851064
vt 0.000000 1.000000
vt 1.000000 1.000000
vt 0.001647 0.504118
vt 0.998987 0.652658
vt 0.998987 0.504118
vt 0.905875 0.025761
vt 0.679406 0.012881
vt 0.679406 0.025761
vt 0.905875 0.093759
vt 0.679406 0.121202
vt 0.905875 0.121202
vt 0.226469 0.062150
vt 0.000000 0.048121
vt 0.000000 0.062150
vt 0.905875 0.048121
vt 0.679406 0.034093
vt 0.679406 0.048121
vt 0.679606 0.259595
vt 0.906075 0.219937
vt 0.679606 0.219937
vt 0.226347 0.156096
vt -0.000122 0.210448
vt 0.226347 0.210448
vt 0.226981 0.321630
vt 0.000512 0.330358
vt 0.226981 0.330358
vt 0.679606 0.312903
vt 0.906075 0.296828
vt 0.679606 0.296828
vt 0.226469 0.062150
vt 0.000000 0.089593
vt 0.226469 0.089593
vt 0.226469 0.012881
vt 0.000000 0.000000
vt 0.000000 0.012881
vt 0.226981 0.312903
vt 0.000512 0.321630
vt 0.226981 0.321630
vt 0.679606 0.281378
vt 0.906075 0.297453
vt 0.906075 0.281378
vt 0.226469 0.062150
vt 0.000000 0.048121
vt 0.226469 0.048121
vt 0.679406 0.093759
vt 0.905875 0.121202
vt 0.679406 0.121202
vt 0.905875 0.012881
vt 0.679406 0.025761
vt 0.679406 0.012881
vt 0.939310 0.183297
vt 0.999050 0.342604
vt 0.939310 0.342604
vt 0.939310 0.183297
vt 0.999050 0.342604
vt 0.939310 0.342604
vt 0.939310 0.183297
vt 0.999050 0.342604
vt 0.939310 0.342604
vt 0.939310 0.183297
vt 0.999050 0.342604
vt 0.939310 0.342604
vt 0.939081 0.179437
vt 0.985655 0.132863
vt 0.985655 0.179437
vt -0.000781 0.781451
vt 0.979692 0.844034
vt 0.979692 0.781451
vt 0.145247 0.656284
vt -0.000781 0.718868
vt 0.145247 0.718868
vt -0.000781 0.718868
vt 0.979692 0.781451
vt 0.979692 0.718868
vt 0.302823 0.656284
vt 0.156795 0.718868
vt 0.302823 0.718868
vt 1.000000 0.851064
vt 0.000000 1.000000
vt 1.000000 1.000000
vt 0.001647 0.504118
vt 0.998987 0.652658
vt 0.998987 0.504118
vt 0.906075 0.297453
vt 0.679606 0.281378
vt 0.906075 0.281378
vt 0.000512 0.312903
vt 0.226981 0.321630
vt 0.000512 0.321630
vt 0.000000 0.000000
vt 0.226469 0.012881
vt 0.000000 0.012881
vt 0.226469 0.062150
vt 0.000000 0.089593
vt 0.000000 0.062150
vt 0.679606 0.312903
vt 0.906075 0.296828
vt 0.906075 0.312903
vt 0.000512 0.321630
vt 0.226981 0.330358
vt 0.000512 0.330358
vt 0.226347 0.156096
vt -0.000122 0.210448
vt -0.000122 0.156096
vt 0.906075 0.219937
vt 0.679606 0.259595
vt 0.679606 0.219937
vt 0.905875 0.034093
vt 0.679406 0.048121
vt 0.679406 0.034093
vt 0.905875 0.025761
vt 0.679406 0.012881
vt 0.679406 0.025761
vt 0.905875 0.093759
vt 0.679406 0.121202
vt 0.905875 0.121202
vt 0.226469 0.062150
vt 0.000000 0.048121
vt 0.000000 0.062150
vt 0.905875 0.048121
vt 0.679406 0.034093
vt 0.679406 0.048121
vt 0.679606 0.259595
vt 0.906075 0.219937
vt 0.679606 0.219937
vt 0.226347 0.156096
vt -0.000122 0.210448
vt 0.226347 0.210448
vt 0.226981 0.321630
vt 0.000512 0.330358
vt 0.226981 0.330358
vt 0.679606 0.312903
vt 0.906075 0.296828
vt 0.679606 0.296828
vt 0.226469 0.062150
vt 0.000000 0.089593
vt 0.226469 0.089593
vt 0.226469 0.000000
vt 0.000000 0.012881
vt 0.226469 0.012881
vt 0.226981 0.312903
vt 0.000512 0.321630
vt 0.226981 0.321630
vt 0.679606 0.281378
vt 0.906075 0.297453
vt 0.906075 0.281378
vt 0.226469 0.062150
vt 0.000000 0.048121
vt 0.226469 0.048121
vt 0.905875 0.093759
vt 0.679406 0.121202
vt 0.679406 0.093759
vt 0.905875 0.012881
vt 0.679406 0.025761
vt 0.679406 0.012881
vt 0.939310 0.342604
vt 0.999050 0.183297
vt 0.999050 0.342604
vt 0.939310 0.342604
vt 0.999050 0.183297
vt 0.999050 0.342604
vt 0.939310 0.183297
vt 0.999050 0.342604
vt 0.939310 0.342604
vt 0.939310 0.183297
vt 0.999050 0.342604
vt 0.939310 0.342604
vt 0.939081 0.132863
vt 0.985655 0.179437
vt 0.939081 0.179437
vt -0.000781 0.781451
vt 0.979692 0.844034
vt 0.979692 0.781451
vt -0.000781 0.656284
vt 0.145247 0.718868
vt 0.145247 0.656284
vt -0.000781 0.718868
vt 0.979692 0.781451
vt 0.979692 0.718868
vt 0.156795 0.656284
vt 0.302823 0.718868
vt 0.302823 0.656284
vt 0.000000 0.851064
vt 1.000000 1.000000
vt 1.000000 0.851064
vt 0.998987 0.504118
vt 0.001647 0.652658
vt 0.998987 0.652658
vt 0.906075 0.297453
vt 0.679606 0.281378
vt 0.906075 0.281378
vt 0.226981 0.312903
vt 0.000512 0.321630
vt 0.000512 0.312903
vt 0.226469 0.000000
vt 0.000000 0.012881
vt 0.000000 0.000000
vt 0.226469 0.062150
vt 0.000000 0.089593
vt 0.000000 0.062150
vt 0.906075 0.312903
vt 0.679606 0.296828
vt 0.906075 0.296828
vt 0.226981 0.321630
vt 0.000512 0.330358
vt 0.000512 0.321630
vt 0.226347 0.156096
vt -0.000122 0.210448
vt -0.000122 0.156096
vt 0.906075 0.259595
vt 0.679606 0.219937
vt 0.906075 0.219937
vt 0.905875 0.048121
vt 0.679406 0.034093
vt 0.905875 0.034093
vt 0.905875 0.025761
vt 0.679406 0.012881
vt 0.679406 0.025761
vt 0.905875 0.121202
vt 0.679406 0.093759
vt 0.679406 0.121202
vt 0.226469 0.062150
vt 0.000000 0.048121
vt 0.000000 0.062150
vt 0.905875 0.048121
vt 0.679406 0.034093
vt 0.679406 0.048121
vt 0.679606 0.259595
vt 0.906075 0.219937
vt 0.679606 0.219937
vt 0.226347 0.156096
vt -0.000122 0.210448
vt 0.226347 0.210448
vt 0.226981 0.321630
vt 0.000512 0.330358
vt 0.226981 0.330358
vt 0.679606 0.312903
vt 0.906075 0.296828
vt 0.679606 0.296828
vt 0.226469 0.062150
vt 0.000000 0.089593
vt 0.226469 0.089593
vt 0.226469 0.000000
vt 0.000000 0.012881
vt 0.226469 0.012881
vt 0.226981 0.312903
vt 0.000512 0.321630
vt 0.226981 0.321630
vt 0.679606 0.281378
vt 0.906075 0.297453
vt 0.906075 0.281378
vt 0.226469 0.062150
vt 0.000000 0.048121
vt 0.226469 0.048121
vt 0.905875 0.093759
vt 0.679406 0.121202
vt 0.679406 0.093759
vt 0.905875 0.012881
vt 0.679406 0.025761
vt 0.679406 0.012881
vt 0.939310 0.183297
vt 0.999050 0.342604
vt 0.939310 0.342604
vt 0.939310 0.183297
vt 0.999050 0.342604
vt 0.939310 0.342604
vt 0.939310 0.183297
vt 0.999050 0.342604
vt 0.939310 0.342604
vt 0.939310 0.183297
vt 0.999050 0.342604
vt 0.939310 0.342604
vt 0.939081 0.132863
vt 0.985655 0.179437
vt 0.939081 0.179437
vt -0.000781 0.781451
vt 0.979692 0.844034
vt 0.979692 0.781451
vt -0.000781 0.656284
vt 0.145247 0.718868
vt 0.145247 0.656284
vt -0.000781 0.718868
vt 0.979692 0.781451
vt 0.979692 0.718868
vt 0.156795 0.656284
vt 0.302823 0.718868
vt 0.302823 0.656284
vt 0.000000 0.851064
vt 1.000000 1.000000
vt 1.000000 0.851064
vt 0.998987 0.504118
vt 0.001647 0.652658
vt 0.998987 0.652658
vt 0.906075 0.297453
vt 0.679606 0.281378
vt 0.906075 0.281378
vt 0.000512 0.312903
vt 0.226981 0.321630
vt 0.000512 0.321630
vt 0.226469 0.000000
vt 0.000000 0.012881
vt 0.000000 0.000000
vt 0.226469 0.062150
vt 0.000000 0.089593
vt 0.000000 0.062150
vt 0.679606 0.312903
vt 0.906075 0.296828
vt 0.906075 0.312903
vt 0.000512 0.321630
vt 0.226981 0.330358
vt 0.000512 0.330358
vt -0.000122 0.156096
vt 0.226347 0.210448
vt -0.000122 0.210448
vt 0.906075 0.219937
vt 0.679606 0.259595
vt 0.679606 0.219937
vt 0.905875 0.048121
vt 0.679406 0.034093
vt 0.905875 0.034093
vt 0.905875 0.025761
vt 0.679406 0.012881
vt 0.679406 0.025761
vt 0.905875 0.121202
vt 0.679406 0.093759
vt 0.679406 0.121202
vt 0.226469 0.062150
vt 0.000000 0.048121
vt 0.000000 0.062150
vt 0.905875 0.048121
vt 0.679406 0.034093
vt 0.679406 0.048121
vt 0.679606 0.259595
vt 0.906075 0.219937
vt 0.679606 0.219937
vt 0.226347 0.156096
vt -0.000122 0.210448
vt 0.226347 0.210448
vt 0.226981 0.321630
vt 0.000512 0.330358
vt 0.226981 0.330358
vt 0.679606 0.312903
vt 0.906075 0.296828
vt 0.679606 0.296828
vt 0.226469 0.062150
vt 0.000000 0.089593
vt 0.226469 0.089593
vt 0.226469 0.000000
vt 0.000000 0.012881
vt 0.226469 0.012881
vt 0.226981 0.312903
vt 0.000512 0.321630
vt 0.226981 0.321630
vt 0.679606 0.281378
vt 0.906075 0.297453
vt 0.906075 0.281378
vt 0.226469 0.048121
vt 0.000000 0.062150
vt 0.000000 0.048121
vt 0.679406 0.093759
vt 0.905875 0.121202
vt 0.679406 0.121202
vt 0.905875 0.012881
vt 0.679406 0.025761
vt 0.679406 0.012881
vt 0.999050 0.183297
vt 0.939310 0.342604
vt 0.999050 0.342604
vt 0.939310 0.183297
vt 0.999050 0.342604
vt 0.999050 0.183297
vt 0.939310 0.183297
vt 0.999050 0.342604
vt 0.999050 0.183297
vt 0.939310 0.183297
vt 0.999050 0.342604
vt 0.999050 0.183297
vt 0.939081 0.132863
vt 0.985655 0.179437
vt 0.985655 0.132863
vt 0.939310 0.183297
vt 0.999050 0.342604
vt 0.939310 0.342604
vt 0.939310 0.183297
vt 0.999050 0.342604
vt 0.939310 0.342604
vt 0.939310 0.183297
vt 0.999050 0.342604
vt 0.939310 0.342604
vt 0.939310 0.183297
vt 0.999050 0.342604
vt 0.939310 0.342604
vt 0.939081 0.179437
vt 0.985655 0.132863
vt 0.985655 0.179437
vt -0.000781 0.781451
vt 0.979692 0.844034
vt 0.979692 0.781451
vt 0.145247 0.656284
vt -0.000781 0.718868
vt 0.145247 0.718868
vt -0.000781 0.718868
vt 0.979692 0.781451
vt 0.979692 0.718868
vt 0.156795 0.656284
vt 0.302823 0.718868
vt 0.302823 0.656284
vt 1.000000 0.851064
vt 0.000000 1.000000
vt 1.000000 1.000000
vt 0.001647 0.504118
vt 0.998987 0.652658
vt 0.998987 0.504118
vt 0.906075 0.297453
vt 0.679606 0.281378
vt 0.906075 0.281378
vt 0.000512 0.312903
vt 0.226981 0.321630
vt 0.000512 0.321630
vt 0.226469 0.000000
vt 0.000000 0.012881
vt 0.000000 0.000000
vt 0.226469 0.062150
vt 0.000000 0.089593
vt 0.000000 0.062150
vt 0.679606 0.312903
vt 0.906075 0.296828
vt 0.906075 0.312903
vt 0.000512 0.321630
vt 0.226981 0.330358
vt 0.000512 0.330358
vt 0.226347 0.156096
vt -0.000122 0.210448
vt -0.000122 0.156096
vt 0.906075 0.219937
vt 0.679606 0.259595
vt 0.679606 0.219937
vt 0.905875 0.048121
vt 0.679406 0.034093
vt 0.905875 0.034093
vt 0.905875 0.025761
vt 0.679406 0.012881
vt 0.679406 0.025761
vt 0.905875 0.093759
vt 0.679406 0.121202
vt 0.905875 0.121202
vt 0.226469 0.062150
vt 0.000000 0.048121
vt 0.000000 0.062150
vt 0.905875 0.048121
vt 0.679406 0.034093
vt 0.679406 0.048121
vt 0.679606 0.259595
vt 0.906075 0.219937
vt 0.679606 0.219937
vt 0.226347 0.156096
vt -0.000122 0.210448
vt 0.226347 0.210448
vt 0.226981 0.321630
vt 0.000512 0.330358
vt 0.226981 0.330358
vt 0.679606 0.312903
vt 0.906075 0.296828
vt 0.679606 0.296828
vt 0.226469 0.062150
vt 0.000000 0.089593
vt 0.226469 0.089593
vt 0.226469 0.000000
vt 0.000000 0.012881
vt 0.226469 0.012881
vt 0.226981 0.312903
vt 0.000512 0.321630
vt 0.226981 0.321630
vt 0.679606 0.281378
vt 0.906075 0.297453
vt 0.906075 0.281378
vt 0.226469 0.048121
vt 0.000000 0.062150
vt 0.000000 0.048121
vt 0.679406 0.093759
vt 0.905875 0.121202
vt 0.679406 0.121202
vt 0.905875 0.012881
vt 0.679406 0.025761
vt 0.679406 0.012881
vt 0.939310 0.183297
vt 0.999050 0.342604
vt 0.999050 0.183297
vt 0.999050 0.183297
vt 0.939310 0.342604
vt 0.999050 0.342604
vt 0.939310 0.183297
vt 0.999050 0.342604
vt 0.999050 0.183297
vt 0.939310 0.183297
vt 0.999050 0.342604
vt 0.999050 0.183297
vt 0.939081 0.132863
vt 0.985655 0.179437
vt 0.985655 0.132863
vt 0.939310 0.183297
vt 0.999050 0.342604
vt 0.939310 0.342604
vt 0.939310 0.183297
vt 0.999050 0.342604
vt 0.939310 0.342604
vt 0.939310 0.183297
vt 0.999050 0.342604
vt 0.939310 0.342604
vt 0.939310 0.183297
vt 0.999050 0.342604
vt 0.939310 0.342604
vt 0.939081 0.179437
vt 0.985655 0.132863
vt 0.985655 0.179437
vt -0.000781 0.781451
vt 0.979692 0.844034
vt 0.979692 0.781451
vt 0.145247 0.656284
vt -0.000781 0.718868
vt 0.145247 0.718868
vt -0.000781 0.718868
vt 0.979692 0.781451
vt 0.979692 0.718868
vt 0.156795 0.656284
vt 0.302823 0.718868
vt 0.302823 0.656284
vt 1.000000 0.851064
vt 0.000000 1.000000
vt 1.000000 1.000000
vt 0.001647 0.504118
vt 0.998987 0.652658
vt 0.998987 0.504118
vt 0.906075 0.297453
vt 0.679606 0.281378
vt 0.906075 0.281378
vt 0.000512 0.312903
vt 0.226981 0.321630
vt 0.000512 0.321630
vt 0.226469 0.000000
vt 0.000000 0.012881
vt 0.000000 0.000000
vt 0.000000 0.062150
vt 0.226469 0.089593
vt 0.000000 0.089593
vt 0.679606 0.312903
vt 0.906075 0.296828
vt 0.906075 0.312903
vt 0.000512 0.321630
vt 0.226981 0.330358
vt 0.000512 0.330358
vt 0.226347 0.156096
vt -0.000122 0.210448
vt -0.000122 0.156096
vt 0.906075 0.219937
vt 0.679606 0.259595
vt 0.679606 0.219937
vt 0.905875 0.048121
vt 0.679406 0.034093
vt 0.905875 0.034093
vt 0.905875 0.025761
vt 0.679406 0.012881
vt 0.679406 0.025761
vt 0.905875 0.121202
vt 0.679406 0.093759
vt 0.679406 0.121202
vt 0.226469 0.062150
vt 0.000000 0.048121
vt 0.000000 0.062150
vt 0.905875 0.048121
vt 0.679406 0.034093
vt 0.679406 0.048121
vt 0.679606 0.259595
vt 0.906075 0.219937
vt 0.679606 0.219937
vt 0.226347 0.156096
vt -0.000122 0.210448
vt 0.226347 0.210448
vt 0.226981 0.321630
vt 0.000512 0.330358
vt 0.226981 0.330358
vt 0.679606 0.312903
vt 0.906075 0.296828
vt 0.679606 0.296828
vt 0.226469 0.062150
vt 0.000000 0.089593
vt 0.226469 0.089593
vt 0.226469 0.000000
vt 0.000000 0.012881
vt 0.226469 0.012881
vt 0.226981 0.312903
vt 0.000512 0.321630
vt 0.226981 0.321630
vt 0.679606 0.281378
vt 0.906075 0.297453
vt 0.906075 0.281378
vt 0.415989 0.075507
vt 0.415989 0.075507
vt 0.415989 0.075507
vt 0.415989 0.075507
vt 0.415989 0.075507
vt 0.415989 0.075507
vt 0.415989 0.075507
vt 0.415989 0.075507
vt 0.415989 0.075507
vt 0.415989 0.075507
vt 0.939310 0.183297
vt 0.999050 0.342604
vt 0.939310 0.342604
vt 0.939310 0.342604
vt 0.999050 0.183297
vt 0.999050 0.342604
vt 0.939310 0.342604
vt 0.999050 0.183297
vt 0.999050 0.342604
vt 0.939310 0.183297
vt 0.999050 0.342604
vt 0.939310 0.342604
vt 0.939081 0.132863
vt 0.985655 0.179437
vt 0.939081 0.179437
vt -0.000781 0.781451
vt 0.979692 0.844034
vt 0.979692 0.781451
vt -0.000781 0.656284
vt 0.145247 0.718868
vt 0.145247 0.656284
vt -0.000781 0.718868
vt 0.979692 0.781451
vt 0.979692 0.718868
vt 0.156795 0.656284
vt 0.302823 0.718868
vt 0.302823 0.656284
vt 1.000000 0.851064
vt 0.000000 1.000000
vt 1.000000 1.000000
vt 0.001647 0.504118
vt 0.998987 0.652658
vt 0.998987 0.504118
vt 0.905875 0.025761
vt 0.679406 0.012881
vt 0.679406 0.025761
vt 0.905875 0.093759
vt 0.679406 0.121202
vt 0.905875 0.121202
vt 0.226469 0.062150
vt 0.000000 0.048121
vt 0.000000 0.062150
vt 0.905875 0.048121
vt 0.679406 0.034093
vt 0.679406 0.048121
vt 0.679606 0.259595
vt 0.906075 0.219937
vt 0.679606 0.219937
vt 0.226347 0.156096
vt -0.000122 0.210448
vt 0.226347 0.210448
vt 0.226981 0.321630
vt 0.000512 0.330358
vt 0.226981 0.330358
vt 0.679606 0.312903
vt 0.906075 0.296828
vt 0.679606 0.296828
vt 0.226469 0.062150
vt 0.000000 0.089593
vt 0.226469 0.089593
vt 0.226469 0.000000
vt 0.000000 0.012881
vt 0.226469 0.012881
vt 0.226981 0.312903
vt 0.000512 0.321630
vt 0.226981 0.321630
vt 0.679606 0.281378
vt 0.906075 0.297453
vt 0.906075 0.281378
vt 0.226469 0.062150
vt 0.000000 0.048121
vt 0.226469 0.048121
vt 0.679406 0.093759
vt 0.905875 0.121202
vt 0.679406 0.121202
vt 0.905875 0.012881
vt 0.679406 0.025761
vt 0.679406 0.012881
vt 0.939310 0.183297
vt 0.999050 0.342604
vt 0.999050 0.183297
vt 0.999050 0.183297
vt 0.939310 0.342604
vt 0.999050 0.342604
vt 0.939310 0.183297
vt 0.999050 0.342604
vt 0.999050 0.183297
vt 0.999050 0.183297
vt 0.939310 0.342604
vt 0.999050 0.342604
vt 0.939081 0.132863
vt 0.985655 0.179437
vt 0.985655 0.132863
vt 0.939310 0.183297
vt 0.999050 0.342604
vt 0.939310 0.342604
vt 0.939310 0.342604
vt 0.999050 0.183297
vt 0.999050 0.342604
vt 0.939310 0.183297
vt 0.999050 0.342604
vt 0.939310 0.342604
vt 0.939310 0.183297
vt 0.999050 0.342604
vt 0.939310 0.342604
vt 0.939081 0.179437
vt 0.985655 0.132863
vt 0.985655 0.179437
vt -0.000781 0.781451
vt 0.979692 0.844034
vt 0.979692 0.781451
vt 0.145247 0.656284
vt -0.000781 0.718868
vt 0.145247 0.718868
vt -0.000781 0.718868
vt 0.979692 0.781451
vt 0.979692 0.718868
vt 0.302823 0.656284
vt 0.156795 0.718868
vt 0.302823 0.718868
vt 0.000000 0.851064
vt 1.000000 1.000000
vt 1.000000 0.851064
vt 0.998987 0.504118
vt 0.001647 0.652658
vt 0.998987 0.652658
vt 0.906075 0.297453
vt 0.679606 0.281378
vt 0.906075 0.281378
vt 0.000512 0.312903
vt 0.226981 0.321630
vt 0.000512 0.321630
vt 0.226469 0.000000
vt 0.000000 0.012881
vt 0.000000 0.000000
vt 0.226469 0.062150
vt 0.000000 0.089593
vt 0.000000 0.062150
vt 0.679606 0.312903
vt 0.906075 0.296828
vt 0.906075 0.312903
vt 0.000512 0.321630
vt 0.226981 0.330358
vt 0.000512 0.330358
vt 0.226347 0.156096
vt -0.000122 0.210448
vt -0.000122 0.156096
vt 0.906075 0.219937
vt 0.679606 0.259595
vt 0.679606 0.219937
vt 0.905875 0.048121
vt 0.679406 0.034093
vt 0.905875 0.034093
vt 0.905875 0.025761
vt 0.679406 0.012881
vt 0.679406 0.025761
vt 0.905875 0.121202
vt 0.679406 0.093759
vt 0.679406 0.121202
vt 0.226469 0.062150
vt 0.000000 0.048121
vt 0.000000 0.062150
vt 0.905875 0.048121
vt 0.679406 0.034093
vt 0.679406 0.048121
vt 0.679606 0.259595
vt 0.906075 0.219937
vt 0.679606 0.219937
vt 0.226347 0.156096
vt -0.000122 0.210448
vt 0.226347 0.210448
vt 0.226981 0.321630
vt 0.000512 0.330358
vt 0.226981 0.330358
vt 0.679606 0.312903
vt 0.906075 0.296828
vt 0.679606 0.296828
vt 0.226469 0.062150
vt 0.000000 0.089593
vt 0.226469 0.089593
vt 0.226469 0.012881
vt 0.000000 0.000000
vt 0.000000 0.012881
vt 0.226981 0.312903
vt 0.000512 0.321630
vt 0.226981 0.321630
vt 0.679606 0.281378
vt 0.906075 0.297453
vt 0.906075 0.281378
vt 0.226469 0.062150
vt 0.000000 0.048121
vt 0.226469 0.048121
vt 0.679406 0.093759
vt 0.905875 0.121202
vt 0.679406 0.121202
vt 0.905875 0.012881
vt 0.679406 0.025761
vt 0.679406 0.012881
vt 0.939310 0.183297
vt 0.999050 0.342604
vt 0.999050 0.183297
vt 0.939310 0.183297
vt 0.999050 0.342604
vt 0.999050 0.183297
vt 0.939310 0.183297
vt 0.999050 0.342604
vt 0.999050 0.183297
vt 0.939310 0.183297
vt 0.999050 0.342604
vt 0.999050 0.183297
vt 0.985655 0.132863
vt 0.939081 0.179437
vt 0.985655 0.179437
vt 0.939310 0.183297
vt 0.999050 0.342604
vt 0.939310 0.342604
vt 0.939310 0.183297
vt 0.999050 0.342604
vt 0.939310 0.342604
vt 0.939310 0.183297
vt 0.999050 0.342604
vt 0.939310 0.342604
vt 0.939310 0.183297
vt 0.999050 0.342604
vt 0.939310 0.342604
vt 0.939081 0.132863
vt 0.985655 0.179437
vt 0.939081 0.179437
vt -0.000781 0.781451
vt 0.979692 0.844034
vt 0.979692 0.781451
vt -0.000781 0.656284
vt 0.145247 0.718868
vt 0.145247 0.656284
vt -0.000781 0.718868
vt 0.979692 0.781451
vt 0.979692 0.718868
vt 0.156795 0.656284
vt 0.302823 0.718868
vt 0.302823 0.656284
vt 1.000000 0.851064
vt 0.000000 1.000000
vt 1.000000 1.000000
vt 0.001647 0.504118
vt 0.998987 0.652658
vt 0.998987 0.504118
vt 0.906075 0.297453
vt 0.679606 0.281378
vt 0.906075 0.281378
vt 0.000512 0.312903
vt 0.226981 0.321630
vt 0.000512 0.321630
vt 0.000000 0.000000
vt 0.226469 0.012881
vt 0.000000 0.012881
vt 0.226469 0.062150
vt 0.000000 0.089593
vt 0.000000 0.062150
vt 0.679606 0.312903
vt 0.906075 0.296828
vt 0.906075 0.312903
vt 0.000512 0.321630
vt 0.226981 0.330358
vt 0.000512 0.330358
vt 0.226347 0.156096
vt -0.000122 0.210448
vt -0.000122 0.156096
vt 0.906075 0.219937
vt 0.679606 0.259595
vt 0.679606 0.219937
vt 0.905875 0.048121
vt 0.679406 0.034093
vt 0.905875 0.034093
vt 0.905875 0.025761
vt 0.679406 0.012881
vt 0.679406 0.025761
vt 0.905875 0.121202
vt 0.679406 0.093759
vt 0.679406 0.121202
vt 0.226469 0.062150
vt 0.000000 0.048121
vt 0.000000 0.062150
vt 0.905875 0.048121
vt 0.679406 0.034093
vt 0.679406 0.048121
vt 0.679606 0.259595
vt 0.906075 0.219937
vt 0.679606 0.219937
vt 0.226347 0.156096
vt -0.000122 0.210448
vt 0.226347 0.210448
vt 0.226981 0.321630
vt 0.000512 0.330358
vt 0.226981 0.330358
vt 0.679606 0.312903
vt 0.906075 0.296828
vt 0.679606 0.296828
vt 0.226469 0.089593
vt 0.000000 0.062150
vt 0.000000 0.089593
vt 0.226469 0.012881
vt 0.000000 0.000000
vt 0.000000 0.012881
vt 0.226981 0.312903
vt 0.000512 0.321630
vt 0.226981 0.321630
vt 0.679606 0.281378
vt 0.906075 0.297453
vt 0.906075 0.281378
vt 0.226469 0.062150
vt 0.000000 0.048121
vt 0.226469 0.048121
vt 0.679406 0.093759
vt 0.905875 0.121202
vt 0.679406 0.121202
vt 0.905875 0.012881
vt 0.679406 0.025761
vt 0.679406 0.012881
vt 0.939310 0.183297
vt 0.999050 0.342604
vt 0.999050 0.183297
vt 0.999050 0.183297
vt 0.939310 0.342604
vt 0.999050 0.342604
vt 0.939310 0.183297
vt 0.999050 0.342604
vt 0.999050 0.183297
vt 0.939310 0.183297
vt 0.999050 0.342604
vt 0.999050 0.183297
vt 0.939081 0.132863
vt 0.985655 0.179437
vt 0.985655 0.132863
vt 0.939310 0.183297
vt 0.999050 0.342604
vt 0.939310 0.342604
vt 0.939310 0.183297
vt 0.999050 0.342604
vt 0.939310 0.342604
vt 0.939310 0.342604
vt 0.999050 0.183297
vt 0.999050 0.342604
vt 0.939310 0.183297
vt 0.999050 0.342604
vt 0.939310 0.342604
vt 0.939081 0.179437
vt 0.985655 0.132863
vt 0.985655 0.179437
vt -0.000781 0.781451
vt 0.979692 0.844034
vt 0.979692 0.781451
vt 0.145247 0.656284
vt -0.000781 0.718868
vt 0.145247 0.718868
vt -0.000781 0.718868
vt 0.979692 0.781451
vt 0.979692 0.718868
vt 0.156795 0.656284
vt 0.302823 0.718868
vt 0.302823 0.656284
vt 0.000000 0.851064
vt 1.000000 1.000000
vt 1.000000 0.851064
vt 0.998987 0.504118
vt 0.001647 0.652658
vt 0.998987 0.652658
vt 0.906075 0.297453
vt 0.679606 0.281378
vt 0.906075 0.281378
vt 0.000512 0.312903
vt 0.226981 0.321630
vt 0.000512 0.321630
vt 0.226469 0.000000
vt 0.000000 0.012881
vt 0.000000 0.000000
vt 0.226469 0.062150
vt 0.000000 0.089593
vt 0.000000 0.062150
vt 0.679606 0.312903
vt 0.906075 0.296828
vt 0.906075 0.312903
vt 0.000512 0.321630
vt 0.226981 0.330358
vt 0.000512 0.330358
vt 0.226347 0.156096
vt -0.000122 0.210448
vt -0.000122 0.156096
vt 0.906075 0.219937
vt 0.679606 0.259595
vt 0.679606 0.219937
vt 0.905875 0.048121
vt 0.679406 0.034093
vt 0.905875 0.034093
vt 0.905875 0.025761
vt 0.679406 0.012881
vt 0.679406 0.025761
vt 0.905875 0.093759
vt 0.679406 0.121202
vt 0.905875 0.121202
vt 0.226469 0.062150
vt 0.000000 0.048121
vt 0.000000 0.062150
vt 0.905875 0.048121
vt 0.679406 0.034093
vt 0.679406 0.048121
vt 0.679606 0.259595
vt 0.906075 0.219937
vt 0.679606 0.219937
vt 0.226347 0.156096
vt -0.000122 0.210448
vt 0.226347 0.210448
vt 0.226981 0.321630
vt 0.000512 0.330358
vt 0.226981 0.330358
vt 0.679606 0.312903
vt 0.906075 0.296828
vt 0.679606 0.296828
vt 0.226469 0.089593
vt 0.000000 0.062150
vt 0.000000 0.089593
vt 0.226469 0.000000
vt 0.000000 0.012881
vt 0.226469 0.012881
vt 0.226981 0.312903
vt 0.000512 0.321630
vt 0.226981 0.321630
vt 0.679606 0.281378
vt 0.906075 0.297453
vt 0.906075 0.281378
vt 0.226469 0.062150
vt 0.000000 0.048121
vt 0.226469 0.048121
vt 0.679406 0.093759
vt 0.905875 0.121202
vt 0.679406 0.121202
vt 0.905875 0.012881
vt 0.679406 0.025761
vt 0.679406 0.012881
vt 0.939310 0.183297
vt 0.999050 0.342604
vt 0.999050 0.183297
vt 0.939310 0.183297
vt 0.999050 0.342604
vt 0.999050 0.183297
vt 0.939310 0.183297
vt 0.999050 0.342604
vt 0.999050 0.183297
vt 0.939310 0.183297
vt 0.999050 0.342604
vt 0.999050 0.183297
vt 0.985655 0.132863
vt 0.939081 0.179437
vt 0.985655 0.179437
vt 0.939310 0.183297
vt 0.999050 0.342604
vt 0.939310 0.342604
vt 0.939310 0.183297
vt 0.999050 0.342604
vt 0.939310 0.342604
vt 0.939310 0.183297
vt 0.999050 0.342604
vt 0.939310 0.342604
vt 0.939310 0.183297
vt 0.999050 0.342604
vt 0.939310 0.342604
vt 0.939081 0.132863
vt 0.985655 0.179437
vt 0.939081 0.179437
vt -0.000781 0.781451
vt 0.979692 0.844034
vt 0.979692 0.781451
vt -0.000781 0.656284
vt 0.145247 0.718868
vt 0.145247 0.656284
vt -0.000781 0.718868
vt 0.979692 0.781451
vt 0.979692 0.718868
vt 0.156795 0.656284
vt 0.302823 0.718868
vt 0.302823 0.656284
vt 1.000000 0.851064
vt 0.000000 1.000000
vt 1.000000 1.000000
vt 0.001647 0.504118
vt 0.998987 0.652658
vt 0.998987 0.504118
vt 0.906075 0.297453
vt 0.679606 0.281378
vt 0.906075 0.281378
vt 0.000512 0.312903
vt 0.226981 0.321630
vt 0.000512 0.321630
vt 0.226469 0.000000
vt 0.000000 0.012881
vt 0.000000 0.000000
vt 0.226469 0.062150
vt 0.000000 0.089593
vt 0.000000 0.062150
vt 0.679606 0.312903
vt 0.906075 0.296828
vt 0.906075 0.312903
vt 0.000512 0.321630
vt 0.226981 0.330358
vt 0.000512 0.330358
vt 0.226347 0.156096
vt -0.000122 0.210448
vt -0.000122 0.156096
vt 0.906075 0.219937
vt 0.679606 0.259595
vt 0.679606 0.219937
vt 0.905875 0.048121
vt 0.679406 0.034093
vt 0.905875 0.034093
vt 0.905875 0.025761
vt 0.679406 0.012881
vt 0.679406 0.025761
vt 0.905875 0.093759
vt 0.679406 0.121202
vt 0.905875 0.121202
vt 0.226469 0.062150
vt 0.000000 0.048121
vt 0.000000 0.062150
vt 0.905875 0.048121
vt 0.679406 0.034093
vt 0.679406 0.048121
vt 0.679606 0.259595
vt 0.906075 0.219937
vt 0.679606 0.219937
vt 0.226347 0.156096
vt -0.000122 0.210448
vt 0.226347 0.210448
vt 0.226981 0.321630
vt 0.000512 0.330358
vt 0.226981 0.330358
vt 0.679606 0.312903
vt 0.906075 0.296828
vt 0.679606 0.296828
vt 0.226469 0.062150
vt 0.000000 0.089593
vt 0.226469 0.089593
vt 0.226469 0.012881
vt 0.000000 0.000000
vt 0.000000 0.012881
vt 0.226981 0.312903
vt 0.000512 0.321630
vt 0.226981 0.321630
vt 0.679606 0.281378
vt 0.906075 0.297453
vt 0.906075 0.281378
vt 0.226469 0.048121
vt 0.000000 0.062150
vt 0.000000 0.048121
vt 0.679406 0.093759
vt 0.905875 0.121202
vt 0.679406 0.121202
vt 0.905875 0.012881
vt 0.679406 0.025761
vt 0.679406 0.012881
vt 0.939310 0.183297
vt 0.999050 0.342604
vt 0.999050 0.183297
vt 0.939310 0.183297
vt 0.999050 0.342604
vt 0.999050 0.183297
vt 0.939310 0.183297
vt 0.999050 0.342604
vt 0.999050 0.183297
vt 0.939310 0.183297
vt 0.999050 0.342604
vt 0.999050 0.183297
vt 0.985655 0.132863
vt 0.939081 0.179437
vt 0.985655 0.179437
vt 0.939310 0.183297
vt 0.999050 0.342604
vt 0.939310 0.342604
vt 0.939310 0.183297
vt 0.999050 0.342604
vt 0.939310 0.342604
vt 0.939310 0.183297
vt 0.999050 0.342604
vt 0.939310 0.342604
vt 0.939310 0.183297
vt 0.999050 0.342604
vt 0.939310 0.342604
vt 0.939081 0.132863
vt 0.985655 0.179437
vt 0.939081 0.179437
vt -0.000781 0.781451
vt 0.979692 0.844034
vt 0.979692 0.781451
vt -0.000781 0.656284
vt 0.145247 0.718868
vt 0.145247 0.656284
vt 0.979692 0.718868
vt -0.000781 0.781451
vt 0.979692 0.781451
vt 0.156795 0.656284
vt 0.302823 0.718868
vt 0.302823 0.656284
vt 1.000000 0.851064
vt 0.000000 1.000000
vt 1.000000 1.000000
vt 0.001647 0.504118
vt 0.998987 0.652658
vt 0.998987 0.504118
vt 0.906075 0.297453
vt 0.679606 0.281378
vt 0.906075 0.281378
vt 0.000512 0.312903
vt 0.226981 0.321630
vt 0.000512 0.321630
vt 0.226469 0.000000
vt 0.000000 0.012881
vt 0.000000 0.000000
vt 0.226469 0.062150
vt 0.000000 0.089593
vt 0.000000 0.062150
vt 0.679606 0.312903
vt 0.906075 0.296828
vt 0.906075 0.312903
vt 0.000512 0.321630
vt 0.226981 0.330358
vt 0.000512 0.330358
vt 0.226347 0.156096
vt -0.000122 0.210448
vt -0.000122 0.156096
vt 0.906075 0.219937
vt 0.679606 0.259595
vt 0.679606 0.219937
vt 0.905875 0.048121
vt 0.679406 0.034093
vt 0.905875 0.034093
vt 0.905875 0.025761
vt 0.679406 0.012881
vt 0.679406 0.025761
vt 0.905875 0.093759
vt 0.679406 0.121202
vt 0.905875 0.121202
vt 0.226469 0.062150
vt 0.000000 0.048121
vt 0.000000 0.062150
vt 0.905875 0.048121
vt 0.679406 0.034093
vt 0.679406 0.048121
vt 0.679606 0.259595
vt 0.906075 0.219937
vt 0.679606 0.219937
vt 0.226347 0.156096
vt -0.000122 0.210448
vt 0.226347 0.210448
vt 0.226981 0.321630
vt 0.000512 0.330358
vt 0.226981 0.330358
vt 0.679606 0.312903
vt 0.906075 0.296828
vt 0.679606 0.296828
vt 0.226469 0.062150
vt 0.000000 0.089593
vt 0.226469 0.089593
vt 0.226469 0.000000
vt 0.000000 0.012881
vt 0.226469 0.012881
vt 0.226981 0.312903
vt 0.000512 0.321630
vt 0.226981 0.321630
vt 0.679606 0.281378
vt 0.906075 0.297453
vt 0.906075 0.281378
vt 0.226469 0.062150
vt 0.000000 0.048121
vt 0.226469 0.048121
vt 0.679406 0.093759
vt 0.905875 0.121202
vt 0.679406 0.121202
vt 0.905875 0.012881
vt 0.679406 0.025761
vt 0.679406 0.012881
vt 0.999050 0.183297
vt 0.939310 0.342604
vt 0.999050 0.342604
vt 0.939310 0.183297
vt 0.999050 0.342604
vt 0.999050 0.183297
vt 0.939310 0.183297
vt 0.999050 0.342604
vt 0.999050 0.183297
vt 0.939310 0.183297
vt 0.999050 0.342604
vt 0.999050 0.183297
vt 0.939081 0.132863
vt 0.985655 0.179437
vt 0.985655 0.132863
vt 0.939310 0.183297
vt 0.999050 0.342604
vt 0.939310 0.342604
vt 0.939310 0.183297
vt 0.999050 0.342604
vt 0.939310 0.342604
vt 0.939310 0.183297
vt 0.999050 0.342604
vt 0.939310 0.342604
vt 0.939310 0.183297
vt 0.999050 0.342604
vt 0.939310 0.342604
vt 0.939081 0.179437
vt 0.985655 0.132863
vt 0.985655 0.179437
vt -0.000781 0.781451
vt 0.979692 0.844034
vt 0.979692 0.781451
vt -0.000781 0.656284
vt 0.145247 0.718868
vt 0.145247 0.656284
vt 0.979692 0.718868
vt -0.000781 0.781451
vt 0.979692 0.781451
vt 0.156795 0.656284
vt 0.302823 0.718868
vt 0.302823 0.656284
vt 0.000000 0.851064
vt 1.000000 1.000000
vt 1.000000 0.851064
vt 0.998987 0.504118
vt 0.001647 0.652658
vt 0.998987 0.652658
vt 0.906075 0.297453
vt 0.679606 0.281378
vt 0.906075 0.281378
vt 0.000512 0.312903
vt 0.226981 0.321630
vt 0.000512 0.321630
vt 0.226469 0.000000
vt 0.000000 0.012881
vt 0.000000 0.000000
vt 0.226469 0.062150
vt 0.000000 0.089593
vt 0.000000 0.062150
vt 0.679606 0.312903
vt 0.906075 0.296828
vt 0.906075 0.312903
vt 0.000512 0.321630
vt 0.226981 0.330358
vt 0.000512 0.330358
vt 0.226347 0.156096
vt -0.000122 0.210448
vt -0.000122 0.156096
vt 0.906075 0.219937
vt 0.679606 0.259595
vt 0.679606 0.219937
vt 0.905875 0.048121
vt 0.679406 0.034093
vt 0.905875 0.034093
vt 0.905875 0.025761
vt 0.679406 0.012881
vt 0.679406 0.025761
vt 0.905875 0.121202
vt 0.679406 0.093759
vt 0.679406 0.121202
vt 0.000000 0.062150
vt 0.226469 0.048121
vt 0.000000 0.048121
vt 0.982037 0.022561
vt 0.982037 0.022561
vt 0.982037 0.022561
vt 0.906075 0.297453
vt 0.000200 0.297453
vt 0.226669 0.281378
vt 0.000200 0.281378
vt 0.396520 0.281378
vt 0.453137 0.297453
vt 0.453137 0.281378
vt 0.679606 0.297453
vt 0.679606 0.281378
vt 0.906387 0.321630
vt 0.679918 0.312903
vt 0.679918 0.321630
vt 0.510067 0.312903
vt 0.453449 0.321630
vt 0.510067 0.321630
vt 0.453449 0.312903
vt 0.226981 0.321630
vt 0.905875 0.000000
vt 0.679406 0.012881
vt 0.905875 0.012881
vt 0.509555 0.000000
vt 0.452938 0.012881
vt 0.509555 0.012881
vt 0.452938 0.000000
vt 0.226469 0.012881
vt 0.905875 0.062150
vt 0.679406 0.089593
vt 0.905875 0.089593
vt 0.509555 0.062150
vt 0.452938 0.089593
vt 0.509555 0.089593
vt 0.226469 0.062150
vt 0.226469 0.089593
vt 0.000200 0.312903
vt 0.226669 0.296828
vt 0.000200 0.296828
vt 0.396520 0.312903
vt 0.453137 0.296828
vt 0.396520 0.296828
vt 0.679606 0.312903
vt 0.679606 0.296828
vt 0.906387 0.321630
vt 0.679918 0.330358
vt 0.906387 0.330358
vt 0.510067 0.321630
vt 0.453449 0.330358
vt 0.510067 0.330358
vt 0.453449 0.321630
vt 0.226981 0.330358
vt 0.679406 0.012881
vt 0.452937 0.025761
vt 0.679406 0.025761
vt 0.283086 0.025761
vt 0.679406 0.093759
vt 0.452937 0.121202
vt 0.679406 0.121202
vt 0.283086 0.093759
vt 0.283086 0.121202
vt 0.905753 0.210448
vt 0.679284 0.156096
vt 0.679284 0.210448
vt 0.509433 0.156096
vt 0.452816 0.210448
vt 0.509433 0.210448
vt 0.452816 0.156096
vt 0.226347 0.210448
vt 0.226669 0.259595
vt 0.000200 0.219937
vt 0.000200 0.259595
vt 0.453137 0.259595
vt 0.396520 0.219937
vt 0.396520 0.259595
vt 0.679606 0.259595
vt 0.453137 0.219937
vt 0.226469 0.048121
vt 0.000000 0.034093
vt 0.000000 0.048121
vt 0.452937 0.048121
vt 0.396320 0.034093
vt 0.396320 0.048121
vt 0.679406 0.048121
vt 0.452937 0.034093
vt 0.226469 0.062150
vt 0.452938 0.048121
vt 0.226469 0.048121
vt 0.622789 0.048121
vt 0.622789 0.062150
vt 0.509555 0.062150
vt 0.452938 0.062150
vt 0.566172 0.062150
vt 0.509555 0.048121
vt 0.283086 0.048121
vt 0.226469 0.034093
vt 0.339703 0.034093
vt 0.339703 0.048121
vt 0.283286 0.259595
vt 0.226669 0.219937
vt 0.339903 0.259595
vt 0.339903 0.219937
vt 0.622667 0.210448
vt 0.566050 0.210448
vt 0.452937 0.093759
vt 0.396320 0.121202
vt 0.396320 0.093759
vt 0.339703 0.121202
vt 0.396320 0.012881
vt 0.396320 0.025761
vt 0.339703 0.012881
vt 0.339703 0.025761
vt 0.679918 0.321630
vt 0.623301 0.330358
vt 0.566684 0.321630
vt 0.566684 0.330358
vt 0.226669 0.312903
vt 0.283286 0.296828
vt 0.339903 0.312903
vt 0.339903 0.296828
vt 0.679406 0.062150
vt 0.622789 0.089593
vt 0.566172 0.089593
vt 0.679406 0.000000
vt 0.622789 0.012881
vt 0.566172 0.000000
vt 0.566172 0.012881
vt 0.623301 0.321630
vt 0.566684 0.321630
vt 0.226669 0.297453
vt 0.283286 0.281378
vt 0.339903 0.297453
vt 0.339903 0.281378
vt 0.982037 0.022561
vt 0.982037 0.022561
vt 0.982037 0.022561
vt 0.982037 0.022561
vt 0.982037 0.022561
vt 0.982037 0.022561
vt 0.982037 0.022561
vt 0.982037 0.022561
vt 0.982037 0.022561
vt 0.982037 0.022561
vt 0.982037 0.022561
vt 0.982037 0.022561
vt 0.982037 0.022561
vt 0.982037 0.022561
vt 0.982037 0.022561
vt 0.982037 0.022561
vt 0.982037 0.022561
vt 0.982037 0.022561
vt 0.982037 0.022561
vt 0.982037 0.022561
vt 0.982037 0.022561
vt 0.982037 0.022561
vt 0.982037 0.022561
vt 0.982037 0.022561
vt 0.982037 0.022561
vt 0.982037 0.022561
vt 0.982037 0.022561
vt 0.982037 0.022561
vt 0.982037 0.022561
vt 0.982037 0.022561
vt 0.982037 0.022561
vt 0.982037 0.022561
vt 0.982037 0.022561
vt 0.982037 0.022561
vt 0.982037 0.022561
vt 0.982037 0.022561
vt 0.982037 0.022561
vt 0.982037 0.022561
vt 0.939310 0.183297
vt 0.999050 0.342604
vt 0.939310 0.342604
vt 0.939310 0.183297
vt 0.999050 0.342604
vt 0.939310 0.342604
vt 0.939310 0.183297
vt 0.999050 0.342604
vt 0.939310 0.342604
vt 0.939310 0.183297
vt 0.999050 0.342604
vt 0.939310 0.342604
vt 0.939081 0.132863
vt 0.985655 0.179437
vt 0.939081 0.179437
vt 0.955240 0.109372
vt 0.955240 0.109372
vt 0.955240 0.109372
vt 0.955240 0.109372
vt 0.955240 0.109372
vt 0.955240 0.109372
vt 0.955240 0.109372
vt 0.955240 0.109372
vt 0.955240 0.109372
vt 0.955240 0.109372
vt 0.955240 0.109372
vt 0.955240 0.109372
vt 0.955240 0.109372
vt 0.955240 0.109372
vt 0.955240 0.109372
vt 0.955240 0.109372
vt 0.955240 0.109372
vt 0.955240 0.109372
vt 0.955240 0.109372
vt 0.955240 0.109372
vt 0.955240 0.109372
vt 0.939310 0.183297
vt 0.999050 0.342604
vt 0.999050 0.183297
vt 0.999050 0.183297
vt 0.939310 0.342604
vt 0.999050 0.342604
vt 0.939310 0.183297
vt 0.999050 0.342604
vt 0.999050 0.183297
vt 0.939310 0.183297
vt 0.999050 0.342604
vt 0.999050 0.183297
vt 0.985655 0.132863
vt 0.939081 0.179437
vt 0.985655 0.179437
vt 0.905875 0.048121
vt 0.982037 0.022561
vt 0.982037 0.022561
vt 0.982037 0.022561
vt 0.982037 0.022561
vt 0.000000 0.093759
vt 0.000000 0.012881
vt 0.939310 0.342604
vt 0.939310 0.183297
vt 0.939310 0.342604
vt 0.939310 0.342604
vt 0.939081 0.179437
vt 0.939310 0.342604
vt 0.939310 0.183297
vt 0.939310 0.342604
vt 0.939310 0.342604
vt 0.939081 0.179437
vt 0.939310 0.342604
vt 0.939310 0.342604
vt 0.939310 0.342604
vt 0.939310 0.342604
vt 0.939081 0.179437
vt -0.000781 0.844034
vt 0.000156 0.656284
vt 0.000156 0.781451
vt 0.156795 0.718868
vt -0.000466 0.654611
vt -0.000781 0.844034
vt -0.000781 0.656284
vt -0.000781 0.781451
vt 0.156795 0.718868
vt 0.000000 0.851064
vt -0.000781 0.844034
vt -0.000781 0.718868
vt -0.000781 0.781451
vt 0.156795 0.656284
vt -0.000103 0.498042
vt -0.000781 0.844034
vt -0.000781 0.656284
vt -0.000781 0.781451
vt 0.156795 0.656284
vt 0.000000 1.000000
vt 0.001647 0.998895
vt 0.001647 0.849509
vt 0.000000 0.500556
vt 0.001647 0.652658
vt 0.939310 0.342604
vt 0.939310 0.183297
vt 0.939310 0.342604
vt 0.939310 0.342604
vt 0.939081 0.132863
vt 0.939310 0.342604
vt 0.939310 0.342604
vt 0.939310 0.342604
vt 0.939310 0.342604
vt 0.939081 0.179437
vt 0.939310 0.342604
vt 0.939310 0.342604
vt 0.939310 0.342604
vt 0.939310 0.342604
vt 0.939081 0.179437
vt 0.999050 0.183297
vt 0.999050 0.183297
vt 0.999050 0.183297
vt 0.999050 0.183297
vt 0.985655 0.132863
vt 0.939310 0.342604
vt 0.939310 0.342604
vt 0.939310 0.342604
vt 0.939310 0.342604
vt 0.939081 0.179437
vt -0.000781 0.844034
vt 0.000156 0.718868
vt 0.000156 0.781451
vt 0.156795 0.718868
vt -0.000466 0.654611
vt -0.000781 0.844034
vt -0.000781 0.656284
vt -0.000781 0.781451
vt 0.156795 0.718868
vt 0.000000 0.851064
vt -0.000781 0.844034
vt -0.000781 0.656284
vt -0.000781 0.781451
vt 0.156795 0.718868
vt -0.000103 0.349106
vt -0.000781 0.844034
vt -0.000781 0.656284
vt -0.000781 0.781451
vt 0.156795 0.718868
vt 0.000000 1.000000
vt 0.001647 0.998895
vt 0.001647 0.849509
vt 0.000000 0.500556
vt 0.001647 0.652658
vt 0.939310 0.342604
vt 0.939310 0.183297
vt 0.939310 0.342604
vt 0.939310 0.342604
vt 0.939081 0.132863
vt 0.999050 0.183297
vt 0.939310 0.183297
vt 0.999050 0.183297
vt 0.999050 0.183297
vt 0.939081 0.132863
vt 0.939310 0.342604
vt 0.939310 0.183297
vt 0.939310 0.342604
vt 0.939310 0.342604
vt 0.939081 0.179437
vt 0.999050 0.183297
vt 0.939310 0.183297
vt 0.999050 0.183297
vt 0.999050 0.183297
vt 0.985655 0.132863
vt 0.939310 0.342604
vt 0.939310 0.183297
vt 0.939310 0.342604
vt 0.939310 0.342604
vt 0.939081 0.179437
vt 0.999050 0.183297
vt 0.939310 0.183297
vt 0.999050 0.183297
vt 0.939310 0.183297
vt 0.985655 0.132863
vt 0.939310 0.342604
vt 0.939310 0.183297
vt 0.939310 0.342604
vt 0.939310 0.342604
vt 0.939081 0.179437
vt 0.999050 0.183297
vt 0.999050 0.183297
vt 0.999050 0.183297
vt 0.999050 0.183297
vt 0.985655 0.132863
vt -0.000781 0.844034
vt 0.000156 0.656284
vt 0.000156 0.781451
vt 0.156795 0.718868
vt -0.000466 0.654611
vt -0.000781 0.844034
vt -0.000781 0.656284
vt -0.000781 0.781451
vt 0.156795 0.718868
vt 0.000000 1.000000
vt -0.000781 0.844034
vt -0.000781 0.656284
vt -0.000781 0.781451
vt 0.156795 0.718868
vt -0.000103 0.349106
vt -0.000781 0.844034
vt -0.000781 0.656284
vt -0.000781 0.781451
vt 0.156795 0.718868
vt 0.000000 0.851064
vt 0.001647 0.998895
vt 0.001647 0.849509
vt 0.000000 0.352016
vt 0.001647 0.652658
vt 0.905875 0.034093
vt 0.906075 0.259595
vt 0.226347 0.156096
vt 0.226981 0.321630
vt 0.906075 0.312903
vt 0.226469 0.062150
vt 0.000000 0.000000
vt 0.226981 0.312903
vt 0.939310 0.342604
vt 0.939310 0.342604
vt 0.939310 0.342604
vt 0.939310 0.342604
vt 0.939081 0.132863
vt 0.999050 0.183297
vt 0.939310 0.183297
vt 0.999050 0.183297
vt 0.999050 0.183297
vt 0.985655 0.132863
vt 0.905875 0.012881
vt 0.679406 0.093759
vt 0.226469 0.048121
vt 0.905875 0.034093
vt 0.906075 0.259595
vt -0.000122 0.156096
vt 0.000512 0.321630
vt 0.906075 0.312903
vt 0.000000 0.062150
vt 0.000000 0.000000
vt 0.000512 0.312903
vt 0.679606 0.297453
vt 0.905875 0.012881
vt 0.679406 0.093759
vt 0.226469 0.048121
vt 0.905875 0.034093
vt 0.906075 0.259595
vt -0.000122 0.156096
vt 0.000512 0.321630
vt 0.906075 0.312903
vt 0.000000 0.062150
vt 0.000000 0.000000
vt 0.000512 0.312903
vt 0.679606 0.297453
vt 0.999050 0.183297
vt 0.999050 0.183297
vt 0.999050 0.183297
vt 0.999050 0.183297
vt 0.939081 0.132863
vt -0.000781 0.844034
vt -0.000781 0.656284
vt -0.000781 0.781451
vt 0.156795 0.718868
vt 0.000000 0.851064
vt 0.001647 0.652658
vt 0.905875 0.012881
vt 0.679406 0.093759
vt 0.226469 0.048121
vt 0.905875 0.034093
vt 0.906075 0.259595
vt -0.000122 0.156096
vt 0.000512 0.321630
vt 0.906075 0.312903
vt 0.000000 0.062150
vt 0.226469 0.000000
vt 0.000512 0.312903
vt 0.679606 0.297453
vt 0.000000 0.062150
vt 0.905875 0.093759
vt 0.905875 0.025761
vt 0.999050 0.183297
vt 0.999050 0.183297
vt 0.999050 0.183297
vt 0.999050 0.183297
vt 0.939081 0.132863
vt -0.000781 0.844034
vt -0.000781 0.656284
vt -0.000781 0.781451
vt 0.156795 0.656284
vt 0.000000 0.851064
vt 0.001647 0.652658
vt 0.679606 0.297453
vt 0.226981 0.312903
vt 0.226469 0.000000
vt 0.226469 0.089593
vt 0.679606 0.296828
vt 0.226981 0.321630
vt 0.226347 0.210448
vt 0.906075 0.259595
vt 0.905875 0.048121
vt 0.905875 0.012881
vt 0.679406 0.093759
vt 0.226469 0.048121
vt 0.905875 0.034093
vt 0.906075 0.259595
vt -0.000122 0.156096
vt 0.000512 0.321630
vt 0.906075 0.312903
vt 0.000000 0.062150
vt 0.000000 0.000000
vt 0.000512 0.312903
vt 0.679606 0.297453
vt 0.000000 0.062150
vt 0.905875 0.121202
vt 0.905875 0.025761
vt 0.939310 0.183297
vt 0.939310 0.183297
vt 0.999050 0.183297
vt 0.999050 0.183297
vt 0.985655 0.132863
vt -0.000781 0.844034
vt -0.000781 0.718868
vt -0.000781 0.781451
vt 0.156795 0.718868
vt 0.000000 1.000000
vt 0.001647 0.504118
vt 0.679606 0.297453
vt 0.226981 0.321630
vt 0.226469 0.012881
vt 0.226469 0.089593
vt 0.679606 0.312903
vt 0.226981 0.330358
vt 0.226347 0.210448
vt 0.679606 0.259595
vt 0.679406 0.048121
vt 0.905875 0.012881
vt 0.905875 0.093759
vt 0.226469 0.048121
vt 0.905875 0.034093
vt 0.906075 0.259595
vt -0.000122 0.156096
vt 0.000512 0.321630
vt 0.906075 0.312903
vt 0.000000 0.062150
vt 0.000000 0.000000
vt 0.000512 0.312903
vt 0.679606 0.297453
vt 0.000000 0.062150
vt 0.905875 0.121202
vt 0.905875 0.025761
vt 0.999050 0.183297
vt 0.999050 0.183297
vt 0.999050 0.183297
vt 0.999050 0.183297
vt 0.985655 0.132863
vt -0.000781 0.844034
vt -0.000781 0.718868
vt -0.000781 0.781451
vt 0.156795 0.718868
vt 0.000000 1.000000
vt 0.001647 0.504118
vt 0.679606 0.297453
vt 0.226981 0.312903
vt 0.226469 0.012881
vt 0.226469 0.089593
vt 0.679606 0.296828
vt 0.226981 0.321630
vt 0.226347 0.156096
vt 0.906075 0.259595
vt 0.679406 0.048121
vt 0.905875 0.012881
vt 0.905875 0.093759
vt 0.226469 0.048121
vt 0.905875 0.034093
vt 0.906075 0.259595
vt -0.000122 0.156096
vt 0.000512 0.321630
vt 0.906075 0.312903
vt 0.000000 0.062150
vt 0.000000 0.000000
vt 0.000512 0.312903
vt 0.679606 0.297453
vt 0.226469 0.062150
vt 0.905875 0.093759
vt 0.905875 0.025761
vt 0.939310 0.183297
vt 0.939310 0.342604
vt 0.939310 0.342604
vt 0.939310 0.342604
vt 0.939081 0.179437
vt 0.999050 0.183297
vt 0.999050 0.183297
vt 0.999050 0.183297
vt 0.999050 0.183297
vt 0.939081 0.132863
vt -0.000781 0.844034
vt -0.000781 0.656284
vt -0.000781 0.781451
vt 0.156795 0.718868
vt 0.000000 0.851064
vt 0.001647 0.652658
vt 0.679606 0.297453
vt 0.226981 0.312903
vt 0.226469 0.012881
vt 0.226469 0.089593
vt 0.679606 0.296828
vt 0.226981 0.321630
vt 0.226347 0.210448
vt 0.906075 0.259595
vt 0.679406 0.048121
vt 0.905875 0.012881
vt 0.679406 0.093759
vt 0.226469 0.048121
vt 0.905875 0.034093
vt 0.906075 0.259595
vt -0.000122 0.156096
vt 0.000512 0.321630
vt 0.906075 0.312903
vt 0.000000 0.062150
vt 0.000000 0.000000
vt 0.000512 0.312903
vt 0.679606 0.297453
vt 0.226469 0.062150
vt 0.905875 0.093759
vt 0.905875 0.025761
vt 0.939310 0.342604
vt 0.939310 0.183297
vt 0.939310 0.342604
vt 0.939310 0.342604
vt 0.939081 0.179437
vt 0.999050 0.183297
vt 0.999050 0.183297
vt 0.999050 0.183297
vt 0.999050 0.183297
vt 0.939081 0.132863
vt -0.000781 0.844034
vt -0.000781 0.656284
vt -0.000781 0.781451
vt 0.156795 0.718868
vt 0.000000 0.851064
vt 0.001647 0.652658
vt 0.679606 0.297453
vt 0.226981 0.312903
vt 0.226469 0.012881
vt 0.226469 0.062150
vt 0.679606 0.296828
vt 0.226981 0.321630
vt 0.226347 0.210448
vt 0.906075 0.259595
vt 0.679406 0.048121
vt 0.905875 0.012881
vt 0.905875 0.093759
vt 0.226469 0.048121
vt 0.905875 0.034093
vt 0.906075 0.259595
vt -0.000122 0.156096
vt 0.000512 0.321630
vt 0.906075 0.312903
vt 0.000000 0.062150
vt 0.000000 0.000000
vt 0.000512 0.312903
vt 0.679606 0.297453
vt 0.415989 0.075507
vt 0.415989 0.075507
vt 0.999050 0.183297
vt 0.939310 0.183297
vt 0.939310 0.183297
vt 0.999050 0.183297
vt 0.985655 0.132863
vt -0.000781 0.844034
vt -0.000781 0.718868
vt -0.000781 0.781451
vt 0.156795 0.718868
vt 0.000000 0.851064
vt 0.001647 0.652658
vt 0.905875 0.012881
vt 0.679406 0.093759
vt 0.226469 0.048121
vt 0.905875 0.034093
vt 0.906075 0.259595
vt -0.000122 0.156096
vt 0.000512 0.321630
vt 0.906075 0.312903
vt 0.000000 0.062150
vt 0.000000 0.000000
vt 0.000512 0.312903
vt 0.679606 0.297453
vt 0.000000 0.062150
vt 0.905875 0.093759
vt 0.905875 0.025761
vt 0.939310 0.342604
vt 0.939310 0.183297
vt 0.939310 0.342604
vt 0.939310 0.183297
vt 0.939081 0.179437
vt 0.999050 0.183297
vt 0.939310 0.183297
vt 0.999050 0.183297
vt 0.999050 0.183297
vt 0.939081 0.132863
vt -0.000781 0.844034
vt -0.000781 0.656284
vt -0.000781 0.781451
vt 0.156795 0.656284
vt 0.000000 1.000000
vt 0.001647 0.504118
vt 0.679606 0.297453
vt 0.226981 0.312903
vt 0.226469 0.012881
vt 0.226469 0.089593
vt 0.679606 0.296828
vt 0.226981 0.321630
vt 0.226347 0.210448
vt 0.906075 0.259595
vt 0.679406 0.048121
vt 0.905875 0.012881
vt 0.905875 0.093759
vt 0.226469 0.048121
vt 0.905875 0.034093
vt 0.906075 0.259595
vt -0.000122 0.156096
vt 0.000512 0.321630
vt 0.906075 0.312903
vt 0.000000 0.062150
vt 0.226469 0.000000
vt 0.000512 0.312903
vt 0.679606 0.297453
vt 0.000000 0.062150
vt 0.905875 0.093759
vt 0.905875 0.025761
vt 0.939310 0.342604
vt 0.939310 0.342604
vt 0.939310 0.342604
vt 0.939310 0.342604
vt 0.939081 0.132863
vt 0.999050 0.183297
vt 0.999050 0.183297
vt 0.999050 0.183297
vt 0.999050 0.183297
vt 0.985655 0.132863
vt -0.000781 0.844034
vt -0.000781 0.718868
vt -0.000781 0.781451
vt 0.156795 0.718868
vt 0.000000 0.851064
vt 0.001647 0.652658
vt 0.679606 0.297453
vt 0.226981 0.312903
vt 0.226469 0.000000
vt 0.226469 0.089593
vt 0.679606 0.296828
vt 0.226981 0.321630
vt 0.226347 0.210448
vt 0.906075 0.259595
vt 0.679406 0.048121
vt 0.905875 0.012881
vt 0.905875 0.093759
vt 0.226469 0.048121
vt 0.905875 0.034093
vt 0.906075 0.259595
vt -0.000122 0.156096
vt 0.000512 0.321630
vt 0.906075 0.312903
vt 0.226469 0.062150
vt 0.226469 0.000000
vt 0.000512 0.312903
vt 0.679606 0.297453
vt 0.000000 0.062150
vt 0.905875 0.093759
vt 0.905875 0.025761
vt 0.939310 0.342604
vt 0.939310 0.183297
vt 0.939310 0.342604
vt 0.939310 0.342604
vt 0.939081 0.179437
vt 0.999050 0.183297
vt 0.999050 0.183297
vt 0.939310 0.183297
vt 0.999050 0.183297
vt 0.939081 0.132863
vt -0.000781 0.844034
vt -0.000781 0.656284
vt -0.000781 0.781451
vt 0.156795 0.718868
vt 0.000000 1.000000
vt 0.001647 0.504118
vt 0.679606 0.297453
vt 0.226981 0.312903
vt 0.226469 0.012881
vt 0.226469 0.089593
vt 0.679606 0.296828
vt 0.226981 0.321630
vt 0.226347 0.210448
vt 0.906075 0.259595
vt 0.679406 0.048121
vt 0.905875 0.012881
vt 0.679406 0.093759
vt 0.226469 0.048121
vt 0.905875 0.034093
vt 0.906075 0.259595
vt -0.000122 0.156096
vt 0.000512 0.321630
vt 0.906075 0.312903
vt 0.226469 0.062150
vt 0.000000 0.000000
vt 0.000512 0.312903
vt 0.679606 0.297453
vt 0.000000 0.062150
vt 0.905875 0.093759
vt 0.905875 0.025761
vt 0.939310 0.342604
vt 0.939310 0.342604
vt 0.939310 0.342604
vt 0.939310 0.342604
vt 0.939081 0.132863
vt 0.999050 0.183297
vt 0.999050 0.183297
vt 0.999050 0.183297
vt 0.999050 0.183297
vt 0.985655 0.132863
vt -0.000781 0.844034
vt -0.000781 0.718868
vt -0.000781 0.781451
vt 0.156795 0.718868
vt 0.000000 0.851064
vt 0.001647 0.652658
vt 0.679606 0.297453
vt 0.226981 0.312903
vt 0.226469 0.012881
vt 0.226469 0.089593
vt 0.679606 0.296828
vt 0.226981 0.321630
vt 0.226347 0.210448
vt 0.906075 0.259595
vt 0.679406 0.048121
vt 0.905875 0.012881
vt 0.679406 0.093759
vt 0.226469 0.048121
vt 0.905875 0.034093
vt 0.906075 0.259595
vt -0.000122 0.156096
vt 0.000512 0.321630
vt 0.906075 0.312903
vt 0.000000 0.062150
vt 0.226469 0.000000
vt 0.000512 0.312903
vt 0.679606 0.297453
vt 0.226469 0.062150
vt 0.905875 0.093759
vt 0.905875 0.025761
vt 0.939310 0.342604
vt 0.939310 0.342604
vt 0.939310 0.342604
vt 0.939310 0.342604
vt 0.939081 0.132863
vt 0.999050 0.183297
vt 0.999050 0.183297
vt 0.999050 0.183297
vt 0.999050 0.183297
vt 0.985655 0.132863
vt -0.000781 0.844034
vt -0.000781 0.718868
vt -0.000781 0.718868
vt 0.156795 0.718868
vt 0.000000 0.851064
vt 0.001647 0.652658
vt 0.679606 0.297453
vt 0.226981 0.312903
vt 0.226469 0.012881
vt 0.226469 0.089593
vt 0.679606 0.296828
vt 0.226981 0.321630
vt 0.226347 0.210448
vt 0.906075 0.259595
vt 0.679406 0.048121
vt 0.905875 0.012881
vt 0.679406 0.093759
vt 0.226469 0.048121
vt 0.905875 0.034093
vt 0.906075 0.259595
vt -0.000122 0.156096
vt 0.000512 0.321630
vt 0.906075 0.312903
vt 0.000000 0.062150
vt 0.000000 0.000000
vt 0.000512 0.312903
vt 0.679606 0.297453
vt 0.000000 0.062150
vt 0.905875 0.093759
vt 0.905875 0.025761
vt 0.939310 0.183297
vt 0.939310 0.342604
vt 0.939310 0.342604
vt 0.939310 0.342604
vt 0.939081 0.179437
vt 0.999050 0.183297
vt 0.999050 0.183297
vt 0.999050 0.183297
vt 0.999050 0.183297
vt 0.939081 0.132863
vt -0.000781 0.844034
vt -0.000781 0.718868
vt -0.000781 0.718868
vt 0.156795 0.718868
vt 0.000000 1.000000
vt 0.001647 0.504118
vt 0.679606 0.297453
vt 0.226981 0.312903
vt 0.226469 0.012881
vt 0.226469 0.089593
vt 0.679606 0.296828
vt 0.226981 0.321630
vt 0.226347 0.210448
vt 0.906075 0.259595
vt 0.679406 0.048121
vt 0.905875 0.012881
vt 0.905875 0.093759
vt 0.226469 0.062150
vt 0.396520 0.297453
vt 0.906387 0.312903
vt 0.226981 0.312903
vt 0.226469 0.000000
vt 0.452938 0.062150
vt 0.453137 0.312903
vt 0.226981 0.321630
vt 0.452937 0.012881
vt 0.283086 0.012881
vt 0.905753 0.156096
vt 0.226347 0.156096
vt 0.679606 0.219937
vt 0.679406 0.034093
vt 0.566172 0.048121
vt 0.283086 0.034093
vt 0.283286 0.219937
vt 0.622667 0.156096
vt 0.566050 0.156096
vt 0.339703 0.093759
vt 0.623301 0.321630
vt 0.283286 0.312903
vt 0.622789 0.062150
vt 0.566172 0.062150
vt 0.622789 0.000000
vt 0.623301 0.312903
vt 0.566684 0.312903
vt 0.283286 0.297453
vt 0.982037 0.022561
vt 0.982037 0.022561
vt 0.982037 0.022561
vt 0.982037 0.022561
vt 0.982037 0.022561
vt 0.982037 0.022561
vt 0.982037 0.022561
vt 0.999050 0.183297
vt 0.999050 0.183297
vt 0.999050 0.183297
vt 0.999050 0.183297
vt 0.985655 0.132863
vt 0.955240 0.109372
vt 0.955240 0.109372
vt 0.955240 0.109372
vt 0.939310 0.342604
vt 0.939310 0.183297
vt 0.939310 0.342604
vt 0.939310 0.342604
vt 0.939081 0.132863
vn -0.7071 0.0000 -0.7071
vn -0.7072 0.0000 -0.7070
vn -0.0000 1.0000 -0.0000
vn 0.7071 0.0000 -0.7071
vn 0.0000 -1.0000 0.0000
vn -0.7071 0.0000 0.7071
vn 0.7071 0.0000 0.7071
vn -0.7070 0.0000 -0.7072
vn -0.7071 0.0001 -0.7071
vn -0.7071 -0.0001 -0.7071
vn 0.7072 0.0000 0.7071
vn 0.8232 -0.4990 0.2708
vn -0.8647 -0.4390 0.2441
vn 0.3186 -0.8315 -0.4551
vn -0.0000 0.0000 1.0000
vn -1.0000 0.0000 0.0000
vn -0.0000 0.0000 -1.0000
vn 1.0000 0.0000 0.0000
vn 0.7071 0.0000 0.7072
vn 0.7071 -0.0001 0.7071
vn 0.9895 -0.1003 0.1045
vn -0.7793 0.4851 0.3966
vn 0.3185 -0.8315 -0.4552
vn -0.6207 -0.7840 0.0000
vn 0.6982 0.0000 -0.7159
vn 0.6982 0.0003 -0.7159
vn -0.6982 -0.0000 0.7159
vn -0.6983 0.0000 0.7158
vn 0.7060 0.0000 0.7082
vn -0.6926 0.0000 0.7213
vn -0.7101 0.0000 -0.7041
vn 0.6927 0.0000 -0.7213
vn 0.6910 0.0000 -0.7229
vn -0.6909 0.0000 0.7230
vn 0.6982 -0.0002 -0.7159
vn 0.6982 -0.0001 -0.7159
vn 0.6489 -0.0008 -0.7609
vn 0.6489 -0.0006 -0.7609
vn -0.6489 0.0000 0.7608
vn -0.6489 0.0000 0.7609
vn 0.6489 -0.0007 -0.7609
vn 0.6489 -0.0005 -0.7609
vn 0.6490 0.0000 -0.7608
vn 0.5826 -0.0004 -0.8128
vn 0.5826 -0.0003 -0.8128
vn -0.5826 0.0000 0.8128
vn 0.8132 0.0000 0.5819
vn 0.5889 0.0000 -0.8082
vn -0.8195 0.0000 -0.5730
vn -0.5890 0.0000 0.8081
vn 0.8015 0.0000 0.5980
vn -0.5762 0.0000 0.8173
vn -0.8306 0.0000 -0.5569
vn 0.5766 0.0000 -0.8170
vn 0.5826 -0.0000 -0.8127
vn -0.5825 0.0000 0.8128
vn 0.5157 -0.0000 -0.8568
vn -0.5157 0.0000 0.8568
vn 0.5223 0.0000 -0.8527
vn 0.5223 0.0000 -0.8528
vn -0.5221 -0.0002 0.8529
vn -0.5221 -0.0000 0.8529
vn -0.5221 0.0001 0.8529
vn -0.5227 -0.0024 0.8525
vn -0.5227 -0.0025 0.8525
vn 0.8575 0.0000 0.5144
vn 0.5155 -0.0000 -0.8569
vn -0.8628 0.0000 -0.5056
vn -0.5155 0.0000 0.8569
vn 0.8477 -0.0000 0.5304
vn -0.5082 0.0000 0.8613
vn -0.8720 0.0000 -0.4896
vn 0.5087 0.0000 -0.8609
vn 0.5224 -0.0025 -0.8527
vn 0.5224 -0.0026 -0.8527
vn 0.5234 0.0040 -0.8521
vn -0.5226 0.0074 0.8525
vn 0.5157 -0.0001 -0.8568
vn 0.5158 0.0000 -0.8567
vn -0.5156 0.0000 0.8568
vn 0.4504 0.0004 -0.8928
vn 0.4504 0.0005 -0.8928
vn -0.4504 0.0000 0.8928
vn 0.4547 -0.0087 -0.8906
vn -0.4560 0.0012 0.8900
vn -0.4560 0.0013 0.8900
vn -0.4568 0.0052 0.8896
vn 0.8940 0.0000 0.4480
vn 0.4417 -0.0000 -0.8972
vn -0.8982 0.0000 -0.4395
vn -0.4417 0.0000 0.8972
vn -0.4416 0.0000 0.8972
vn 0.8860 0.0000 0.4636
vn -0.4451 0.0000 0.8955
vn -0.9057 0.0000 -0.4239
vn 0.4448 0.0000 -0.8956
vn 0.4553 0.0054 -0.8903
vn 0.4553 0.0055 -0.8903
vn 0.4560 0.0058 -0.8899
vn 0.4561 0.0058 -0.8899
vn 0.4561 0.0057 -0.8899
vn -0.4572 -0.0018 0.8894
vn -0.4572 -0.0018 0.8893
vn 0.4504 0.0006 -0.8928
vn 0.4505 0.0000 -0.8928
vn 0.3885 0.0010 -0.9214
vn -0.3886 0.0000 0.9214
vn -0.3885 0.0000 0.9214
vn 0.3824 -0.0084 -0.9239
vn 0.3824 -0.0085 -0.9239
vn -0.3816 0.0013 0.9243
vn -0.3816 0.0011 0.9243
vn -0.3802 0.0074 0.9249
vn 0.9232 0.0000 0.3842
vn 0.3693 0.0000 -0.9293
vn -0.9265 0.0000 -0.3763
vn -0.3691 0.0000 0.9294
vn 0.9168 0.0000 0.3992
vn -0.3805 0.0000 0.9248
vn -0.9323 0.0000 -0.3616
vn 0.3805 0.0000 -0.9248
vn 0.3824 0.0077 -0.9240
vn 0.3805 0.0018 -0.9248
vn -0.3797 -0.0087 0.9251
vn 0.3885 0.0008 -0.9214
vn 0.3886 0.0000 -0.9214
vn 0.3270 0.0004 -0.9450
vn 0.3270 0.0007 -0.9450
vn 0.3270 0.0006 -0.9450
vn -0.3271 0.0000 0.9450
vn 0.3275 -0.0000 -0.9449
vn -0.3276 0.0000 0.9448
vn -0.3276 -0.0001 0.9448
vn -0.3275 0.0003 0.9448
vn -0.3275 0.0004 0.9448
vn 0.9460 -0.0000 0.3242
vn -0.3272 -0.0000 0.9450
vn -0.9486 0.0000 -0.3166
vn 0.3271 0.0000 -0.9450
vn 0.9460 0.0000 0.3243
vn 0.3283 -0.0000 -0.9446
vn -0.9485 0.0000 -0.3166
vn -0.3284 0.0000 0.9445
vn 0.9410 0.0000 0.3383
vn -0.3202 0.0000 0.9473
vn -0.9529 0.0000 -0.3032
vn 0.3203 0.0000 -0.9473
vn 0.3276 0.0000 -0.9448
vn -0.3275 0.0000 0.9448
vn 0.3271 0.0003 -0.9450
vn 0.3271 0.0004 -0.9450
vn 0.3270 0.0005 -0.9450
vn 0.2713 0.0001 -0.9625
vn 0.2713 0.0002 -0.9625
vn -0.2713 0.0000 0.9625
vn 0.2732 -0.0000 -0.9620
vn -0.2732 -0.0000 0.9620
vn -0.2732 -0.0003 0.9620
vn -0.2732 0.0004 0.9620
vn 0.9633 0.0000 0.2686
vn 0.9632 0.0000 0.2686
vn -0.2678 0.0000 0.9635
vn -0.9652 0.0000 -0.2616
vn 0.2678 0.0000 -0.9635
vn 0.2682 0.0000 -0.9634
vn -0.2682 0.0000 0.9634
vn 0.9596 0.0000 0.2814
vn -0.2648 0.0000 0.9643
vn -0.9685 0.0000 -0.2490
vn 0.2649 0.0000 -0.9643
vn 0.2733 0.0000 -0.9619
vn 0.2714 0.0000 -0.9625
vn -0.2712 0.0000 0.9625
vn 0.2237 0.0009 -0.9747
vn -0.2237 0.0000 0.9746
vn -0.2237 0.0000 0.9747
vn 0.9761 0.0000 0.2172
vn 0.2042 0.0000 -0.9789
vn -0.9775 0.0000 -0.2109
vn -0.2041 0.0000 0.9789
vn -0.2041 0.0000 0.9790
vn 0.9734 0.0000 0.2291
vn -0.2135 0.0000 0.9769
vn -0.9799 0.0000 -0.1994
vn 0.2137 0.0000 -0.9769
vn 0.2237 0.0008 -0.9747
vn 0.2237 0.0010 -0.9747
vn 0.2238 0.0000 -0.9746
vn 0.1726 0.0007 -0.9850
vn 0.1726 0.0006 -0.9850
vn -0.1726 0.0000 0.9850
vn 0.1740 0.0000 -0.9847
vn -0.1741 -0.0000 0.9847
vn -0.1741 -0.0003 0.9847
vn -0.1741 0.0003 0.9847
vn 0.9854 -0.0000 0.1704
vn -0.1744 0.0000 0.9847
vn -0.9864 0.0000 -0.1645
vn 0.1743 -0.0000 -0.9847
vn 0.1752 0.0000 -0.9845
vn -0.1752 0.0000 0.9845
vn -0.1753 0.0000 0.9845
vn 0.9834 0.0000 0.1812
vn -0.1677 0.0000 0.9858
vn -0.9881 0.0000 -0.1540
vn 0.1677 0.0000 -0.9858
vn 0.1742 0.0000 -0.9847
vn -0.1740 0.0000 0.9847
vn 0.1726 0.0003 -0.9850
vn 0.1726 0.0008 -0.9850
vn 0.1727 0.0000 -0.9850
vn 0.1346 0.0008 -0.9909
vn 0.1346 0.0009 -0.9909
vn -0.1346 0.0000 0.9909
vn 0.1353 0.0000 -0.9908
vn -0.1353 -0.0000 0.9908
vn -0.1353 -0.0001 0.9908
vn -0.1353 0.0002 0.9908
vn 0.9918 0.0000 0.1276
vn -0.1186 0.0000 0.9929
vn -0.9925 0.0000 -0.1223
vn 0.1186 0.0000 -0.9929
vn 0.9918 0.0000 0.1275
vn 0.1179 0.0000 -0.9930
vn -0.1179 0.0000 0.9930
vn -0.1178 0.0000 0.9930
vn 0.9905 0.0000 0.1374
vn -0.1238 0.0000 0.9923
vn -0.9936 0.0000 -0.1128
vn 0.1240 0.0000 -0.9923
vn 0.1346 0.0007 -0.9909
vn 0.1347 0.0000 -0.9909
vn 0.0918 0.0006 -0.9958
vn 0.0918 0.0007 -0.9958
vn 0.0918 0.0009 -0.9958
vn -0.0918 -0.0000 0.9958
vn 0.0929 0.0000 -0.9957
vn -0.0930 -0.0000 0.9957
vn -0.0930 -0.0002 0.9957
vn -0.0930 0.0003 0.9957
vn 0.9961 0.0000 0.0887
vn -0.0914 0.0000 0.9958
vn -0.9965 0.0000 -0.0838
vn 0.0913 0.0000 -0.9958
vn 0.0914 0.0000 -0.9958
vn 0.0919 0.0000 -0.9958
vn -0.0919 0.0000 0.9958
vn 0.9952 0.0000 0.0977
vn -0.0872 0.0000 0.9962
vn -0.9972 0.0000 -0.0751
vn 0.0871 0.0000 -0.9962
vn 0.0931 0.0000 -0.9957
vn 0.0930 0.0000 -0.9957
vn -0.0929 0.0000 0.9957
vn 0.0918 0.0008 -0.9958
vn 0.0918 0.0000 -0.9958
vn 0.0598 0.0001 -0.9982
vn 0.0598 0.0008 -0.9982
vn 0.0598 0.0003 -0.9982
vn -0.0598 -0.0000 0.9982
vn 0.0601 0.0000 -0.9982
vn -0.0601 -0.0000 0.9982
vn -0.0601 0.0002 0.9982
vn 0.9986 0.0000 0.0531
vn -0.0422 0.0000 0.9991
vn -0.9988 0.0000 -0.0489
vn 0.0423 0.0000 -0.9991
vn 0.9986 0.0000 0.0532
vn 0.0415 0.0000 -0.9991
vn -0.0415 0.0000 0.9991
vn 0.9981 0.0000 0.0615
vn -0.0503 0.0000 0.9987
vn -0.9992 0.0000 -0.0411
vn 0.0504 0.0000 -0.9987
vn 0.0598 0.0004 -0.9982
vn 0.0598 0.0000 -0.9982
vn 0.0266 0.0004 -0.9996
vn 0.0010 1.0000 0.0000
vn -0.0010 -1.0000 -0.0000
vn -0.0266 0.0000 0.9996
vn -0.0266 0.0001 0.9996
vn 0.0279 0.0000 -0.9996
vn -0.0279 0.0000 0.9996
vn -0.0279 -0.0001 0.9996
vn -0.0279 0.0004 0.9996
vn 0.9998 0.0000 0.0211
vn -0.0186 0.0000 0.9998
vn -0.0185 0.0000 0.9998
vn -0.9999 0.0000 -0.0171
vn 0.0186 0.0000 -0.9998
vn 0.9996 0.0000 0.0284
vn -1.0000 0.0000 -0.0098
vn 0.0000 1.0000 0.0001
vn 0.0280 0.0000 -0.9996
vn 0.0266 0.0003 -0.9996
vn 0.0266 0.0000 -0.9996
vn -0.0265 0.0000 0.9996
vn 0.0072 0.0006 -1.0000
vn 0.0020 1.0000 -0.0000
vn -0.0020 -1.0000 -0.0000
vn 0.0020 1.0000 -0.0001
vn -0.0073 0.0000 1.0000
vn -0.0073 -0.0001 1.0000
vn 0.0041 0.0000 -1.0000
vn -0.0041 0.0000 1.0000
vn -0.0041 0.0002 1.0000
vn -0.0041 0.0001 1.0000
vn 1.0000 0.0000 -0.0084
vn 0.0040 0.0000 1.0000
vn 0.0039 0.0000 1.0000
vn -0.9999 0.0000 0.0122
vn -0.0040 0.0000 -1.0000
vn -0.0035 0.0000 -1.0000
vn 0.0034 0.0000 1.0000
vn 0.0035 0.0000 1.0000
vn 1.0000 0.0000 -0.0016
vn -0.9999 0.0000 0.0144
vn -0.0039 0.0000 -1.0000
vn 0.0072 0.0005 -1.0000
vn 0.0072 0.0000 -1.0000
vn -0.9996 0.0233 0.0158
vn -0.9996 0.0232 0.0159
vn -0.6074 0.0000 0.7944
vn -0.6075 0.0000 0.7944
vn 0.6074 0.0000 -0.7944
vn 0.6075 0.0000 -0.7944
vn -0.9708 0.0251 -0.2386
vn -0.9708 0.0252 -0.2387
vn -0.9665 -0.0000 -0.2567
vn -0.9665 -0.0000 -0.2566
vn -0.9674 -0.0033 -0.2533
vn -0.9664 0.0137 -0.2566
vn -0.9662 0.0143 -0.2575
vn -0.9673 0.0021 -0.2538
vn -0.9673 0.0021 -0.2537
vn -1.0000 -0.0000 -0.0013
vn -1.0000 -0.0001 -0.0013
vn -0.9996 -0.0220 0.0180
vn -0.9999 0.0127 -0.0013
vn -1.0000 -0.0030 0.0020
vn -0.9999 -0.0086 0.0116
vn -1.0000 0.0019 0.0015
vn -0.9999 0.0133 -0.0021
vn -0.9999 0.0106 -0.0012
vn -0.9988 -0.0483 -0.0013
vn 0.8388 -0.0262 0.5438
vn 0.8388 -0.0261 0.5437
vn 0.8285 0.0001 0.5599
vn 0.8286 0.0001 0.5598
vn 0.8285 0.0000 0.5600
vn 0.8305 0.0034 0.5569
vn 0.8284 -0.0142 0.5599
vn 0.8279 -0.0150 0.5607
vn 0.8285 -0.0118 0.5598
vn 0.8302 -0.0022 0.5574
vn 0.8303 -0.0022 0.5574
vn 0.7808 0.0000 0.6248
vn -0.6248 0.0000 0.7808
vn -0.7808 0.0000 -0.6248
vn 0.6248 0.0000 -0.7808
vn -0.5221 -0.0003 0.8529
vn -0.4560 0.0011 0.8900
vn -0.4572 -0.0017 0.8893
vn 0.3885 0.0009 -0.9214
vn 0.3805 0.0019 -0.9248
vn 0.3271 0.0002 -0.9450
vn 0.2713 0.0000 -0.9625
vn -0.1741 -0.0004 0.9847
vn 0.1726 0.0002 -0.9850
vn 0.1346 0.0006 -0.9909
vn 0.0918 0.0004 -0.9958
vn -0.0930 0.0001 0.9957
vn 0.0598 0.0002 -0.9982
vn -0.0073 0.0001 1.0000
vn -0.9665 0.0114 -0.2565
vn -1.0000 0.0000 -0.0012
vn 0.8389 -0.0261 0.5437
vn 0.8285 0.0003 0.5600
usemtl Default_OBJ.001
s off
f 32/1/1 9/2/1 33/3/1
f 34/4/2 32/1/2 33/5/2
f 33/6/1 21/7/1 54/8/1
f 21/7/1 33/3/1 51/9/1
f 21/10/1 20/11/1 55/12/1
f 23/13/3 9/2/3 32/1/3
f 29/14/4 24/15/4 21/7/4
f 23/16/4 31/17/4 10/18/4
f 10/19/5 31/20/5 29/21/5
f 20/22/3 21/10/3 24/23/3
f 33/6/6 54/8/6 27/24/6
f 32/25/6 34/26/6 62/27/6
f 34/4/5 33/5/5 30/28/5
f 35/29/1 38/30/1 37/31/1
f 39/32/4 35/33/4 36/34/4
f 41/35/7 40/36/7 39/37/7
f 37/38/6 38/39/6 40/40/6
f 36/41/3 37/42/3 41/43/3
f 19/44/1 43/45/1 42/46/1
f 13/47/6 42/48/6 44/49/6
f 12/50/7 44/51/7 46/52/7
f 19/53/4 45/54/4 46/55/4
f 48/56/1 47/57/1 61/58/1
f 60/59/4 47/60/4 48/61/4
f 60/62/5 50/63/5 61/64/5
f 16/65/8 15/66/8 17/67/8
f 17/68/9 18/69/9 16/65/9
f 4/70/10 14/71/10 7/72/10
f 4/73/1 7/72/1 17/74/1
f 14/71/1 4/70/1 11/75/1
f 56/76/6 26/77/6 52/78/6
f 57/79/4 55/12/4 20/11/4
f 53/80/5 55/81/5 57/82/5
f 52/83/3 26/84/3 27/85/3
f 12/86/3 45/87/3 19/88/3
f 58/89/7 50/90/7 60/91/7
f 49/92/6 61/93/6 50/94/6
f 59/95/3 48/96/3 49/97/3
f 18/69/1 17/68/1 7/72/1
f 8/98/1 7/72/1 14/71/1
f 51/99/1 9/100/1 10/19/1
f 51/9/1 33/3/1 9/100/1
f 54/8/1 21/10/1 55/12/1
f 68/101/6 69/102/6 80/103/6
f 78/104/4 79/105/4 150/106/4
f 78/107/5 81/108/5 69/109/5
f 84/110/4 82/111/4 76/112/4
f 106/113/5 87/114/5 84/115/5
f 79/116/3 76/117/3 82/118/3
f 77/119/6 83/120/6 85/121/6
f 74/122/6 75/123/6 64/124/6
f 75/125/5 72/126/5 85/127/5
f 77/128/3 70/129/3 80/130/3
f 88/131/1 91/132/1 90/133/1
f 92/134/4 88/135/4 89/136/4
f 95/137/7 94/138/7 92/139/7
f 90/140/6 91/141/6 94/142/6
f 89/143/3 90/144/3 95/145/3
f 96/146/1 107/147/1 98/148/1
f 96/149/6 97/150/6 100/151/6
f 101/152/7 99/153/7 100/154/7
f 101/155/4 102/156/4 98/157/4
f 105/158/1 103/159/1 66/160/1
f 104/161/4 109/162/4 103/163/4
f 103/164/5 109/165/5 67/166/5
f 86/167/3 71/168/3 74/169/3
f 86/170/4 87/171/4 106/172/4
f 99/173/3 101/174/3 107/175/3
f 67/176/7 109/177/7 104/178/7
f 66/179/6 67/180/6 108/181/6
f 104/182/3 105/183/3 110/184/3
f 129/185/6 1/186/6 125/187/6
f 154/188/4 149/189/4 128/190/4
f 151/191/3 123/192/3 130/193/3
f 126/194/5 149/195/5 154/196/5
f 152/197/4 127/198/4 122/199/4
f 132/200/4 120/201/4 151/202/4
f 120/203/5 132/204/5 5/205/5
f 127/206/3 152/207/3 6/208/3
f 121/209/6 147/210/6 153/211/6
f 123/212/6 124/213/6 2/214/6
f 121/215/5 131/216/5 2/217/5
f 147/218/3 125/219/3 1/220/3
f 133/221/1 135/222/1 134/223/1
f 137/224/4 136/225/4 133/226/4
f 139/227/7 138/228/7 136/229/7
f 134/230/6 135/231/6 138/232/6
f 148/233/3 134/234/3 139/235/3
f 118/236/1 112/237/1 141/238/1
f 119/239/6 118/240/6 140/241/6
f 111/242/7 119/243/7 142/244/7
f 112/245/4 111/246/4 143/247/4
f 117/248/1 144/249/1 145/250/1
f 113/251/4 144/252/4 117/253/4
f 144/254/5 113/255/5 114/256/5
f 111/257/3 112/258/3 118/259/3
f 146/260/7 114/261/7 113/262/7
f 116/263/6 145/264/6 114/265/6
f 115/266/3 117/267/3 116/268/3
f 193/269/7 192/270/7 196/271/7
f 195/272/11 192/273/11 194/274/11
f 190/275/5 180/276/5 16/277/5
f 190/278/4 183/279/4 16/65/4
f 218/280/7 217/281/7 197/282/7
f 199/283/12 198/284/7 196/285/7
f 201/286/1 200/287/1 203/288/1
f 205/289/4 204/290/4 200/291/4
f 206/292/7 204/293/7 205/294/7
f 202/295/6 203/296/6 206/297/6
f 201/298/3 202/299/3 207/300/3
f 209/301/1 208/302/1 211/303/1
f 215/304/6 209/305/6 210/306/6
f 213/307/7 215/308/7 212/309/7
f 208/310/4 213/311/4 214/312/4
f 182/313/7 187/314/7 179/315/7
f 182/313/7 188/316/7 187/314/7
f 213/317/3 208/318/3 209/319/3
f 220/320/1 219/321/1 222/322/1
f 224/323/4 223/324/4 219/325/4
f 225/326/7 223/327/7 224/328/7
f 222/329/6 225/330/6 226/331/6
f 220/332/3 221/333/3 226/334/3
f 219/335/5 223/336/5 225/337/5
f 11/75/1 4/70/1 373/338/1
f 184/339/6 189/340/6 8/98/6
f 11/341/5 185/342/5 184/343/5
f 182/344/6 18/345/6 7/346/6
f 180/347/6 22/348/6 3/349/6
f 182/350/5 181/351/5 3/352/5
f 8/353/3 189/354/3 188/355/3
f 17/74/4 179/315/4 187/314/4
f 183/356/5 179/357/5 17/67/5
f 186/358/4 185/359/4 373/338/4
f 238/360/1 227/361/1 229/362/1
f 239/363/4 230/364/4 227/365/4
f 232/366/7 231/367/7 230/368/7
f 228/369/6 229/370/6 231/371/6
f 239/372/3 238/373/3 228/374/3
f 241/375/1 242/376/1 234/377/1
f 240/378/6 241/379/6 233/380/6
f 236/381/7 240/382/7 235/383/7
f 236/384/4 237/385/4 234/386/4
f 190/275/3 16/277/3 22/387/3
f 240/388/3 236/389/3 242/390/3
f 244/391/1 243/392/1 246/393/1
f 248/394/4 247/395/4 243/396/4
f 250/397/7 249/398/7 247/399/7
f 245/400/6 246/401/6 249/402/6
f 248/403/3 244/404/3 245/405/3
f 247/406/5 249/407/5 246/408/5
f 252/409/13 217/281/6 218/410/6
f 199/411/4 251/412/4 280/413/4
f 216/414/3 256/415/3 255/416/3
f 251/417/14 199/283/5 217/418/5
f 196/271/4 283/419/4 257/420/4
f 191/421/4 286/422/4 256/423/4
f 257/424/5 286/425/5 191/426/5
f 280/427/3 283/428/3 196/429/3
f 253/430/6 197/431/6 192/270/6
f 255/432/6 284/433/6 195/272/6
f 284/434/5 285/435/5 192/273/5
f 253/436/3 254/437/3 218/280/3
f 281/438/1 258/439/1 260/440/1
f 282/441/4 261/442/4 258/443/4
f 262/444/7 261/445/7 282/446/7
f 259/447/6 260/448/6 262/449/6
f 281/450/3 259/451/3 263/452/3
f 264/453/1 278/454/1 266/455/1
f 276/456/6 264/457/6 265/458/6
f 268/459/7 276/460/7 267/461/7
f 278/462/4 268/463/4 269/464/4
f 275/465/1 270/466/1 277/467/1
f 273/468/4 272/469/4 270/470/4
f 270/471/5 272/472/5 274/473/5
f 268/474/3 278/475/3 264/476/3
f 279/477/7 274/478/7 272/479/7
f 271/480/6 277/481/6 274/482/6
f 275/483/3 271/484/3 279/485/3
f 169/486/15 291/487/15 294/488/15
f 296/489/16 295/490/16 293/491/16
f 297/492/16 293/491/16 295/490/16
f 300/493/16 299/494/16 302/495/16
f 303/496/16 302/495/16 299/494/16
f 295/490/16 296/489/16 299/494/16
f 297/497/17 298/498/17 292/499/17
f 302/500/3 303/501/3 168/502/3
f 169/503/5 293/504/5 297/505/5
f 300/506/17 289/507/17 171/508/17
f 302/509/17 288/510/17 170/511/17
f 289/512/5 300/513/5 301/514/5
f 292/515/3 298/516/3 295/517/3
f 287/518/15 299/519/15 296/520/15
f 168/521/15 303/522/15 304/523/15
f 173/524/5 304/525/5 299/526/5
f 172/527/3 296/528/3 294/529/3
f 174/530/17 313/531/17 314/532/17
f 315/533/16 317/534/16 316/535/16
f 318/536/16 314/537/16 313/538/16
f 320/539/16 319/540/16 322/541/16
f 323/542/16 320/539/16 321/543/16
f 321/543/16 322/541/16 318/536/16
f 311/544/15 312/545/15 317/546/15
f 323/547/3 305/548/3 308/549/3
f 174/550/5 311/551/5 315/552/5
f 321/553/15 316/554/15 310/555/15
f 323/556/15 324/557/15 175/558/15
f 307/559/5 175/560/5 324/561/5
f 312/562/3 310/563/3 316/564/3
f 306/565/17 176/566/17 318/567/17
f 308/568/17 177/569/17 319/570/17
f 177/571/5 306/572/5 322/573/5
f 176/574/3 309/575/3 314/576/3
f 326/577/18 325/578/18 328/579/18
f 330/580/15 329/581/15 325/582/15
f 332/583/16 331/584/16 329/585/16
f 327/586/17 328/587/17 331/588/17
f 330/589/3 326/590/3 327/591/3
f 334/592/18 333/593/18 336/594/18
f 337/595/17 334/596/17 335/597/17
f 339/598/16 337/599/16 338/600/16
f 333/601/15 339/602/15 340/603/15
f 337/604/3 339/605/3 333/606/3
f 342/607/18 341/608/18 344/609/18
f 345/610/15 341/611/15 342/612/15
f 348/613/16 347/614/16 345/615/16
f 343/616/17 344/617/17 347/618/17
f 346/619/3 342/620/3 343/621/3
f 350/622/18 349/623/18 352/624/18
f 350/625/17 351/626/17 354/627/17
f 355/628/16 353/629/16 354/630/16
f 349/631/15 355/632/15 356/633/15
f 353/634/3 355/635/3 349/636/3
f 358/637/18 357/638/18 360/639/18
f 361/640/15 357/641/15 358/642/15
f 364/643/16 363/644/16 361/645/16
f 359/646/17 360/647/17 363/648/17
f 362/649/3 358/650/3 359/651/3
f 366/652/18 365/653/18 368/654/18
f 369/655/15 365/656/15 366/657/15
f 372/658/16 371/659/16 369/660/16
f 367/661/17 368/662/17 371/663/17
f 370/664/3 366/665/3 367/666/3
f 357/667/5 361/668/5 363/669/5
f 365/670/5 369/671/5 371/672/5
f 186/358/7 187/673/7 185/359/7
f 187/673/7 184/343/7 185/359/7
f 179/357/19 183/279/19 190/278/19
f 181/351/11 182/350/11 180/347/11
f 180/347/20 182/350/20 190/275/20
f 182/350/7 179/357/7 190/275/7
f 189/354/7 184/339/7 188/355/7
f 187/314/7 188/316/7 184/339/7
f 185/359/4 11/75/4 373/338/4
f 187/314/3 373/338/3 4/70/3
f 187/314/3 186/358/3 373/338/3
f 16/65/1 18/69/1 22/387/1
f 3/349/1 22/348/1 18/69/1
f 55/12/1 53/80/1 54/8/1
f 53/80/1 52/83/1 54/8/1
f 192/273/20 193/269/20 194/274/20
f 194/274/20 193/269/20 216/414/20
f 193/269/19 191/421/19 216/414/19
f 192/270/7 197/431/7 196/271/7
f 197/431/7 217/281/7 196/271/7
f 199/283/21 196/285/7 217/281/7
f 23/13/3 32/1/3 28/674/3
f 29/14/4 21/7/4 51/9/4
f 23/16/4 10/18/4 9/100/4
f 10/19/5 29/21/5 51/99/5
f 20/22/3 24/23/3 25/675/3
f 33/6/6 27/24/6 30/676/6
f 32/25/6 62/27/6 28/677/6
f 34/4/5 30/28/5 62/678/5
f 35/29/1 37/31/1 36/679/1
f 39/32/4 36/34/4 63/680/4
f 41/35/7 39/37/7 63/681/7
f 37/38/6 40/40/6 41/682/6
f 36/41/3 41/43/3 63/683/3
f 19/44/1 42/46/1 13/684/1
f 13/47/6 44/49/6 12/685/6
f 12/50/7 46/52/7 45/686/7
f 19/53/4 46/55/4 43/687/4
f 48/56/1 61/58/1 49/688/1
f 60/59/4 48/61/4 59/689/4
f 60/62/5 61/64/5 47/690/5
f 56/76/6 52/78/6 53/691/6
f 57/79/4 20/11/4 25/692/4
f 53/80/5 57/82/5 56/693/5
f 52/83/3 27/85/3 54/694/3
f 12/86/3 19/88/3 13/695/3
f 58/89/7 60/91/7 59/696/7
f 49/92/6 50/94/6 58/697/6
f 59/95/3 49/97/3 58/698/3
f 68/101/6 80/103/6 70/699/6
f 78/104/4 150/106/4 81/700/4
f 78/107/5 69/109/5 68/701/5
f 84/110/4 76/112/4 73/702/4
f 106/113/5 84/115/5 73/703/5
f 79/116/3 82/118/3 150/704/3
f 77/119/6 85/121/6 72/705/6
f 74/122/6 64/124/6 65/706/6
f 75/125/5 85/127/5 64/707/5
f 77/128/3 80/130/3 83/708/3
f 88/131/1 90/133/1 89/709/1
f 92/134/4 89/136/4 93/710/4
f 95/137/7 92/139/7 93/711/7
f 90/140/6 94/142/6 95/712/6
f 89/143/3 95/145/3 93/713/3
f 96/146/1 98/148/1 97/714/1
f 96/149/6 100/151/6 99/715/6
f 101/152/7 100/154/7 102/716/7
f 101/155/4 98/157/4 107/717/4
f 105/158/1 66/160/1 110/718/1
f 104/161/4 103/163/4 105/719/4
f 103/164/5 67/166/5 66/720/5
f 86/167/3 74/169/3 65/721/3
f 86/170/4 106/172/4 71/722/4
f 99/173/3 107/175/3 96/723/3
f 67/176/7 104/178/7 108/724/7
f 66/179/6 108/181/6 110/725/6
f 104/182/3 110/184/3 108/726/3
f 129/185/6 125/187/6 126/727/6
f 154/188/4 128/190/4 6/728/4
f 151/191/3 130/193/3 155/729/3
f 126/194/5 154/196/5 129/730/5
f 152/197/4 122/199/4 5/731/4
f 132/200/4 151/202/4 155/732/4
f 120/203/5 5/205/5 122/733/5
f 127/206/3 6/208/3 128/734/3
f 121/209/6 153/211/6 131/735/6
f 123/212/6 2/214/6 130/736/6
f 121/215/5 2/217/5 124/737/5
f 147/218/3 1/220/3 153/738/3
f 133/221/1 134/223/1 148/739/1
f 137/224/4 133/226/4 148/740/4
f 139/227/7 136/229/7 137/741/7
f 134/230/6 138/232/6 139/742/6
f 148/233/3 139/235/3 137/743/3
f 118/236/1 141/238/1 140/744/1
f 119/239/6 140/241/6 142/745/6
f 111/242/7 142/244/7 143/746/7
f 112/245/4 143/247/4 141/747/4
f 117/248/1 145/250/1 116/748/1
f 113/251/4 117/253/4 115/749/4
f 144/254/5 114/256/5 145/750/5
f 111/257/3 118/259/3 119/751/3
f 146/260/7 113/262/7 115/752/7
f 116/263/6 114/265/6 146/753/6
f 115/266/3 116/268/3 146/754/3
f 201/286/1 203/288/1 202/755/1
f 205/289/4 200/291/4 201/756/4
f 206/292/7 205/294/7 207/757/7
f 202/295/6 206/297/6 207/758/6
f 201/298/3 207/300/3 205/759/3
f 209/301/1 211/303/1 210/760/1
f 215/304/6 210/306/6 212/761/6
f 213/307/7 212/309/7 214/762/7
f 208/310/4 214/312/4 211/763/4
f 213/317/3 209/319/3 215/764/3
f 220/320/1 222/322/1 221/765/1
f 224/323/4 219/325/4 220/766/4
f 225/326/7 224/328/7 226/767/7
f 222/329/6 226/331/6 221/768/6
f 220/332/3 226/334/3 224/769/3
f 219/335/5 225/337/5 222/770/5
f 184/339/6 8/98/6 14/71/6
f 11/341/5 184/343/5 14/771/5
f 182/344/6 7/346/6 188/316/6
f 180/347/6 3/349/6 181/772/6
f 182/350/5 3/352/5 18/773/5
f 8/353/3 188/355/3 7/72/3
f 17/74/4 187/314/4 4/73/4
f 16/65/4 183/279/4 15/774/4
f 183/356/5 17/67/5 15/66/5
f 238/360/1 229/362/1 228/775/1
f 239/363/4 227/365/4 238/776/4
f 232/366/7 230/368/7 239/777/7
f 228/369/6 231/371/6 232/778/6
f 239/372/3 228/374/3 232/779/3
f 241/375/1 234/377/1 233/780/1
f 240/378/6 233/380/6 235/781/6
f 236/381/7 235/383/7 237/782/7
f 236/384/4 234/386/4 242/783/4
f 190/275/3 22/387/3 180/784/3
f 240/388/3 242/390/3 241/785/3
f 244/391/1 246/393/1 245/786/1
f 248/394/4 243/396/4 244/787/4
f 250/397/7 247/399/7 248/788/7
f 245/400/6 249/402/6 250/789/6
f 248/403/3 245/405/3 250/790/3
f 247/406/5 246/408/5 243/791/5
f 252/409/13 218/410/6 254/792/22
f 199/411/4 280/413/4 198/793/4
f 216/414/3 255/416/3 194/794/3
f 251/417/23 217/418/5 252/795/24
f 196/271/4 257/420/4 193/269/4
f 191/421/4 256/423/4 216/796/4
f 257/424/5 191/426/5 193/797/5
f 280/427/3 196/429/3 198/284/3
f 253/430/6 192/270/6 285/798/6
f 255/432/6 195/272/6 194/274/6
f 284/434/5 192/273/5 195/799/5
f 253/436/3 218/280/3 197/282/3
f 281/438/1 260/440/1 259/800/1
f 282/441/4 258/443/4 281/801/4
f 262/444/7 282/446/7 263/802/7
f 259/447/6 262/449/6 263/803/6
f 281/450/3 263/452/3 282/804/3
f 264/453/1 266/455/1 265/805/1
f 276/456/6 265/458/6 267/806/6
f 268/459/7 267/461/7 269/807/7
f 278/462/4 269/464/4 266/808/4
f 275/465/1 277/467/1 271/809/1
f 273/468/4 270/470/4 275/810/4
f 270/471/5 274/473/5 277/811/5
f 268/474/3 264/476/3 276/812/3
f 279/477/7 272/479/7 273/813/7
f 271/480/6 274/482/6 279/814/6
f 275/483/3 279/485/3 273/815/3
f 169/486/15 294/488/15 293/816/15
f 296/489/16 293/491/16 294/817/16
f 297/492/16 295/490/16 298/818/16
f 300/493/16 302/495/16 301/819/16
f 303/496/16 299/494/16 304/820/16
f 295/490/16 299/494/16 300/493/16
f 297/497/17 292/499/17 290/821/17
f 302/500/3 168/502/3 288/822/3
f 169/503/5 297/505/5 290/823/5
f 300/506/17 171/508/17 295/824/17
f 302/509/17 170/511/17 301/825/17
f 289/512/5 301/514/5 170/826/5
f 292/515/3 295/517/3 171/827/3
f 287/518/15 296/520/15 172/828/15
f 168/521/15 304/523/15 173/829/15
f 173/524/5 299/526/5 287/830/5
f 172/527/3 294/529/3 291/831/3
f 174/530/17 314/532/17 309/832/17
f 315/533/16 316/535/16 313/538/16
f 318/536/16 313/538/16 316/535/16
f 320/539/16 322/541/16 321/543/16
f 323/542/16 321/543/16 324/833/16
f 321/543/16 318/536/16 316/535/16
f 311/544/15 317/546/15 315/834/15
f 323/547/3 308/549/3 320/835/3
f 174/550/5 315/552/5 313/836/5
f 321/553/15 310/555/15 307/837/15
f 323/556/15 175/558/15 305/838/15
f 307/559/5 324/561/5 321/839/5
f 312/562/3 316/564/3 317/840/3
f 306/565/17 318/567/17 322/841/17
f 308/568/17 319/570/17 320/842/17
f 177/571/5 322/573/5 319/843/5
f 176/574/3 314/576/3 318/844/3
f 326/577/18 328/579/18 327/845/18
f 330/580/15 325/582/15 326/846/15
f 332/583/16 329/585/16 330/847/16
f 327/586/17 331/588/17 332/848/17
f 330/589/3 327/591/3 332/849/3
f 334/592/18 336/594/18 335/850/18
f 337/595/17 335/597/17 338/851/17
f 339/598/16 338/600/16 340/852/16
f 333/601/15 340/603/15 336/853/15
f 337/604/3 333/606/3 334/854/3
f 342/607/18 344/609/18 343/855/18
f 345/610/15 342/612/15 346/856/15
f 348/613/16 345/615/16 346/857/16
f 343/616/17 347/618/17 348/858/17
f 346/619/3 343/621/3 348/859/3
f 350/622/18 352/624/18 351/860/18
f 350/625/17 354/627/17 353/861/17
f 355/628/16 354/630/16 356/862/16
f 349/631/15 356/633/15 352/863/15
f 353/634/3 349/636/3 350/864/3
f 358/637/18 360/639/18 359/865/18
f 361/640/15 358/642/15 362/866/15
f 364/643/16 361/645/16 362/867/16
f 359/646/17 363/648/17 364/868/17
f 362/649/3 359/651/3 364/869/3
f 366/652/18 368/654/18 367/870/18
f 369/655/15 366/657/15 370/871/15
f 372/658/16 369/660/16 370/872/16
f 367/661/17 371/663/17 372/873/17
f 370/664/3 367/666/3 372/874/3
f 357/667/5 363/669/5 360/875/5
f 365/670/5 371/672/5 368/876/5
s 1
f 377/877/6 375/878/6 374/879/6
f 376/880/1 379/881/1 378/882/1
f 378/882/1 380/883/1 376/880/1
f 385/884/1 383/885/1 382/886/1
f 382/886/1 386/887/1 385/884/1
f 382/886/1 378/882/1 379/881/1
f 389/888/4 383/889/4 388/890/4
f 391/891/4 385/892/4 390/893/4
f 395/894/7 393/895/7 392/896/7
f 396/897/6 393/898/6 397/899/6
f 396/900/1 399/901/1 398/902/1
f 398/903/4 394/904/4 395/905/4
f 394/906/3 397/907/3 393/908/3
f 403/909/7 401/910/7 400/911/7
f 404/912/6 401/913/6 405/914/6
f 404/915/1 407/916/1 406/917/1
f 406/918/4 402/919/4 403/920/4
f 402/921/3 405/922/3 401/923/3
f 411/924/7 409/925/7 408/926/7
f 408/927/6 413/928/6 412/929/6
f 412/930/1 415/931/1 414/932/1
f 414/933/4 410/934/4 411/935/4
f 410/936/3 413/937/3 409/938/3
f 419/939/7 417/940/7 416/941/7
f 420/942/6 417/943/6 421/944/6
f 420/945/1 423/946/1 422/947/1
f 422/948/4 418/949/4 419/950/4
f 418/951/3 421/952/3 417/953/3
f 427/954/7 425/955/7 424/956/7
f 428/957/6 425/958/6 429/959/6
f 428/960/1 431/961/1 430/962/1
f 430/963/4 426/964/4 427/965/4
f 425/966/3 431/967/3 429/968/3
f 435/969/7 433/970/7 432/971/7
f 432/972/6 437/973/6 436/974/6
f 436/975/1 439/976/1 438/977/1
f 435/978/4 439/979/4 434/980/4
f 434/981/3 437/982/3 433/983/3
f 443/984/7 441/985/7 440/986/7
f 444/987/6 441/988/6 445/989/6
f 444/990/1 447/991/1 446/992/1
f 443/993/4 447/994/4 442/995/4
f 442/996/3 445/997/3 441/998/3
f 422/999/5 416/1000/5 420/1001/5
f 428/1002/5 427/1003/5 424/1004/5
f 438/1005/5 432/1006/5 436/1007/5
f 446/1008/5 440/1009/5 444/1010/5
f 451/1011/7 449/1012/7 448/1013/7
f 452/1014/6 449/1015/6 453/1016/6
f 452/1017/1 455/1018/1 454/1019/1
f 454/1020/4 450/1021/4 451/1022/4
f 449/1023/3 455/1024/3 453/1025/3
f 459/1026/7 457/1027/7 456/1028/7
f 456/1029/6 461/1030/6 460/1031/6
f 460/1032/1 463/1033/1 462/1034/1
f 462/1035/4 458/1036/4 459/1037/4
f 458/1038/3 461/1039/3 457/1040/3
f 467/1041/7 465/1042/7 464/1043/7
f 464/1044/6 469/1045/6 468/1046/6
f 468/1047/1 471/1048/1 470/1049/1
f 470/1050/4 466/1051/4 467/1052/4
f 466/1053/3 469/1054/3 465/1055/3
f 475/1056/7 473/1057/7 472/1058/7
f 474/1059/4 476/1060/4 473/1061/4
f 477/1062/1 478/1063/1 476/1064/1
f 479/1065/6 472/1066/6 478/1067/6
f 472/1068/3 476/1069/3 478/1070/3
f 483/1071/7 481/1072/7 480/1073/7
f 480/1074/6 485/1075/6 484/1076/6
f 484/1077/1 487/1078/1 486/1079/1
f 486/1080/4 482/1081/4 483/1082/4
f 482/1083/3 485/1084/3 481/1085/3
f 491/1086/7 489/1087/7 488/1088/7
f 488/1089/6 493/1090/6 492/1091/6
f 492/1092/1 495/1093/1 494/1094/1
f 494/1095/4 490/1096/4 491/1097/4
f 490/1098/3 493/1099/3 489/1100/3
f 499/1101/7 497/1102/7 496/1103/7
f 500/1104/6 497/1105/6 501/1106/6
f 500/1107/1 503/1108/1 502/1109/1
f 502/1110/4 498/1111/4 499/1112/4
f 497/1113/3 503/1114/3 501/1115/3
f 507/1116/7 505/1117/7 504/1118/7
f 508/1119/6 505/1120/6 509/1121/6
f 508/1122/1 511/1123/1 510/1124/1
f 510/1125/4 506/1126/4 507/1127/4
f 505/1128/3 511/1129/3 509/1130/3
f 515/1131/7 513/1132/7 512/1133/7
f 516/1134/6 513/1135/6 517/1136/6
f 516/1137/1 519/1138/1 518/1139/1
f 518/1140/4 514/1141/4 515/1142/4
f 514/1143/3 517/1144/3 513/1145/3
f 494/1146/5 488/1147/5 492/1148/5
f 500/1149/5 499/1150/5 496/1151/5
f 510/1152/5 504/1153/5 508/1154/5
f 518/1155/5 512/1156/5 516/1157/5
f 523/1158/7 521/1159/7 520/1160/7
f 524/1161/6 521/1162/6 525/1163/6
f 524/1164/1 527/1165/1 526/1166/1
f 526/1167/4 522/1168/4 523/1169/4
f 521/1170/3 527/1171/3 525/1172/3
f 531/1173/7 529/1174/7 528/1175/7
f 529/1176/4 533/1177/4 532/1178/4
f 533/1179/1 534/1180/1 532/1181/1
f 535/1182/6 528/1183/6 534/1184/6
f 534/1185/3 529/1186/3 532/1187/3
f 539/1188/7 537/1189/7 536/1190/7
f 540/1191/6 537/1192/6 541/1193/6
f 540/1194/1 543/1195/1 542/1196/1
f 542/1197/4 538/1198/4 539/1199/4
f 538/1200/3 541/1201/3 537/1202/3
f 547/1203/7 545/1204/7 544/1205/7
f 545/1206/4 549/1207/4 548/1208/4
f 549/1209/1 550/1210/1 548/1211/1
f 551/1212/6 544/1213/6 550/1214/6
f 544/1215/3 548/1216/3 550/1217/3
f 555/1218/7 553/1219/7 552/1220/7
f 556/1221/6 553/1222/6 557/1223/6
f 556/1224/1 559/1225/1 558/1226/1
f 558/1227/4 554/1228/4 555/1229/4
f 554/1230/3 557/1231/3 553/1232/3
f 563/1233/7 561/1234/7 560/1235/7
f 561/1236/4 565/1237/4 564/1238/4
f 565/1239/1 566/1240/1 564/1241/1
f 566/1242/6 563/1243/6 560/1244/6
f 560/1245/3 564/1246/3 566/1247/3
f 571/1248/7 569/1249/7 568/1250/7
f 572/1251/6 569/1252/6 573/1253/6
f 572/1254/1 575/1255/1 574/1256/1
f 574/1257/4 570/1258/4 571/1259/4
f 570/1260/3 573/1261/3 569/1262/3
f 579/1263/7 577/1264/7 576/1265/7
f 578/1266/4 580/1267/4 577/1268/4
f 581/1269/1 582/1270/1 580/1271/1
f 583/1272/6 576/1273/6 582/1274/6
f 576/1275/3 580/1276/3 582/1277/3
f 587/1278/7 585/1279/7 584/1280/7
f 588/1281/6 585/1282/6 589/1283/6
f 588/1284/1 591/1285/1 590/1286/1
f 590/1287/4 586/1288/4 587/1289/4
f 586/1290/3 589/1291/3 585/1292/3
f 595/1293/7 593/1294/7 592/1295/7
f 596/1296/6 593/1297/6 597/1298/6
f 596/1299/1 599/1300/1 598/1301/1
f 598/1302/4 594/1303/4 595/1304/4
f 594/1305/3 597/1306/3 593/1307/3
f 603/1308/7 601/1309/7 600/1310/7
f 604/1311/6 601/1312/6 605/1313/6
f 604/1314/1 607/1315/1 606/1316/1
f 606/1317/4 602/1318/4 603/1319/4
f 601/1320/3 607/1321/3 605/1322/3
f 611/1323/7 609/1324/7 608/1325/7
f 612/1326/6 609/1327/6 613/1328/6
f 612/1329/1 615/1330/1 614/1331/1
f 614/1332/4 610/1333/4 611/1334/4
f 609/1335/3 615/1336/3 613/1337/3
f 590/1338/5 584/1339/5 588/1340/5
f 596/1341/5 595/1342/5 592/1343/5
f 604/1344/5 603/1345/5 600/1346/5
f 614/1347/5 608/1348/5 612/1349/5
f 619/1350/25 617/1351/26 616/1352/26
f 620/1353/3 622/1354/3 621/1355/3
f 624/1356/5 618/1357/5 625/1358/5
f 626/1359/5 628/1360/5 627/1361/5
f 631/1362/3 619/1363/3 616/1364/3
f 632/1365/27 634/1366/27 633/1367/27
f 637/1368/28 623/1369/28 620/1370/28
f 637/1371/5 633/1372/5 636/1373/5
f 639/1374/3 634/1375/3 635/1376/3
f 643/1377/29 641/1378/29 640/1379/29
f 640/1380/30 645/1381/30 644/1382/30
f 644/1383/31 647/1384/31 646/1385/31
f 646/1386/32 642/1387/32 643/1388/32
f 641/1389/3 647/1390/3 645/1391/3
f 651/1392/29 649/1393/29 648/1394/29
f 649/1395/33 653/1396/33 652/1397/33
f 653/1398/31 654/1399/31 652/1400/31
f 655/1401/34 648/1402/34 654/1403/34
f 648/1404/3 652/1405/3 654/1406/3
f 622/1407/25 629/1408/35 621/1409/36
f 630/1410/25 626/1411/25 627/1412/25
f 639/1413/28 625/1414/28 638/1415/28
f 616/1416/37 657/1417/38 656/1418/38
f 658/1419/3 621/1420/3 659/1421/3
f 657/1422/5 624/1423/5 660/1424/5
f 662/1425/5 626/1426/5 661/1427/5
f 663/1428/3 616/1429/3 656/1430/3
f 665/1431/39 632/1432/39 664/1433/39
f 666/1434/40 620/1435/40 658/1436/40
f 664/1437/5 637/1438/5 666/1439/5
f 665/1440/3 639/1441/3 635/1442/3
f 621/1443/41 662/1444/42 659/1445/41
f 631/1446/43 661/1447/43 626/1448/43
f 667/1449/40 624/1450/40 639/1451/40
f 656/1452/44 669/1453/45 668/1454/44
f 670/1455/3 659/1456/3 671/1457/3
f 669/1458/5 660/1459/5 672/1460/5
f 674/1461/5 661/1462/5 673/1463/5
f 675/1464/3 656/1465/3 668/1466/3
f 677/1467/46 664/1468/46 676/1469/46
f 678/1470/46 658/1471/46 670/1472/46
f 676/1473/5 666/1474/5 678/1475/5
f 677/1476/3 667/1477/3 665/1478/3
f 683/1479/47 681/1480/47 680/1481/47
f 682/1482/48 684/1483/48 681/1484/48
f 685/1485/49 686/1486/49 684/1487/49
f 687/1488/50 680/1489/50 686/1490/50
f 686/1491/3 681/1492/3 684/1493/3
f 691/1494/51 689/1495/51 688/1496/51
f 692/1497/52 689/1498/52 693/1499/52
f 692/1500/53 695/1501/53 694/1502/53
f 694/1503/54 690/1504/54 691/1505/54
f 689/1506/3 695/1507/3 693/1508/3
f 694/1509/5 688/1510/5 692/1511/5
f 659/1512/44 674/1513/44 671/1514/44
f 663/1515/55 673/1516/55 661/1517/55
f 679/1518/56 660/1519/56 667/1520/56
f 668/1521/57 697/1522/57 696/1523/57
f 698/1524/3 671/1525/3 699/1526/3
f 697/1527/5 672/1528/5 700/1529/5
f 702/1530/5 673/1531/5 701/1532/5
f 703/1533/3 668/1534/3 696/1535/3
f 705/1536/58 676/1537/58 704/1538/58
f 698/1539/58 678/1540/58 670/1541/58
f 704/1542/5 678/1543/5 706/1544/5
f 705/1545/3 679/1546/3 677/1547/3
f 711/1548/59 709/1549/60 708/1550/60
f 712/1551/61 714/1552/62 713/1553/63
f 719/1554/64 717/1555/65 716/1556/65
f 723/1557/66 721/1558/66 720/1559/66
f 722/1560/67 724/1561/67 721/1562/67
f 725/1563/68 726/1564/68 724/1565/68
f 727/1566/69 720/1567/69 726/1568/69
f 726/1569/3 721/1570/3 724/1571/3
f 731/1572/70 729/1573/70 728/1574/70
f 732/1575/71 729/1576/71 733/1577/71
f 732/1578/72 735/1579/72 734/1580/72
f 731/1581/73 735/1582/73 730/1583/73
f 729/1584/3 735/1585/3 733/1586/3
f 734/1587/5 728/1588/5 732/1589/5
f 710/1590/3 737/1591/3 736/1592/3
f 738/1593/5 740/1594/5 739/1595/5
f 739/1596/74 743/1597/75 742/1598/74
f 737/1599/76 738/1600/76 736/1601/76
f 712/1602/3 744/1603/3 715/1604/3
f 719/1605/5 713/1606/5 714/1607/5
f 747/1608/5 709/1609/5 746/1610/5
f 718/1611/3 743/1612/3 717/1613/3
f 746/1614/77 745/1615/77 747/1616/77
f 671/1617/78 702/1618/57 699/1619/57
f 675/1620/79 701/1621/79 673/1622/79
f 707/1623/80 672/1624/80 679/1625/80
f 696/1626/81 749/1627/82 748/1628/82
f 750/1629/3 699/1630/3 751/1631/3
f 749/1632/5 700/1633/5 752/1634/5
f 754/1635/5 701/1636/5 753/1637/5
f 755/1638/3 696/1639/3 748/1640/3
f 757/1641/83 704/1642/83 756/1643/83
f 758/1644/83 698/1645/83 750/1646/83
f 756/1647/5 706/1648/5 758/1649/5
f 757/1650/3 707/1651/3 705/1652/3
f 761/1653/84 708/1654/84 760/1655/84
f 712/1656/85 763/1657/86 762/1658/86
f 716/1659/87 765/1660/87 764/1661/87
f 766/1662/88 768/1663/88 767/1664/88
f 767/1665/89 771/1666/89 770/1667/89
f 771/1668/90 772/1669/90 770/1670/90
f 773/1671/91 766/1672/91 772/1673/92
f 766/1674/3 770/1675/3 772/1676/3
f 777/1677/93 775/1678/93 774/1679/93
f 774/1680/94 779/1681/94 778/1682/94
f 778/1683/95 781/1684/95 780/1685/95
f 780/1686/96 776/1687/96 777/1688/96
f 776/1689/3 779/1690/3 775/1691/3
f 778/1692/5 777/1693/5 774/1694/5
f 711/1695/3 782/1696/3 737/1697/3
f 784/1698/5 740/1699/5 741/1700/5
f 783/1701/97 743/1702/98 740/1703/98
f 782/1704/99 741/1705/100 737/1706/101
f 712/1707/3 786/1708/3 745/1709/3
f 764/1710/5 713/1711/5 716/1712/5
f 787/1713/5 708/1714/5 747/1715/5
f 743/1716/3 765/1717/3 717/1718/3
f 745/1719/102 787/1720/103 747/1721/102
f 699/1722/81 754/1723/82 751/1724/104
f 701/1725/105 755/1726/105 753/1727/105
f 759/1728/83 700/1729/83 707/1730/83
f 748/1731/106 789/1732/106 788/1733/106
f 790/1734/3 751/1735/3 791/1736/3
f 789/1737/5 752/1738/5 792/1739/5
f 794/1740/5 753/1741/5 793/1742/5
f 795/1743/3 748/1744/3 788/1745/3
f 797/1746/107 756/1747/107 796/1748/107
f 798/1749/108 750/1750/108 790/1751/108
f 796/1752/5 758/1753/5 798/1754/5
f 797/1755/3 759/1756/3 757/1757/3
f 801/1758/109 760/1759/110 800/1760/110
f 762/1761/111 803/1762/112 802/1763/112
f 764/1764/113 805/1765/113 804/1766/113
f 809/1767/114 807/1768/114 806/1769/114
f 808/1770/115 810/1771/115 807/1772/115
f 811/1773/116 812/1774/116 810/1775/116
f 813/1776/117 806/1777/117 812/1778/117
f 806/1779/3 810/1780/3 812/1781/3
f 817/1782/118 815/1783/118 814/1784/118
f 814/1785/119 819/1786/119 818/1787/119
f 818/1788/120 821/1789/120 820/1790/120
f 820/1791/121 816/1792/121 817/1793/121
f 816/1794/3 819/1795/3 815/1796/3
f 818/1797/5 817/1798/5 814/1799/5
f 761/1800/3 822/1801/3 782/1802/3
f 784/1803/5 823/1804/5 783/1805/5
f 823/1806/122 785/1807/122 783/1808/122
f 822/1809/123 784/1810/123 782/1811/123
f 802/1812/3 786/1813/3 762/1814/3
f 764/1815/5 803/1816/5 763/1817/5
f 787/1818/5 800/1819/5 760/1820/5
f 765/1821/3 825/1822/3 805/1823/3
f 786/1824/124 827/1825/124 787/1826/124
f 751/1827/125 794/1828/106 791/1829/106
f 753/1830/126 795/1831/126 793/1832/126
f 799/1833/108 752/1834/108 759/1835/108
f 788/1836/127 829/1837/128 828/1838/129
f 830/1839/3 791/1840/3 831/1841/3
f 829/1842/5 792/1843/5 832/1844/5
f 834/1845/5 793/1846/5 833/1847/5
f 835/1848/3 788/1849/3 828/1850/3
f 837/1851/130 796/1852/130 836/1853/130
f 838/1854/130 790/1855/130 830/1856/130
f 836/1857/5 798/1858/5 838/1859/5
f 837/1860/3 799/1861/3 797/1862/3
f 840/1863/131 801/1864/131 800/1865/131
f 842/1866/132 803/1867/132 843/1868/132
f 804/1869/133 845/1870/134 844/1871/135
f 846/1872/136 848/1873/136 847/1874/136
f 846/1875/137 851/1876/137 850/1877/137
f 850/1878/138 853/1879/138 852/1880/138
f 852/1881/139 848/1882/139 849/1883/139
f 848/1884/3 851/1885/3 847/1886/3
f 857/1887/140 855/1888/140 854/1889/140
f 856/1890/141 858/1891/141 855/1892/141
f 859/1893/142 860/1894/142 858/1895/142
f 861/1896/143 854/1897/143 860/1898/143
f 860/1899/3 855/1900/3 858/1901/3
f 865/1902/144 863/1903/144 862/1904/144
f 866/1905/145 863/1906/145 867/1907/145
f 866/1908/146 869/1909/146 868/1910/146
f 868/1911/147 864/1912/147 865/1913/147
f 863/1914/3 869/1915/3 867/1916/3
f 868/1917/5 862/1918/5 866/1919/5
f 801/1920/3 870/1921/3 822/1922/3
f 824/1923/5 871/1924/5 823/1925/5
f 871/1926/148 825/1927/148 823/1928/148
f 870/1929/148 824/1930/148 822/1931/148
f 842/1932/3 826/1933/3 802/1934/3
f 804/1935/5 843/1936/5 803/1937/5
f 875/1938/5 800/1939/5 827/1940/5
f 805/1941/3 873/1942/3 845/1943/3
f 826/1944/149 875/1945/149 827/1946/149
f 791/1947/150 834/1948/151 831/1949/152
f 795/1950/139 833/1951/139 793/1952/139
f 839/1953/130 792/1954/130 799/1955/130
f 828/1956/153 877/1957/154 876/1958/154
f 878/1959/3 831/1960/3 879/1961/3
f 877/1962/5 832/1963/5 880/1964/5
f 882/1965/5 833/1966/5 881/1967/5
f 883/1968/3 828/1969/3 876/1970/3
f 885/1971/155 836/1972/155 884/1973/155
f 886/1974/155 830/1975/155 878/1976/155
f 884/1977/5 838/1978/5 886/1979/5
f 885/1980/3 839/1981/3 837/1982/3
f 888/1983/156 841/1984/156 840/1985/156
f 890/1986/157 843/1987/157 891/1988/157
f 844/1989/158 893/1990/159 892/1991/159
f 897/1992/160 895/1993/160 894/1994/161
f 898/1995/162 895/1996/162 899/1997/162
f 898/1998/163 901/1999/163 900/2000/163
f 900/2001/164 896/2002/164 897/2003/164
f 896/2004/3 899/2005/3 895/2006/3
f 905/2007/160 903/2008/160 902/2009/160
f 904/2010/165 906/2011/165 903/2012/165
f 907/2013/163 908/2014/163 906/2015/163
f 909/2016/166 902/2017/166 908/2018/166
f 908/2019/3 903/2020/3 906/2021/3
f 913/2022/167 911/2023/167 910/2024/167
f 914/2025/168 911/2026/168 915/2027/168
f 914/2028/169 917/2029/169 916/2030/169
f 916/2031/170 912/2032/170 913/2033/170
f 911/2034/3 917/2035/3 915/2036/3
f 916/2037/5 910/2038/5 914/2039/5
f 841/2040/3 918/2041/3 870/2042/3
f 872/2043/5 919/2044/5 871/2045/5
f 919/2046/171 873/2047/171 871/2048/171
f 870/2049/171 920/2050/171 872/2051/171
f 890/2052/3 874/2053/3 842/2054/3
f 844/2055/5 891/2056/5 843/2057/5
f 923/2058/5 840/2059/5 875/2060/5
f 845/2061/3 921/2062/3 893/2063/3
f 874/2064/157 923/2065/157 875/2066/157
f 831/2067/153 882/2068/154 879/2069/153
f 833/2070/172 883/2071/172 881/2072/172
f 887/2073/173 832/2074/173 839/2075/173
f 876/2076/174 925/2077/174 924/2078/174
f 926/2079/3 879/2080/3 927/2081/3
f 925/2082/5 880/2083/5 928/2084/5
f 930/2085/5 881/2086/5 929/2087/5
f 931/2088/3 876/2089/3 924/2090/3
f 933/2091/175 884/2092/175 932/2093/175
f 934/2094/176 878/2095/176 926/2096/176
f 932/2097/5 886/2098/5 934/2099/5
f 933/2100/3 887/2101/3 885/2102/3
f 936/2103/7 938/2104/7 937/2105/7
f 939/2106/7 941/2107/7 940/2108/7
f 942/2109/7 944/2110/7 943/2111/7
f 943/2111/7 946/2112/7 942/2109/7
f 938/2104/7 942/2109/7 946/2112/7
f 951/2113/177 949/2114/177 948/2115/177
f 949/2116/178 953/2117/178 952/2118/178
f 952/2119/179 955/2120/179 954/2121/179
f 955/2122/180 948/2123/180 954/2124/181
f 948/2125/3 952/2126/3 954/2127/3
f 959/2128/182 957/2129/182 956/2130/182
f 956/2131/183 961/2132/183 960/2133/183
f 960/2134/184 963/2135/184 962/2136/184
f 962/2137/185 958/2138/185 959/2139/185
f 957/2140/3 963/2141/3 961/2142/3
f 962/2143/5 956/2144/5 960/2145/5
f 879/2146/186 930/2147/187 927/2148/174
f 883/2149/188 929/2150/188 881/2151/188
f 935/2152/176 880/2153/176 887/2154/176
f 924/2155/189 965/2156/189 964/2157/190
f 966/2158/3 927/2159/3 967/2160/3
f 965/2161/5 928/2162/5 968/2163/5
f 970/2164/5 929/2165/5 969/2166/5
f 971/2167/3 924/2168/3 964/2169/3
f 973/2170/191 932/2171/191 972/2172/191
f 974/2173/191 926/2174/191 966/2175/191
f 972/2176/5 934/2177/5 974/2178/5
f 973/2179/3 935/2180/3 933/2181/3
f 979/2182/192 977/2183/192 976/2184/192
f 980/2185/193 982/2186/193 981/2187/193
f 987/2188/194 985/2189/195 984/2190/195
f 991/2191/196 989/2192/196 988/2193/196
f 992/2194/197 989/2195/197 993/2196/197
f 992/2197/198 995/2198/198 994/2199/198
f 991/2200/199 995/2201/199 990/2202/199
f 990/2203/3 993/2204/3 989/2205/3
f 999/2206/196 997/2207/196 996/2208/196
f 997/2209/200 1001/2210/200 1000/2211/200
f 1001/2212/198 1002/2213/198 1000/2214/198
f 1003/2215/201 996/2216/201 1002/2217/202
f 1002/2218/3 997/2219/3 1000/2220/3
f 1007/2221/203 1005/2222/203 1004/2223/203
f 1008/2224/204 1005/2225/204 1009/2226/204
f 1008/2227/205 1011/2228/205 1010/2229/205
f 1007/2230/206 1011/2231/206 1006/2232/206
f 1006/2233/3 1009/2234/3 1005/2235/3
f 1008/2236/5 1007/2237/5 1004/2238/5
f 978/2239/3 1013/2240/3 1012/2241/3
f 1014/2242/5 1016/2243/5 1015/2244/5
f 1016/2245/207 1018/2246/207 1015/2247/207
f 1013/2248/207 1014/2249/207 1012/2250/207
f 980/2251/3 1020/2252/3 983/2253/3
f 987/2254/5 981/2255/5 982/2256/5
f 1023/2257/5 977/2258/5 1022/2259/5
f 986/2260/3 1019/2261/3 985/2262/3
f 1020/2263/208 1023/2264/208 1022/2265/208
f 927/2266/209 970/2267/190 967/2268/210
f 929/2269/211 971/2270/211 969/2271/211
f 975/2272/191 928/2273/191 935/2274/191
f 964/2275/212 1025/2276/212 1024/2277/213
f 1026/2278/3 967/2279/3 1027/2280/3
f 1025/2281/5 968/2282/5 1028/2283/5
f 1030/2284/5 969/2285/5 1029/2286/5
f 1031/2287/3 964/2288/3 1024/2289/3
f 1033/2290/214 972/2291/214 1032/2292/214
f 1026/2293/214 974/2294/214 966/2295/214
f 1032/2296/5 974/2297/5 1034/2298/5
f 1033/2299/3 975/2300/3 973/2301/3
f 1037/2302/215 976/2303/215 1036/2304/215
f 1038/2305/216 981/2306/216 1039/2307/216
f 984/2308/217 1041/2309/218 1040/2310/218
f 1045/2311/219 1043/2312/219 1042/2313/219
f 1042/2314/220 1047/2315/220 1046/2316/220
f 1046/2317/221 1049/2318/221 1048/2319/221
f 1048/2320/222 1044/2321/222 1045/2322/222
f 1043/2323/3 1049/2324/3 1047/2325/3
f 1053/2326/223 1051/2327/223 1050/2328/223
f 1052/2329/224 1054/2330/224 1051/2331/224
f 1055/2332/221 1056/2333/221 1054/2334/221
f 1057/2335/225 1050/2336/226 1056/2337/226
f 1050/2338/3 1054/2339/3 1056/2340/3
f 1061/2341/227 1059/2342/227 1058/2343/227
f 1058/2344/228 1063/2345/228 1062/2346/228
f 1062/2347/229 1065/2348/229 1064/2349/229
f 1064/2350/230 1060/2351/230 1061/2352/230
f 1059/2353/3 1065/2354/3 1063/2355/3
f 1064/2356/5 1058/2357/5 1062/2358/5
f 979/2359/3 1066/2360/3 1013/2361/3
f 1017/2362/5 1067/2363/5 1016/2364/5
f 1016/2365/215 1069/2366/215 1019/2367/215
f 1066/2368/215 1017/2369/215 1013/2370/215
f 1038/2371/3 1021/2372/3 980/2373/3
f 984/2374/5 1039/2375/5 981/2376/5
f 1071/2377/5 976/2378/5 1023/2379/5
f 985/2380/3 1069/2381/3 1041/2382/3
f 1021/2383/216 1071/2384/216 1023/2385/216
f 967/2386/231 1030/2387/212 1027/2388/212
f 969/2389/232 1031/2390/232 1029/2391/232
f 1035/2392/214 968/2393/214 975/2394/214
f 1024/2395/233 1073/2396/234 1072/2397/235
f 1074/2398/3 1027/2399/3 1075/2400/3
f 1073/2401/5 1028/2402/5 1076/2403/5
f 1078/2404/5 1029/2405/5 1077/2406/5
f 1079/2407/3 1024/2408/3 1072/2409/3
f 1080/2410/236 1033/2411/236 1032/2412/236
f 1074/2413/236 1034/2414/236 1026/2415/236
f 1080/2416/5 1034/2417/5 1082/2418/5
f 1081/2419/3 1035/2420/3 1033/2421/3
f 1085/2422/237 1036/2423/237 1084/2424/237
f 1086/2425/238 1039/2426/238 1087/2427/238
f 1040/2428/239 1089/2429/240 1088/2430/240
f 1093/2431/241 1091/2432/241 1090/2433/241
f 1094/2434/242 1091/2435/242 1095/2436/242
f 1094/2437/243 1097/2438/243 1096/2439/243
f 1096/2440/244 1092/2441/245 1093/2442/244
f 1092/2443/3 1095/2444/3 1091/2445/3
f 1101/2446/241 1099/2447/241 1098/2448/241
f 1100/2449/246 1102/2450/246 1099/2451/246
f 1102/2452/243 1105/2453/243 1104/2454/243
f 1105/2455/247 1098/2456/247 1104/2457/247
f 1104/2458/3 1099/2459/3 1102/2460/3
f 1109/2461/248 1107/2462/248 1106/2463/248
f 1110/2464/249 1107/2465/249 1111/2466/249
f 1110/2467/250 1113/2468/250 1112/2469/250
f 1112/2470/251 1108/2471/251 1109/2472/251
f 1108/2473/3 1111/2474/3 1107/2475/3
f 1110/2476/5 1109/2477/5 1106/2478/5
f 1037/2479/3 1114/2480/3 1066/2481/3
f 1068/2482/5 1115/2483/5 1067/2484/5
f 1115/2485/252 1069/2486/252 1067/2487/252
f 1114/2488/253 1068/2489/253 1066/2490/253
f 1086/2491/3 1070/2492/3 1038/2493/3
f 1040/2494/5 1087/2495/5 1039/2496/5
f 1119/2497/5 1036/2498/5 1071/2499/5
f 1041/2500/3 1117/2501/3 1089/2502/3
f 1070/2503/254 1119/2504/254 1071/2505/254
f 1027/2506/255 1078/2507/255 1075/2508/234
f 1031/2509/256 1077/2510/256 1029/2511/256
f 1083/2512/236 1028/2513/236 1035/2514/236
f 1072/2515/257 1121/2516/258 1120/2517/259
f 1122/2518/3 1075/2519/3 1123/2520/3
f 1121/2521/5 1076/2522/5 1124/2523/5
f 1126/2524/5 1077/2525/5 1125/2526/5
f 1127/2527/3 1072/2528/3 1120/2529/3
f 1128/2530/260 1081/2531/260 1080/2532/260
f 1130/2533/260 1074/2534/260 1122/2535/260
f 1128/2536/5 1082/2537/5 1130/2538/5
f 1129/2539/3 1083/2540/3 1081/2541/3
f 1133/2542/261 1084/2543/261 1132/2544/261
f 1134/2545/262 1087/2546/262 1135/2547/262
f 1088/2548/262 1137/2549/263 1136/2550/263
f 1141/2551/264 1139/2552/264 1138/2553/264
f 1138/2554/265 1143/2555/265 1142/2556/265
f 1142/2557/266 1145/2558/266 1144/2559/266
f 1144/2560/267 1140/2561/267 1141/2562/267
f 1139/2563/3 1145/2564/3 1143/2565/3
f 1149/2566/268 1147/2567/268 1146/2568/268
f 1148/2569/269 1150/2570/269 1147/2571/269
f 1151/2572/266 1152/2573/266 1150/2574/266
f 1153/2575/270 1146/2576/270 1152/2577/270
f 1146/2578/3 1150/2579/3 1152/2580/3
f 1157/2581/271 1155/2582/271 1154/2583/271
f 1154/2584/272 1159/2585/272 1158/2586/272
f 1158/2587/273 1161/2588/273 1160/2589/273
f 1160/2590/274 1156/2591/274 1157/2592/274
f 1155/2593/3 1161/2594/3 1159/2595/3
f 1160/2596/5 1154/2597/5 1158/2598/5
f 1085/2599/3 1162/2600/3 1114/2601/3
f 1116/2602/5 1163/2603/5 1115/2604/5
f 1163/2605/261 1117/2606/261 1115/2607/261
f 1162/2608/261 1116/2609/261 1114/2610/261
f 1134/2611/3 1118/2612/3 1086/2613/3
f 1088/2614/5 1135/2615/5 1087/2616/5
f 1167/2617/5 1084/2618/5 1119/2619/5
f 1089/2620/3 1165/2621/3 1137/2622/3
f 1118/2623/262 1167/2624/262 1119/2625/262
f 1075/2626/257 1126/2627/275 1123/2628/259
f 1079/2629/276 1125/2630/276 1077/2631/276
f 1131/2632/260 1076/2633/260 1083/2634/260
f 1120/2635/277 1169/2636/277 1168/2637/277
f 1170/2638/278 1123/2639/3 1171/2640/278
f 1169/2641/279 1124/2642/5 1172/2643/279
f 1174/2644/279 1125/2645/5 1173/2646/279
f 1175/2647/278 1120/2648/3 1168/2649/278
f 1177/2650/280 1128/2651/280 1176/2652/280
f 1170/2653/281 1130/2654/280 1122/2655/280
f 1176/2656/279 1130/2657/5 1178/2658/279
f 1177/2659/278 1131/2660/3 1129/2661/3
f 1180/2662/282 1133/2663/282 1132/2664/282
f 1182/2665/283 1135/2666/283 1183/2667/283
f 1136/2668/284 1185/2669/285 1184/2670/285
f 1189/2671/286 1187/2672/286 1186/2673/286
f 1186/2674/287 1191/2675/288 1190/2676/287
f 1190/2677/289 1193/2678/289 1192/2679/289
f 1192/2680/290 1188/2681/290 1189/2682/290
f 1187/2683/3 1193/2684/3 1191/2685/3
f 1197/2686/286 1195/2687/286 1194/2688/286
f 1196/2689/290 1198/2690/290 1195/2691/290
f 1199/2692/289 1200/2693/289 1198/2694/289
f 1201/2695/288 1194/2696/288 1200/2697/288
f 1194/2698/3 1198/2699/3 1200/2700/3
f 1205/2701/291 1203/2702/291 1202/2703/291
f 1202/2704/288 1207/2705/288 1206/2706/288
f 1208/2707/292 1207/2708/292 1209/2709/292
f 1208/2710/290 1204/2711/290 1205/2712/290
f 1203/2713/3 1209/2714/3 1207/2715/3
f 1208/2716/5 1202/2717/5 1206/2718/5
f 1133/2719/3 1210/2720/293 1162/2721/3
f 1164/2722/5 1211/2723/5 1163/2724/5
f 1211/2725/294 1165/2726/294 1163/2727/294
f 1210/2728/294 1164/2729/294 1162/2730/294
f 1182/2731/293 1166/2732/3 1134/2733/3
f 1136/2734/5 1183/2735/5 1135/2736/5
f 1215/2737/5 1132/2738/5 1167/2739/5
f 1137/2740/3 1213/2741/3 1185/2742/3
f 1166/2743/283 1215/2744/283 1167/2745/283
f 1123/2746/277 1174/2747/277 1171/2748/295
f 1127/2749/296 1173/2750/296 1125/2751/296
f 1179/2752/297 1124/2753/297 1131/2754/297
f 1168/2755/298 1217/2756/298 1216/2757/298
f 1218/2758/299 1171/2759/278 1219/2760/299
f 1217/2761/300 1172/2762/279 1220/2763/300
f 1222/2764/300 1173/2765/279 1221/2766/300
f 1223/2767/301 1168/2768/278 1216/2769/301
f 1225/2770/302 1176/2771/302 1224/2772/302
f 1226/2773/303 1170/2774/302 1218/2775/303
f 1224/2776/300 1178/2777/279 1226/2778/300
f 1225/2779/299 1179/2780/278 1177/2781/278
f 1229/2782/304 1180/2783/304 1228/2784/304
f 1230/2785/305 1183/2786/305 1231/2787/305
f 1184/2788/306 1233/2789/307 1232/2790/307
f 1234/2791/308 1236/2792/308 1235/2793/308
f 1234/2794/309 1239/2795/310 1238/2796/309
f 1238/2797/311 1241/2798/311 1240/2799/311
f 1240/2800/312 1236/2801/312 1237/2802/312
f 1236/2803/3 1239/2804/3 1235/2805/3
f 1245/2806/308 1243/2807/308 1242/2808/308
f 1244/2809/313 1246/2810/313 1243/2811/313
f 1247/2812/311 1248/2813/311 1246/2814/311
f 1249/2815/314 1242/2816/314 1248/2817/315
f 1248/2818/3 1243/2819/3 1246/2820/3
f 1253/2821/316 1251/2822/316 1250/2823/316
f 1250/2824/315 1255/2825/315 1254/2826/315
f 1256/2827/317 1255/2828/317 1257/2829/317
f 1256/2830/318 1252/2831/318 1253/2832/318
f 1252/2833/3 1255/2834/3 1251/2835/3
f 1254/2836/5 1253/2837/5 1250/2838/5
f 1181/2839/293 1258/2840/3 1210/2841/293
f 1212/2842/5 1259/2843/5 1211/2844/5
f 1259/2845/304 1213/2846/304 1211/2847/304
f 1258/2848/304 1212/2849/304 1210/2850/304
f 1230/2851/3 1214/2852/293 1182/2853/293
f 1184/2854/5 1231/2855/5 1183/2856/5
f 1263/2857/5 1180/2858/5 1215/2859/5
f 1185/2860/3 1261/2861/3 1233/2862/3
f 1214/2863/305 1263/2864/305 1215/2865/305
f 1171/2866/319 1222/2867/319 1219/2868/319
f 1173/2869/320 1223/2870/320 1221/2871/320
f 1179/2872/302 1220/2873/302 1172/2874/302
f 1228/2875/321 1258/2876/322 1229/2877/321
f 638/2878/29 618/1357/29 619/1350/29
f 377/2879/3 1264/2880/3 379/2881/3
f 1265/2882/3 1267/2883/3 1266/2884/3
f 1266/2884/3 1270/2885/3 1269/2886/3
f 387/2887/5 1272/2888/5 1271/2889/5
f 1276/2890/5 1274/2891/5 1273/2892/5
f 1275/2893/5 1277/2894/5 1274/2891/5
f 387/2895/6 1279/2896/6 386/2897/6
f 1273/2898/6 1281/2899/6 1280/2900/6
f 1274/2901/323 1282/2902/324 1281/2899/323
f 379/2903/6 1272/2904/6 382/2905/6
f 1265/2906/6 1275/2907/6 1276/2908/6
f 1275/2907/324 1269/2909/324 1278/2910/324
f 378/2911/3 1283/2912/3 381/2913/3
f 1287/2914/3 1285/2915/3 1284/2916/3
f 1285/2915/3 1289/2917/3 1288/2918/3
f 384/2919/5 388/2920/5 383/2921/5
f 1293/2922/5 1291/2923/5 1290/2924/5
f 1292/2925/5 1294/2926/5 1291/2923/5
f 1295/2927/325 1297/2928/326 1296/2929/325
f 944/2930/4 391/891/4 390/893/4
f 1289/2931/326 1291/2932/325 1294/2933/326
f 939/2934/4 388/890/4 942/2935/4
f 376/2936/5 1298/2937/5 375/2938/5
f 1302/2939/5 1300/2940/5 1299/2941/5
f 1301/2942/5 1303/2943/5 1300/2940/5
f 1279/2944/3 385/2945/3 386/2946/3
f 1281/2947/3 1305/2948/3 1280/2949/3
f 1282/2950/3 1297/2951/3 1281/2947/3
f 1283/2952/4 380/2953/4 381/2954/4
f 1285/2955/4 1302/2956/4 1284/2957/4
f 1288/2958/325 1301/2959/326 1285/2955/326
f 1270/2960/324 1300/2961/324 1303/2962/324
f 374/879/6 936/2963/6 937/2964/6
f 1268/2965/6 1300/2961/6 1267/2966/6
f 1307/2967/6 1299/2968/6 1268/2965/6
f 940/2969/4 1298/2970/4 1283/2952/4
f 1284/2957/4 1309/2971/4 1308/2972/4
f 943/2973/3 390/2974/3 1279/2944/3
f 1310/2975/3 1305/2948/3 1311/2976/3
f 1298/2937/5 936/2977/5 375/2938/5
f 1306/2978/5 1302/2939/5 1299/2941/5
f 1286/2979/4 1290/2980/4 1291/2932/4
f 1287/2981/4 1312/2982/4 1290/2980/4
f 1297/2928/4 1293/2983/4 1305/2984/4
f 1305/2984/4 1314/2985/4 1311/2986/4
f 391/2987/5 942/2988/5 388/2920/5
f 1314/2989/5 1290/2924/5 1312/2990/5
f 389/2991/3 940/2992/3 1283/2912/3
f 1313/2993/3 1284/2916/3 1308/2994/3
f 1264/2995/6 946/2996/6 1272/2904/6
f 1315/2997/6 1265/2906/6 1276/2908/6
f 1271/2998/6 943/2999/6 1279/2896/6
f 1317/3000/6 1280/2900/6 1310/3001/6
f 1272/2888/5 947/3002/5 1271/2889/5
f 1317/3003/5 1276/2890/5 1273/2892/5
f 374/3004/3 938/3005/3 1264/2880/3
f 1307/3006/3 1265/2882/3 1316/3007/3
f 1315/3008/1 1310/3009/1 1311/3010/1
f 1311/3010/1 1312/3011/1 1315/3008/1
f 1316/3012/1 1306/3013/1 1307/3014/1
f 1309/3015/1 1313/3016/1 1308/3017/1
f 1316/3012/1 1312/3011/1 1313/3016/1
f 918/3018/327 888/3019/328 923/3020/328
f 890/3021/329 923/3020/330 922/3022/330
f 920/3023/331 890/3021/329 891/3024/332
f 891/3024/332 893/3025/333 920/3023/331
f 920/3023/331 921/3026/334 919/3027/335
f 1220/3028/336 1225/3029/336 1217/3030/337
f 1217/3030/338 1223/3031/338 1216/3032/338
f 1230/3033/336 1263/3034/336 1262/3035/336
f 1258/2876/336 1231/3036/339 1260/3037/340
f 1224/3038/336 1223/3031/336 1225/3029/336
f 1224/3038/341 1218/3039/341 1219/3040/341
f 1261/3041/342 1260/3037/340 1233/3042/343
f 1233/3042/343 1231/3036/339 1232/3043/344
f 1221/3044/345 1219/3040/345 1222/3045/345
f 1321/3046/7 1319/3047/7 1318/3048/7
f 1320/3049/4 1322/3050/4 1319/3051/4
f 1323/3052/1 1324/3053/1 1322/3054/1
f 1325/3055/6 1318/3056/6 1324/3057/6
f 1318/3058/3 1322/3059/3 1324/3060/3
f 736/3061/346 709/3062/347 710/3063/347
f 715/3064/348 746/3065/349 736/3061/350
f 738/3066/351 715/3064/348 736/3061/350
f 714/3067/352 718/3068/353 719/3069/354
f 742/3070/355 738/3066/351 739/3071/356
f 1269/3072/7 1303/3073/7 1304/3074/7
f 1289/3075/7 1304/3074/7 1288/3076/7
f 1269/3072/7 1294/3077/7 1278/3078/7
f 1294/3077/7 1296/3079/7 1282/3080/7
f 1278/3078/7 1282/3080/7 1277/3081/7
f 1329/3082/357 1327/3083/357 1326/3084/357
f 1330/3085/358 1327/3086/358 1331/3087/358
f 1330/3088/359 1333/3089/359 1332/3090/359
f 1332/3091/360 1328/3092/360 1329/3093/360
f 1327/3094/3 1333/3095/3 1331/3096/3
f 377/877/6 376/3097/6 375/878/6
f 376/880/1 377/3098/1 379/881/1
f 378/882/1 381/3099/1 380/883/1
f 385/884/1 384/3100/1 383/885/1
f 382/886/1 387/3101/1 386/887/1
f 382/886/1 383/885/1 378/882/1
f 389/888/4 378/3102/4 383/889/4
f 391/891/4 384/3103/4 385/892/4
f 395/894/7 394/3104/7 393/895/7
f 396/897/6 392/3105/6 393/898/6
f 396/900/1 397/3106/1 399/901/1
f 398/903/4 399/3107/4 394/904/4
f 394/906/3 399/3108/3 397/907/3
f 403/909/7 402/3109/7 401/910/7
f 404/912/6 400/3110/6 401/913/6
f 404/915/1 405/3111/1 407/916/1
f 406/918/4 407/3112/4 402/919/4
f 402/921/3 407/3113/3 405/922/3
f 411/924/7 410/3114/7 409/925/7
f 408/927/6 409/3115/6 413/928/6
f 412/930/1 413/3116/1 415/931/1
f 414/933/4 415/3117/4 410/934/4
f 410/936/3 415/3118/3 413/937/3
f 419/939/7 418/3119/7 417/940/7
f 420/942/6 416/3120/6 417/943/6
f 420/945/1 421/3121/1 423/946/1
f 422/948/4 423/3122/4 418/949/4
f 418/951/3 423/3123/3 421/952/3
f 427/954/7 426/3124/7 425/955/7
f 428/957/6 424/3125/6 425/958/6
f 428/960/1 429/3126/1 431/961/1
f 430/963/4 431/3127/4 426/964/4
f 425/966/3 426/3128/3 431/967/3
f 435/969/7 434/3129/7 433/970/7
f 432/972/6 433/3130/6 437/973/6
f 436/975/1 437/3131/1 439/976/1
f 435/978/4 438/3132/4 439/979/4
f 434/981/3 439/3133/3 437/982/3
f 443/984/7 442/3134/7 441/985/7
f 444/987/6 440/3135/6 441/988/6
f 444/990/1 445/3136/1 447/991/1
f 443/993/4 446/3137/4 447/994/4
f 442/996/3 447/3138/3 445/997/3
f 422/999/5 419/3139/5 416/1000/5
f 428/1002/5 430/3140/5 427/1003/5
f 438/1005/5 435/3141/5 432/1006/5
f 446/1008/5 443/3142/5 440/1009/5
f 451/1011/7 450/3143/7 449/1012/7
f 452/1014/6 448/3144/6 449/1015/6
f 452/1017/1 453/3145/1 455/1018/1
f 454/1020/4 455/3146/4 450/1021/4
f 449/1023/3 450/3147/3 455/1024/3
f 459/1026/7 458/3148/7 457/1027/7
f 456/1029/6 457/3149/6 461/1030/6
f 460/1032/1 461/3150/1 463/1033/1
f 462/1035/4 463/3151/4 458/1036/4
f 458/1038/3 463/3152/3 461/1039/3
f 467/1041/7 466/3153/7 465/1042/7
f 464/1044/6 465/3154/6 469/1045/6
f 468/1047/1 469/3155/1 471/1048/1
f 470/1050/4 471/3156/4 466/1051/4
f 466/1053/3 471/3157/3 469/1054/3
f 475/1056/7 474/3158/7 473/1057/7
f 474/1059/4 477/3159/4 476/1060/4
f 477/1062/1 479/3160/1 478/1063/1
f 479/1065/6 475/3161/6 472/1066/6
f 472/1068/3 473/3162/3 476/1069/3
f 483/1071/7 482/3163/7 481/1072/7
f 480/1074/6 481/3164/6 485/1075/6
f 484/1077/1 485/3165/1 487/1078/1
f 486/1080/4 487/3166/4 482/1081/4
f 482/1083/3 487/3167/3 485/1084/3
f 491/1086/7 490/3168/7 489/1087/7
f 488/1089/6 489/3169/6 493/1090/6
f 492/1092/1 493/3170/1 495/1093/1
f 494/1095/4 495/3171/4 490/1096/4
f 490/1098/3 495/3172/3 493/1099/3
f 499/1101/7 498/3173/7 497/1102/7
f 500/1104/6 496/3174/6 497/1105/6
f 500/1107/1 501/3175/1 503/1108/1
f 502/1110/4 503/3176/4 498/1111/4
f 497/1113/3 498/3177/3 503/1114/3
f 507/1116/7 506/3178/7 505/1117/7
f 508/1119/6 504/3179/6 505/1120/6
f 508/1122/1 509/3180/1 511/1123/1
f 510/1125/4 511/3181/4 506/1126/4
f 505/1128/3 506/3182/3 511/1129/3
f 515/1131/7 514/3183/7 513/1132/7
f 516/1134/6 512/3184/6 513/1135/6
f 516/1137/1 517/3185/1 519/1138/1
f 518/1140/4 519/3186/4 514/1141/4
f 514/1143/3 519/3187/3 517/1144/3
f 494/1146/5 491/3188/5 488/1147/5
f 500/1149/5 502/3189/5 499/1150/5
f 510/1152/5 507/3190/5 504/1153/5
f 518/1155/5 515/3191/5 512/1156/5
f 523/1158/7 522/3192/7 521/1159/7
f 524/1161/6 520/3193/6 521/1162/6
f 524/1164/1 525/3194/1 527/1165/1
f 526/1167/4 527/3195/4 522/1168/4
f 521/1170/3 522/3196/3 527/1171/3
f 531/1173/7 530/3197/7 529/1174/7
f 529/1176/4 530/3198/4 533/1177/4
f 533/1179/1 535/3199/1 534/1180/1
f 535/1182/6 531/3200/6 528/1183/6
f 534/1185/3 528/3201/3 529/1186/3
f 539/1188/7 538/3202/7 537/1189/7
f 540/1191/6 536/3203/6 537/1192/6
f 540/1194/1 541/3204/1 543/1195/1
f 542/1197/4 543/3205/4 538/1198/4
f 538/1200/3 543/3206/3 541/1201/3
f 547/1203/7 546/3207/7 545/1204/7
f 545/1206/4 546/3208/4 549/1207/4
f 549/1209/1 551/3209/1 550/1210/1
f 551/1212/6 547/3210/6 544/1213/6
f 544/1215/3 545/3211/3 548/1216/3
f 555/1218/7 554/3212/7 553/1219/7
f 556/1221/6 552/3213/6 553/1222/6
f 556/1224/1 557/3214/1 559/1225/1
f 558/1227/4 559/3215/4 554/1228/4
f 554/1230/3 559/3216/3 557/1231/3
f 563/1233/7 562/3217/7 561/1234/7
f 561/1236/4 562/3218/4 565/1237/4
f 565/1239/1 567/3219/1 566/1240/1
f 566/1242/6 567/3220/6 563/1243/6
f 560/1245/3 561/3221/3 564/1246/3
f 571/1248/7 570/3222/7 569/1249/7
f 572/1251/6 568/3223/6 569/1252/6
f 572/1254/1 573/3224/1 575/1255/1
f 574/1257/4 575/3225/4 570/1258/4
f 570/1260/3 575/3226/3 573/1261/3
f 579/1263/7 578/3227/7 577/1264/7
f 578/1266/4 581/3228/4 580/1267/4
f 581/1269/1 583/3229/1 582/1270/1
f 583/1272/6 579/3230/6 576/1273/6
f 576/1275/3 577/3231/3 580/1276/3
f 587/1278/7 586/3232/7 585/1279/7
f 588/1281/6 584/3233/6 585/1282/6
f 588/1284/1 589/3234/1 591/1285/1
f 590/1287/4 591/3235/4 586/1288/4
f 586/1290/3 591/3236/3 589/1291/3
f 595/1293/7 594/3237/7 593/1294/7
f 596/1296/6 592/3238/6 593/1297/6
f 596/1299/1 597/3239/1 599/1300/1
f 598/1302/4 599/3240/4 594/1303/4
f 594/1305/3 599/3241/3 597/1306/3
f 603/1308/7 602/3242/7 601/1309/7
f 604/1311/6 600/3243/6 601/1312/6
f 604/1314/1 605/3244/1 607/1315/1
f 606/1317/4 607/3245/4 602/1318/4
f 601/1320/3 602/3246/3 607/1321/3
f 611/1323/7 610/3247/7 609/1324/7
f 612/1326/6 608/3248/6 609/1327/6
f 612/1329/1 613/3249/1 615/1330/1
f 614/1332/4 615/3250/4 610/1333/4
f 609/1335/3 610/3251/3 615/1336/3
f 590/1338/5 587/3252/5 584/1339/5
f 596/1341/5 598/3253/5 595/1342/5
f 604/1344/5 606/3254/5 603/1345/5
f 614/1347/5 611/3255/5 608/1348/5
f 619/1350/25 618/3256/25 617/1351/26
f 620/1353/3 623/3257/3 622/1354/3
f 624/1356/5 617/3258/5 618/1357/5
f 626/1359/5 629/3259/5 628/1360/5
f 631/1362/3 630/3260/3 619/1363/3
f 632/1365/27 635/3261/27 634/1366/27
f 637/1368/28 636/3262/28 623/1369/28
f 637/1371/5 632/3263/5 633/1372/5
f 639/1374/3 638/2878/3 634/1375/3
f 643/1377/29 642/3264/29 641/1378/29
f 640/1380/30 641/3265/30 645/1381/30
f 644/1383/31 645/3266/31 647/1384/31
f 646/1386/32 647/3267/32 642/1387/32
f 641/1389/3 642/3268/3 647/1390/3
f 651/1392/29 650/3269/29 649/1393/29
f 649/1395/33 650/3270/33 653/1396/33
f 653/1398/31 655/3271/31 654/1399/31
f 655/1401/34 651/3272/34 648/1402/34
f 648/1404/3 649/3273/3 652/1405/3
f 622/1407/25 628/3274/25 629/1408/35
f 630/1410/25 631/3275/25 626/1411/25
f 639/1413/28 624/3276/28 625/1414/28
f 616/1416/37 617/3277/41 657/1417/38
f 658/1419/3 620/3278/3 621/1420/3
f 657/1422/5 617/3279/5 624/1423/5
f 662/1425/5 629/3280/5 626/1426/5
f 663/1428/3 631/3281/3 616/1429/3
f 665/1431/39 635/3282/39 632/1432/39
f 666/1434/40 637/3283/40 620/1435/40
f 664/1437/5 632/3284/5 637/1438/5
f 665/1440/3 667/3285/3 639/1441/3
f 621/1443/41 629/3286/41 662/1444/42
f 631/1446/43 663/3287/43 661/1447/43
f 667/1449/40 660/3288/40 624/1450/40
f 656/1452/44 657/3289/44 669/1453/45
f 670/1455/3 658/3290/3 659/1456/3
f 669/1458/5 657/3291/5 660/1459/5
f 674/1461/5 662/3292/5 661/1462/5
f 675/1464/3 663/3293/3 656/1465/3
f 677/1467/46 665/3294/46 664/1468/46
f 678/1470/46 666/3295/46 658/1471/46
f 676/1473/5 664/3296/5 666/1474/5
f 677/1476/3 679/3297/3 667/1477/3
f 683/1479/47 682/3298/47 681/1480/47
f 682/1482/48 685/3299/48 684/1483/48
f 685/1485/49 687/3300/49 686/1486/49
f 687/1488/50 683/3301/50 680/1489/50
f 686/1491/3 680/3302/3 681/1492/3
f 691/1494/51 690/3303/51 689/1495/51
f 692/1497/52 688/3304/52 689/1498/52
f 692/1500/53 693/3305/53 695/1501/53
f 694/1503/54 695/3306/54 690/1504/54
f 689/1506/3 690/3307/3 695/1507/3
f 694/1509/5 691/3308/5 688/1510/5
f 659/1512/44 662/3309/45 674/1513/44
f 663/1515/55 675/3310/55 673/1516/55
f 679/1518/56 672/3311/56 660/1519/56
f 668/1521/57 669/3312/57 697/1522/57
f 698/1524/3 670/3313/3 671/1525/3
f 697/1527/5 669/3314/5 672/1528/5
f 702/1530/5 674/3315/5 673/1531/5
f 703/1533/3 675/3316/3 668/1534/3
f 705/1536/58 677/3317/58 676/1537/58
f 698/1539/58 706/3318/58 678/1540/58
f 704/1542/5 676/3319/5 678/1543/5
f 705/1545/3 707/3320/3 679/1546/3
f 711/1548/59 710/3321/60 709/1549/60
f 712/1551/61 715/3322/361 714/1552/62
f 719/1554/64 718/3323/64 717/1555/65
f 723/1557/66 722/3324/66 721/1558/66
f 722/1560/67 725/3325/67 724/1561/67
f 725/1563/68 727/3326/68 726/1564/68
f 727/1566/69 723/3327/69 720/1567/69
f 726/1569/3 720/3328/3 721/1570/3
f 731/1572/70 730/3329/70 729/1573/70
f 732/1575/71 728/3330/71 729/1576/71
f 732/1578/72 733/3331/72 735/1579/72
f 731/1581/73 734/3332/73 735/1582/73
f 729/1584/3 730/3333/3 735/1585/3
f 734/1587/5 731/3334/5 728/1588/5
f 710/1590/3 711/3335/3 737/1591/3
f 738/1593/5 741/3336/5 740/1594/5
f 739/1596/74 740/3337/74 743/1597/75
f 737/1599/76 741/3338/76 738/1600/76
f 712/1602/3 745/3339/3 744/1603/3
f 719/1605/5 716/3340/5 713/1606/5
f 747/1608/5 708/3341/5 709/1609/5
f 718/1611/3 742/3342/3 743/1612/3
f 746/1614/77 744/3343/77 745/1615/77
f 671/1617/78 674/3344/57 702/1618/57
f 675/1620/79 703/3345/79 701/1621/79
f 707/1623/80 700/3346/80 672/1624/80
f 696/1626/81 697/3347/81 749/1627/82
f 750/1629/3 698/3348/3 699/1630/3
f 749/1632/5 697/3349/5 700/1633/5
f 754/1635/5 702/3350/5 701/1636/5
f 755/1638/3 703/3351/3 696/1639/3
f 757/1641/83 705/3352/83 704/1642/83
f 758/1644/83 706/3353/83 698/1645/83
f 756/1647/5 704/3354/5 706/1648/5
f 757/1650/3 759/3355/3 707/1651/3
f 761/1653/84 711/3356/84 708/1654/84
f 712/1656/85 713/3357/362 763/1657/86
f 716/1659/87 717/3358/87 765/1660/87
f 766/1662/88 769/3359/88 768/1663/88
f 767/1665/89 768/3360/89 771/1666/89
f 771/1668/90 773/3361/90 772/1669/90
f 773/1671/91 769/3362/91 766/1672/91
f 766/1674/3 767/3363/3 770/1675/3
f 777/1677/93 776/3364/93 775/1678/93
f 774/1680/94 775/3365/94 779/1681/94
f 778/1683/95 779/3366/95 781/1684/95
f 780/1686/96 781/3367/96 776/1687/96
f 776/1689/3 781/3368/3 779/1690/3
f 778/1692/5 780/3369/5 777/1693/5
f 711/1695/3 761/3370/3 782/1696/3
f 784/1698/5 783/3371/5 740/1699/5
f 783/1701/97 785/3372/98 743/1702/98
f 782/1704/99 784/3373/100 741/1705/100
f 712/1707/3 762/3374/3 786/1708/3
f 764/1710/5 763/3375/5 713/1711/5
f 787/1713/5 760/3376/5 708/1714/5
f 743/1716/3 785/3377/3 765/1717/3
f 745/1719/102 786/3378/363 787/1720/103
f 699/1722/81 702/3379/81 754/1723/82
f 701/1725/105 703/3380/105 755/1726/105
f 759/1728/83 752/3381/83 700/1729/83
f 748/1731/106 749/3382/364 789/1732/106
f 790/1734/3 750/3383/3 751/1735/3
f 789/1737/5 749/3384/5 752/1738/5
f 794/1740/5 754/3385/5 753/1741/5
f 795/1743/3 755/3386/3 748/1744/3
f 797/1746/107 757/3387/107 756/1747/107
f 798/1749/108 758/3388/108 750/1750/108
f 796/1752/5 756/3389/5 758/1753/5
f 797/1755/3 799/3390/3 759/1756/3
f 801/1758/109 761/3391/110 760/1759/110
f 762/1761/111 763/3392/111 803/1762/112
f 764/1764/113 765/3393/113 805/1765/113
f 809/1767/114 808/3394/114 807/1768/114
f 808/1770/115 811/3395/115 810/1771/115
f 811/1773/116 813/3396/116 812/1774/116
f 813/1776/117 809/3397/117 806/1777/117
f 806/1779/3 807/3398/3 810/1780/3
f 817/1782/118 816/3399/118 815/1783/118
f 814/1785/119 815/3400/119 819/1786/119
f 818/1788/120 819/3401/120 821/1789/120
f 820/1791/121 821/3402/121 816/1792/121
f 816/1794/3 821/3403/3 819/1795/3
f 818/1797/5 820/3404/5 817/1798/5
f 761/1800/3 801/3405/3 822/1801/3
f 784/1803/5 824/3406/5 823/1804/5
f 823/1806/122 825/3407/122 785/1807/122
f 822/1809/123 824/3408/365 784/1810/123
f 802/1812/3 826/3409/3 786/1813/3
f 764/1815/5 804/3410/5 803/1816/5
f 787/1818/5 827/3411/5 800/1819/5
f 765/1821/3 785/3412/3 825/1822/3
f 786/1824/124 826/3413/124 827/1825/124
f 751/1827/125 754/3414/364 794/1828/106
f 753/1830/126 755/3415/126 795/1831/126
f 799/1833/108 792/3416/108 752/1834/108
f 788/1836/127 789/3417/150 829/1837/128
f 830/1839/3 790/3418/3 791/1840/3
f 829/1842/5 789/3419/5 792/1843/5
f 834/1845/5 794/3420/5 793/1846/5
f 835/1848/3 795/3421/3 788/1849/3
f 837/1851/130 797/3422/130 796/1852/130
f 838/1854/130 798/3423/130 790/1855/130
f 836/1857/5 796/3424/5 798/1858/5
f 837/1860/3 839/3425/3 799/1861/3
f 840/1863/131 841/3426/131 801/1864/131
f 842/1866/132 802/3427/132 803/1867/132
f 804/1869/133 805/3428/133 845/1870/134
f 846/1872/136 849/3429/136 848/1873/136
f 846/1875/137 847/3430/137 851/1876/137
f 850/1878/138 851/3431/138 853/1879/138
f 852/1881/139 853/3432/139 848/1882/139
f 848/1884/3 853/3433/3 851/1885/3
f 857/1887/140 856/3434/140 855/1888/140
f 856/1890/141 859/3435/141 858/1891/141
f 859/1893/142 861/3436/138 860/1894/142
f 861/1896/143 857/3437/143 854/1897/143
f 860/1899/3 854/3438/3 855/1900/3
f 865/1902/144 864/3439/144 863/1903/144
f 866/1905/145 862/3440/145 863/1906/145
f 866/1908/146 867/3441/146 869/1909/146
f 868/1911/147 869/3442/147 864/1912/147
f 863/1914/3 864/3443/3 869/1915/3
f 868/1917/5 865/3444/5 862/1918/5
f 801/1920/3 841/3445/3 870/1921/3
f 824/1923/5 872/3446/5 871/1924/5
f 871/1926/148 873/3447/148 825/1927/148
f 870/1929/148 872/3448/148 824/1930/148
f 842/1932/3 874/3449/3 826/1933/3
f 804/1935/5 844/3450/5 843/1936/5
f 875/1938/5 840/3451/5 800/1939/5
f 805/1941/3 825/3452/3 873/1942/3
f 826/1944/149 874/3453/149 875/1945/149
f 791/1947/150 794/3454/366 834/1948/151
f 795/1950/139 835/3455/139 833/1951/139
f 839/1953/130 832/3456/130 792/1954/130
f 828/1956/153 829/3457/367 877/1957/154
f 878/1959/3 830/3458/3 831/1960/3
f 877/1962/5 829/3459/5 832/1963/5
f 882/1965/5 834/3460/5 833/1966/5
f 883/1968/3 835/3461/3 828/1969/3
f 885/1971/155 837/3462/155 836/1972/155
f 886/1974/155 838/3463/155 830/1975/155
f 884/1977/5 836/3464/5 838/1978/5
f 885/1980/3 887/3465/3 839/1981/3
f 888/1983/156 889/3466/156 841/1984/156
f 890/1986/157 842/3467/157 843/1987/157
f 844/1989/158 845/3468/158 893/1990/159
f 897/1992/160 896/3469/160 895/1993/160
f 898/1995/162 894/3470/162 895/1996/162
f 898/1998/163 899/3471/163 901/1999/163
f 900/2001/164 901/3472/164 896/2002/164
f 896/2004/3 901/3473/3 899/2005/3
f 905/2007/160 904/3474/160 903/2008/160
f 904/2010/165 907/3475/165 906/2011/165
f 907/2013/163 909/3476/163 908/2014/163
f 909/2016/166 905/3477/166 902/2017/166
f 908/2019/3 902/3478/3 903/2020/3
f 913/2022/167 912/3479/167 911/2023/167
f 914/2025/168 910/3480/168 911/2026/168
f 914/2028/169 915/3481/169 917/2029/169
f 916/2031/170 917/3482/170 912/2032/170
f 911/2034/3 912/3483/3 917/2035/3
f 916/2037/5 913/3484/5 910/2038/5
f 841/2040/3 889/3485/3 918/2041/3
f 872/2043/5 920/3486/5 919/2044/5
f 919/2046/171 921/3487/171 873/2047/171
f 870/2049/171 918/3488/171 920/2050/171
f 890/2052/3 922/3489/3 874/2053/3
f 844/2055/5 892/3490/5 891/2056/5
f 923/2058/5 888/3491/5 840/2059/5
f 845/2061/3 873/3492/3 921/2062/3
f 874/2064/157 922/3493/157 923/2065/157
f 831/2067/153 834/3494/153 882/2068/154
f 833/2070/172 835/3495/172 883/2071/172
f 887/2073/173 880/3496/173 832/2074/173
f 876/2076/174 877/3497/174 925/2077/174
f 926/2079/3 878/3498/3 879/2080/3
f 925/2082/5 877/3499/5 880/2083/5
f 930/2085/5 882/3500/5 881/2086/5
f 931/2088/3 883/3501/3 876/2089/3
f 933/2091/175 885/3502/175 884/2092/175
f 934/2094/176 886/3503/176 878/2095/176
f 932/2097/5 884/3504/5 886/2098/5
f 933/2100/3 935/3505/3 887/2101/3
f 936/2103/7 939/2106/7 938/2104/7
f 939/2106/7 936/2103/7 941/2107/7
f 942/2109/7 945/3506/7 944/2110/7
f 943/2111/7 947/3507/7 946/2112/7
f 938/2104/7 939/2106/7 942/2109/7
f 951/2113/177 950/3508/177 949/2114/177
f 949/2116/178 950/3509/178 953/2117/178
f 952/2119/179 953/3510/179 955/2120/179
f 955/2122/180 951/3511/180 948/2123/180
f 948/2125/3 949/3512/3 952/2126/3
f 959/2128/182 958/3513/182 957/2129/182
f 956/2131/183 957/3514/183 961/2132/183
f 960/2134/184 961/3515/184 963/2135/184
f 962/2137/185 963/3516/185 958/2138/185
f 957/2140/3 958/3517/3 963/2141/3
f 962/2143/5 959/3518/5 956/2144/5
f 879/2146/186 882/3519/186 930/2147/187
f 883/2149/188 931/3520/188 929/2150/188
f 935/2152/176 928/3521/176 880/2153/176
f 924/2155/189 925/3522/210 965/2156/189
f 966/2158/3 926/3523/3 927/2159/3
f 965/2161/5 925/3524/5 928/2162/5
f 970/2164/5 930/3525/5 929/2165/5
f 971/2167/3 931/3526/3 924/2168/3
f 973/2170/191 933/3527/191 932/2171/191
f 974/2173/191 934/3528/191 926/2174/191
f 972/2176/5 932/3529/5 934/2177/5
f 973/2179/3 975/3530/3 935/2180/3
f 979/2182/192 978/3531/192 977/2183/192
f 980/2185/193 983/3532/193 982/2186/193
f 987/2188/194 986/3533/368 985/2189/195
f 991/2191/196 990/3534/196 989/2192/196
f 992/2194/197 988/3535/197 989/2195/197
f 992/2197/198 993/3536/198 995/2198/198
f 991/2200/199 994/3537/199 995/2201/199
f 990/2203/3 995/3538/3 993/2204/3
f 999/2206/196 998/3539/196 997/2207/196
f 997/2209/200 998/3540/200 1001/2210/200
f 1001/2212/198 1003/3541/198 1002/2213/198
f 1003/2215/201 999/3542/201 996/2216/201
f 1002/2218/3 996/3543/3 997/2219/3
f 1007/2221/203 1006/3544/203 1005/2222/203
f 1008/2224/204 1004/3545/204 1005/2225/204
f 1008/2227/205 1009/3546/205 1011/2228/205
f 1007/2230/206 1010/3547/206 1011/2231/206
f 1006/2233/3 1011/3548/3 1009/2234/3
f 1008/2236/5 1010/3549/5 1007/2237/5
f 978/2239/3 979/3550/3 1013/2240/3
f 1014/2242/5 1017/3551/5 1016/2243/5
f 1016/2245/207 1019/3552/207 1018/2246/207
f 1013/2248/207 1017/3553/207 1014/2249/207
f 980/2251/3 1021/3554/3 1020/2252/3
f 987/2254/5 984/3555/5 981/2255/5
f 1023/2257/5 976/3556/5 977/2258/5
f 986/2260/3 1018/3557/3 1019/2261/3
f 1020/2263/208 1021/3558/208 1023/2264/208
f 927/2266/209 930/3559/369 970/2267/190
f 929/2269/211 931/3560/211 971/2270/211
f 975/2272/191 968/3561/191 928/2273/191
f 964/2275/212 965/3562/212 1025/2276/212
f 1026/2278/3 966/3563/3 967/2279/3
f 1025/2281/5 965/3564/5 968/2282/5
f 1030/2284/5 970/3565/5 969/2285/5
f 1031/2287/3 971/3566/3 964/2288/3
f 1033/2290/214 973/3567/214 972/2291/214
f 1026/2293/214 1034/3568/214 974/2294/214
f 1032/2296/5 972/3569/5 974/2297/5
f 1033/2299/3 1035/3570/3 975/2300/3
f 1037/2302/215 979/3571/215 976/2303/215
f 1038/2305/216 980/3572/216 981/2306/216
f 984/2308/217 985/3573/217 1041/2309/218
f 1045/2311/219 1044/3574/219 1043/2312/219
f 1042/2314/220 1043/3575/220 1047/2315/220
f 1046/2317/221 1047/3576/221 1049/2318/221
f 1048/2320/222 1049/3577/222 1044/2321/222
f 1043/2323/3 1044/3578/3 1049/2324/3
f 1053/2326/223 1052/3579/223 1051/2327/223
f 1052/2329/224 1055/3580/224 1054/2330/224
f 1055/2332/221 1057/3581/221 1056/2333/221
f 1057/2335/225 1053/3582/225 1050/2336/226
f 1050/2338/3 1051/3583/3 1054/2339/3
f 1061/2341/227 1060/3584/227 1059/2342/227
f 1058/2344/228 1059/3585/228 1063/2345/228
f 1062/2347/229 1063/3586/229 1065/2348/229
f 1064/2350/230 1065/3587/230 1060/2351/230
f 1059/2353/3 1060/3588/3 1065/2354/3
f 1064/2356/5 1061/3589/5 1058/2357/5
f 979/2359/3 1037/3590/3 1066/2360/3
f 1017/2362/5 1068/3591/5 1067/2363/5
f 1016/2365/215 1067/3592/215 1069/2366/215
f 1066/2368/215 1068/3593/215 1017/2369/215
f 1038/2371/3 1070/3594/3 1021/2372/3
f 984/2374/5 1040/3595/5 1039/2375/5
f 1071/2377/5 1036/3596/5 976/2378/5
f 985/2380/3 1019/3597/3 1069/2381/3
f 1021/2383/216 1070/3598/216 1071/2384/216
f 967/2386/231 970/3599/370 1030/2387/212
f 969/2389/232 971/3600/232 1031/2390/232
f 1035/2392/214 1028/3601/214 968/2393/214
f 1024/2395/233 1025/3602/371 1073/2396/234
f 1074/2398/3 1026/3603/3 1027/2399/3
f 1073/2401/5 1025/3604/5 1028/2402/5
f 1078/2404/5 1030/3605/5 1029/2405/5
f 1079/2407/3 1031/3606/3 1024/2408/3
f 1080/2410/236 1081/3607/236 1033/2411/236
f 1074/2413/236 1082/3608/236 1034/2414/236
f 1080/2416/5 1032/3609/5 1034/2417/5
f 1081/2419/3 1083/3610/3 1035/2420/3
f 1085/2422/237 1037/3611/237 1036/2423/237
f 1086/2425/238 1038/3612/238 1039/2426/238
f 1040/2428/239 1041/3613/372 1089/2429/240
f 1093/2431/241 1092/3614/241 1091/2432/241
f 1094/2434/242 1090/3615/242 1091/2435/242
f 1094/2437/243 1095/3616/243 1097/2438/243
f 1096/2440/244 1097/3617/245 1092/2441/245
f 1092/2443/3 1097/3618/3 1095/2444/3
f 1101/2446/241 1100/3619/241 1099/2447/241
f 1100/2449/246 1103/3620/246 1102/2450/246
f 1102/2452/243 1103/3621/243 1105/2453/243
f 1105/2455/247 1101/3622/247 1098/2456/247
f 1104/2458/3 1098/3623/3 1099/2459/3
f 1109/2461/248 1108/3624/248 1107/2462/248
f 1110/2464/249 1106/3625/249 1107/2465/249
f 1110/2467/250 1111/3626/250 1113/2468/250
f 1112/2470/251 1113/3627/251 1108/2471/251
f 1108/2473/3 1113/3628/3 1111/2474/3
f 1110/2476/5 1112/3629/5 1109/2477/5
f 1037/2479/3 1085/3630/3 1114/2480/3
f 1068/2482/5 1116/3631/5 1115/2483/5
f 1115/2485/252 1117/3632/252 1069/2486/252
f 1114/2488/253 1116/3633/253 1068/2489/253
f 1086/2491/3 1118/3634/3 1070/2492/3
f 1040/2494/5 1088/3635/5 1087/2495/5
f 1119/2497/5 1084/3636/5 1036/2498/5
f 1041/2500/3 1069/3637/3 1117/2501/3
f 1070/2503/254 1118/3638/254 1119/2504/254
f 1027/2506/255 1030/3639/233 1078/2507/255
f 1031/2509/256 1079/3640/256 1077/2510/256
f 1083/2512/236 1076/3641/236 1028/2513/236
f 1072/2515/257 1073/3642/257 1121/2516/258
f 1122/2518/3 1074/3643/3 1075/2519/3
f 1121/2521/5 1073/3644/5 1076/2522/5
f 1126/2524/5 1078/3645/5 1077/2525/5
f 1127/2527/3 1079/3646/3 1072/2528/3
f 1128/2530/260 1129/3647/260 1081/2531/260
f 1130/2533/260 1082/3648/260 1074/2534/260
f 1128/2536/5 1080/3649/5 1082/2537/5
f 1129/2539/3 1131/3650/3 1083/2540/3
f 1133/2542/261 1085/3651/261 1084/2543/261
f 1134/2545/262 1086/3652/262 1087/2546/262
f 1088/2548/262 1089/3653/262 1137/2549/263
f 1141/2551/264 1140/3654/264 1139/2552/264
f 1138/2554/265 1139/3655/265 1143/2555/265
f 1142/2557/266 1143/3656/266 1145/2558/266
f 1144/2560/267 1145/3657/267 1140/2561/267
f 1139/2563/3 1140/3658/3 1145/2564/3
f 1149/2566/268 1148/3659/268 1147/2567/268
f 1148/2569/269 1151/3660/269 1150/2570/269
f 1151/2572/266 1153/3661/266 1152/2573/266
f 1153/2575/270 1149/3662/270 1146/2576/270
f 1146/2578/3 1147/3663/3 1150/2579/3
f 1157/2581/271 1156/3664/271 1155/2582/271
f 1154/2584/272 1155/3665/272 1159/2585/272
f 1158/2587/273 1159/3666/273 1161/2588/273
f 1160/2590/274 1161/3667/274 1156/2591/274
f 1155/2593/3 1156/3668/3 1161/2594/3
f 1160/2596/5 1157/3669/5 1154/2597/5
f 1085/2599/3 1133/3670/3 1162/2600/3
f 1116/2602/5 1164/3671/5 1163/2603/5
f 1163/2605/261 1165/3672/261 1117/2606/261
f 1162/2608/261 1164/3673/261 1116/2609/261
f 1134/2611/3 1166/3674/3 1118/2612/3
f 1088/2614/5 1136/3675/5 1135/2615/5
f 1167/2617/5 1132/3676/5 1084/2618/5
f 1089/2620/3 1117/3677/3 1165/2621/3
f 1118/2623/262 1166/3678/262 1167/2624/262
f 1075/2626/257 1078/3679/373 1126/2627/275
f 1079/2629/276 1127/3680/276 1125/2630/276
f 1131/2632/260 1124/3681/260 1076/2633/260
f 1120/2635/277 1121/3682/295 1169/2636/277
f 1170/2638/278 1122/3683/3 1123/2639/3
f 1169/2641/279 1121/3684/5 1124/2642/5
f 1174/2644/279 1126/3685/5 1125/2645/5
f 1175/2647/278 1127/3686/3 1120/2648/3
f 1177/2650/280 1129/3687/280 1128/2651/280
f 1170/2653/281 1178/3688/281 1130/2654/280
f 1176/2656/279 1128/3689/5 1130/2657/5
f 1177/2659/278 1179/3690/278 1131/2660/3
f 1180/2662/282 1181/3691/282 1133/2663/282
f 1182/2665/283 1134/3692/283 1135/2666/283
f 1136/2668/284 1137/3693/284 1185/2669/285
f 1189/2671/286 1188/3694/286 1187/2672/286
f 1186/2674/287 1187/3695/288 1191/2675/288
f 1190/2677/289 1191/3696/289 1193/2678/289
f 1192/2680/290 1193/3697/290 1188/2681/290
f 1187/2683/3 1188/3698/3 1193/2684/3
f 1197/2686/286 1196/3699/286 1195/2687/286
f 1196/2689/290 1199/3700/290 1198/2690/290
f 1199/2692/289 1201/3701/289 1200/2693/289
f 1201/2695/288 1197/3702/288 1194/2696/288
f 1194/2698/3 1195/3703/3 1198/2699/3
f 1205/2701/291 1204/3704/291 1203/2702/291
f 1202/2704/288 1203/3705/288 1207/2705/288
f 1208/2707/292 1206/3706/292 1207/2708/292
f 1208/2710/290 1209/3707/290 1204/2711/290
f 1203/2713/3 1204/3708/3 1209/2714/3
f 1208/2716/5 1205/3709/5 1202/2717/5
f 1133/2719/3 1181/3710/293 1210/2720/293
f 1164/2722/5 1212/3711/5 1211/2723/5
f 1211/2725/294 1213/3712/294 1165/2726/294
f 1210/2728/294 1212/3713/294 1164/2729/294
f 1182/2731/293 1214/3714/293 1166/2732/3
f 1136/2734/5 1184/3715/5 1183/2735/5
f 1215/2737/5 1180/3716/5 1132/2738/5
f 1137/2740/3 1165/3717/3 1213/2741/3
f 1166/2743/283 1214/3718/283 1215/2744/283
f 1123/2746/277 1126/3719/295 1174/2747/277
f 1127/2749/296 1175/3720/296 1173/2750/296
f 1179/2752/297 1172/3721/297 1124/2753/297
f 1168/2755/298 1169/3722/298 1217/2756/298
f 1218/2758/299 1170/3723/278 1171/2759/278
f 1217/2761/300 1169/3724/279 1172/2762/279
f 1222/2764/300 1174/3725/279 1173/2765/279
f 1223/2767/301 1175/3726/278 1168/2768/278
f 1225/2770/302 1177/3727/302 1176/2771/302
f 1226/2773/303 1178/3728/374 1170/2774/302
f 1224/2776/300 1176/3729/279 1178/2777/279
f 1225/2779/299 1227/3730/299 1179/2780/278
f 1229/2782/304 1181/3731/304 1180/2783/304
f 1230/2785/305 1182/3732/305 1183/2786/305
f 1184/2788/306 1185/3733/306 1233/2789/307
f 1234/2791/308 1237/3734/308 1236/2792/308
f 1234/2794/309 1235/3735/310 1239/2795/310
f 1238/2797/311 1239/3736/311 1241/2798/311
f 1240/2800/312 1241/3737/312 1236/2801/312
f 1236/2803/3 1241/3738/3 1239/2804/3
f 1245/2806/308 1244/3739/308 1243/2807/308
f 1244/2809/313 1247/3740/313 1246/2810/313
f 1247/2812/311 1249/3741/311 1248/2813/311
f 1249/2815/314 1245/3742/314 1242/2816/314
f 1248/2818/3 1242/3743/3 1243/2819/3
f 1253/2821/316 1252/3744/316 1251/2822/316
f 1250/2824/315 1251/3745/315 1255/2825/315
f 1256/2827/317 1254/3746/317 1255/2828/317
f 1256/2830/318 1257/3747/318 1252/2831/318
f 1252/2833/3 1257/3748/3 1255/2834/3
f 1254/2836/5 1256/3749/5 1253/2837/5
f 1181/2839/293 1229/3750/3 1258/2840/3
f 1212/2842/5 1260/3751/5 1259/2843/5
f 1259/2845/304 1261/3752/304 1213/2846/304
f 1258/2848/304 1260/3753/304 1212/2849/304
f 1230/2851/3 1262/3754/3 1214/2852/293
f 1184/2854/5 1232/3755/5 1231/2855/5
f 1263/2857/5 1228/3756/5 1180/2858/5
f 1185/2860/3 1213/3757/3 1261/2861/3
f 1214/2863/305 1262/3758/305 1263/2864/305
f 1171/2866/319 1174/3759/319 1222/2867/319
f 1173/2869/320 1175/3760/320 1223/2870/320
f 1179/2872/302 1227/3761/302 1220/2873/302
f 1228/2875/321 1263/3034/321 1258/2876/322
f 638/2878/29 625/1414/29 618/1357/29
f 377/2879/3 374/3004/3 1264/2880/3
f 1265/2882/3 1268/3762/3 1267/2883/3
f 1266/2884/3 1267/2883/3 1270/2885/3
f 387/2887/5 382/3763/5 1272/2888/5
f 1276/2890/5 1275/2893/5 1274/2891/5
f 1275/2893/5 1278/3764/5 1277/2894/5
f 387/2895/6 1271/2998/6 1279/2896/6
f 1273/2898/6 1274/2901/6 1281/2899/6
f 1274/2901/323 1277/3765/324 1282/2902/324
f 379/2903/6 1264/2995/6 1272/2904/6
f 1265/2906/6 1266/3766/6 1275/2907/6
f 1275/2907/324 1266/3766/324 1269/2909/324
f 378/2911/3 389/2991/3 1283/2912/3
f 1287/2914/3 1286/3767/3 1285/2915/3
f 1285/2915/3 1286/3767/3 1289/2917/3
f 384/2919/5 391/2987/5 388/2920/5
f 1293/2922/5 1292/2925/5 1291/2923/5
f 1292/2925/5 1295/3768/5 1294/2926/5
f 1295/2927/325 1292/3769/326 1297/2928/326
f 944/2930/4 945/3770/4 391/891/4
f 1289/2931/326 1286/2979/325 1291/2932/325
f 939/2934/4 389/888/4 388/890/4
f 376/2936/5 380/3771/5 1298/2937/5
f 1302/2939/5 1301/2942/5 1300/2940/5
f 1301/2942/5 1304/3772/5 1303/2943/5
f 1279/2944/3 390/2974/3 385/2945/3
f 1281/2947/3 1297/2951/3 1305/2948/3
f 1282/2950/3 1296/3773/3 1297/2951/3
f 1283/2952/4 1298/2970/4 380/2953/4
f 1285/2955/4 1301/2959/4 1302/2956/4
f 1288/2958/325 1304/3774/326 1301/2959/326
f 1270/2960/324 1267/2966/324 1300/2961/324
f 374/879/6 375/878/6 936/2963/6
f 1268/2965/6 1299/2968/6 1300/2961/6
f 1307/2967/6 1306/3775/6 1299/2968/6
f 940/2969/4 941/3776/4 1298/2970/4
f 1284/2957/4 1302/2956/4 1309/2971/4
f 943/2973/3 944/3777/3 390/2974/3
f 1310/2975/3 1280/2949/3 1305/2948/3
f 1298/2937/5 941/3778/5 936/2977/5
f 1306/2978/5 1309/3779/5 1302/2939/5
f 1286/2979/4 1287/2981/4 1290/2980/4
f 1287/2981/4 1313/3780/4 1312/2982/4
f 1297/2928/4 1292/3769/4 1293/2983/4
f 1305/2984/4 1293/2983/4 1314/2985/4
f 391/2987/5 945/3781/5 942/2988/5
f 1314/2989/5 1293/2922/5 1290/2924/5
f 389/2991/3 939/3782/3 940/2992/3
f 1313/2993/3 1287/2914/3 1284/2916/3
f 1264/2995/6 938/3783/6 946/2996/6
f 1315/2997/6 1316/3784/6 1265/2906/6
f 1271/2998/6 947/3785/6 943/2999/6
f 1317/3000/6 1273/2898/6 1280/2900/6
f 1272/2888/5 946/3786/5 947/3002/5
f 1317/3003/5 1315/3787/5 1276/2890/5
f 374/3004/3 937/3788/3 938/3005/3
f 1307/3006/3 1268/3762/3 1265/2882/3
f 1315/3008/1 1317/3789/1 1310/3009/1
f 1311/3010/1 1314/3790/1 1312/3011/1
f 1316/3012/1 1313/3016/1 1306/3013/1
f 1309/3015/1 1306/3013/1 1313/3016/1
f 1316/3012/1 1315/3008/1 1312/3011/1
f 918/3018/327 889/3791/328 888/3019/328
f 890/3021/329 918/3018/329 923/3020/330
f 920/3023/331 918/3018/329 890/3021/329
f 891/3024/332 892/3792/375 893/3025/333
f 920/3023/331 893/3025/333 921/3026/334
f 1220/3028/336 1227/3793/376 1225/3029/336
f 1217/3030/338 1225/3029/338 1223/3031/338
f 1230/3033/336 1258/2876/336 1263/3034/336
f 1258/2876/336 1230/3033/336 1231/3036/339
f 1224/3038/336 1221/3044/336 1223/3031/336
f 1224/3038/341 1226/3794/341 1218/3039/341
f 1261/3041/342 1259/3795/342 1260/3037/340
f 1233/3042/343 1260/3037/340 1231/3036/339
f 1221/3044/345 1224/3038/345 1219/3040/345
f 1321/3046/7 1320/3796/7 1319/3047/7
f 1320/3049/4 1323/3797/4 1322/3050/4
f 1323/3052/1 1325/3798/1 1324/3053/1
f 1325/3055/6 1321/3799/6 1318/3056/6
f 1318/3058/3 1319/3800/3 1322/3059/3
f 736/3061/346 746/3065/377 709/3062/347
f 715/3064/348 744/3801/378 746/3065/349
f 738/3066/351 714/3067/352 715/3064/348
f 714/3067/352 738/3066/351 718/3068/353
f 742/3070/355 718/3068/353 738/3066/351
f 1269/3072/7 1270/3802/7 1303/3073/7
f 1289/3075/7 1269/3072/7 1304/3074/7
f 1269/3072/7 1289/3075/7 1294/3077/7
f 1294/3077/7 1295/3803/7 1296/3079/7
f 1278/3078/7 1294/3077/7 1282/3080/7
f 1329/3082/357 1328/3804/357 1327/3083/357
f 1330/3085/358 1326/3805/358 1327/3086/358
f 1330/3088/359 1331/3806/359 1333/3089/359
f 1332/3091/360 1333/3807/360 1328/3092/360
f 1327/3094/3 1328/3808/3 1333/3095/3
l 159 166
l 158 159
l 158 162
l 160 167
l 161 162
l 161 163
l 164 165
l 164 166
l 177 178
l 157 163
l 156 157
l 156 160
l 165 167
l 305 178
