# Blender v3.1.2 OBJ File: '45degswitch_active.blend'
# www.blender.org
mtllib 4x3_switch_45_right_active.mtl
o track_normal.001_track_normal.008
v -2.306730 0.041289 -2.816522
v -2.312466 0.071584 -2.810786
v -3.217466 0.071584 -2.781056
v -3.241609 0.041289 -2.756913
v -2.336609 0.071584 -2.786643
v -2.349157 0.041289 -2.774096
v -3.224278 0.041289 -2.774244
v -3.211730 0.041289 -2.786791
v -2.781056 0.085803 -3.217466
v -2.781056 0.071584 -3.217466
v -3.254156 0.025803 -2.744365
v -3.108199 0.054721 -2.701093
v -3.129412 0.054721 -2.722306
v -3.211730 0.025803 -2.786791
v -3.248421 0.071584 -2.750100
v -3.248421 0.085803 -2.750100
v -3.241609 0.071584 -2.756913
v -3.224278 0.071584 -2.774244
v -3.150625 0.054721 -2.701093
v -2.786791 0.041289 -3.211730
v -2.774244 0.041289 -3.224278
v -3.217466 0.085803 -2.781056
v -2.612846 0.085803 -3.049255
v -2.606034 0.041289 -3.056068
v -2.618582 0.041289 -3.043520
v -2.576155 0.041289 -3.085947
v -2.588703 0.041289 -3.073399
v -2.581890 0.085803 -3.080211
v -2.606034 0.071584 -3.056068
v -2.588703 0.071584 -3.073399
v -2.612846 0.071584 -3.049255
v -2.750100 0.085803 -3.248421
v -2.756913 0.071584 -3.241609
v -2.750100 0.071584 -3.248421
v -2.722306 -0.025279 -3.129412
v -2.722306 0.054721 -3.129412
v -2.701093 0.054721 -3.150625
v -2.701093 -0.025279 -3.150625
v -2.701093 -0.025279 -3.108199
v -2.679880 -0.025279 -3.129412
v -2.679880 0.054721 -3.129412
v -3.129412 -0.025279 -2.722306
v -3.150625 -0.025279 -2.701093
v -3.108199 -0.025279 -2.701093
v -3.129412 0.054721 -2.679880
v -3.129412 -0.025279 -2.679880
v -3.297090 -0.030000 -2.632410
v -3.297090 0.030000 -2.632410
v -2.632410 0.030000 -3.297090
v -2.533415 -0.030000 -3.198095
v -2.774244 0.071584 -3.224278
v -2.744365 0.041289 -3.254156
v -2.744365 0.025803 -3.254156
v -2.756913 0.041289 -3.241609
v -2.786791 0.025803 -3.211730
v -2.576155 0.025803 -3.085947
v -2.618582 0.025803 -3.043520
v -2.533415 0.030000 -3.198095
v -3.198095 0.030000 -2.533415
v -3.198095 -0.030000 -2.533415
v -2.632410 -0.030000 -3.297090
v -2.581890 0.071584 -3.080211
v -2.701093 0.054721 -3.108199
v -2.415865 0.071584 -2.914185
v -2.415865 0.085803 -2.914185
v -2.477832 -0.030000 -3.142512
v -2.378837 -0.030000 -3.043517
v -2.576839 0.025803 -3.086631
v -2.410129 0.025803 -2.919921
v -2.576839 0.041289 -3.086631
v -2.613530 0.085803 -3.049940
v -2.589387 0.071584 -3.074083
v -2.606718 0.071584 -3.056752
v -2.582574 0.085803 -3.080895
v -2.582574 0.071584 -3.080895
v -2.606718 0.041289 -3.056752
v -2.589387 0.041289 -3.074083
v -2.619265 0.025803 -3.044204
v -2.619265 0.041289 -3.044204
v -2.410129 0.041289 -2.919921
v -2.452556 0.025803 -2.877494
v -2.440008 0.041289 -2.890042
v -2.422677 0.041289 -2.907373
v -2.440008 0.071584 -2.890042
v -2.422677 0.071584 -2.907373
v -2.446820 0.085803 -2.883230
v -2.446820 0.071584 -2.883230
v -2.567728 -0.025279 -2.974834
v -2.567728 0.054721 -2.974834
v -2.546515 0.054721 -2.996047
v -2.546515 -0.025279 -2.996047
v -2.546515 -0.025279 -2.953621
v -2.546515 0.054721 -2.953621
v -2.525302 -0.025279 -2.974834
v -2.525302 0.054721 -2.974834
v -2.974834 0.054721 -2.567728
v -2.974834 -0.025279 -2.567728
v -2.996047 -0.025279 -2.546515
v -2.953621 0.054721 -2.546515
v -2.953621 -0.025279 -2.546515
v -2.974834 0.054721 -2.525302
v -2.974834 -0.025279 -2.525302
v -3.142512 -0.030000 -2.477832
v -3.043517 0.030000 -2.378837
v -3.142512 0.030000 -2.477832
v -2.613530 0.071584 -3.049940
v -2.996047 0.054721 -2.546515
v -2.378837 0.030000 -3.043517
v -3.043517 -0.030000 -2.378837
v -2.477832 0.030000 -3.142512
v -2.826831 0.054721 -2.377299
v -2.848044 0.054721 -2.398512
v -2.895514 -0.030000 -2.230834
v -2.230834 -0.030000 -2.895514
v -2.895514 0.030000 -2.230834
v -2.329829 0.030000 -2.994509
v -2.994509 0.030000 -2.329829
v -2.826831 0.054721 -2.419725
v -2.805617 0.054721 -2.398512
v -2.446975 0.071584 -2.883384
v -2.422831 0.071584 -2.907528
v -2.440163 0.071584 -2.890196
v -2.416019 0.085803 -2.914340
v -2.416019 0.071584 -2.914340
v -2.410284 0.041289 -2.920075
v -2.410284 0.025803 -2.920075
v -2.440163 0.041289 -2.890196
v -2.452710 0.041289 -2.877649
v -2.306730 0.025803 -2.816522
v -2.312466 0.085803 -2.810786
v -2.319278 0.071584 -2.803974
v -2.343421 0.071584 -2.779831
v -2.419725 -0.025279 -2.826831
v -2.398512 0.054721 -2.848044
v -2.398512 -0.025279 -2.848044
v -2.398512 -0.025279 -2.805617
v -2.398512 0.054721 -2.805617
v -2.377299 -0.025279 -2.826831
v -2.377299 0.054721 -2.826831
v -2.826831 -0.025279 -2.419725
v -2.848044 -0.025279 -2.398512
v -2.805617 -0.025279 -2.398512
v -2.826831 -0.025279 -2.377299
v -2.994509 -0.030000 -2.329829
v -2.329829 -0.030000 -2.994509
v -2.230834 0.030000 -2.895514
v -2.422831 0.041289 -2.907528
v -2.419725 0.054721 -2.826831
v -2.452710 0.025803 -2.877649
v -2.452556 0.041289 -2.877494
v -2.446975 0.085803 -2.883384
v -2.336609 0.041289 -2.786643
v -2.319278 0.041289 -2.803974
v -2.349157 0.025803 -2.774096
v -2.343421 0.085803 -2.779831
v -0.227836 0.025344 -0.652775
v -0.227836 0.040830 -0.652775
v -0.222110 0.085343 -0.658519
v -0.191202 0.085343 -0.689523
v -0.185476 0.025344 -0.695267
v -0.215309 0.071124 -0.665342
v -0.222110 0.071124 -0.658519
v -0.215309 0.040830 -0.665342
v -0.198004 0.071124 -0.682700
v -0.198004 0.040830 -0.682700
v -0.191202 0.071124 -0.689523
v -0.185476 0.040830 -0.695267
v -1.147634 0.085803 -3.629804
v -1.139523 0.025803 -3.629804
v -1.191412 0.071584 -3.629804
v -1.181778 0.041289 -3.629804
v -1.157268 0.041289 -3.629804
v -1.147634 0.071584 -3.629804
v -1.860477 0.025803 -3.629306
v -1.808588 0.071584 -3.629306
v -1.842732 0.041289 -3.629306
v -1.852366 0.071584 -3.629306
v -1.852604 0.085345 -3.629381
v -0.243181 0.071584 0.241515
v -0.219037 0.085803 0.217372
v -0.219037 0.071584 0.217372
v -0.225850 0.071584 0.224184
v -0.249993 0.071584 0.248328
v -0.213302 0.025803 0.211637
v -0.255728 0.025803 0.254063
v -0.255728 0.041289 0.254063
v -0.243181 0.041289 0.241515
v -0.225850 0.041289 0.224184
v -0.213302 0.041289 0.211637
v -0.249993 0.085803 0.248328
v 0.217372 0.071584 -0.219037
v 0.241515 0.071584 -0.243181
v 0.224184 0.071584 -0.225850
v 0.248328 0.085803 -0.249993
v 0.248328 0.071584 -0.249993
v 0.224184 0.041289 -0.225850
v 0.241515 0.041289 -0.243181
v 0.211637 0.041289 -0.213302
v 0.211637 0.025803 -0.213302
v 0.109577 -0.025279 -0.297528
v 0.109577 0.054721 -0.297528
v 0.130790 0.054721 -0.318742
v 0.130790 -0.025279 -0.318742
v 0.130790 -0.025279 -0.276315
v 0.130790 0.054721 -0.276315
v 0.152003 -0.025279 -0.297528
v 0.152003 0.054721 -0.297528
v -0.318742 0.054721 0.130790
v -0.297528 0.054721 0.109577
v -0.297528 -0.025279 0.109577
v -0.318742 -0.025279 0.130790
v -0.276315 -0.025279 0.130790
v -0.297528 0.054721 0.152003
v -0.297528 -0.025279 0.152003
v -0.276315 0.054721 0.130790
v 0.217372 0.085803 -0.219037
v 0.254063 0.025803 -0.255728
v 0.254063 0.041289 -0.255728
v -0.465207 -0.030000 0.199474
v -0.465207 0.030000 0.199474
v 0.199474 0.030000 -0.465207
v 0.199474 -0.030000 -0.465207
v -0.366212 -0.030000 0.298469
v -0.366212 0.030000 0.298469
v 0.298469 -0.030000 -0.366212
v 0.298469 0.030000 -0.366212
v -0.041868 -0.025279 -0.448974
v -0.020655 0.054721 -0.470187
v -0.020655 -0.025279 -0.470187
v -0.020655 -0.025279 -0.427761
v 0.000558 -0.025279 -0.448974
v 0.000558 0.054721 -0.448974
v -0.448974 -0.025279 -0.041868
v -0.470187 -0.025279 -0.020655
v -0.427761 -0.025279 -0.020655
v -0.448974 0.054721 0.000558
v -0.448974 -0.025279 0.000558
v -0.041868 0.054721 -0.448974
v -0.020655 0.054721 -0.427761
v -0.427761 0.054721 -0.020655
v -0.448974 0.054721 -0.041868
v -0.470187 0.054721 -0.020655
v -0.616652 -0.030000 0.048028
v -0.616652 0.030000 0.048028
v 0.048028 0.030000 -0.616652
v 0.048028 -0.030000 -0.616652
v -0.517657 -0.030000 0.147023
v -0.517657 0.030000 0.147023
v 0.147023 -0.030000 -0.517657
v 0.147023 0.030000 -0.517657
v -0.227893 0.025803 -0.652832
v -0.185467 0.025803 -0.695258
v -0.198014 0.041289 -0.682711
v -0.185467 0.041289 -0.695258
v -0.191202 0.085803 -0.689523
v -0.222158 0.085803 -0.658567
v -0.215346 0.071584 -0.665380
v -0.191704 -0.025279 -0.598810
v -0.170491 0.054721 -0.620023
v -0.170491 -0.025279 -0.620023
v -0.170491 -0.025279 -0.577597
v -0.149278 -0.025279 -0.598810
v -0.149278 0.054721 -0.598810
v -0.598810 0.054721 -0.191704
v -0.598810 -0.025279 -0.191704
v -0.620023 -0.025279 -0.170491
v -0.577597 -0.025279 -0.170491
v -0.598810 0.054721 -0.149278
v -0.598810 -0.025279 -0.149278
v -0.766488 -0.030000 -0.101809
v -0.101808 0.030000 -0.766488
v -0.667493 -0.030000 -0.002813
v -0.667493 0.030000 -0.002814
v -0.002813 -0.030000 -0.667493
v -0.766488 0.030000 -0.101809
v -0.577597 0.054721 -0.170492
v -0.101808 -0.030000 -0.766488
v -0.620023 0.054721 -0.170492
v -0.002813 0.030000 -0.667493
v -0.227893 0.041289 -0.652832
v -0.191704 0.054721 -0.598810
v -0.170491 0.054721 -0.577597
v -0.215357 0.041289 -0.665390
v -0.191213 0.071584 -0.689534
v -0.198025 0.071584 -0.682722
v -0.222169 0.071584 -0.658578
v -1.157268 0.071584 -3.629804
v -1.191412 0.085803 -3.629804
v -1.181778 0.071584 -3.629804
v -1.199523 0.025803 -3.629804
v -1.139523 0.041289 -3.629804
v -1.199523 0.041289 -3.629804
v -1.139523 0.025803 -4.000000
v -1.139523 0.041289 -4.000000
v -1.181778 0.041289 -4.000000
v -1.157268 0.041289 -4.000000
v -1.199523 0.025803 -4.000000
v -1.199523 0.041289 -4.000000
v -1.157268 0.071584 -4.000000
v -1.181778 0.071584 -4.000000
v -1.191412 0.071584 -4.000000
v -1.191412 0.085803 -4.000000
v -1.147634 0.085803 -4.000000
v -1.147634 0.071584 -4.000000
v -1.808588 0.085803 -3.629306
v -1.842732 0.071584 -3.629306
v -1.818222 0.071584 -3.629306
v -1.852366 0.085803 -3.629306
v -1.860477 0.041289 -3.629306
v -1.818222 0.041289 -3.629306
v -1.800477 0.025803 -3.629306
v -1.800477 0.041289 -3.629306
v -1.860477 0.025803 -4.000000
v -1.860477 0.041289 -4.000000
v -1.800477 0.025803 -4.000000
v -1.818222 0.041289 -4.000000
v -1.800477 0.041289 -4.000000
v -1.842732 0.041289 -4.000000
v -1.852366 0.071584 -4.000000
v -1.852366 0.085803 -4.000000
v -1.818222 0.071584 -4.000000
v -1.842732 0.071584 -4.000000
v -1.808588 0.085803 -4.000000
v -1.808588 0.071584 -4.000000
v -1.787867 -0.025279 -3.680850
v -1.787867 0.054721 -3.680850
v -1.817867 0.054721 -3.680850
v -1.817867 -0.025279 -3.680850
v -1.787867 -0.025279 -3.710850
v -1.787867 0.054721 -3.710850
v -1.817867 -0.025279 -3.710850
v -1.817867 0.054721 -3.710850
v -1.182133 0.054721 -3.680850
v -1.212133 0.054721 -3.680850
v -1.212133 -0.025279 -3.680850
v -1.182133 -0.025279 -3.680850
v -1.212133 0.054721 -3.710850
v -1.212133 -0.025279 -3.710850
v -1.182133 0.054721 -3.710850
v -1.182133 -0.025279 -3.710850
v -1.787867 -0.025279 -3.875202
v -1.787867 0.054721 -3.875202
v -1.817867 0.054721 -3.875202
v -1.817867 -0.025279 -3.875202
v -1.787867 -0.025279 -3.905202
v -1.787867 0.054721 -3.905202
v -1.817867 -0.025279 -3.905202
v -1.817867 0.054721 -3.905202
v -1.182133 0.054721 -3.875202
v -1.212133 0.054721 -3.875202
v -1.212133 -0.025279 -3.875202
v -1.182133 -0.025279 -3.875202
v -1.212133 0.054721 -3.905202
v -1.212133 -0.025279 -3.905202
v -1.182133 0.054721 -3.905202
v -1.182133 -0.025279 -3.905202
v -1.030000 -0.030000 -3.820202
v -1.030000 0.030000 -3.820202
v -1.970000 0.030000 -3.820202
v -1.970000 -0.030000 -3.820202
v -1.030000 -0.030000 -3.960202
v -1.030000 0.030000 -3.960202
v -1.970000 -0.030000 -3.960202
v -1.970000 0.030000 -3.960202
v -1.030000 -0.030000 -3.625850
v -1.030000 0.030000 -3.625850
v -1.970000 0.030000 -3.625850
v -1.970000 -0.030000 -3.625850
v -1.030000 -0.030000 -3.765850
v -1.030000 0.030000 -3.765850
v -1.970000 -0.030000 -3.765850
v -1.970000 0.030000 -3.765850
v -3.254156 0.041289 -2.744365
v -1.776400 0.041289 -2.286191
v -1.776400 0.025803 -2.286191
v -2.306730 0.025804 -2.816522
v -2.306730 0.041290 -2.816522
v -2.336609 0.041290 -2.786643
v -2.319278 0.041290 -2.803974
v -2.349157 0.025804 -2.774095
v -2.349157 0.041290 -2.774095
v -2.319278 0.071585 -2.803974
v -2.336609 0.071585 -2.786643
v -2.343421 0.071585 -2.779831
v -2.343421 0.085804 -2.779831
v -2.312466 0.085804 -2.810786
v -2.312466 0.071585 -2.810786
v -1.806279 0.071584 -2.256313
v -1.806279 0.041289 -2.256313
v -1.813091 0.085803 -2.249500
v -1.813091 0.071584 -2.249500
v -0.898417 -0.025279 -0.491311
v -0.898417 0.054721 -0.491311
v -0.919630 0.054721 -0.470098
v -0.919630 -0.025279 -0.470098
v -0.919630 -0.025279 -0.512525
v -0.919630 0.054721 -0.512525
v -0.940843 -0.025279 -0.491311
v -0.940843 0.054721 -0.491311
v -1.075194 -0.025279 -0.668088
v -1.075194 0.054721 -0.668088
v -1.096407 0.054721 -0.646875
v -1.096407 -0.025279 -0.646875
v -1.096407 -0.025279 -0.689301
v -1.096407 0.054721 -0.689301
v -1.117620 -0.025279 -0.668088
v -1.117620 0.054721 -0.668088
v -1.251970 -0.025279 -0.844865
v -1.251970 0.054721 -0.844865
v -1.273183 0.054721 -0.823652
v -1.273183 -0.025279 -0.823652
v -1.273183 -0.025279 -0.866078
v -1.273183 0.054721 -0.866078
v -1.294397 -0.025279 -0.844865
v -1.294397 0.054721 -0.844865
v -0.677186 -0.030000 -1.341867
v -0.677186 0.030000 -1.341867
v -1.341867 0.030000 -0.677186
v -1.341867 -0.030000 -0.677186
v -0.776181 -0.030000 -1.440862
v -0.776181 0.030000 -1.440862
v -1.440862 -0.030000 -0.776181
v -1.440862 0.030000 -0.776181
v -0.500410 -0.030000 -1.165090
v -0.500410 0.030000 -1.165090
v -1.165090 0.030000 -0.500410
v -1.165090 -0.030000 -0.500410
v -0.599405 -0.030000 -1.264085
v -0.599405 0.030000 -1.264085
v -1.264085 -0.030000 -0.599405
v -1.264085 0.030000 -0.599405
v -0.323633 -0.030000 -0.988313
v -0.323633 0.030000 -0.988313
v -0.988313 0.030000 -0.323633
v -0.988313 -0.030000 -0.323633
v -0.422628 -0.030000 -1.087308
v -0.422628 0.030000 -1.087308
v -1.087308 -0.030000 -0.422628
v -1.087308 0.030000 -0.422628
v -0.146856 -0.030000 -0.811537
v -0.146856 0.030000 -0.811537
v -0.811537 0.030000 -0.146856
v -0.811537 -0.030000 -0.146856
v -0.245851 -0.030000 -0.910532
v -0.245851 0.030000 -0.910532
v -0.910532 -0.030000 -0.245851
v -0.910532 0.030000 -0.245851
v -1.428747 -0.025279 -1.021641
v -1.428747 0.054721 -1.021641
v -1.449960 0.054721 -1.000428
v -1.449960 -0.025279 -1.000428
v -1.449960 -0.025279 -1.042855
v -1.449960 0.054721 -1.042855
v -1.471173 -0.025279 -1.021641
v -1.471173 0.054721 -1.021641
v -1.605524 -0.025279 -1.198418
v -1.605524 0.054721 -1.198418
v -1.626737 0.054721 -1.177205
v -1.626737 -0.025279 -1.177205
v -1.626737 -0.025279 -1.219631
v -1.626737 0.054721 -1.219631
v -1.647950 -0.025279 -1.198418
v -1.647950 0.054721 -1.198418
v -1.782300 -0.025279 -1.375195
v -1.782300 0.054721 -1.375195
v -1.803513 0.054721 -1.353982
v -1.803513 -0.025279 -1.353982
v -1.803514 -0.025279 -1.396408
v -1.803514 0.054721 -1.396408
v -1.824727 -0.025279 -1.375195
v -1.824727 0.054721 -1.375195
v -1.353982 0.054721 -1.803513
v -1.375195 0.054721 -1.782300
v -1.375195 -0.025279 -1.782300
v -1.353982 -0.025279 -1.803513
v -1.396408 0.054721 -1.803514
v -1.396408 -0.025279 -1.803514
v -1.375195 0.054721 -1.824727
v -1.375195 -0.025279 -1.824727
v -1.959077 -0.025279 -1.551972
v -1.959077 0.054721 -1.551972
v -1.980290 0.054721 -1.530758
v -1.980290 -0.025279 -1.530758
v -1.980290 -0.025279 -1.573185
v -1.980290 0.054721 -1.573185
v -2.001503 -0.025279 -1.551972
v -2.001503 0.054721 -1.551972
v -1.384293 -0.030000 -2.048974
v -1.384293 0.030000 -2.048974
v -2.048974 0.030000 -1.384293
v -2.048974 -0.030000 -1.384293
v -1.483288 -0.030000 -2.147969
v -1.483288 0.030000 -2.147969
v -2.147969 -0.030000 -1.483288
v -2.147969 0.030000 -1.483288
v -1.207516 -0.030000 -1.872197
v -1.207516 0.030000 -1.872197
v -1.872197 0.030000 -1.207516
v -1.872197 -0.030000 -1.207516
v -1.306511 -0.030000 -1.971192
v -1.306511 0.030000 -1.971192
v -1.971192 -0.030000 -1.306511
v -1.971192 0.030000 -1.306511
v -1.030740 -0.030000 -1.695420
v -1.030740 0.030000 -1.695420
v -1.695420 0.030000 -1.030740
v -1.695420 -0.030000 -1.030740
v -1.129735 -0.030000 -1.794415
v -1.129735 0.030000 -1.794415
v -1.794415 -0.030000 -1.129735
v -1.794415 0.030000 -1.129735
v -0.853963 -0.030000 -1.518643
v -0.853963 0.030000 -1.518643
v -1.518643 0.030000 -0.853963
v -1.518643 -0.030000 -0.853963
v -0.952958 -0.030000 -1.617638
v -0.952958 0.030000 -1.617638
v -1.617638 -0.030000 -0.952958
v -1.617638 0.030000 -0.952958
v -2.135854 -0.025279 -1.728748
v -2.135854 0.054721 -1.728748
v -2.157067 0.054721 -1.707535
v -2.157067 -0.025279 -1.707535
v -2.157067 -0.025279 -1.749961
v -2.157067 0.054721 -1.749961
v -2.178280 -0.025279 -1.728748
v -2.178280 0.054721 -1.728748
v -1.707535 0.054721 -2.157067
v -1.728748 0.054721 -2.135854
v -1.728748 -0.025279 -2.135854
v -1.707535 -0.025279 -2.157067
v -1.749961 0.054721 -2.157067
v -1.749961 -0.025279 -2.157067
v -1.728748 0.054721 -2.178280
v -1.728748 -0.025279 -2.178280
v -2.312630 -0.025279 -1.905525
v -2.312630 0.054721 -1.905525
v -2.333844 0.054721 -1.884312
v -2.333844 -0.025279 -1.884312
v -2.333843 -0.025279 -1.926738
v -2.333843 0.054721 -1.926738
v -2.355057 -0.025279 -1.905525
v -2.355057 0.054721 -1.905525
v -1.884312 0.054721 -2.333844
v -1.905525 0.054721 -2.312630
v -1.905525 -0.025279 -2.312630
v -1.884312 -0.025279 -2.333844
v -1.926738 0.054721 -2.333843
v -1.926738 -0.025279 -2.333843
v -1.905525 0.054721 -2.355057
v -1.905525 -0.025279 -2.355057
v -2.489407 -0.025279 -2.082302
v -2.489407 0.054721 -2.082302
v -2.510620 0.054721 -2.061088
v -2.510620 -0.025279 -2.061088
v -2.510620 -0.025279 -2.103515
v -2.510620 0.054721 -2.103515
v -2.531833 -0.025279 -2.082302
v -2.531833 0.054721 -2.082302
v -2.061088 0.054721 -2.510620
v -2.082302 0.054721 -2.489407
v -2.082302 -0.025279 -2.489407
v -2.061088 -0.025279 -2.510620
v -2.103515 0.054721 -2.510620
v -2.103515 -0.025279 -2.510620
v -2.082302 0.054721 -2.531833
v -2.082302 -0.025279 -2.531833
v -2.666183 -0.025279 -2.259078
v -2.666183 0.054721 -2.259078
v -2.687397 0.054721 -2.237865
v -2.687397 -0.025279 -2.237865
v -2.687397 -0.025279 -2.280292
v -2.687397 0.054721 -2.280292
v -2.708610 -0.025279 -2.259079
v -2.708610 0.054721 -2.259079
v -2.237865 0.054721 -2.687397
v -2.259078 0.054721 -2.666183
v -2.259078 -0.025279 -2.666183
v -2.237865 -0.025279 -2.687397
v -2.280292 0.054721 -2.687397
v -2.280292 -0.025279 -2.687397
v -2.259079 0.054721 -2.708610
v -2.259079 -0.025279 -2.708610
v -2.091400 -0.030000 -2.756080
v -2.091400 0.030000 -2.756080
v -2.756080 0.030000 -2.091400
v -2.756080 -0.030000 -2.091400
v -2.190395 -0.030000 -2.855075
v -2.190395 0.030000 -2.855075
v -2.855075 -0.030000 -2.190395
v -2.855075 0.030000 -2.190395
v -1.914623 -0.030000 -2.579304
v -1.914623 0.030000 -2.579304
v -2.579304 0.030000 -1.914623
v -2.579304 -0.030000 -1.914623
v -2.013618 -0.030000 -2.678298
v -2.013618 0.030000 -2.678298
v -2.678298 -0.030000 -2.013618
v -2.678298 0.030000 -2.013618
v -1.737846 -0.030000 -2.402527
v -1.737846 0.030000 -2.402527
v -2.402527 0.030000 -1.737846
v -2.402527 -0.030000 -1.737846
v -1.836842 -0.030000 -2.501522
v -1.836842 0.030000 -2.501522
v -2.501522 -0.030000 -1.836842
v -2.501522 0.030000 -1.836842
v -1.561070 -0.030000 -2.225750
v -1.561070 0.030000 -2.225750
v -2.225750 0.030000 -1.561070
v -2.225750 -0.030000 -1.561070
v -1.660065 -0.030000 -2.324745
v -1.660065 0.030000 -2.324745
v -2.324745 -0.030000 -1.660065
v -2.324745 0.030000 -1.660065
v -0.382338 0.040830 -0.809630
v -0.381836 0.025344 -0.809108
v -0.228189 0.025344 -0.651558
v -0.228189 0.040830 -0.651558
v -0.344068 0.085343 -0.844662
v -0.376356 0.085343 -0.815105
v -0.222463 0.085343 -0.657303
v -0.191555 0.085343 -0.688306
v -0.338163 0.025344 -0.850218
v -0.185829 0.025344 -0.694050
v -0.368923 0.071124 -0.821271
v -0.215662 0.071124 -0.664125
v -0.222463 0.071124 -0.657303
v -0.375933 0.071124 -0.814668
v -0.215662 0.040830 -0.664125
v -0.368923 0.040830 -0.821271
v -0.351083 0.071124 -0.838063
v -0.198357 0.071124 -0.681484
v -0.198357 0.040830 -0.681484
v -0.351083 0.040830 -0.838063
v -0.191555 0.071124 -0.688306
v -0.344068 0.071124 -0.844662
v -0.185829 0.040830 -0.694050
v -0.338163 0.040830 -0.850218
v -0.712226 -0.025739 -0.306551
v -0.712226 0.054262 -0.306551
v -0.733406 0.054262 -0.285306
v -0.733406 -0.025739 -0.285306
v -0.734159 -0.025739 -0.329395
v -0.734159 0.054262 -0.329395
v -0.755462 -0.025739 -0.308272
v -0.755462 0.054262 -0.308272
v -0.284570 0.054262 -0.735532
v -0.305750 0.054262 -0.714285
v -0.305750 -0.025739 -0.714285
v -0.284570 -0.025739 -0.735532
v -0.325333 0.054262 -0.734773
v -0.325333 -0.025739 -0.734773
v -0.304031 0.054262 -0.755896
v -0.304031 -0.025739 -0.755896
v -0.514921 0.040830 -0.965137
v -0.514468 0.025344 -0.964571
v -0.473791 0.085343 -0.996763
v -0.508492 0.085343 -0.970081
v -0.467430 0.025344 -1.001794
v -0.500559 0.071124 -0.975583
v -0.508110 0.071124 -0.969605
v -0.500559 0.040830 -0.975583
v -0.481345 0.071124 -0.990788
v -0.481345 0.040830 -0.990788
v -0.473791 0.071124 -0.996763
v -0.467430 0.040830 -1.001794
v -0.634591 0.040830 -1.132159
v -0.634188 0.025344 -1.131551
v -0.590995 0.085343 -1.160288
v -0.627777 0.085343 -1.136557
v -0.584242 0.025344 -1.164779
v -0.619419 0.071124 -1.141382
v -0.627437 0.071124 -1.136044
v -0.619419 0.040830 -1.141382
v -0.599016 0.071124 -1.154954
v -0.599016 0.040830 -1.154954
v -0.590995 0.071124 -1.160288
v -0.584242 0.040830 -1.164779
v -0.550770 0.054262 -1.043366
v -0.575167 0.054262 -1.025908
v -0.575167 -0.025739 -1.025908
v -0.550770 -0.025739 -1.043366
v -0.591020 0.054262 -1.047667
v -0.591020 -0.025739 -1.047667
v -0.566434 0.054262 -1.064858
v -0.566434 -0.025739 -1.064858
v -0.400196 -0.030460 -1.094884
v -0.400196 0.029540 -1.094884
v -1.153602 0.029540 -0.532766
v -1.153602 -0.030460 -0.532766
v -0.467359 -0.030460 -1.190145
v -0.467359 0.029540 -1.190145
v -1.248080 -0.030460 -0.666627
v -1.248080 0.029540 -0.666627
v -0.741288 0.040830 -1.309501
v -0.740936 0.025344 -1.308855
v -0.695636 0.085343 -1.334152
v -0.734152 0.085343 -1.313355
v -0.688553 0.025344 -1.338106
v -0.725446 0.071124 -1.317509
v -0.733855 0.071124 -1.312810
v -0.725446 0.040830 -1.317509
v -0.704048 0.071124 -1.329457
v -0.704048 0.040830 -1.329457
v -0.695636 0.071124 -1.334152
v -0.688553 0.040830 -1.338106
v -1.318203 0.025344 -0.984081
v -1.183363 0.025344 -0.763938
v -1.183363 0.040830 -0.763938
v -1.318203 0.040830 -0.984081
v -1.281027 0.040830 -1.004353
v -1.281022 0.071124 -1.004358
v -1.147946 0.071124 -0.786976
v -1.147946 0.040830 -0.786976
v -1.272803 0.071124 -1.008949
v -1.272671 0.085343 -1.008855
v -1.139870 0.085343 -0.792229
v -1.139962 0.071124 -0.792370
v -0.664384 0.054262 -1.213467
v -0.690109 0.054262 -1.198035
v -0.690109 -0.025739 -1.198035
v -0.664384 -0.025739 -1.213467
v -0.704088 0.054262 -1.221271
v -0.704087 -0.025739 -1.221272
v -0.678205 0.054262 -1.236440
v -0.678205 -0.025739 -1.236440
v -0.510148 -0.030460 -1.252003
v -0.510148 0.029540 -1.252003
v -1.307012 0.029540 -0.753400
v -1.307013 -0.030460 -0.753401
v -0.570095 -0.030460 -1.353606
v -0.570095 0.029540 -1.353606
v -1.389732 -0.030460 -0.893396
v -1.389732 0.029540 -0.893396
v -1.168252 0.040830 -0.773252
v -1.302699 0.040830 -0.991904
v -1.168252 0.071124 -0.773252
v -1.176232 0.071124 -0.767857
v -1.310736 0.071124 -0.987490
v -1.302523 0.071124 -0.992080
v -1.176232 0.085343 -0.767857
v -1.310787 0.085343 -0.987439
v -1.133243 0.040830 -0.796909
v -1.265794 0.040830 -1.012904
v -1.133243 0.025344 -0.796909
v -1.265627 0.025344 -1.013071
v -0.835259 0.040830 -1.495837
v -0.834958 0.025344 -1.495158
v -0.787942 0.085343 -1.517119
v -0.827863 0.085343 -1.499165
v -0.780591 0.025344 -1.520551
v -0.818881 0.071124 -1.502671
v -0.827610 0.071124 -1.498592
v -0.818881 0.040830 -1.502671
v -0.796672 0.071124 -1.513043
v -0.796672 0.040830 -1.513043
v -0.787942 0.071124 -1.517119
v -0.780591 0.040830 -1.520551
v -1.434722 0.025344 -1.212572
v -1.434923 0.040830 -1.212371
v -1.396489 0.040830 -1.229778
v -1.396548 0.071124 -1.229719
v -1.388023 0.071124 -1.233669
v -1.388114 0.085343 -1.233358
v -0.765269 0.054262 -1.393371
v -0.792090 0.054262 -1.379930
v -0.792089 -0.025739 -1.379930
v -0.765269 -0.025739 -1.393370
v -0.804171 0.054262 -1.404473
v -0.804171 -0.025739 -1.404473
v -0.777225 0.054262 -1.417659
v -0.777225 -0.025739 -1.417659
v -0.608213 -0.030460 -1.419604
v -0.608213 0.029540 -1.419604
v -1.441093 0.029540 -0.983817
v -1.441093 -0.030460 -0.983817
v -0.661421 -0.030460 -1.526646
v -0.661421 0.029540 -1.526646
v -1.512786 -0.030460 -1.128178
v -1.512786 0.029540 -1.128178
v -1.418970 0.040830 -1.218931
v -1.427332 0.071124 -1.215140
v -1.418885 0.071124 -1.219016
v -1.427165 0.085343 -1.215307
v -1.380762 0.040830 -1.237079
v -1.380969 0.025344 -1.236872
v -0.917019 0.040830 -1.689823
v -0.916768 0.025344 -1.689115
v -0.868387 0.085343 -1.707901
v -0.909417 0.085343 -1.692648
v -0.860823 0.025344 -1.710836
v -0.900223 0.071124 -1.695542
v -0.909206 0.071124 -1.692052
v -0.900223 0.040830 -1.695542
v -0.877370 0.071124 -1.704414
v -0.877370 0.040830 -1.704414
v -0.868387 0.071124 -1.707901
v -0.860823 0.040830 -1.710836
v -1.532574 0.025344 -1.448629
v -1.532574 0.040830 -1.448629
v -1.493013 0.040830 -1.463464
v -1.493013 0.071124 -1.463464
v -1.484048 0.071124 -1.467002
v -1.483992 0.085343 -1.466846
v -0.853782 0.054262 -1.581763
v -0.881479 0.054262 -1.570236
v -0.881479 -0.025739 -1.570236
v -0.853782 -0.025739 -1.581763
v -0.891677 0.054262 -1.595900
v -0.891677 -0.025739 -1.595900
v -0.863881 0.054262 -1.607189
v -0.863881 -0.025739 -1.607189
v -0.694466 -0.030460 -1.596644
v -0.694466 0.029540 -1.596644
v -1.556298 0.029540 -1.221351
v -1.556298 -0.030460 -1.221351
v -0.740615 -0.030460 -1.708795
v -0.740615 0.029540 -1.708795
v -1.616996 -0.030460 -1.368863
v -1.616996 0.029540 -1.368863
v -1.515818 0.040830 -1.454461
v -1.524783 0.071124 -1.450922
v -1.515818 0.071124 -1.454461
v -1.524783 0.085343 -1.450922
v -1.476501 0.040830 -1.469979
v -1.476501 0.025344 -1.469979
v -0.986466 0.040830 -1.890536
v -0.986238 0.025344 -1.889816
v -0.936828 0.085343 -1.905630
v -0.978707 0.085343 -1.892895
v -0.929102 0.025344 -1.908102
v -0.969342 0.071124 -1.895227
v -0.978515 0.071124 -1.892289
v -0.969342 0.040830 -1.895227
v -0.946002 0.071124 -1.902697
v -0.946002 0.040830 -1.902697
v -0.936828 0.071124 -1.905630
v -0.929102 0.040830 -1.908102
v -1.615285 0.025344 -1.687253
v -1.615286 0.040830 -1.687254
v -1.574895 0.040830 -1.699656
v -1.574895 0.071124 -1.699656
v -1.565735 0.071124 -1.702639
v -1.565686 0.085343 -1.702483
v -1.502759 -0.025739 -1.581303
v -1.502759 0.054262 -1.581303
v -1.531138 0.054262 -1.571576
v -1.531138 -0.025739 -1.571576
v -1.513363 -0.025739 -1.611928
v -1.513363 0.054262 -1.611928
v -1.541819 -0.025739 -1.602429
v -1.541819 0.054262 -1.602429
v -0.929751 0.054262 -1.777709
v -0.958130 0.054262 -1.767981
v -0.958130 -0.025739 -1.767981
v -0.929751 -0.025739 -1.777709
v -0.967250 0.054262 -1.794220
v -0.967249 -0.025739 -1.794221
v -0.938793 0.054262 -1.803719
v -0.938793 -0.025739 -1.803719
v -0.769663 -0.030460 -1.781667
v -0.769663 0.029540 -1.781667
v -1.654230 0.029540 -1.463642
v -1.654230 -0.030460 -1.463642
v -0.809050 -0.030460 -1.898196
v -0.809050 0.029540 -1.898196
v -1.704794 -0.030460 -1.613170
v -1.704794 0.029540 -1.613170
v -1.598197 0.040830 -1.692061
v -1.607356 0.071124 -1.689075
v -1.598197 0.071124 -1.692061
v -1.607356 0.085343 -1.689075
v -1.558024 0.040830 -1.705151
v -1.558024 0.025344 -1.705151
v -1.044529 0.040830 -2.096630
v -1.044349 0.025344 -2.095889
v -0.994136 0.085343 -2.108973
v -1.036652 0.085343 -2.098559
v -0.986285 0.025344 -2.111017
v -1.027177 0.071124 -2.100366
v -1.036500 0.071124 -2.097935
v -1.027177 0.040830 -2.100366
v -1.003459 0.071124 -2.106545
v -1.003459 0.040830 -2.106545
v -0.994136 0.071124 -2.108973
v -0.986285 0.040830 -2.111017
v -1.683730 0.025344 -1.928299
v -1.683730 0.040830 -1.928299
v -1.642716 0.040830 -1.938448
v -1.642715 0.071124 -1.938449
v -1.633403 0.071124 -1.940920
v -1.633364 0.085343 -1.940763
v -1.577485 -0.025739 -1.817088
v -1.577485 0.054262 -1.817088
v -1.606383 0.054262 -1.809030
v -1.606383 -0.025739 -1.809030
v -1.586104 -0.025739 -1.848100
v -1.586104 0.054262 -1.848100
v -1.615060 -0.025739 -1.840252
v -1.615060 0.054262 -1.840252
v -0.994011 0.054262 -1.979792
v -1.022909 0.054262 -1.971733
v -1.022909 -0.025739 -1.971733
v -0.994011 -0.025739 -1.979792
v -1.030422 0.054262 -1.998722
v -1.030422 -0.025739 -1.998722
v -1.001468 0.054262 -2.006571
v -1.001468 -0.025739 -2.006571
v -0.834396 -0.030460 -1.973494
v -0.834396 0.029540 -1.973494
v -1.736415 0.029540 -1.708994
v -1.736415 -0.030460 -1.708994
v -0.867410 -0.030460 -2.093700
v -0.867410 0.029540 -2.093700
v -1.777813 -0.030460 -1.859680
v -1.777813 0.029540 -1.859680
v -1.666408 0.040830 -1.932157
v -1.675719 0.071124 -1.929682
v -1.666408 0.071124 -1.932156
v -1.675719 0.085343 -1.929682
v -1.625563 0.040830 -1.943002
v -1.625563 0.025344 -1.943002
v -1.092745 0.040830 -2.306812
v -1.092612 0.025344 -2.306055
v -1.041797 0.085343 -2.316618
v -1.084782 0.085343 -2.308345
v -1.033853 0.025344 -2.318268
v -1.075234 0.071124 -2.309670
v -1.084669 0.071124 -2.307707
v -1.075234 0.040830 -2.309670
v -1.051232 0.071124 -2.314658
v -1.051232 0.040830 -2.314658
v -1.041797 0.071124 -2.316618
v -1.033853 0.040830 -2.318268
v -1.676046 0.025803 -2.185838
v -1.676046 0.041289 -2.185838
v -1.688594 0.041289 -2.173290
v -1.705925 0.041289 -2.155959
v -1.718472 0.041289 -2.143411
v -1.718472 0.025803 -2.143411
v -1.705925 0.071584 -2.155959
v -1.681781 0.085803 -2.180102
v -1.712737 0.085803 -2.149147
v -1.712737 0.071584 -2.149147
v -1.688594 0.071584 -2.173290
v -1.681781 0.071584 -2.180102
v -1.047964 0.054262 -2.186635
v -1.077247 0.054262 -2.180120
v -1.077247 -0.025739 -2.180120
v -1.047964 -0.025739 -2.186635
v -1.083018 0.054262 -2.207784
v -1.083018 -0.025739 -2.207784
v -1.053692 0.054262 -2.214111
v -1.053692 -0.025739 -2.214111
v -0.888207 -0.030460 -2.171554
v -0.888207 0.029540 -2.171554
v -1.803198 0.029540 -1.956169
v -1.803198 -0.030460 -1.956169
v -0.915150 -0.030460 -2.294819
v -0.915150 0.029540 -2.294819
v -1.836266 -0.030460 -2.107355
v -1.836266 0.029540 -2.107355
v -1.130228 0.040830 -2.520758
v -1.130117 0.025344 -2.519994
v -1.078892 0.085343 -2.528269
v -1.122204 0.085343 -2.521932
v -1.070884 0.025344 -2.529562
v -1.112599 0.071124 -2.522827
v -1.122109 0.071124 -2.521288
v -1.112599 0.040830 -2.522827
v -1.088403 0.071124 -2.526734
v -1.088403 0.040830 -2.526734
v -1.078892 0.071124 -2.528269
v -1.070884 0.040830 -2.529562
v -1.782494 0.025344 -2.413925
v -1.739519 0.025344 -2.170769
v -1.739519 0.040830 -2.170769
v -1.782494 0.040830 -2.413925
v -1.740701 0.040830 -2.420123
v -1.740700 0.071124 -2.420124
v -1.698047 0.071124 -2.178844
v -1.698047 0.040830 -2.178844
v -1.731195 0.071124 -2.421696
v -1.731171 0.085343 -2.421537
v -1.688590 0.085343 -2.180686
v -1.688623 0.071124 -2.180845
v -1.688006 -0.025739 -2.294545
v -1.688006 0.054262 -2.294545
v -1.717568 0.054262 -2.289433
v -1.717567 -0.025739 -2.289434
v -1.693557 -0.025739 -2.325890
v -1.693557 0.054262 -2.325890
v -1.723148 -0.025739 -2.320956
v -1.723148 0.054262 -2.320956
v -1.091129 0.054262 -2.397748
v -1.120689 0.054262 -2.392636
v -1.120689 -0.025739 -2.392636
v -1.091129 -0.025739 -2.397748
v -1.125663 0.054262 -2.420577
v -1.125663 -0.025739 -2.420577
v -1.096071 0.054262 -2.425512
v -1.096071 -0.025739 -2.425512
v -0.932480 -0.030460 -2.374407
v -0.932480 0.029540 -2.374407
v -1.856920 0.029540 -2.204084
v -1.856920 -0.030460 -2.204084
v -0.953874 -0.030460 -2.500134
v -0.953874 0.029540 -2.500134
v -1.882653 -0.030460 -2.355331
v -1.882652 0.029540 -2.355330
v -1.722018 0.040830 -2.173754
v -1.764884 0.040830 -2.416122
v -1.722018 0.071124 -2.173754
v -1.731441 0.071124 -2.171753
v -1.774388 0.071124 -2.414548
v -1.764884 0.071124 -2.416122
v -1.731441 0.085343 -2.171753
v -1.774388 0.085343 -2.414548
v -1.680691 0.040830 -2.182528
v -1.723193 0.040830 -2.423019
v -1.680691 0.025344 -2.182528
v -1.723193 0.025344 -2.423019
v -1.159601 0.040830 -2.737158
v -1.159530 0.025344 -2.736384
v -1.108000 0.085343 -2.742559
v -1.151535 0.085343 -2.738003
v -1.099944 0.025344 -2.743525
v -1.141908 0.071124 -2.738498
v -1.151475 0.071124 -2.737350
v -1.141908 0.040830 -2.738498
v -1.117568 0.071124 -2.741414
v -1.117568 0.040830 -2.741414
v -1.108000 0.071124 -2.742560
v -1.099944 0.040830 -2.743525
v -1.815703 0.025344 -2.657200
v -1.815703 0.040830 -2.657200
v -1.773690 0.040830 -2.661674
v -1.773690 0.071124 -2.661674
v -1.764129 0.071124 -2.662853
v -1.764111 0.085343 -2.662693
v -1.726123 -0.025739 -2.534655
v -1.726123 0.054262 -2.534655
v -1.755878 0.054262 -2.530828
v -1.755878 -0.025739 -2.530828
v -1.729872 -0.025739 -2.566046
v -1.729872 0.054262 -2.566046
v -1.759647 -0.025739 -2.562375
v -1.759647 0.054262 -2.562375
v -1.125337 0.054262 -2.611910
v -1.155091 0.054262 -2.608083
v -1.155091 -0.025739 -2.608083
v -1.125337 -0.025739 -2.611910
v -1.158462 0.054262 -2.636477
v -1.158462 -0.025739 -2.636477
v -1.128688 0.054262 -2.640146
v -1.128688 -0.025739 -2.640146
v -0.967742 -0.030460 -2.581254
v -0.967742 0.029540 -2.581254
v -1.898823 0.029540 -2.452080
v -1.898823 -0.030460 -2.452080
v -0.983691 -0.030460 -2.709070
v -0.983691 0.029540 -2.709070
v -1.917692 -0.030460 -2.603055
v -1.917692 0.029540 -2.603055
v -1.798013 0.040830 -2.658672
v -1.807571 0.071124 -2.657491
v -1.798013 0.071124 -2.658672
v -1.807571 0.085343 -2.657491
v -1.756081 0.040830 -2.663845
v -1.756081 0.025344 -2.663845
v -1.179754 0.040830 -2.955863
v -1.179701 0.025344 -2.955085
v -1.127989 0.085343 -2.959366
v -1.171662 0.085343 -2.956410
v -1.119905 0.025344 -2.960035
v -1.162017 0.071124 -2.956550
v -1.171618 0.071124 -2.955754
v -1.162017 0.040830 -2.956550
v -1.137590 0.071124 -2.958572
v -1.137591 0.040830 -2.958573
v -1.127989 0.071124 -2.959366
v -1.119905 0.040830 -2.960035
v -1.838381 0.025344 -2.900126
v -1.838381 0.040830 -2.900126
v -1.796231 0.040830 -2.903045
v -1.796230 0.071124 -2.903046
v -1.786630 0.071124 -2.903870
v -1.786620 0.085343 -2.903711
v -1.753819 -0.025739 -2.774953
v -1.753819 0.054262 -2.774953
v -1.783700 0.054262 -2.772291
v -1.783700 -0.025739 -2.772291
v -1.756699 -0.025739 -2.806337
v -1.756699 0.054262 -2.806337
v -1.786593 -0.025739 -2.803823
v -1.786593 0.054262 -2.803823
v -1.150473 0.054262 -2.828692
v -1.180354 0.054262 -2.826031
v -1.180354 -0.025739 -2.826031
v -1.150473 -0.025739 -2.828692
v -1.182992 0.054262 -2.854604
v -1.182992 -0.025739 -2.854604
v -1.153098 0.054262 -2.857119
v -1.153098 -0.025739 -2.857119
v -0.994274 -0.030460 -2.791434
v -0.994274 0.029540 -2.791434
v -1.929779 0.029540 -2.699628
v -1.929779 -0.030460 -2.699628
v -1.005595 -0.030460 -2.920794
v -1.005595 0.029540 -2.920794
v -1.942937 -0.030460 -2.850158
v -1.942937 0.029540 -2.850158
v -1.820653 0.040830 -2.900947
v -1.830253 0.071124 -2.900121
v -1.820653 0.071124 -2.900947
v -1.830253 0.085343 -2.900121
v -1.778549 0.040830 -2.904564
v -1.778549 0.025344 -2.904564
v -1.192935 0.040830 -3.176034
v -1.192900 0.025344 -3.175252
v -1.141081 0.085343 -3.177793
v -1.184829 0.085343 -3.176309
v -1.132980 0.025344 -3.178190
v -1.175179 0.071124 -3.176123
v -1.184801 0.071124 -3.175650
v -1.175179 0.040830 -3.176123
v -1.150702 0.071124 -3.177323
v -1.150702 0.040830 -3.177323
v -1.141081 0.071124 -3.177793
v -1.132980 0.040830 -3.178190
v -1.852967 0.025344 -3.142523
v -1.852967 0.040830 -3.142523
v -1.810743 0.040830 -3.144020
v -1.810743 0.071124 -3.144020
v -1.801121 0.071124 -3.144519
v -1.801115 0.085343 -3.144360
v -1.773073 -0.025739 -3.015099
v -1.773073 0.054262 -3.015099
v -1.803030 0.054262 -3.013505
v -1.803030 -0.025739 -3.013505
v -1.774396 -0.025739 -3.046402
v -1.774396 0.054262 -3.046402
v -1.804360 -0.025739 -3.044935
v -1.804360 0.054262 -3.044935
v -1.168195 0.054262 -3.047293
v -1.198153 0.054262 -3.045698
v -1.198153 -0.025739 -3.045698
v -1.168195 -0.025739 -3.047293
v -1.199351 0.054262 -3.074543
v -1.199351 -0.025739 -3.074543
v -1.169386 0.054262 -3.076009
v -1.169386 -0.025739 -3.076009
v -1.013000 -0.030460 -3.004205
v -1.013000 0.029540 -3.004205
v -1.951223 0.029540 -2.946429
v -1.951223 -0.030460 -2.946429
v -1.019580 -0.030460 -3.134901
v -1.019580 0.029540 -3.134901
v -1.958787 -0.030460 -3.096314
v -1.958787 0.029540 -3.096314
v -1.835219 0.040830 -3.142747
v -1.844839 0.071124 -3.142247
v -1.835219 0.071124 -3.142747
v -1.844839 0.085343 -3.142247
v -1.793023 0.040830 -3.144940
v -1.793023 0.025344 -3.144940
v -1.198802 0.040830 -3.397432
v -1.198806 0.025344 -3.396645
v -1.146920 0.085343 -3.397606
v -1.190693 0.085343 -3.397459
v -1.138808 0.025344 -3.397757
v -1.181061 0.071124 -3.396976
v -1.190695 0.071124 -3.396795
v -1.181061 0.040830 -3.396976
v -1.156554 0.071124 -3.397429
v -1.156554 0.040830 -3.397429
v -1.146919 0.071124 -3.397606
v -1.138808 0.040830 -3.397757
v -1.859710 0.025348 -3.384166
v -1.859710 0.040834 -3.384166
v -1.817459 0.040832 -3.384364
v -1.817459 0.071126 -3.384364
v -1.807824 0.071126 -3.384566
v -1.807825 0.085346 -3.384409
v -1.783344 -0.025739 -3.254750
v -1.783344 0.054263 -3.254750
v -1.813336 0.054263 -3.254117
v -1.813336 -0.025738 -3.254117
v -1.783924 -0.025738 -3.285994
v -1.783924 0.054263 -3.285994
v -1.813920 -0.025738 -3.285481
v -1.813920 0.054263 -3.285481
v -1.177744 0.054262 -3.267515
v -1.207737 0.054262 -3.266883
v -1.207737 -0.025739 -3.266883
v -1.177744 -0.025739 -3.267515
v -1.208274 0.054262 -3.295830
v -1.208274 -0.025739 -3.295830
v -1.178278 0.054262 -3.296343
v -1.178278 -0.025739 -3.296343
v -1.024704 -0.030460 -3.218982
v -1.024704 0.029540 -3.218982
v -1.964324 0.029541 -3.192299
v -1.964324 -0.030459 -3.192299
v -1.027145 -0.030460 -3.350679
v -1.027145 0.029540 -3.350679
v -1.967100 -0.030456 -3.341495
v -1.967100 0.029544 -3.341495
v -1.841969 0.040832 -3.383846
v -1.851601 0.071126 -3.383642
v -1.841969 0.071126 -3.383846
v -1.851601 0.085346 -3.383642
v -1.799715 0.040831 -3.384737
v -1.799715 0.025345 -3.384737
v -1.200483 0.041289 -3.630185
v -1.200486 0.025803 -3.629371
v -1.148605 0.085802 -3.629437
v -1.192375 0.085802 -3.630069
v -1.140495 0.025803 -3.629448
v -1.182744 0.071583 -3.629394
v -1.192377 0.071583 -3.629381
v -1.182744 0.041289 -3.629394
v -1.158238 0.071583 -3.629426
v -1.158238 0.041289 -3.629426
v -1.148606 0.071583 -3.629438
v -1.140495 0.041289 -3.629448
v -1.860710 0.025347 -3.630034
v -1.860710 0.040833 -3.630034
v -1.818465 0.040833 -3.629424
v -1.818465 0.071127 -3.629424
v -1.808830 0.071127 -3.629436
v -1.808831 0.085346 -3.629285
v -1.786716 -0.025735 -3.493854
v -1.786716 0.054266 -3.493854
v -1.816715 0.054266 -3.494107
v -1.816715 -0.025735 -3.494107
v -1.786593 -0.025735 -3.525033
v -1.786593 0.054266 -3.525033
v -1.816591 -0.025735 -3.525400
v -1.816591 0.054266 -3.525400
v -1.181004 0.054262 -3.488732
v -1.211002 0.054262 -3.488985
v -1.211002 -0.025739 -3.488985
v -1.181004 -0.025739 -3.488732
v -1.210902 0.054262 -3.518009
v -1.210902 -0.025739 -3.518009
v -1.180905 0.054262 -3.517643
v -1.180905 -0.025739 -3.517643
v -1.029063 -0.030460 -3.435486
v -1.029063 0.029540 -3.435486
v -1.969061 0.029544 -3.436981
v -1.969061 -0.030456 -3.436981
v -1.028593 -0.030460 -3.569797
v -1.028593 0.029540 -3.569797
v -1.968494 -0.030456 -3.583365
v -1.968494 0.029544 -3.583365
v -1.842971 0.040833 -3.629393
v -1.852604 0.071127 -3.629380
v -1.842971 0.071127 -3.629393
v -1.852604 0.085346 -3.629380
v -1.800722 0.040833 -3.629447
v -1.800722 0.025347 -3.629447
v -1.788948 0.041289 -2.273644
v -1.391200 0.041289 -1.875896
v -1.258618 0.041289 -1.743314
v -1.246070 0.041289 -1.755862
v -1.378653 0.041289 -1.888444
v -0.798998 0.041289 -1.142273
v -0.786451 0.041289 -1.154821
v -1.782135 0.071584 -2.280456
v -1.788948 0.071584 -2.273644
v -1.384388 0.071584 -1.882709
v -1.251805 0.071584 -1.750126
v -1.258618 0.071584 -1.743314
v -1.391200 0.071584 -1.875896
v -0.792186 0.071584 -1.149085
v -0.798998 0.071584 -1.142273
v -1.782135 0.085803 -2.280456
v -1.384388 0.085803 -1.882709
v -1.251805 0.085803 -1.750126
v -0.792186 0.085803 -1.149085
v -1.818826 0.041289 -2.243765
v -1.421079 0.041289 -1.846018
v -1.288496 0.041289 -1.713435
v -1.275949 0.041289 -1.725983
v -1.408531 0.041289 -1.858565
v -0.828877 0.041289 -1.112394
v -0.816329 0.041289 -1.124942
v -1.408531 0.071584 -1.858565
v -1.275949 0.071584 -1.725983
v -1.282761 0.071584 -1.719170
v -1.415344 0.071584 -1.851753
v -0.816329 0.071584 -1.124942
v -0.823142 0.071584 -1.118130
v -0.823142 0.085803 -1.118130
v -1.282761 0.085803 -1.719170
v -1.818826 0.025803 -2.243765
v -1.378653 0.025803 -1.888444
v -1.246070 0.025803 -1.755862
v -1.288496 0.025803 -1.713435
v -1.421079 0.025803 -1.846018
v -0.786451 0.025803 -1.154821
v -0.828877 0.025803 -1.112394
v -1.415344 0.085803 -1.851753
v -1.525377 0.025803 -2.035169
v -1.525377 0.041289 -2.035169
v -1.567804 0.041289 -1.992742
v -1.567804 0.025803 -1.992742
v -1.531113 0.085803 -2.029433
v -1.562068 0.085803 -1.998478
v -1.555256 0.071584 -2.005290
v -1.555256 0.041289 -2.005290
v -1.562068 0.071584 -1.998478
v -1.537925 0.071584 -2.022621
v -1.537925 0.041289 -2.022621
v -1.531113 0.071584 -2.029433
v -1.523687 0.054721 -1.973219
v -1.544900 0.054721 -1.952006
v -1.544900 -0.025279 -1.952006
v -1.523687 -0.025279 -1.973219
v -1.566114 0.054721 -1.973219
v -1.566114 -0.025279 -1.973219
v -1.544901 0.054721 -1.994432
v -1.544901 -0.025279 -1.994432
v -0.451722 -0.025279 -0.907735
v -0.451722 0.054721 -0.907735
v -0.475145 0.054721 -0.888990
v -0.475145 -0.025279 -0.888990
v -0.470466 -0.025279 -0.931159
v -0.470466 0.054721 -0.931159
v -0.493889 -0.025279 -0.912414
v -0.493889 0.054721 -0.912414
vt 0.906075 0.259595
vt 0.000000 0.000000
vt 0.906075 0.219937
vt 0.000512 0.321630
vt 0.000512 0.312903
vt 0.000000 0.089593
vt 0.000000 0.062150
vt 0.905875 0.093759
vt 0.905875 0.121202
vt 0.906075 0.312903
vt 0.905875 0.034093
vt 0.905875 0.048121
vt 0.000200 0.219937
vt 0.000000 0.121202
vt 0.000000 0.093759
vt 0.000000 0.025761
vt 0.905875 0.012881
vt 0.000000 0.012881
vt 0.000512 0.321630
vt 0.906387 0.330358
vt 0.906387 0.321630
vt 0.906075 0.296828
vt 0.000200 0.312903
vt 0.905875 0.062150
vt 0.000000 0.012881
vt 0.905875 0.000000
vt 0.000000 0.000000
vt 0.906387 0.312903
vt 0.999050 0.183297
vt 0.939310 0.342604
vt 0.939310 0.183297
vt 0.999050 0.183297
vt 0.939310 0.342604
vt 0.939310 0.183297
vt 0.999050 0.342604
vt 0.939310 0.183297
vt 0.999050 0.183297
vt 0.999050 0.342604
vt 0.939310 0.183297
vt 0.999050 0.183297
vt 0.985655 0.132863
vt 0.939081 0.179437
vt 0.939081 0.132863
vt 0.939310 0.342604
vt 0.999050 0.183297
vt 0.939310 0.183297
vt 0.939310 0.342604
vt 0.999050 0.183297
vt 0.939310 0.183297
vt 0.939310 0.342604
vt 0.999050 0.183297
vt 0.939310 0.183297
vt 0.999050 0.342604
vt 0.939310 0.183297
vt 0.939310 0.342604
vt 0.979692 0.844034
vt -0.000781 0.781451
vt 0.979692 0.781451
vt 0.146184 0.656284
vt 0.000156 0.718868
vt 0.000156 0.656284
vt 0.998987 0.850355
vt 0.001647 0.998895
vt 0.001647 0.850355
vt 0.000000 0.012881
vt 0.000512 0.312903
vt 0.000512 0.321630
vt 0.980127 0.103062
vt 0.958243 0.103062
vt 0.000000 0.000000
vt 0.906075 0.312903
vt 0.905875 0.034093
vt 0.000000 0.062150
vt 0.000000 0.089593
vt 0.000000 0.000000
vt 0.905875 0.048121
vt 0.000000 0.062150
vt 0.905875 0.062150
vt 0.000000 0.034093
vt -0.000122 0.210448
vt 0.905753 0.156096
vt -0.000122 0.156096
vt 0.906075 0.297453
vt 0.000200 0.281378
vt 0.000200 0.297453
vt 0.985655 0.179437
vt 0.939081 0.132863
vt 0.939081 0.179437
vt 0.980629 0.781451
vt 0.000156 0.718868
vt 0.980629 0.718868
vt 0.302823 0.718868
vt 0.156795 0.656284
vt 0.302823 0.656284
vt 0.999534 0.654611
vt -0.000466 0.505675
vt 0.999534 0.505675
vt 0.905875 0.048121
vt 0.000512 0.330358
vt 0.905875 0.025761
vt 0.000000 0.048121
vt 0.905875 0.062150
vt 0.905875 0.048121
vt 0.905875 0.034093
vt 0.000000 0.048121
vt 0.905875 0.048121
vt -0.000122 0.156096
vt 0.905753 0.210448
vt 0.905753 0.156096
vt 0.000000 0.121202
vt 0.905875 0.093759
vt 0.000000 0.093759
vt 0.000512 0.321630
vt 0.906387 0.330358
vt 0.906387 0.321630
vt 0.906075 0.296828
vt 0.000200 0.312903
vt 0.906075 0.312903
vt 0.000000 0.062150
vt 0.905875 0.089593
vt 0.905875 0.062150
vt 0.000000 0.012881
vt 0.905875 0.000000
vt 0.000000 0.000000
vt 0.000512 0.321630
vt 0.906387 0.312903
vt 0.000512 0.312903
vt 0.906075 0.281378
vt 0.000200 0.297453
vt 0.906075 0.297453
vt 0.999050 0.183297
vt 0.939310 0.342604
vt 0.939310 0.183297
vt 0.999050 0.183297
vt 0.939310 0.342604
vt 0.939310 0.183297
vt 0.999050 0.342604
vt 0.939310 0.183297
vt 0.999050 0.183297
vt 0.999050 0.342604
vt 0.939310 0.183297
vt 0.999050 0.183297
vt 0.985655 0.132863
vt 0.939081 0.179437
vt 0.939081 0.132863
vt 0.999050 0.342604
vt 0.939310 0.183297
vt 0.939310 0.342604
vt 0.939310 0.342604
vt 0.999050 0.183297
vt 0.939310 0.183297
vt 0.999050 0.342604
vt 0.939310 0.183297
vt 0.939310 0.342604
vt 0.939310 0.342604
vt 0.999050 0.183297
vt 0.939310 0.183297
vt 0.979692 0.844034
vt -0.000781 0.781451
vt 0.979692 0.781451
vt 0.146184 0.718868
vt 0.000156 0.656284
vt 0.146184 0.656284
vt 0.998987 0.998895
vt 0.001647 0.850355
vt 0.998987 0.850355
vt 0.000200 0.219937
vt 0.906075 0.259595
vt 0.906075 0.219937
vt 0.000000 0.025761
vt 0.905875 0.012881
vt 0.000000 0.012881
vt 0.985655 0.179437
vt 0.939081 0.132863
vt 0.939081 0.179437
vt 0.980629 0.718868
vt 0.000156 0.781451
vt 0.000156 0.718868
vt 0.302823 0.656284
vt 0.156795 0.718868
vt 0.156795 0.656284
vt 0.999534 0.654611
vt -0.000466 0.505675
vt 0.999534 0.505675
vt 0.905875 0.048121
vt 0.000000 0.062150
vt 0.905875 0.062150
vt 0.000000 0.034093
vt 0.905875 0.048121
vt 0.905875 0.034093
vt 0.906075 0.219937
vt 0.000200 0.259595
vt 0.906075 0.259595
vt -0.000122 0.210448
vt 0.905753 0.156096
vt -0.000122 0.156096
vt 0.000000 0.093759
vt 0.905875 0.121202
vt 0.905875 0.093759
vt 0.000000 0.012881
vt 0.905875 0.025761
vt 0.905875 0.012881
vt 0.000512 0.321630
vt 0.906387 0.330358
vt 0.906387 0.321630
vt 0.906075 0.312903
vt 0.000200 0.296828
vt 0.000200 0.312903
vt 0.000000 0.089593
vt 0.905875 0.062150
vt 0.000000 0.062150
vt 0.000000 0.012881
vt 0.905875 0.000000
vt 0.000000 0.000000
vt 0.000512 0.312903
vt 0.906387 0.321630
vt 0.906387 0.312903
vt 0.906075 0.281378
vt 0.000200 0.297453
vt 0.906075 0.297453
vt 0.999050 0.183297
vt 0.939310 0.342604
vt 0.939310 0.183297
vt 0.999050 0.342604
vt 0.939310 0.183297
vt 0.999050 0.183297
vt 0.999050 0.342604
vt 0.939310 0.183297
vt 0.999050 0.183297
vt 0.999050 0.342604
vt 0.939310 0.183297
vt 0.999050 0.183297
vt 0.985655 0.132863
vt 0.939081 0.179437
vt 0.939081 0.132863
vt 0.999050 0.342604
vt 0.939310 0.183297
vt 0.939310 0.342604
vt 0.999050 0.342604
vt 0.939310 0.183297
vt 0.939310 0.342604
vt 0.999050 0.342604
vt 0.939310 0.183297
vt 0.939310 0.342604
vt 0.999050 0.342604
vt 0.939310 0.183297
vt 0.939310 0.342604
vt 0.979692 0.844034
vt -0.000781 0.781451
vt 0.979692 0.781451
vt 0.146184 0.656284
vt 0.000156 0.718868
vt 0.000156 0.656284
vt 0.998987 0.998895
vt 0.001647 0.850355
vt 0.998987 0.850355
vt 0.939081 0.179437
vt 0.985655 0.132863
vt 0.939081 0.132863
vt 0.980629 0.781451
vt 0.000156 0.718868
vt 0.980629 0.718868
vt 0.302823 0.718868
vt 0.156795 0.656284
vt 0.302823 0.656284
vt 0.999534 0.654611
vt -0.000466 0.505675
vt 0.999534 0.505675
vt 0.000000 0.121202
vt 0.000000 0.093759
vt 0.905875 0.089593
vt 0.905875 0.000000
vt 0.905875 0.012881
vt 0.906387 0.312903
vt 0.000200 0.259595
vt 0.906075 0.259595
vt 0.906075 0.219937
vt 0.905875 0.012881
vt 0.905875 0.000000
vt 0.000200 0.297453
vt 0.000200 0.281378
vt 0.905875 0.048121
vt 0.905753 0.156096
vt 0.000000 0.000000
vt 0.000200 0.296828
vt 0.999050 0.342604
vt 0.939310 0.183297
vt 0.999050 0.183297
vt 0.999050 0.342604
vt 0.939310 0.183297
vt 0.999050 0.183297
vt 0.999050 0.183297
vt 0.939310 0.342604
vt 0.939310 0.183297
vt 0.999050 0.342604
vt 0.939310 0.183297
vt 0.999050 0.183297
vt 0.985655 0.132863
vt 0.939081 0.179437
vt 0.939081 0.132863
vt 0.999050 0.342604
vt 0.939310 0.183297
vt 0.939310 0.342604
vt 0.999050 0.342604
vt 0.939310 0.183297
vt 0.939310 0.342604
vt 0.999050 0.342604
vt 0.939310 0.183297
vt 0.939310 0.342604
vt 0.999050 0.342604
vt 0.939310 0.183297
vt 0.939310 0.342604
vt 0.000000 0.000000
vt 0.905875 0.089593
vt 0.905875 0.062150
vt 0.000000 0.093759
vt 0.939081 0.179437
vt 0.985655 0.132863
vt 0.939081 0.132863
vt 0.979692 0.844034
vt -0.000781 0.781451
vt 0.979692 0.781451
vt 0.146184 0.718868
vt 0.000156 0.656284
vt 0.146184 0.656284
vt 0.980629 0.718868
vt 0.000156 0.781451
vt 0.000156 0.718868
vt 0.302823 0.656284
vt 0.156795 0.718868
vt 0.156795 0.656284
vt 0.999534 0.505675
vt -0.000466 0.654611
vt -0.000466 0.505675
vt 0.998987 0.998895
vt 0.001647 0.850355
vt 0.998987 0.850355
vt 0.000000 0.000000
vt 0.000000 0.034093
vt 0.000000 0.048121
vt -0.000122 0.210448
vt 0.905753 0.156096
vt 0.905753 0.210448
vt 0.000000 0.121202
vt 0.905875 0.093759
vt 0.905875 0.121202
vt 0.000000 0.025761
vt 0.905875 0.012881
vt 0.905875 0.025761
vt 0.906387 0.330358
vt 0.000512 0.321630
vt 0.906387 0.321630
vt 0.906075 0.296828
vt 0.000200 0.312903
vt 0.000200 0.296828
vt 0.906387 0.321630
vt 0.906387 0.312903
vt 0.000200 0.297453
vt 0.905875 0.048121
vt 0.999050 0.342604
vt 0.939310 0.183297
vt 0.999050 0.183297
vt 0.999050 0.342604
vt 0.939310 0.183297
vt 0.999050 0.183297
vt 0.999050 0.342604
vt 0.939310 0.183297
vt 0.999050 0.183297
vt 0.999050 0.342604
vt 0.939310 0.183297
vt 0.999050 0.183297
vt 0.985655 0.179437
vt 0.939081 0.132863
vt 0.985655 0.132863
vt 0.999050 0.342604
vt 0.939310 0.183297
vt 0.939310 0.342604
vt 0.999050 0.342604
vt 0.939310 0.183297
vt 0.939310 0.342604
vt 0.999050 0.342604
vt 0.939310 0.183297
vt 0.939310 0.342604
vt 0.939310 0.342604
vt 0.999050 0.183297
vt 0.939310 0.183297
vt 0.906075 0.219937
vt 0.985655 0.179437
vt 0.939081 0.132863
vt 0.939081 0.179437
vt 0.979692 0.844034
vt -0.000781 0.781451
vt 0.979692 0.781451
vt 0.146184 0.718868
vt 0.000156 0.656284
vt 0.146184 0.656284
vt 0.980629 0.781451
vt 0.000156 0.718868
vt 0.980629 0.718868
vt 0.302823 0.718868
vt 0.156795 0.656284
vt 0.302823 0.656284
vt 0.999534 0.654611
vt -0.000466 0.505675
vt 0.999534 0.505675
vt 0.998987 0.850355
vt 0.001647 0.998895
vt 0.001647 0.850355
vt 0.000000 0.048121
vt 0.905875 0.062150
vt 0.000000 0.034093
vt 0.905875 0.048121
vt 0.905875 0.034093
vt 0.000200 0.219937
vt 0.906075 0.259595
vt 0.906075 0.219937
vt -0.000122 0.156096
vt 0.905753 0.210448
vt 0.905875 0.121202
vt 0.905875 0.093759
vt 0.000000 0.012881
vt 0.905875 0.025761
vt 0.905875 0.012881
vt 0.000512 0.330358
vt 0.906387 0.321630
vt 0.000512 0.321630
vt 0.906075 0.296828
vt 0.000200 0.312903
vt 0.906075 0.312903
vt 0.000000 0.062150
vt 0.905875 0.062150
vt 0.000000 0.012881
vt 0.000000 0.000000
vt 0.000512 0.321630
vt 0.000512 0.312903
vt 0.906075 0.281378
vt 0.906075 0.297453
vt 0.999050 0.342604
vt 0.939310 0.183297
vt 0.999050 0.183297
vt 0.999050 0.342604
vt 0.939310 0.183297
vt 0.999050 0.183297
vt 0.999050 0.183297
vt 0.939310 0.342604
vt 0.939310 0.183297
vt 0.999050 0.342604
vt 0.939310 0.183297
vt 0.999050 0.183297
vt 0.985655 0.132863
vt 0.939081 0.179437
vt 0.939081 0.132863
vt 0.999050 0.342604
vt 0.939310 0.183297
vt 0.939310 0.342604
vt 0.999050 0.342604
vt 0.939310 0.183297
vt 0.939310 0.342604
vt 0.999050 0.342604
vt 0.939310 0.183297
vt 0.939310 0.342604
vt 0.999050 0.342604
vt 0.939310 0.183297
vt 0.939310 0.342604
vt 0.979692 0.844034
vt -0.000781 0.781451
vt 0.979692 0.781451
vt 0.146184 0.718868
vt 0.000156 0.656284
vt 0.146184 0.656284
vt 0.998987 0.998895
vt 0.001647 0.850355
vt 0.998987 0.850355
vt 0.939081 0.179437
vt 0.985655 0.132863
vt 0.939081 0.132863
vt 0.980629 0.781451
vt 0.000156 0.718868
vt 0.980629 0.718868
vt 0.302823 0.718868
vt 0.156795 0.656284
vt 0.302823 0.656284
vt 0.999534 0.505675
vt -0.000466 0.654611
vt -0.000466 0.505675
vt 0.000000 0.048121
vt 0.905875 0.062150
vt 0.000000 0.062150
vt 0.959024 0.014240
vt 0.943180 0.000413
vt 0.980908 0.014240
vt 0.996752 0.000413
vt 0.980908 0.041289
vt 0.989510 0.053985
vt 0.959024 0.041289
vt 0.950422 0.053985
vt 0.000000 0.034093
vt 0.905875 0.048121
vt 0.000000 0.048121
vt 0.000200 0.219937
vt 0.906075 0.259595
vt 0.000200 0.259595
vt -0.000122 0.210448
vt 0.905753 0.156096
vt 0.905753 0.210448
vt 0.000000 0.121202
vt 0.905875 0.093759
vt 0.905875 0.121202
vt 0.000000 0.025761
vt 0.905875 0.012881
vt 0.905875 0.025761
vt 0.000512 0.330358
vt 0.906387 0.321630
vt 0.906387 0.330358
vt 0.906075 0.296828
vt 0.000200 0.312903
vt 0.000200 0.296828
vt 0.000000 0.089593
vt 0.905875 0.062150
vt 0.905875 0.089593
vt 0.000000 0.012881
vt 0.905875 0.000000
vt 0.905875 0.012881
vt 0.000512 0.321630
vt 0.906387 0.312903
vt 0.906387 0.321630
vt 0.906075 0.281378
vt 0.000200 0.297453
vt 0.000200 0.281378
vt 0.000000 0.048121
vt 0.905875 0.062150
vt 0.905875 0.048121
vt 0.996752 0.000413
vt 0.980908 0.014240
vt 0.996752 0.014240
vt 0.959024 0.014240
vt 0.943180 0.000413
vt 0.943180 0.014240
vt 0.950422 0.053985
vt 0.959024 0.041289
vt 0.950422 0.041289
vt 0.989510 0.053985
vt 0.980908 0.041289
vt 0.905875 0.034093
vt 0.000000 0.048121
vt 0.905875 0.048121
vt 0.000200 0.219937
vt 0.906075 0.259595
vt 0.906075 0.219937
vt -0.000122 0.210448
vt 0.905753 0.156096
vt -0.000122 0.156096
vt 0.000000 0.121202
vt 0.905875 0.093759
vt 0.000000 0.093759
vt 0.000000 0.025761
vt 0.905875 0.012881
vt 0.000000 0.012881
vt 0.000512 0.330358
vt 0.906387 0.321630
vt 0.000512 0.321630
vt 0.906075 0.296828
vt 0.000200 0.312903
vt 0.906075 0.312903
vt 0.000000 0.089593
vt 0.905875 0.062150
vt 0.000000 0.062150
vt 0.000000 0.012881
vt 0.905875 0.000000
vt 0.000000 0.000000
vt 0.000512 0.321630
vt 0.906387 0.312903
vt 0.000512 0.312903
vt 0.906075 0.281378
vt 0.000200 0.297453
vt 0.906075 0.297453
vt 0.999050 0.342604
vt 0.939310 0.183297
vt 0.999050 0.183297
vt 0.999050 0.342604
vt 0.939310 0.183297
vt 0.999050 0.183297
vt 0.999050 0.342604
vt 0.939310 0.183297
vt 0.999050 0.183297
vt 0.999050 0.342604
vt 0.939310 0.183297
vt 0.999050 0.183297
vt 0.985655 0.179437
vt 0.939081 0.132863
vt 0.985655 0.132863
vt 0.999050 0.342604
vt 0.939310 0.183297
vt 0.939310 0.342604
vt 0.999050 0.342604
vt 0.939310 0.183297
vt 0.939310 0.342604
vt 0.999050 0.342604
vt 0.939310 0.183297
vt 0.939310 0.342604
vt 0.999050 0.342604
vt 0.939310 0.183297
vt 0.939310 0.342604
vt 0.985655 0.179437
vt 0.939081 0.132863
vt 0.939081 0.179437
vt 0.999050 0.342604
vt 0.939310 0.183297
vt 0.999050 0.183297
vt 0.999050 0.183297
vt 0.939310 0.342604
vt 0.939310 0.183297
vt 0.999050 0.342604
vt 0.939310 0.183297
vt 0.999050 0.183297
vt 0.999050 0.342604
vt 0.939310 0.183297
vt 0.999050 0.183297
vt 0.985655 0.179437
vt 0.939081 0.132863
vt 0.985655 0.132863
vt 0.999050 0.342604
vt 0.939310 0.183297
vt 0.939310 0.342604
vt 0.939310 0.342604
vt 0.999050 0.183297
vt 0.939310 0.183297
vt 0.999050 0.342604
vt 0.939310 0.183297
vt 0.939310 0.342604
vt 0.999050 0.342604
vt 0.939310 0.183297
vt 0.939310 0.342604
vt 0.985655 0.179437
vt 0.939081 0.132863
vt 0.939081 0.179437
vt 0.979692 0.844034
vt -0.000781 0.781451
vt 0.979692 0.781451
vt 0.146184 0.656284
vt 0.000156 0.718868
vt 0.000156 0.656284
vt 0.980629 0.781451
vt 0.000156 0.718868
vt 0.980629 0.718868
vt 0.302823 0.718868
vt 0.156795 0.656284
vt 0.302823 0.656284
vt 0.999534 0.654611
vt -0.000466 0.505675
vt 0.999534 0.505675
vt 0.979692 0.844034
vt -0.000781 0.781451
vt 0.979692 0.781451
vt 0.145247 0.656284
vt -0.000781 0.718868
vt -0.000781 0.656284
vt 0.979692 0.781451
vt -0.000781 0.718868
vt 0.979692 0.718868
vt 0.302823 0.718868
vt 0.156795 0.656284
vt 0.302823 0.656284
vt 1.000000 1.000000
vt 0.000000 0.851064
vt 1.000000 0.851064
vt 0.998987 0.998895
vt 0.001647 0.850355
vt 0.998987 0.850355
vt 0.998987 0.998049
vt 0.001647 0.849509
vt 0.998987 0.849509
vt 0.000200 0.281378
vt 0.000200 0.259595
vt 0.000200 0.296828
vt 0.905875 0.089593
vt 0.905875 0.012881
vt 0.906387 0.321630
vt 0.999050 0.342604
vt 0.999050 0.342604
vt 0.939310 0.342604
vt 0.939310 0.342604
vt 0.985655 0.179437
vt 0.999050 0.342604
vt 0.999050 0.342604
vt 0.999050 0.342604
vt 0.999050 0.183297
vt -0.000781 0.844034
vt 0.146184 0.718868
vt 0.998987 0.998895
vt 0.000000 0.048121
vt 0.000000 0.048121
vt 0.905753 0.210448
vt 0.906075 0.281378
vt 0.985655 0.132863
vt 0.000156 0.781451
vt 0.156795 0.718868
vt -0.000466 0.654611
vt 0.000000 0.062150
vt 0.000000 0.034093
vt -0.000122 0.210448
vt 0.905875 0.121202
vt 0.000512 0.330358
vt 0.000200 0.296828
vt 0.000000 0.089593
vt 0.905875 0.012881
vt 0.906387 0.321630
vt 0.000200 0.281378
vt 0.999050 0.342604
vt 0.999050 0.342604
vt 0.939310 0.342604
vt 0.939310 0.342604
vt 0.985655 0.179437
vt 0.999050 0.183297
vt 0.999050 0.342604
vt 0.999050 0.183297
vt 0.999050 0.342604
vt -0.000781 0.844034
vt 0.000156 0.718868
vt 0.001647 0.998895
vt 0.000200 0.259595
vt 0.905875 0.025761
vt 0.985655 0.132863
vt 0.980629 0.781451
vt 0.302823 0.718868
vt -0.000466 0.654611
vt 0.000000 0.048121
vt 0.000000 0.048121
vt 0.000200 0.219937
vt 0.905753 0.210448
vt 0.000000 0.121202
vt 0.000000 0.025761
vt 0.000512 0.330358
vt 0.906075 0.296828
vt 0.905875 0.089593
vt 0.905875 0.012881
vt 0.000512 0.321630
vt 0.000200 0.281378
vt 0.999050 0.342604
vt 0.939310 0.342604
vt 0.939310 0.342604
vt 0.939310 0.342604
vt 0.985655 0.179437
vt 0.999050 0.183297
vt 0.999050 0.183297
vt 0.999050 0.183297
vt 0.999050 0.183297
vt -0.000781 0.844034
vt 0.146184 0.718868
vt 0.001647 0.998895
vt 0.985655 0.179437
vt 0.000156 0.781451
vt 0.156795 0.718868
vt -0.000466 0.654611
vt 0.939310 0.342604
vt 0.939310 0.342604
vt 0.999050 0.342604
vt 0.939310 0.342604
vt 0.985655 0.179437
vt 0.999050 0.183297
vt 0.999050 0.183297
vt 0.999050 0.183297
vt 0.999050 0.183297
vt 0.985655 0.179437
vt -0.000781 0.844034
vt 0.000156 0.718868
vt 0.980629 0.781451
vt 0.302823 0.718868
vt 0.999534 0.654611
vt 0.001647 0.998895
vt -0.000122 0.156096
vt 0.000000 0.012881
vt 0.000512 0.330358
vt 0.000000 0.000000
vt 0.939310 0.342604
vt 0.939310 0.342604
vt 0.939310 0.342604
vt 0.939310 0.342604
vt 0.939081 0.179437
vt 0.999050 0.183297
vt 0.999050 0.183297
vt 0.999050 0.183297
vt 0.999050 0.342604
vt 0.000200 0.219937
vt 0.985655 0.132863
vt -0.000781 0.844034
vt 0.000156 0.718868
vt 0.000156 0.781451
vt 0.156795 0.718868
vt -0.000466 0.654611
vt 0.998987 0.998895
vt 0.000000 0.062150
vt 0.000000 0.048121
vt 0.000200 0.259595
vt -0.000122 0.210448
vt 0.000000 0.025761
vt 0.906387 0.330358
vt 0.000000 0.089593
vt 0.906387 0.321630
vt 0.939310 0.342604
vt 0.939310 0.342604
vt 0.999050 0.342604
vt 0.939310 0.342604
vt 0.985655 0.179437
vt 0.999050 0.183297
vt 0.999050 0.183297
vt 0.999050 0.183297
vt 0.999050 0.183297
vt -0.000781 0.844034
vt 0.000156 0.718868
vt 0.001647 0.998895
vt 0.985655 0.179437
vt 0.000156 0.781451
vt 0.156795 0.718868
vt 0.999534 0.654611
vt 0.905875 0.048121
vt 0.943180 0.014240
vt 0.996752 0.014240
vt 0.989510 0.041289
vt 0.950422 0.041289
vt 0.905875 0.034093
vt 0.906075 0.219937
vt -0.000122 0.156096
vt 0.000000 0.093759
vt 0.000000 0.012881
vt 0.000512 0.321630
vt 0.906075 0.312903
vt 0.000000 0.062150
vt 0.000000 0.000000
vt 0.000512 0.312903
vt 0.906075 0.297453
vt 0.000000 0.062150
vt 0.989510 0.041289
vt 0.000000 0.034093
vt 0.000200 0.259595
vt 0.905753 0.210448
vt 0.905875 0.121202
vt 0.905875 0.025761
vt 0.906387 0.330358
vt 0.000200 0.296828
vt 0.905875 0.089593
vt 0.905875 0.012881
vt 0.906387 0.321630
vt 0.000200 0.281378
vt 0.939310 0.342604
vt 0.939310 0.342604
vt 0.939310 0.342604
vt 0.939310 0.342604
vt 0.939081 0.179437
vt 0.999050 0.183297
vt 0.999050 0.183297
vt 0.999050 0.183297
vt 0.999050 0.183297
vt 0.985655 0.132863
vt 0.939310 0.342604
vt 0.999050 0.342604
vt 0.939310 0.342604
vt 0.939310 0.342604
vt 0.939081 0.179437
vt 0.999050 0.183297
vt 0.999050 0.342604
vt 0.999050 0.183297
vt 0.999050 0.183297
vt 0.985655 0.132863
vt -0.000781 0.844034
vt 0.146184 0.718868
vt 0.000156 0.781451
vt 0.156795 0.718868
vt -0.000466 0.654611
vt -0.000781 0.844034
vt 0.145247 0.718868
vt -0.000781 0.781451
vt 0.156795 0.718868
vt 0.000000 1.000000
vt 0.001647 0.998895
vt 0.001647 0.998049
vt 0.679406 0.048121
vt 0.905875 0.062150
vt 0.679406 0.062150
vt 0.982037 0.022561
vt 0.982037 0.022561
vt 0.982037 0.022561
vt 0.982037 0.022561
vt 0.982037 0.022561
vt 0.982037 0.022561
vt 0.982037 0.022561
vt 0.982037 0.022561
vt 0.000000 0.121202
vt 0.226469 0.093759
vt 0.226469 0.121202
vt 0.000000 0.025761
vt 0.226469 0.012881
vt 0.226469 0.025761
vt 0.999050 0.342604
vt 0.939310 0.183297
vt 0.999050 0.183297
vt 0.999050 0.183297
vt 0.939310 0.342604
vt 0.939310 0.183297
vt 0.999050 0.342604
vt 0.939310 0.183297
vt 0.999050 0.183297
vt 0.999050 0.342604
vt 0.939310 0.183297
vt 0.999050 0.183297
vt 0.985655 0.179437
vt 0.939081 0.132863
vt 0.985655 0.132863
vt 0.999050 0.342604
vt 0.939310 0.183297
vt 0.999050 0.183297
vt 0.999050 0.342604
vt 0.939310 0.183297
vt 0.999050 0.183297
vt 0.999050 0.342604
vt 0.939310 0.183297
vt 0.999050 0.183297
vt 0.999050 0.342604
vt 0.939310 0.183297
vt 0.999050 0.183297
vt 0.985655 0.179437
vt 0.939081 0.132863
vt 0.985655 0.132863
vt 0.999050 0.342604
vt 0.939310 0.183297
vt 0.999050 0.183297
vt 0.999050 0.183297
vt 0.939310 0.342604
vt 0.939310 0.183297
vt 0.999050 0.342604
vt 0.939310 0.183297
vt 0.999050 0.183297
vt 0.999050 0.342604
vt 0.939310 0.183297
vt 0.999050 0.183297
vt 0.985655 0.179437
vt 0.939081 0.132863
vt 0.985655 0.132863
vt 0.979692 0.844034
vt -0.000781 0.781451
vt 0.979692 0.781451
vt 0.146184 0.656284
vt 0.000156 0.718868
vt 0.000156 0.656284
vt 0.980629 0.781451
vt 0.000156 0.718868
vt 0.980629 0.718868
vt 0.302823 0.718868
vt 0.156795 0.656284
vt 0.302823 0.656284
vt 0.999534 0.654611
vt -0.000466 0.505675
vt 0.999534 0.505675
vt 0.979692 0.844034
vt -0.000781 0.781451
vt 0.979692 0.781451
vt 0.145247 0.656284
vt -0.000781 0.718868
vt -0.000781 0.656284
vt 0.979692 0.781451
vt -0.000781 0.718868
vt 0.979692 0.718868
vt 0.302823 0.718868
vt 0.156795 0.656284
vt 0.302823 0.656284
vt 1.000000 1.000000
vt 0.000000 0.851064
vt 1.000000 0.851064
vt 0.979692 0.844034
vt -0.000781 0.781451
vt 0.979692 0.781451
vt 0.145247 0.718868
vt -0.000781 0.656284
vt 0.145247 0.656284
vt 0.979692 0.781451
vt -0.000781 0.718868
vt 0.979692 0.718868
vt 0.302823 0.718868
vt 0.156795 0.656284
vt 0.302823 0.656284
vt 0.999897 0.498042
vt -0.000103 0.349106
vt 0.999897 0.349106
vt 0.979692 0.844034
vt -0.000781 0.781451
vt 0.979692 0.781451
vt 0.145247 0.718868
vt -0.000781 0.656284
vt 0.145247 0.656284
vt 0.979692 0.781451
vt -0.000781 0.718868
vt 0.979692 0.718868
vt 0.302823 0.718868
vt 0.156795 0.656284
vt 0.302823 0.656284
vt 1.000000 1.000000
vt 0.000000 0.851064
vt 1.000000 0.851064
vt 0.998987 0.850355
vt 0.001647 0.998895
vt 0.001647 0.850355
vt 0.998987 0.998049
vt 0.001647 0.849509
vt 0.998987 0.849509
vt 0.997339 0.500556
vt 0.000000 0.352016
vt 0.997339 0.352016
vt 0.998987 0.652658
vt 0.001647 0.504118
vt 0.998987 0.504118
vt 0.999050 0.342604
vt 0.939310 0.183297
vt 0.999050 0.183297
vt 0.999050 0.342604
vt 0.939310 0.183297
vt 0.999050 0.183297
vt 0.999050 0.342604
vt 0.939310 0.183297
vt 0.999050 0.183297
vt 0.999050 0.342604
vt 0.939310 0.183297
vt 0.999050 0.183297
vt 0.985655 0.132863
vt 0.939081 0.179437
vt 0.939081 0.132863
vt 0.999050 0.342604
vt 0.939310 0.183297
vt 0.999050 0.183297
vt 0.999050 0.342604
vt 0.939310 0.183297
vt 0.999050 0.183297
vt 0.999050 0.342604
vt 0.939310 0.183297
vt 0.999050 0.183297
vt 0.999050 0.342604
vt 0.939310 0.183297
vt 0.999050 0.183297
vt 0.985655 0.179437
vt 0.939081 0.132863
vt 0.985655 0.132863
vt 0.999050 0.342604
vt 0.939310 0.183297
vt 0.999050 0.183297
vt 0.999050 0.342604
vt 0.939310 0.183297
vt 0.999050 0.183297
vt 0.999050 0.342604
vt 0.939310 0.183297
vt 0.999050 0.183297
vt 0.999050 0.342604
vt 0.939310 0.183297
vt 0.999050 0.183297
vt 0.985655 0.179437
vt 0.939081 0.132863
vt 0.985655 0.132863
vt 0.999050 0.342604
vt 0.939310 0.183297
vt 0.939310 0.342604
vt 0.939310 0.342604
vt 0.999050 0.183297
vt 0.939310 0.183297
vt 0.999050 0.342604
vt 0.939310 0.183297
vt 0.939310 0.342604
vt 0.999050 0.342604
vt 0.939310 0.183297
vt 0.939310 0.342604
vt 0.985655 0.179437
vt 0.939081 0.132863
vt 0.939081 0.179437
vt 0.999050 0.342604
vt 0.939310 0.183297
vt 0.999050 0.183297
vt 0.999050 0.183297
vt 0.939310 0.342604
vt 0.939310 0.183297
vt 0.999050 0.342604
vt 0.939310 0.183297
vt 0.999050 0.183297
vt 0.999050 0.342604
vt 0.939310 0.183297
vt 0.999050 0.183297
vt 0.985655 0.179437
vt 0.939081 0.132863
vt 0.985655 0.132863
vt 0.979692 0.844034
vt -0.000781 0.781451
vt 0.979692 0.781451
vt 0.146184 0.718868
vt 0.000156 0.656284
vt 0.146184 0.656284
vt 0.980629 0.781451
vt 0.000156 0.718868
vt 0.980629 0.718868
vt 0.302823 0.718868
vt 0.156795 0.656284
vt 0.302823 0.656284
vt 0.999534 0.654611
vt -0.000466 0.505675
vt 0.999534 0.505675
vt 0.979692 0.844034
vt -0.000781 0.781451
vt 0.979692 0.781451
vt 0.145247 0.718868
vt -0.000781 0.656284
vt 0.145247 0.656284
vt 0.979692 0.781451
vt -0.000781 0.718868
vt 0.979692 0.718868
vt 0.302823 0.718868
vt 0.156795 0.656284
vt 0.302823 0.656284
vt 1.000000 1.000000
vt 0.000000 0.851064
vt 1.000000 0.851064
vt 0.979692 0.844034
vt -0.000781 0.781451
vt 0.979692 0.781451
vt 0.145247 0.656284
vt -0.000781 0.718868
vt -0.000781 0.656284
vt 0.979692 0.781451
vt -0.000781 0.718868
vt 0.979692 0.718868
vt 0.302823 0.718868
vt 0.156795 0.656284
vt 0.302823 0.656284
vt 0.999897 0.498042
vt -0.000103 0.349106
vt 0.999897 0.349106
vt 0.979692 0.844034
vt -0.000781 0.781451
vt 0.979692 0.781451
vt 0.145247 0.656284
vt -0.000781 0.718868
vt -0.000781 0.656284
vt 0.979692 0.781451
vt -0.000781 0.718868
vt 0.979692 0.718868
vt 0.302823 0.718868
vt 0.156795 0.656284
vt 0.302823 0.656284
vt 1.000000 0.851064
vt 0.000000 1.000000
vt 0.000000 0.851064
vt 0.998987 0.998895
vt 0.001647 0.850355
vt 0.998987 0.850355
vt 0.998987 0.998049
vt 0.001647 0.849509
vt 0.998987 0.849509
vt 0.997339 0.500556
vt 0.000000 0.352016
vt 0.997339 0.352016
vt 0.998987 0.504118
vt 0.001647 0.652658
vt 0.001647 0.504118
vt 0.999050 0.342604
vt 0.939310 0.183297
vt 0.999050 0.183297
vt 0.999050 0.342604
vt 0.939310 0.183297
vt 0.999050 0.183297
vt 0.999050 0.342604
vt 0.939310 0.183297
vt 0.999050 0.183297
vt 0.999050 0.342604
vt 0.939310 0.183297
vt 0.999050 0.183297
vt 0.985655 0.132863
vt 0.939081 0.179437
vt 0.939081 0.132863
vt 0.999050 0.342604
vt 0.939310 0.183297
vt 0.939310 0.342604
vt 0.939310 0.342604
vt 0.999050 0.183297
vt 0.939310 0.183297
vt 0.999050 0.342604
vt 0.939310 0.183297
vt 0.939310 0.342604
vt 0.999050 0.342604
vt 0.939310 0.183297
vt 0.939310 0.342604
vt 0.939081 0.179437
vt 0.985655 0.132863
vt 0.939081 0.132863
vt 0.999050 0.342604
vt 0.939310 0.183297
vt 0.999050 0.183297
vt 0.999050 0.342604
vt 0.939310 0.183297
vt 0.999050 0.183297
vt 0.999050 0.342604
vt 0.939310 0.183297
vt 0.999050 0.183297
vt 0.999050 0.342604
vt 0.939310 0.183297
vt 0.999050 0.183297
vt 0.985655 0.179437
vt 0.939081 0.132863
vt 0.985655 0.132863
vt 0.999050 0.342604
vt 0.939310 0.183297
vt 0.939310 0.342604
vt 0.999050 0.342604
vt 0.939310 0.183297
vt 0.939310 0.342604
vt 0.999050 0.342604
vt 0.939310 0.183297
vt 0.939310 0.342604
vt 0.999050 0.342604
vt 0.939310 0.183297
vt 0.939310 0.342604
vt 0.985655 0.179437
vt 0.939081 0.132863
vt 0.939081 0.179437
vt 0.999050 0.342604
vt 0.939310 0.183297
vt 0.999050 0.183297
vt 0.999050 0.342604
vt 0.939310 0.183297
vt 0.999050 0.183297
vt 0.999050 0.342604
vt 0.939310 0.183297
vt 0.999050 0.183297
vt 0.999050 0.342604
vt 0.939310 0.183297
vt 0.999050 0.183297
vt 0.985655 0.179437
vt 0.939081 0.132863
vt 0.985655 0.132863
vt 0.999050 0.342604
vt 0.939310 0.183297
vt 0.939310 0.342604
vt 0.999050 0.342604
vt 0.939310 0.183297
vt 0.939310 0.342604
vt 0.999050 0.342604
vt 0.939310 0.183297
vt 0.939310 0.342604
vt 0.999050 0.342604
vt 0.939310 0.183297
vt 0.939310 0.342604
vt 0.985655 0.179437
vt 0.939081 0.132863
vt 0.939081 0.179437
vt 0.999050 0.342604
vt 0.939310 0.183297
vt 0.999050 0.183297
vt 0.999050 0.342604
vt 0.939310 0.183297
vt 0.999050 0.183297
vt 0.999050 0.342604
vt 0.939310 0.183297
vt 0.999050 0.183297
vt 0.999050 0.342604
vt 0.939310 0.183297
vt 0.999050 0.183297
vt 0.985655 0.179437
vt 0.939081 0.132863
vt 0.985655 0.132863
vt 0.999050 0.342604
vt 0.939310 0.183297
vt 0.939310 0.342604
vt 0.999050 0.342604
vt 0.939310 0.183297
vt 0.939310 0.342604
vt 0.999050 0.342604
vt 0.939310 0.183297
vt 0.939310 0.342604
vt 0.939310 0.342604
vt 0.999050 0.183297
vt 0.939310 0.183297
vt 0.985655 0.179437
vt 0.939081 0.132863
vt 0.939081 0.179437
vt 0.979692 0.844034
vt -0.000781 0.781451
vt 0.979692 0.781451
vt 0.146184 0.656284
vt 0.000156 0.718868
vt 0.000156 0.656284
vt 0.980629 0.781451
vt 0.000156 0.718868
vt 0.980629 0.718868
vt 0.302823 0.718868
vt 0.156795 0.656284
vt 0.302823 0.656284
vt 0.999534 0.654611
vt -0.000466 0.505675
vt 0.999534 0.505675
vt 0.979692 0.844034
vt -0.000781 0.781451
vt 0.979692 0.781451
vt 0.145247 0.656284
vt -0.000781 0.718868
vt -0.000781 0.656284
vt 0.979692 0.781451
vt -0.000781 0.718868
vt 0.979692 0.718868
vt 0.302823 0.718868
vt 0.156795 0.656284
vt 0.302823 0.656284
vt 1.000000 1.000000
vt 0.000000 0.851064
vt 1.000000 0.851064
vt 0.979692 0.844034
vt -0.000781 0.781451
vt 0.979692 0.781451
vt 0.145247 0.718868
vt -0.000781 0.656284
vt 0.145247 0.656284
vt 0.979692 0.781451
vt -0.000781 0.718868
vt 0.979692 0.718868
vt 0.302823 0.718868
vt 0.156795 0.656284
vt 0.302823 0.656284
vt 0.999897 0.498042
vt -0.000103 0.349106
vt 0.999897 0.349106
vt 0.979692 0.844034
vt -0.000781 0.781451
vt 0.979692 0.781451
vt 0.145247 0.718868
vt -0.000781 0.656284
vt 0.145247 0.656284
vt 0.979692 0.781451
vt -0.000781 0.718868
vt 0.979692 0.718868
vt 0.302823 0.718868
vt 0.156795 0.656284
vt 0.302823 0.656284
vt 1.000000 1.000000
vt 0.000000 0.851064
vt 1.000000 0.851064
vt 0.998987 0.998895
vt 0.001647 0.850355
vt 0.998987 0.850355
vt 0.998987 0.998049
vt 0.001647 0.849509
vt 0.998987 0.849509
vt 0.997339 0.500556
vt 0.000000 0.352016
vt 0.997339 0.352016
vt 0.998987 0.652658
vt 0.001647 0.504118
vt 0.998987 0.504118
vt 0.679406 0.034093
vt 0.905875 0.048121
vt 0.679406 0.048121
vt 0.679606 0.259595
vt 0.906075 0.219937
vt 0.906075 0.259595
vt 0.226347 0.210448
vt -0.000122 0.156096
vt 0.226347 0.156096
vt 0.226981 0.330358
vt 0.000512 0.321630
vt 0.226981 0.321630
vt 0.906075 0.296828
vt 0.679606 0.312903
vt 0.679606 0.296828
vt 0.226469 0.089593
vt 0.000000 0.062150
vt 0.226469 0.062150
vt 0.000000 0.012881
vt 0.226469 0.000000
vt 0.226469 0.012881
vt 0.226981 0.321630
vt 0.000512 0.312903
vt 0.226981 0.312903
vt 0.906075 0.281378
vt 0.679606 0.297453
vt 0.679606 0.281378
vt 0.999050 0.342604
vt 0.939310 0.183297
vt 0.999050 0.183297
vt 0.999050 0.183297
vt 0.939310 0.342604
vt 0.939310 0.183297
vt 0.999050 0.342604
vt 0.939310 0.183297
vt 0.999050 0.183297
vt 0.999050 0.342604
vt 0.939310 0.183297
vt 0.999050 0.183297
vt 0.985655 0.132863
vt 0.939081 0.179437
vt 0.939081 0.132863
vt 0.999050 0.342604
vt 0.939310 0.183297
vt 0.939310 0.342604
vt 0.939310 0.342604
vt 0.999050 0.183297
vt 0.939310 0.183297
vt 0.999050 0.342604
vt 0.939310 0.183297
vt 0.939310 0.342604
vt 0.999050 0.342604
vt 0.939310 0.183297
vt 0.939310 0.342604
vt 0.985655 0.179437
vt 0.939081 0.132863
vt 0.939081 0.179437
vt 0.905875 0.025761
vt 0.679406 0.012881
vt 0.905875 0.012881
vt 0.679406 0.121202
vt 0.905875 0.093759
vt 0.905875 0.121202
vt 0.000000 0.048121
vt 0.226469 0.062150
vt 0.000000 0.062150
vt 0.679406 0.034093
vt 0.905875 0.048121
vt 0.679406 0.048121
vt 0.679606 0.259595
vt 0.906075 0.219937
vt 0.906075 0.259595
vt -0.000122 0.210448
vt 0.226347 0.156096
vt 0.226347 0.210448
vt 0.000512 0.330358
vt 0.226981 0.321630
vt 0.226981 0.330358
vt 0.906075 0.296828
vt 0.679606 0.312903
vt 0.679606 0.296828
vt 0.000000 0.089593
vt 0.226469 0.062150
vt 0.226469 0.089593
vt 0.000000 0.012881
vt 0.226469 0.000000
vt 0.226469 0.012881
vt 0.000512 0.321630
vt 0.226981 0.312903
vt 0.226981 0.321630
vt 0.679606 0.281378
vt 0.906075 0.297453
vt 0.679606 0.297453
vt 0.905875 0.025761
vt 0.679406 0.012881
vt 0.905875 0.012881
vt 0.905875 0.121202
vt 0.679406 0.093759
vt 0.905875 0.093759
vt 0.000000 0.048121
vt 0.226469 0.062150
vt 0.000000 0.062150
vt 0.679406 0.034093
vt 0.905875 0.048121
vt 0.679406 0.048121
vt 0.679606 0.259595
vt 0.906075 0.219937
vt 0.906075 0.259595
vt -0.000122 0.210448
vt 0.226347 0.156096
vt 0.226347 0.210448
vt 0.000512 0.330358
vt 0.226981 0.321630
vt 0.226981 0.330358
vt 0.906075 0.296828
vt 0.679606 0.312903
vt 0.679606 0.296828
vt 0.000000 0.089593
vt 0.226469 0.062150
vt 0.226469 0.089593
vt 0.000000 0.012881
vt 0.226469 0.000000
vt 0.226469 0.012881
vt 0.000512 0.321630
vt 0.226981 0.312903
vt 0.226981 0.321630
vt 0.679606 0.281378
vt 0.906075 0.297453
vt 0.679606 0.297453
vt 0.999050 0.342604
vt 0.939310 0.183297
vt 0.939310 0.342604
vt 0.999050 0.342604
vt 0.939310 0.183297
vt 0.939310 0.342604
vt 0.999050 0.342604
vt 0.939310 0.183297
vt 0.939310 0.342604
vt 0.999050 0.342604
vt 0.939310 0.183297
vt 0.939310 0.342604
vt 0.939081 0.179437
vt 0.985655 0.132863
vt 0.939081 0.132863
vt 0.979692 0.844034
vt -0.000781 0.781451
vt 0.979692 0.781451
vt 0.145247 0.656284
vt -0.000781 0.718868
vt -0.000781 0.656284
vt 0.979692 0.781451
vt -0.000781 0.718868
vt 0.979692 0.718868
vt 0.302823 0.718868
vt 0.156795 0.656284
vt 0.302823 0.656284
vt 1.000000 0.851064
vt 0.000000 1.000000
vt 0.000000 0.851064
vt 0.998987 0.652658
vt 0.001647 0.504118
vt 0.998987 0.504118
vt 0.905875 0.025761
vt 0.679406 0.012881
vt 0.905875 0.012881
vt 0.679406 0.121202
vt 0.905875 0.093759
vt 0.905875 0.121202
vt 0.000000 0.048121
vt 0.226469 0.062150
vt 0.000000 0.062150
vt 0.679406 0.034093
vt 0.905875 0.048121
vt 0.679406 0.048121
vt 0.679606 0.259595
vt 0.906075 0.219937
vt 0.906075 0.259595
vt -0.000122 0.210448
vt 0.226347 0.156096
vt 0.226347 0.210448
vt 0.000512 0.330358
vt 0.226981 0.321630
vt 0.226981 0.330358
vt 0.906075 0.296828
vt 0.679606 0.312903
vt 0.679606 0.296828
vt 0.000000 0.089593
vt 0.226469 0.062150
vt 0.226469 0.089593
vt 0.000000 0.012881
vt 0.226469 0.000000
vt 0.226469 0.012881
vt 0.000512 0.321630
vt 0.226981 0.312903
vt 0.226981 0.321630
vt 0.679606 0.281378
vt 0.906075 0.297453
vt 0.679606 0.297453
vt 0.226469 0.048121
vt 0.000000 0.062150
vt 0.226469 0.062150
vt 0.679406 0.093759
vt 0.905875 0.121202
vt 0.905875 0.093759
vt 0.679406 0.025761
vt 0.905875 0.012881
vt 0.679406 0.012881
vt 0.999050 0.342604
vt 0.939310 0.183297
vt 0.939310 0.342604
vt 0.999050 0.342604
vt 0.939310 0.183297
vt 0.939310 0.342604
vt 0.999050 0.342604
vt 0.939310 0.183297
vt 0.939310 0.342604
vt 0.999050 0.342604
vt 0.939310 0.183297
vt 0.939310 0.342604
vt 0.939081 0.179437
vt 0.985655 0.132863
vt 0.939081 0.132863
vt 0.979692 0.781451
vt -0.000781 0.844034
vt -0.000781 0.781451
vt 0.145247 0.656284
vt -0.000781 0.718868
vt -0.000781 0.656284
vt 0.979692 0.781451
vt -0.000781 0.718868
vt 0.979692 0.718868
vt 0.302823 0.656284
vt 0.156795 0.718868
vt 0.156795 0.656284
vt 1.000000 0.851064
vt 0.000000 1.000000
vt 0.000000 0.851064
vt 0.998987 0.652658
vt 0.001647 0.504118
vt 0.998987 0.504118
vt 0.906075 0.297453
vt 0.679606 0.281378
vt 0.679606 0.297453
vt 0.000512 0.312903
vt 0.226981 0.321630
vt 0.226981 0.312903
vt 0.000000 0.000000
vt 0.226469 0.012881
vt 0.226469 0.000000
vt 0.000000 0.089593
vt 0.226469 0.062150
vt 0.000000 0.062150
vt 0.906075 0.296828
vt 0.679606 0.312903
vt 0.906075 0.312903
vt 0.000512 0.321630
vt 0.226981 0.330358
vt 0.226981 0.321630
vt -0.000122 0.210448
vt 0.226347 0.156096
vt -0.000122 0.156096
vt 0.906075 0.219937
vt 0.679606 0.259595
vt 0.906075 0.259595
vt 0.905875 0.034093
vt 0.679406 0.048121
vt 0.905875 0.048121
vt 0.905875 0.025761
vt 0.679406 0.012881
vt 0.905875 0.012881
vt 0.679406 0.121202
vt 0.905875 0.093759
vt 0.905875 0.121202
vt 0.000000 0.048121
vt 0.226469 0.062150
vt 0.000000 0.062150
vt 0.679406 0.034093
vt 0.905875 0.048121
vt 0.679406 0.048121
vt 0.679606 0.259595
vt 0.906075 0.219937
vt 0.906075 0.259595
vt -0.000122 0.210448
vt 0.226347 0.156096
vt 0.226347 0.210448
vt 0.000512 0.330358
vt 0.226981 0.321630
vt 0.226981 0.330358
vt 0.906075 0.296828
vt 0.679606 0.312903
vt 0.679606 0.296828
vt 0.000000 0.089593
vt 0.226469 0.062150
vt 0.226469 0.089593
vt 0.000000 0.012881
vt 0.226469 0.000000
vt 0.226469 0.012881
vt 0.000512 0.321630
vt 0.226981 0.312903
vt 0.226981 0.321630
vt 0.679606 0.281378
vt 0.906075 0.297453
vt 0.679606 0.297453
vt 0.000000 0.048121
vt 0.226469 0.062150
vt 0.226469 0.048121
vt 0.679406 0.121202
vt 0.905875 0.093759
vt 0.679406 0.093759
vt 0.679406 0.025761
vt 0.905875 0.012881
vt 0.679406 0.012881
vt 0.939310 0.342604
vt 0.999050 0.183297
vt 0.939310 0.183297
vt 0.939310 0.342604
vt 0.999050 0.183297
vt 0.939310 0.183297
vt 0.999050 0.342604
vt 0.939310 0.183297
vt 0.939310 0.342604
vt 0.999050 0.342604
vt 0.939310 0.183297
vt 0.939310 0.342604
vt 0.985655 0.179437
vt 0.939081 0.132863
vt 0.939081 0.179437
vt 0.979692 0.844034
vt -0.000781 0.781451
vt 0.979692 0.781451
vt 0.145247 0.656284
vt -0.000781 0.718868
vt -0.000781 0.656284
vt 0.979692 0.781451
vt -0.000781 0.718868
vt 0.979692 0.718868
vt 0.302823 0.718868
vt 0.156795 0.656284
vt 0.302823 0.656284
vt 1.000000 1.000000
vt 0.000000 0.851064
vt 1.000000 0.851064
vt 0.998987 0.504118
vt 0.001647 0.652658
vt 0.001647 0.504118
vt 0.906075 0.297453
vt 0.679606 0.281378
vt 0.679606 0.297453
vt 0.000512 0.321630
vt 0.226981 0.312903
vt 0.000512 0.312903
vt 0.000000 0.012881
vt 0.226469 0.000000
vt 0.000000 0.000000
vt 0.000000 0.089593
vt 0.226469 0.062150
vt 0.000000 0.062150
vt 0.906075 0.312903
vt 0.679606 0.296828
vt 0.679606 0.312903
vt 0.000512 0.330358
vt 0.226981 0.321630
vt 0.000512 0.321630
vt -0.000122 0.210448
vt 0.226347 0.156096
vt -0.000122 0.156096
vt 0.679606 0.219937
vt 0.906075 0.259595
vt 0.906075 0.219937
vt 0.679406 0.034093
vt 0.905875 0.048121
vt 0.905875 0.034093
vt 0.905875 0.025761
vt 0.679406 0.012881
vt 0.905875 0.012881
vt 0.679406 0.121202
vt 0.905875 0.093759
vt 0.905875 0.121202
vt 0.000000 0.048121
vt 0.226469 0.062150
vt 0.000000 0.062150
vt 0.679406 0.034093
vt 0.905875 0.048121
vt 0.679406 0.048121
vt 0.679606 0.259595
vt 0.906075 0.219937
vt 0.906075 0.259595
vt -0.000122 0.210448
vt 0.226347 0.156096
vt 0.226347 0.210448
vt 0.000512 0.330358
vt 0.226981 0.321630
vt 0.226981 0.330358
vt 0.906075 0.296828
vt 0.679606 0.312903
vt 0.679606 0.296828
vt 0.000000 0.089593
vt 0.226469 0.062150
vt 0.226469 0.089593
vt 0.000000 0.012881
vt 0.226469 0.000000
vt 0.226469 0.012881
vt 0.000512 0.321630
vt 0.226981 0.312903
vt 0.226981 0.321630
vt 0.679606 0.281378
vt 0.906075 0.297453
vt 0.679606 0.297453
vt 0.000000 0.048121
vt 0.226469 0.062150
vt 0.226469 0.048121
vt 0.679406 0.121202
vt 0.905875 0.093759
vt 0.679406 0.093759
vt 0.679406 0.025761
vt 0.905875 0.012881
vt 0.679406 0.012881
vt 0.939310 0.342604
vt 0.999050 0.183297
vt 0.939310 0.183297
vt 0.999050 0.342604
vt 0.939310 0.183297
vt 0.939310 0.342604
vt 0.999050 0.342604
vt 0.939310 0.183297
vt 0.939310 0.342604
vt 0.999050 0.342604
vt 0.939310 0.183297
vt 0.939310 0.342604
vt 0.985655 0.179437
vt 0.939081 0.132863
vt 0.939081 0.179437
vt 0.979692 0.844034
vt -0.000781 0.781451
vt 0.979692 0.781451
vt 0.145247 0.656284
vt -0.000781 0.718868
vt -0.000781 0.656284
vt 0.979692 0.781451
vt -0.000781 0.718868
vt 0.979692 0.718868
vt 0.302823 0.718868
vt 0.156795 0.656284
vt 0.302823 0.656284
vt 1.000000 1.000000
vt 0.000000 0.851064
vt 1.000000 0.851064
vt 0.998987 0.504118
vt 0.001647 0.652658
vt 0.001647 0.504118
vt 0.906075 0.297453
vt 0.679606 0.281378
vt 0.679606 0.297453
vt 0.000512 0.312903
vt 0.226981 0.321630
vt 0.226981 0.312903
vt 0.000000 0.012881
vt 0.226469 0.000000
vt 0.000000 0.000000
vt 0.000000 0.089593
vt 0.226469 0.062150
vt 0.000000 0.062150
vt 0.906075 0.296828
vt 0.679606 0.312903
vt 0.906075 0.312903
vt 0.000512 0.321630
vt 0.226981 0.330358
vt 0.226981 0.321630
vt -0.000122 0.156096
vt 0.226347 0.210448
vt 0.226347 0.156096
vt 0.906075 0.219937
vt 0.679606 0.259595
vt 0.906075 0.259595
vt 0.679406 0.034093
vt 0.905875 0.048121
vt 0.905875 0.034093
vt 0.905875 0.025761
vt 0.679406 0.012881
vt 0.905875 0.012881
vt 0.905875 0.121202
vt 0.679406 0.093759
vt 0.905875 0.093759
vt 0.000000 0.048121
vt 0.226469 0.062150
vt 0.000000 0.062150
vt 0.679406 0.034093
vt 0.905875 0.048121
vt 0.679406 0.048121
vt 0.679606 0.259595
vt 0.906075 0.219937
vt 0.906075 0.259595
vt -0.000122 0.210448
vt 0.226347 0.156096
vt 0.226347 0.210448
vt 0.000512 0.330358
vt 0.226981 0.321630
vt 0.226981 0.330358
vt 0.906075 0.296828
vt 0.679606 0.312903
vt 0.679606 0.296828
vt 0.226469 0.089593
vt 0.000000 0.062150
vt 0.226469 0.062150
vt 0.000000 0.012881
vt 0.226469 0.000000
vt 0.226469 0.012881
vt 0.000512 0.321630
vt 0.226981 0.312903
vt 0.226981 0.321630
vt 0.679606 0.281378
vt 0.906075 0.297453
vt 0.679606 0.297453
vt 0.226469 0.048121
vt 0.000000 0.062150
vt 0.226469 0.062150
vt 0.679406 0.093759
vt 0.905875 0.121202
vt 0.905875 0.093759
vt 0.679406 0.025761
vt 0.905875 0.012881
vt 0.679406 0.012881
vt 0.999050 0.183297
vt 0.939310 0.342604
vt 0.939310 0.183297
vt 0.999050 0.342604
vt 0.939310 0.183297
vt 0.999050 0.183297
vt 0.999050 0.342604
vt 0.939310 0.183297
vt 0.999050 0.183297
vt 0.999050 0.342604
vt 0.939310 0.183297
vt 0.999050 0.183297
vt 0.985655 0.179437
vt 0.939081 0.132863
vt 0.985655 0.132863
vt 0.999050 0.342604
vt 0.939310 0.183297
vt 0.939310 0.342604
vt 0.999050 0.342604
vt 0.939310 0.183297
vt 0.939310 0.342604
vt 0.999050 0.342604
vt 0.939310 0.183297
vt 0.939310 0.342604
vt 0.999050 0.342604
vt 0.939310 0.183297
vt 0.939310 0.342604
vt 0.939081 0.179437
vt 0.985655 0.132863
vt 0.939081 0.132863
vt 0.979692 0.844034
vt -0.000781 0.781451
vt 0.979692 0.781451
vt 0.145247 0.656284
vt -0.000781 0.718868
vt -0.000781 0.656284
vt 0.979692 0.718868
vt -0.000781 0.781451
vt -0.000781 0.718868
vt 0.302823 0.718868
vt 0.156795 0.656284
vt 0.302823 0.656284
vt 1.000000 0.851064
vt 0.000000 1.000000
vt 0.000000 0.851064
vt 0.998987 0.652658
vt 0.001647 0.504118
vt 0.998987 0.504118
vt 0.906075 0.297453
vt 0.679606 0.281378
vt 0.679606 0.297453
vt 0.000512 0.312903
vt 0.226981 0.321630
vt 0.226981 0.312903
vt 0.000000 0.012881
vt 0.226469 0.000000
vt 0.000000 0.000000
vt 0.000000 0.089593
vt 0.226469 0.062150
vt 0.000000 0.062150
vt 0.906075 0.296828
vt 0.679606 0.312903
vt 0.906075 0.312903
vt 0.000512 0.321630
vt 0.226981 0.330358
vt 0.226981 0.321630
vt -0.000122 0.210448
vt 0.226347 0.156096
vt -0.000122 0.156096
vt 0.906075 0.219937
vt 0.679606 0.259595
vt 0.906075 0.259595
vt 0.679406 0.034093
vt 0.905875 0.048121
vt 0.905875 0.034093
vt 0.905875 0.025761
vt 0.679406 0.012881
vt 0.905875 0.012881
vt 0.679406 0.121202
vt 0.905875 0.093759
vt 0.905875 0.121202
vt 0.000000 0.048121
vt 0.226469 0.062150
vt 0.000000 0.062150
vt 0.679406 0.034093
vt 0.905875 0.048121
vt 0.679406 0.048121
vt 0.679606 0.259595
vt 0.906075 0.219937
vt 0.906075 0.259595
vt -0.000122 0.210448
vt 0.226347 0.156096
vt 0.226347 0.210448
vt 0.000512 0.330358
vt 0.226981 0.321630
vt 0.226981 0.330358
vt 0.906075 0.296828
vt 0.679606 0.312903
vt 0.679606 0.296828
vt 0.000000 0.089593
vt 0.226469 0.062150
vt 0.226469 0.089593
vt 0.000000 0.012881
vt 0.226469 0.000000
vt 0.226469 0.012881
vt 0.000512 0.321630
vt 0.226981 0.312903
vt 0.226981 0.321630
vt 0.679606 0.281378
vt 0.906075 0.297453
vt 0.679606 0.297453
vt 0.226469 0.048121
vt 0.000000 0.062150
vt 0.226469 0.062150
vt 0.679406 0.093759
vt 0.905875 0.121202
vt 0.905875 0.093759
vt 0.679406 0.025761
vt 0.905875 0.012881
vt 0.679406 0.012881
vt 0.999050 0.342604
vt 0.939310 0.183297
vt 0.999050 0.183297
vt 0.999050 0.183297
vt 0.939310 0.342604
vt 0.939310 0.183297
vt 0.999050 0.183297
vt 0.939310 0.342604
vt 0.939310 0.183297
vt 0.999050 0.342604
vt 0.939310 0.183297
vt 0.999050 0.183297
vt 0.985655 0.179437
vt 0.939081 0.132863
vt 0.985655 0.132863
vt 0.999050 0.342604
vt 0.939310 0.183297
vt 0.939310 0.342604
vt 0.999050 0.342604
vt 0.939310 0.183297
vt 0.939310 0.342604
vt 0.999050 0.342604
vt 0.939310 0.183297
vt 0.939310 0.342604
vt 0.999050 0.342604
vt 0.939310 0.183297
vt 0.939310 0.342604
vt 0.939081 0.179437
vt 0.985655 0.132863
vt 0.939081 0.132863
vt 0.979692 0.844034
vt -0.000781 0.781451
vt 0.979692 0.781451
vt 0.145247 0.718868
vt -0.000781 0.656284
vt 0.145247 0.656284
vt 0.979692 0.781451
vt -0.000781 0.718868
vt 0.979692 0.718868
vt 0.302823 0.718868
vt 0.156795 0.656284
vt 0.302823 0.656284
vt 1.000000 0.851064
vt 0.000000 1.000000
vt 0.000000 0.851064
vt 0.998987 0.652658
vt 0.001647 0.504118
vt 0.998987 0.504118
vt 0.906075 0.297453
vt 0.679606 0.281378
vt 0.679606 0.297453
vt 0.000512 0.312903
vt 0.226981 0.321630
vt 0.226981 0.312903
vt 0.000000 0.012881
vt 0.226469 0.000000
vt 0.000000 0.000000
vt 0.000000 0.062150
vt 0.226469 0.089593
vt 0.226469 0.062150
vt 0.906075 0.296828
vt 0.679606 0.312903
vt 0.906075 0.312903
vt 0.000512 0.321630
vt 0.226981 0.330358
vt 0.226981 0.321630
vt -0.000122 0.210448
vt 0.226347 0.156096
vt -0.000122 0.156096
vt 0.906075 0.219937
vt 0.679606 0.259595
vt 0.906075 0.259595
vt 0.679406 0.034093
vt 0.905875 0.048121
vt 0.905875 0.034093
vt 0.905875 0.025761
vt 0.679406 0.012881
vt 0.905875 0.012881
vt 0.679406 0.121202
vt 0.905875 0.093759
vt 0.905875 0.121202
vt 0.000000 0.048121
vt 0.226469 0.062150
vt 0.000000 0.062150
vt 0.679406 0.034093
vt 0.905875 0.048121
vt 0.679406 0.048121
vt 0.679606 0.259595
vt 0.906075 0.219937
vt 0.906075 0.259595
vt -0.000122 0.210448
vt 0.226347 0.156096
vt 0.226347 0.210448
vt 0.000512 0.330358
vt 0.226981 0.321630
vt 0.226981 0.330358
vt 0.906075 0.296828
vt 0.679606 0.312903
vt 0.679606 0.296828
vt 0.000000 0.089593
vt 0.226469 0.062150
vt 0.226469 0.089593
vt 0.000000 0.012881
vt 0.226469 0.000000
vt 0.226469 0.012881
vt 0.000512 0.321630
vt 0.226981 0.312903
vt 0.226981 0.321630
vt 0.679606 0.281378
vt 0.906075 0.297453
vt 0.679606 0.297453
vt 0.415989 0.075507
vt 0.415989 0.075507
vt 0.415989 0.075507
vt 0.415989 0.075507
vt 0.415989 0.075507
vt 0.415989 0.075507
vt 0.415989 0.075507
vt 0.415989 0.075507
vt 0.415989 0.075507
vt 0.999050 0.342604
vt 0.939310 0.183297
vt 0.939310 0.342604
vt 0.999050 0.342604
vt 0.939310 0.183297
vt 0.939310 0.342604
vt 0.999050 0.342604
vt 0.939310 0.183297
vt 0.939310 0.342604
vt 0.999050 0.342604
vt 0.939310 0.183297
vt 0.939310 0.342604
vt 0.985655 0.179437
vt 0.939081 0.132863
vt 0.939081 0.179437
vt 0.979692 0.844034
vt -0.000781 0.781451
vt 0.979692 0.781451
vt 0.145247 0.656284
vt -0.000781 0.718868
vt -0.000781 0.656284
vt 0.979692 0.781451
vt -0.000781 0.718868
vt 0.979692 0.718868
vt 0.302823 0.718868
vt 0.156795 0.656284
vt 0.302823 0.656284
vt 1.000000 0.851064
vt 0.000000 1.000000
vt 0.000000 0.851064
vt 0.998987 0.652658
vt 0.001647 0.504118
vt 0.998987 0.504118
vt 0.905875 0.025761
vt 0.679406 0.012881
vt 0.905875 0.012881
vt 0.679406 0.121202
vt 0.905875 0.093759
vt 0.905875 0.121202
vt 0.000000 0.048121
vt 0.226469 0.062150
vt 0.000000 0.062150
vt 0.679406 0.034093
vt 0.905875 0.048121
vt 0.679406 0.048121
vt 0.679606 0.259595
vt 0.906075 0.219937
vt 0.906075 0.259595
vt -0.000122 0.210448
vt 0.226347 0.156096
vt 0.226347 0.210448
vt 0.000512 0.330358
vt 0.226981 0.321630
vt 0.226981 0.330358
vt 0.906075 0.296828
vt 0.679606 0.312903
vt 0.679606 0.296828
vt 0.000000 0.089593
vt 0.226469 0.062150
vt 0.226469 0.089593
vt 0.000000 0.012881
vt 0.226469 0.000000
vt 0.226469 0.012881
vt 0.000512 0.321630
vt 0.226981 0.312903
vt 0.226981 0.321630
vt 0.679606 0.281378
vt 0.906075 0.297453
vt 0.679606 0.297453
vt 0.226469 0.048121
vt 0.000000 0.062150
vt 0.226469 0.062150
vt 0.679406 0.093759
vt 0.905875 0.121202
vt 0.905875 0.093759
vt 0.679406 0.025761
vt 0.905875 0.012881
vt 0.679406 0.012881
vt 0.999050 0.342604
vt 0.939310 0.183297
vt 0.999050 0.183297
vt 0.999050 0.183297
vt 0.939310 0.342604
vt 0.939310 0.183297
vt 0.999050 0.342604
vt 0.939310 0.183297
vt 0.999050 0.183297
vt 0.999050 0.183297
vt 0.939310 0.342604
vt 0.939310 0.183297
vt 0.985655 0.179437
vt 0.939081 0.132863
vt 0.985655 0.132863
vt 0.999050 0.342604
vt 0.939310 0.183297
vt 0.939310 0.342604
vt 0.999050 0.342604
vt 0.939310 0.183297
vt 0.939310 0.342604
vt 0.999050 0.342604
vt 0.939310 0.183297
vt 0.939310 0.342604
vt 0.999050 0.342604
vt 0.939310 0.183297
vt 0.939310 0.342604
vt 0.939081 0.179437
vt 0.985655 0.132863
vt 0.939081 0.132863
vt 0.979692 0.844034
vt -0.000781 0.781451
vt 0.979692 0.781451
vt 0.145247 0.718868
vt -0.000781 0.656284
vt 0.145247 0.656284
vt 0.979692 0.781451
vt -0.000781 0.718868
vt 0.979692 0.718868
vt 0.302823 0.656284
vt 0.156795 0.718868
vt 0.156795 0.656284
vt 1.000000 1.000000
vt 0.000000 0.851064
vt 1.000000 0.851064
vt 0.998987 0.504118
vt 0.001647 0.652658
vt 0.001647 0.504118
vt 0.906075 0.297453
vt 0.679606 0.281378
vt 0.679606 0.297453
vt 0.000512 0.312903
vt 0.226981 0.321630
vt 0.226981 0.312903
vt 0.000000 0.012881
vt 0.226469 0.000000
vt 0.000000 0.000000
vt 0.000000 0.089593
vt 0.226469 0.062150
vt 0.000000 0.062150
vt 0.906075 0.296828
vt 0.679606 0.312903
vt 0.906075 0.312903
vt 0.000512 0.321630
vt 0.226981 0.330358
vt 0.226981 0.321630
vt -0.000122 0.210448
vt 0.226347 0.156096
vt -0.000122 0.156096
vt 0.906075 0.219937
vt 0.679606 0.259595
vt 0.906075 0.259595
vt 0.679406 0.034093
vt 0.905875 0.048121
vt 0.905875 0.034093
vt 0.905875 0.025761
vt 0.679406 0.012881
vt 0.905875 0.012881
vt 0.679406 0.121202
vt 0.905875 0.093759
vt 0.905875 0.121202
vt 0.000000 0.048121
vt 0.226469 0.062150
vt 0.000000 0.062150
vt 0.679406 0.034093
vt 0.905875 0.048121
vt 0.679406 0.048121
vt 0.679606 0.259595
vt 0.906075 0.219937
vt 0.906075 0.259595
vt -0.000122 0.210448
vt 0.226347 0.156096
vt 0.226347 0.210448
vt 0.000512 0.330358
vt 0.226981 0.321630
vt 0.226981 0.330358
vt 0.906075 0.296828
vt 0.679606 0.312903
vt 0.679606 0.296828
vt 0.000000 0.089593
vt 0.226469 0.062150
vt 0.226469 0.089593
vt 0.226469 0.012881
vt 0.000000 0.000000
vt 0.226469 0.000000
vt 0.000512 0.321630
vt 0.226981 0.312903
vt 0.226981 0.321630
vt 0.679606 0.281378
vt 0.906075 0.297453
vt 0.679606 0.297453
vt 0.000000 0.048121
vt 0.226469 0.062150
vt 0.226469 0.048121
vt 0.679406 0.093759
vt 0.905875 0.121202
vt 0.905875 0.093759
vt 0.679406 0.025761
vt 0.905875 0.012881
vt 0.679406 0.012881
vt 0.999050 0.342604
vt 0.939310 0.183297
vt 0.999050 0.183297
vt 0.999050 0.342604
vt 0.939310 0.183297
vt 0.999050 0.183297
vt 0.999050 0.342604
vt 0.939310 0.183297
vt 0.999050 0.183297
vt 0.999050 0.342604
vt 0.939310 0.183297
vt 0.999050 0.183297
vt 0.985655 0.132863
vt 0.939081 0.179437
vt 0.939081 0.132863
vt 0.999050 0.342604
vt 0.939310 0.183297
vt 0.939310 0.342604
vt 0.999050 0.342604
vt 0.939310 0.183297
vt 0.939310 0.342604
vt 0.999050 0.342604
vt 0.939310 0.183297
vt 0.939310 0.342604
vt 0.999050 0.342604
vt 0.939310 0.183297
vt 0.939310 0.342604
vt 0.985655 0.179437
vt 0.939081 0.132863
vt 0.939081 0.179437
vt 0.979692 0.844034
vt -0.000781 0.781451
vt 0.979692 0.781451
vt 0.145247 0.656284
vt -0.000781 0.718868
vt -0.000781 0.656284
vt 0.979692 0.781451
vt -0.000781 0.718868
vt 0.979692 0.718868
vt 0.302823 0.656284
vt 0.156795 0.718868
vt 0.156795 0.656284
vt 1.000000 0.851064
vt 0.000000 1.000000
vt 0.000000 0.851064
vt 0.998987 0.652658
vt 0.001647 0.504118
vt 0.998987 0.504118
vt 0.906075 0.297453
vt 0.679606 0.281378
vt 0.679606 0.297453
vt 0.000512 0.312903
vt 0.226981 0.321630
vt 0.226981 0.312903
vt 0.000000 0.012881
vt 0.226469 0.000000
vt 0.000000 0.000000
vt 0.000000 0.089593
vt 0.226469 0.062150
vt 0.000000 0.062150
vt 0.906075 0.296828
vt 0.679606 0.312903
vt 0.906075 0.312903
vt 0.000512 0.321630
vt 0.226981 0.330358
vt 0.226981 0.321630
vt -0.000122 0.210448
vt 0.226347 0.156096
vt -0.000122 0.156096
vt 0.906075 0.219937
vt 0.679606 0.259595
vt 0.906075 0.259595
vt 0.679406 0.034093
vt 0.905875 0.048121
vt 0.905875 0.034093
vt 0.905875 0.025761
vt 0.679406 0.012881
vt 0.905875 0.012881
vt 0.905875 0.121202
vt 0.679406 0.093759
vt 0.905875 0.093759
vt 0.000000 0.048121
vt 0.226469 0.062150
vt 0.000000 0.062150
vt 0.679406 0.034093
vt 0.905875 0.048121
vt 0.679406 0.048121
vt 0.679606 0.259595
vt 0.906075 0.219937
vt 0.906075 0.259595
vt -0.000122 0.210448
vt 0.226347 0.156096
vt 0.226347 0.210448
vt 0.000512 0.330358
vt 0.226981 0.321630
vt 0.226981 0.330358
vt 0.906075 0.296828
vt 0.679606 0.312903
vt 0.679606 0.296828
vt 0.226469 0.089593
vt 0.000000 0.062150
vt 0.226469 0.062150
vt 0.226469 0.012881
vt 0.000000 0.000000
vt 0.226469 0.000000
vt 0.000512 0.321630
vt 0.226981 0.312903
vt 0.226981 0.321630
vt 0.679606 0.281378
vt 0.906075 0.297453
vt 0.679606 0.297453
vt 0.000000 0.048121
vt 0.226469 0.062150
vt 0.226469 0.048121
vt 0.679406 0.093759
vt 0.905875 0.121202
vt 0.905875 0.093759
vt 0.679406 0.025761
vt 0.905875 0.012881
vt 0.679406 0.012881
vt 0.999050 0.342604
vt 0.939310 0.183297
vt 0.999050 0.183297
vt 0.999050 0.183297
vt 0.939310 0.342604
vt 0.939310 0.183297
vt 0.999050 0.342604
vt 0.939310 0.183297
vt 0.999050 0.183297
vt 0.999050 0.342604
vt 0.939310 0.183297
vt 0.999050 0.183297
vt 0.985655 0.179437
vt 0.939081 0.132863
vt 0.985655 0.132863
vt 0.999050 0.342604
vt 0.939310 0.183297
vt 0.939310 0.342604
vt 0.999050 0.342604
vt 0.939310 0.183297
vt 0.939310 0.342604
vt 0.999050 0.342604
vt 0.939310 0.183297
vt 0.939310 0.342604
vt 0.999050 0.342604
vt 0.939310 0.183297
vt 0.939310 0.342604
vt 0.939081 0.179437
vt 0.985655 0.132863
vt 0.939081 0.132863
vt 0.979692 0.844034
vt -0.000781 0.781451
vt 0.979692 0.781451
vt 0.145247 0.718868
vt -0.000781 0.656284
vt 0.145247 0.656284
vt 0.979692 0.781451
vt -0.000781 0.718868
vt 0.979692 0.718868
vt 0.302823 0.718868
vt 0.156795 0.656284
vt 0.302823 0.656284
vt 1.000000 1.000000
vt 0.000000 0.851064
vt 1.000000 0.851064
vt 0.998987 0.504118
vt 0.001647 0.652658
vt 0.001647 0.504118
vt 0.906075 0.297453
vt 0.679606 0.281378
vt 0.679606 0.297453
vt 0.000512 0.312903
vt 0.226981 0.321630
vt 0.226981 0.312903
vt 0.000000 0.012881
vt 0.226469 0.000000
vt 0.000000 0.000000
vt 0.000000 0.089593
vt 0.226469 0.062150
vt 0.000000 0.062150
vt 0.906075 0.296828
vt 0.679606 0.312903
vt 0.906075 0.312903
vt 0.000512 0.321630
vt 0.226981 0.330358
vt 0.226981 0.321630
vt -0.000122 0.210448
vt 0.226347 0.156096
vt -0.000122 0.156096
vt 0.906075 0.219937
vt 0.679606 0.259595
vt 0.906075 0.259595
vt 0.679406 0.034093
vt 0.905875 0.048121
vt 0.905875 0.034093
vt 0.905875 0.025761
vt 0.679406 0.012881
vt 0.905875 0.012881
vt 0.679406 0.121202
vt 0.905875 0.093759
vt 0.905875 0.121202
vt 0.000000 0.048121
vt 0.226469 0.062150
vt 0.000000 0.062150
vt 0.679406 0.034093
vt 0.905875 0.048121
vt 0.679406 0.048121
vt 0.679606 0.259595
vt 0.906075 0.219937
vt 0.906075 0.259595
vt -0.000122 0.210448
vt 0.226347 0.156096
vt 0.226347 0.210448
vt 0.000512 0.330358
vt 0.226981 0.321630
vt 0.226981 0.330358
vt 0.906075 0.296828
vt 0.679606 0.312903
vt 0.679606 0.296828
vt 0.226469 0.089593
vt 0.000000 0.062150
vt 0.226469 0.062150
vt 0.000000 0.012881
vt 0.226469 0.000000
vt 0.226469 0.012881
vt 0.000512 0.321630
vt 0.226981 0.312903
vt 0.226981 0.321630
vt 0.679606 0.281378
vt 0.906075 0.297453
vt 0.679606 0.297453
vt 0.000000 0.048121
vt 0.226469 0.062150
vt 0.226469 0.048121
vt 0.679406 0.093759
vt 0.905875 0.121202
vt 0.905875 0.093759
vt 0.679406 0.025761
vt 0.905875 0.012881
vt 0.679406 0.012881
vt 0.999050 0.342604
vt 0.939310 0.183297
vt 0.999050 0.183297
vt 0.999050 0.342604
vt 0.939310 0.183297
vt 0.999050 0.183297
vt 0.999050 0.342604
vt 0.939310 0.183297
vt 0.999050 0.183297
vt 0.999050 0.342604
vt 0.939310 0.183297
vt 0.999050 0.183297
vt 0.985655 0.132863
vt 0.939081 0.179437
vt 0.939081 0.132863
vt 0.939310 0.342604
vt 0.999050 0.183297
vt 0.939310 0.183297
vt 0.999050 0.342604
vt 0.939310 0.183297
vt 0.939310 0.342604
vt 0.999050 0.342604
vt 0.939310 0.183297
vt 0.939310 0.342604
vt 0.999050 0.342604
vt 0.939310 0.183297
vt 0.939310 0.342604
vt 0.985655 0.179437
vt 0.939081 0.132863
vt 0.939081 0.179437
vt 0.979692 0.844034
vt -0.000781 0.781451
vt 0.979692 0.781451
vt 0.145247 0.718868
vt -0.000781 0.656284
vt 0.145247 0.656284
vt 0.979692 0.781451
vt -0.000781 0.718868
vt 0.979692 0.718868
vt 0.302823 0.718868
vt 0.156795 0.656284
vt 0.302823 0.656284
vt 1.000000 0.851064
vt 0.000000 1.000000
vt 0.000000 0.851064
vt 0.998987 0.652658
vt 0.001647 0.504118
vt 0.998987 0.504118
vt 0.906075 0.297453
vt 0.679606 0.281378
vt 0.679606 0.297453
vt 0.000512 0.312903
vt 0.226981 0.321630
vt 0.226981 0.312903
vt 0.000000 0.012881
vt 0.226469 0.000000
vt 0.000000 0.000000
vt 0.000000 0.089593
vt 0.226469 0.062150
vt 0.000000 0.062150
vt 0.906075 0.296828
vt 0.679606 0.312903
vt 0.906075 0.312903
vt 0.000512 0.321630
vt 0.226981 0.330358
vt 0.226981 0.321630
vt -0.000122 0.210448
vt 0.226347 0.156096
vt -0.000122 0.156096
vt 0.906075 0.219937
vt 0.679606 0.259595
vt 0.906075 0.259595
vt 0.679406 0.034093
vt 0.905875 0.048121
vt 0.905875 0.034093
vt 0.905875 0.025761
vt 0.679406 0.012881
vt 0.905875 0.012881
vt 0.679406 0.121202
vt 0.905875 0.093759
vt 0.905875 0.121202
vt 0.000000 0.048121
vt 0.226469 0.062150
vt 0.000000 0.062150
vt 0.679406 0.034093
vt 0.905875 0.048121
vt 0.679406 0.048121
vt 0.679606 0.259595
vt 0.906075 0.219937
vt 0.906075 0.259595
vt -0.000122 0.210448
vt 0.226347 0.156096
vt 0.226347 0.210448
vt 0.000512 0.330358
vt 0.226981 0.321630
vt 0.226981 0.330358
vt 0.906075 0.296828
vt 0.679606 0.312903
vt 0.679606 0.296828
vt 0.000000 0.089593
vt 0.226469 0.062150
vt 0.226469 0.089593
vt 0.226469 0.012881
vt 0.000000 0.000000
vt 0.226469 0.000000
vt 0.000512 0.321630
vt 0.226981 0.312903
vt 0.226981 0.321630
vt 0.679606 0.281378
vt 0.906075 0.297453
vt 0.679606 0.297453
vt 0.226469 0.048121
vt 0.000000 0.062150
vt 0.226469 0.062150
vt 0.679406 0.093759
vt 0.905875 0.121202
vt 0.905875 0.093759
vt 0.679406 0.025761
vt 0.905875 0.012881
vt 0.679406 0.012881
vt 0.999050 0.342604
vt 0.939310 0.183297
vt 0.999050 0.183297
vt 0.999050 0.183297
vt 0.939310 0.342604
vt 0.939310 0.183297
vt 0.999050 0.342604
vt 0.939310 0.183297
vt 0.999050 0.183297
vt 0.999050 0.342604
vt 0.939310 0.183297
vt 0.999050 0.183297
vt 0.985655 0.132863
vt 0.939081 0.179437
vt 0.939081 0.132863
vt 0.939310 0.342604
vt 0.999050 0.183297
vt 0.939310 0.183297
vt 0.939310 0.342604
vt 0.999050 0.183297
vt 0.939310 0.183297
vt 0.999050 0.342604
vt 0.939310 0.183297
vt 0.939310 0.342604
vt 0.939310 0.342604
vt 0.999050 0.183297
vt 0.939310 0.183297
vt 0.985655 0.179437
vt 0.939081 0.132863
vt 0.939081 0.179437
vt 0.979692 0.844034
vt -0.000781 0.781451
vt 0.979692 0.781451
vt 0.145247 0.718868
vt -0.000781 0.656284
vt 0.145247 0.656284
vt 0.979692 0.718868
vt -0.000781 0.781451
vt -0.000781 0.718868
vt 0.302823 0.718868
vt 0.156795 0.656284
vt 0.302823 0.656284
vt 1.000000 0.851064
vt 0.000000 1.000000
vt 0.000000 0.851064
vt 0.998987 0.652658
vt 0.001647 0.504118
vt 0.998987 0.504118
vt 0.906075 0.297453
vt 0.679606 0.281378
vt 0.679606 0.297453
vt 0.000512 0.312903
vt 0.226981 0.321630
vt 0.226981 0.312903
vt 0.000000 0.012881
vt 0.226469 0.000000
vt 0.000000 0.000000
vt 0.000000 0.089593
vt 0.226469 0.062150
vt 0.000000 0.062150
vt 0.906075 0.296828
vt 0.679606 0.312903
vt 0.906075 0.312903
vt 0.000512 0.321630
vt 0.226981 0.330358
vt 0.226981 0.321630
vt -0.000122 0.210448
vt 0.226347 0.156096
vt -0.000122 0.156096
vt 0.906075 0.219937
vt 0.679606 0.259595
vt 0.906075 0.259595
vt 0.679406 0.034093
vt 0.905875 0.048121
vt 0.905875 0.034093
vt 0.905875 0.025761
vt 0.679406 0.012881
vt 0.905875 0.012881
vt 0.905875 0.121202
vt 0.679406 0.093759
vt 0.905875 0.093759
vt 0.000000 0.048121
vt 0.226469 0.062150
vt 0.000000 0.062150
vt 0.679406 0.034093
vt 0.905875 0.048121
vt 0.679406 0.048121
vt 0.679606 0.259595
vt 0.906075 0.219937
vt 0.906075 0.259595
vt -0.000122 0.210448
vt 0.226347 0.156096
vt 0.226347 0.210448
vt 0.000512 0.330358
vt 0.226981 0.321630
vt 0.226981 0.330358
vt 0.906075 0.296828
vt 0.679606 0.312903
vt 0.679606 0.296828
vt 0.000000 0.089593
vt 0.226469 0.062150
vt 0.226469 0.089593
vt 0.000000 0.012881
vt 0.226469 0.000000
vt 0.226469 0.012881
vt 0.000512 0.321630
vt 0.226981 0.312903
vt 0.226981 0.321630
vt 0.679606 0.281378
vt 0.906075 0.297453
vt 0.679606 0.297453
vt 0.000000 0.048121
vt 0.226469 0.062150
vt 0.226469 0.048121
vt 0.679406 0.093759
vt 0.905875 0.121202
vt 0.905875 0.093759
vt 0.679406 0.025761
vt 0.905875 0.012881
vt 0.679406 0.012881
vt 0.999050 0.342604
vt 0.939310 0.183297
vt 0.999050 0.183297
vt 0.999050 0.342604
vt 0.939310 0.183297
vt 0.999050 0.183297
vt 0.999050 0.342604
vt 0.939310 0.183297
vt 0.999050 0.183297
vt 0.999050 0.342604
vt 0.939310 0.183297
vt 0.999050 0.183297
vt 0.985655 0.179437
vt 0.939081 0.132863
vt 0.985655 0.132863
vt 0.939310 0.342604
vt 0.999050 0.183297
vt 0.939310 0.183297
vt 0.939310 0.342604
vt 0.999050 0.183297
vt 0.939310 0.183297
vt 0.939310 0.342604
vt 0.999050 0.183297
vt 0.939310 0.183297
vt 0.999050 0.342604
vt 0.939310 0.183297
vt 0.939310 0.342604
vt 0.939081 0.179437
vt 0.985655 0.132863
vt 0.939081 0.132863
vt 0.979692 0.844034
vt -0.000781 0.781451
vt 0.979692 0.781451
vt 0.145247 0.718868
vt -0.000781 0.656284
vt 0.145247 0.656284
vt 0.979692 0.718868
vt -0.000781 0.781451
vt -0.000781 0.718868
vt 0.302823 0.718868
vt 0.156795 0.656284
vt 0.302823 0.656284
vt 1.000000 1.000000
vt 0.000000 0.851064
vt 1.000000 0.851064
vt 0.998987 0.504118
vt 0.001647 0.652658
vt 0.001647 0.504118
vt 0.906075 0.297453
vt 0.679606 0.281378
vt 0.679606 0.297453
vt 0.000512 0.312903
vt 0.226981 0.321630
vt 0.226981 0.312903
vt 0.000000 0.012881
vt 0.226469 0.000000
vt 0.000000 0.000000
vt 0.000000 0.089593
vt 0.226469 0.062150
vt 0.000000 0.062150
vt 0.906075 0.296828
vt 0.679606 0.312903
vt 0.906075 0.312903
vt 0.000512 0.321630
vt 0.226981 0.330358
vt 0.226981 0.321630
vt -0.000122 0.210448
vt 0.226347 0.156096
vt -0.000122 0.156096
vt 0.906075 0.219937
vt 0.679606 0.259595
vt 0.906075 0.259595
vt 0.679406 0.034093
vt 0.905875 0.048121
vt 0.905875 0.034093
vt 0.905875 0.025761
vt 0.679406 0.012881
vt 0.905875 0.012881
vt 0.905875 0.121202
vt 0.679406 0.093759
vt 0.905875 0.093759
vt 0.000000 0.062150
vt 0.226469 0.048121
vt 0.226469 0.062150
vt 0.982037 0.022561
vt 0.982037 0.022561
vt 0.982037 0.022561
vt 0.906075 0.297453
vt 0.226669 0.281378
vt 0.000200 0.297453
vt 0.000200 0.281378
vt 0.396520 0.281378
vt 0.453137 0.297453
vt 0.396520 0.297453
vt 0.453137 0.281378
vt 0.679606 0.297453
vt 0.679918 0.321630
vt 0.906387 0.312903
vt 0.906387 0.321630
vt 0.453449 0.321630
vt 0.510067 0.312903
vt 0.510067 0.321630
vt 0.226981 0.321630
vt 0.453449 0.312903
vt 0.679406 0.012881
vt 0.905875 0.000000
vt 0.905875 0.012881
vt 0.452938 0.012881
vt 0.509555 0.000000
vt 0.509555 0.012881
vt 0.226469 0.012881
vt 0.452938 0.000000
vt 0.679406 0.089593
vt 0.905875 0.062150
vt 0.905875 0.089593
vt 0.452938 0.089593
vt 0.509555 0.062150
vt 0.509555 0.089593
vt 0.226469 0.062150
vt 0.452938 0.062150
vt 0.000200 0.296828
vt 0.226669 0.312903
vt 0.000200 0.312903
vt 0.453137 0.296828
vt 0.396520 0.312903
vt 0.396520 0.296828
vt 0.679606 0.312903
vt 0.453137 0.312903
vt 0.679918 0.330358
vt 0.906387 0.321630
vt 0.906387 0.330358
vt 0.453449 0.330358
vt 0.510067 0.321630
vt 0.510067 0.330358
vt 0.226981 0.330358
vt 0.453449 0.321630
vt 0.452937 0.025761
vt 0.679406 0.012881
vt 0.679406 0.025761
vt 0.283086 0.025761
vt 0.283086 0.012881
vt 0.452937 0.121202
vt 0.679406 0.093759
vt 0.679406 0.121202
vt 0.283086 0.093759
vt 0.283086 0.121202
vt 0.679284 0.210448
vt 0.905753 0.156096
vt 0.905753 0.210448
vt 0.509433 0.210448
vt 0.452816 0.156096
vt 0.509433 0.156096
vt 0.226347 0.210448
vt 0.452816 0.210448
vt 0.000200 0.259595
vt 0.226669 0.219937
vt 0.226669 0.259595
vt 0.396520 0.219937
vt 0.453137 0.259595
vt 0.396520 0.259595
vt 0.453137 0.219937
vt 0.679606 0.259595
vt 0.000000 0.034093
vt 0.226469 0.048121
vt 0.000000 0.048121
vt 0.396320 0.034093
vt 0.452937 0.048121
vt 0.396320 0.048121
vt 0.452937 0.034093
vt 0.679406 0.048121
vt 0.226469 0.062150
vt 0.452938 0.048121
vt 0.452938 0.062150
vt 0.622789 0.062150
vt 0.509555 0.062150
vt 0.509555 0.048121
vt 0.566172 0.062150
vt 0.226469 0.034093
vt 0.283086 0.048121
vt 0.339703 0.034093
vt 0.339703 0.048121
vt 0.283286 0.259595
vt 0.339903 0.259595
vt 0.622667 0.210448
vt 0.679284 0.156096
vt 0.566050 0.156096
vt 0.566050 0.210448
vt 0.396320 0.121202
vt 0.452937 0.093759
vt 0.339703 0.121202
vt 0.396320 0.093759
vt 0.396320 0.012881
vt 0.452937 0.012881
vt 0.339703 0.025761
vt 0.396320 0.025761
vt 0.623301 0.330358
vt 0.679918 0.321630
vt 0.566684 0.321630
vt 0.566684 0.330358
vt 0.283286 0.296828
vt 0.226669 0.296828
vt 0.339903 0.296828
vt 0.339903 0.312903
vt 0.622789 0.089593
vt 0.679406 0.062150
vt 0.566172 0.089593
vt 0.566172 0.062150
vt 0.622789 0.012881
vt 0.679406 0.000000
vt 0.566172 0.000000
vt 0.566172 0.012881
vt 0.623301 0.321630
vt 0.679918 0.312903
vt 0.566684 0.312903
vt 0.566684 0.321630
vt 0.283286 0.297453
vt 0.226669 0.297453
vt 0.339903 0.297453
vt 0.339903 0.281378
vt 0.982037 0.022561
vt 0.982037 0.022561
vt 0.982037 0.022561
vt 0.982037 0.022561
vt 0.982037 0.022561
vt 0.982037 0.022561
vt 0.982037 0.022561
vt 0.982037 0.022561
vt 0.982037 0.022561
vt 0.982037 0.022561
vt 0.982037 0.022561
vt 0.982037 0.022561
vt 0.982037 0.022561
vt 0.982037 0.022561
vt 0.982037 0.022561
vt 0.982037 0.022561
vt 0.982037 0.022561
vt 0.982037 0.022561
vt 0.982037 0.022561
vt 0.982037 0.022561
vt 0.982037 0.022561
vt 0.982037 0.022561
vt 0.982037 0.022561
vt 0.982037 0.022561
vt 0.982037 0.022561
vt 0.982037 0.022561
vt 0.982037 0.022561
vt 0.982037 0.022561
vt 0.982037 0.022561
vt 0.982037 0.022561
vt 0.982037 0.022561
vt 0.982037 0.022561
vt 0.982037 0.022561
vt 0.982037 0.022561
vt 0.982037 0.022561
vt 0.982037 0.022561
vt 0.982037 0.022561
vt 0.982037 0.022561
vt 0.982037 0.022561
vt 0.982037 0.022561
vt 0.982037 0.022561
vt 0.982037 0.022561
vt 0.999050 0.342604
vt 0.939310 0.183297
vt 0.939310 0.342604
vt 0.999050 0.342604
vt 0.939310 0.183297
vt 0.939310 0.342604
vt 0.999050 0.342604
vt 0.939310 0.183297
vt 0.939310 0.342604
vt 0.999050 0.342604
vt 0.939310 0.183297
vt 0.939310 0.342604
vt 0.985655 0.179437
vt 0.939081 0.132863
vt 0.939081 0.179437
vt 0.955240 0.109372
vt 0.955240 0.109372
vt 0.955240 0.109372
vt 0.955240 0.109372
vt 0.955240 0.109372
vt 0.955240 0.109372
vt 0.955240 0.109372
vt 0.955240 0.109372
vt 0.955240 0.109372
vt 0.955240 0.109372
vt 0.955240 0.109372
vt 0.955240 0.109372
vt 0.955240 0.109372
vt 0.955240 0.109372
vt 0.955240 0.109372
vt 0.955240 0.109372
vt 0.955240 0.109372
vt 0.955240 0.109372
vt 0.955240 0.109372
vt 0.955240 0.109372
vt 0.955240 0.109372
vt 0.955240 0.109372
vt 0.955240 0.109372
vt 0.999050 0.342604
vt 0.939310 0.183297
vt 0.999050 0.183297
vt 0.999050 0.183297
vt 0.939310 0.342604
vt 0.939310 0.183297
vt 0.999050 0.342604
vt 0.939310 0.183297
vt 0.999050 0.183297
vt 0.999050 0.342604
vt 0.939310 0.183297
vt 0.999050 0.183297
vt 0.985655 0.132863
vt 0.939081 0.179437
vt 0.939081 0.132863
vt 0.905875 0.048121
vt 0.982037 0.022561
vt 0.982037 0.022561
vt 0.982037 0.022561
vt 0.982037 0.022561
vt 0.000000 0.093759
vt 0.000000 0.012881
vt 0.939310 0.342604
vt 0.999050 0.342604
vt 0.939310 0.342604
vt 0.939310 0.342604
vt 0.939081 0.179437
vt 0.939310 0.342604
vt 0.939310 0.342604
vt 0.939310 0.342604
vt 0.939310 0.342604
vt 0.939081 0.179437
vt 0.939310 0.342604
vt 0.999050 0.342604
vt 0.939310 0.342604
vt 0.939310 0.342604
vt 0.939081 0.179437
vt -0.000781 0.844034
vt 0.146184 0.718868
vt 0.000156 0.781451
vt 0.156795 0.718868
vt -0.000466 0.654611
vt -0.000781 0.844034
vt 0.145247 0.718868
vt -0.000781 0.781451
vt 0.156795 0.718868
vt 0.000000 1.000000
vt -0.000781 0.844034
vt -0.000781 0.718868
vt -0.000781 0.781451
vt 0.156795 0.718868
vt -0.000103 0.498042
vt -0.000781 0.844034
vt -0.000781 0.718868
vt -0.000781 0.781451
vt 0.156795 0.718868
vt 0.000000 1.000000
vt 0.998987 0.998895
vt 0.001647 0.998049
vt 0.000000 0.500556
vt 0.001647 0.652658
vt 0.939310 0.342604
vt 0.939310 0.342604
vt 0.939310 0.342604
vt 0.939310 0.342604
vt 0.985655 0.179437
vt 0.939310 0.342604
vt 0.939310 0.342604
vt 0.939310 0.342604
vt 0.939310 0.342604
vt 0.939081 0.179437
vt 0.939310 0.342604
vt 0.939310 0.342604
vt 0.939310 0.342604
vt 0.939310 0.342604
vt 0.939081 0.179437
vt 0.999050 0.183297
vt 0.999050 0.342604
vt 0.999050 0.183297
vt 0.999050 0.183297
vt 0.985655 0.132863
vt 0.939310 0.342604
vt 0.999050 0.342604
vt 0.939310 0.342604
vt 0.939310 0.342604
vt 0.939081 0.179437
vt -0.000781 0.844034
vt 0.000156 0.718868
vt 0.000156 0.781451
vt 0.156795 0.718868
vt -0.000466 0.654611
vt -0.000781 0.844034
vt -0.000781 0.718868
vt -0.000781 0.781451
vt 0.156795 0.718868
vt 0.000000 1.000000
vt -0.000781 0.844034
vt 0.145247 0.718868
vt -0.000781 0.781451
vt 0.156795 0.718868
vt -0.000103 0.498042
vt -0.000781 0.844034
vt 0.145247 0.718868
vt -0.000781 0.781451
vt 0.156795 0.718868
vt 1.000000 1.000000
vt 0.001647 0.998895
vt 0.001647 0.998049
vt 0.000000 0.500556
vt 0.998987 0.652658
vt 0.939310 0.342604
vt 0.939310 0.342604
vt 0.939310 0.342604
vt 0.939310 0.342604
vt 0.985655 0.179437
vt 0.999050 0.183297
vt 0.999050 0.342604
vt 0.999050 0.183297
vt 0.999050 0.183297
vt 0.985655 0.179437
vt 0.939310 0.342604
vt 0.939310 0.342604
vt 0.939310 0.342604
vt 0.939310 0.342604
vt 0.939081 0.179437
vt 0.999050 0.183297
vt 0.999050 0.183297
vt 0.999050 0.183297
vt 0.999050 0.183297
vt 0.985655 0.132863
vt 0.939310 0.342604
vt 0.939310 0.342604
vt 0.939310 0.342604
vt 0.939310 0.342604
vt 0.939081 0.179437
vt 0.999050 0.183297
vt 0.999050 0.183297
vt 0.999050 0.183297
vt 0.999050 0.183297
vt 0.985655 0.132863
vt 0.939310 0.342604
vt 0.939310 0.342604
vt 0.939310 0.342604
vt 0.939310 0.342604
vt 0.939081 0.179437
vt 0.999050 0.183297
vt 0.999050 0.183297
vt 0.999050 0.183297
vt 0.999050 0.342604
vt 0.985655 0.132863
vt -0.000781 0.844034
vt 0.146184 0.718868
vt 0.000156 0.781451
vt 0.156795 0.718868
vt -0.000466 0.654611
vt -0.000781 0.844034
vt 0.145247 0.718868
vt -0.000781 0.781451
vt 0.156795 0.718868
vt 0.000000 1.000000
vt -0.000781 0.844034
vt -0.000781 0.718868
vt -0.000781 0.781451
vt 0.156795 0.718868
vt -0.000103 0.498042
vt -0.000781 0.844034
vt -0.000781 0.718868
vt -0.000781 0.781451
vt 0.156795 0.718868
vt 0.000000 1.000000
vt 0.001647 0.998895
vt 0.001647 0.998049
vt 0.000000 0.500556
vt 0.001647 0.652658
vt 0.905875 0.034093
vt 0.679606 0.219937
vt -0.000122 0.210448
vt 0.000512 0.330358
vt 0.906075 0.312903
vt 0.000000 0.089593
vt 0.000000 0.000000
vt 0.000512 0.321630
vt 0.939310 0.342604
vt 0.999050 0.342604
vt 0.939310 0.342604
vt 0.939310 0.342604
vt 0.985655 0.179437
vt 0.999050 0.183297
vt 0.999050 0.342604
vt 0.999050 0.183297
vt 0.999050 0.183297
vt 0.985655 0.132863
vt 0.679406 0.025761
vt 0.679406 0.093759
vt 0.226469 0.048121
vt 0.905875 0.034093
vt 0.679606 0.219937
vt -0.000122 0.156096
vt 0.000512 0.321630
vt 0.906075 0.312903
vt 0.000000 0.062150
vt 0.000000 0.000000
vt 0.000512 0.312903
vt 0.906075 0.281378
vt 0.679406 0.025761
vt 0.679406 0.121202
vt 0.226469 0.048121
vt 0.905875 0.034093
vt 0.679606 0.219937
vt -0.000122 0.156096
vt 0.000512 0.321630
vt 0.906075 0.312903
vt 0.000000 0.062150
vt 0.000000 0.000000
vt 0.000512 0.312903
vt 0.906075 0.281378
vt 0.999050 0.183297
vt 0.999050 0.183297
vt 0.999050 0.183297
vt 0.999050 0.183297
vt 0.985655 0.179437
vt -0.000781 0.844034
vt 0.145247 0.718868
vt -0.000781 0.781451
vt 0.156795 0.718868
vt 1.000000 1.000000
vt 0.001647 0.652658
vt 0.679406 0.025761
vt 0.679406 0.093759
vt 0.226469 0.048121
vt 0.905875 0.034093
vt 0.679606 0.219937
vt -0.000122 0.156096
vt 0.000512 0.321630
vt 0.906075 0.312903
vt 0.000000 0.062150
vt 0.000000 0.000000
vt 0.000512 0.312903
vt 0.906075 0.281378
vt 0.000000 0.048121
vt 0.679406 0.121202
vt 0.905875 0.025761
vt 0.999050 0.183297
vt 0.999050 0.183297
vt 0.999050 0.183297
vt 0.999050 0.183297
vt 0.985655 0.179437
vt 0.979692 0.844034
vt 0.145247 0.718868
vt -0.000781 0.781451
vt 0.302823 0.718868
vt 1.000000 1.000000
vt 0.001647 0.652658
vt 0.906075 0.281378
vt 0.000512 0.321630
vt 0.000000 0.012881
vt 0.226469 0.089593
vt 0.679606 0.296828
vt 0.000512 0.330358
vt 0.226347 0.210448
vt 0.679606 0.219937
vt 0.679406 0.034093
vt 0.679406 0.025761
vt 0.679406 0.093759
vt 0.226469 0.048121
vt 0.905875 0.034093
vt 0.679606 0.219937
vt -0.000122 0.156096
vt 0.000512 0.321630
vt 0.906075 0.312903
vt 0.000000 0.062150
vt 0.000000 0.000000
vt 0.000512 0.312903
vt 0.906075 0.281378
vt 0.000000 0.062150
vt 0.905875 0.121202
vt 0.905875 0.025761
vt 0.999050 0.342604
vt 0.999050 0.342604
vt 0.999050 0.183297
vt 0.999050 0.183297
vt 0.985655 0.132863
vt -0.000781 0.844034
vt 0.145247 0.718868
vt -0.000781 0.781451
vt 0.156795 0.718868
vt 0.000000 1.000000
vt 0.998987 0.652658
vt 0.906075 0.281378
vt 0.226981 0.321630
vt 0.226469 0.012881
vt 0.226469 0.089593
vt 0.906075 0.296828
vt 0.226981 0.330358
vt 0.226347 0.210448
vt 0.679606 0.259595
vt 0.679406 0.048121
vt 0.679406 0.025761
vt 0.679406 0.093759
vt 0.226469 0.048121
vt 0.905875 0.034093
vt 0.679606 0.219937
vt -0.000122 0.156096
vt 0.000512 0.321630
vt 0.906075 0.312903
vt 0.000000 0.062150
vt 0.000000 0.000000
vt 0.000512 0.312903
vt 0.906075 0.281378
vt 0.000000 0.062150
vt 0.905875 0.121202
vt 0.905875 0.025761
vt 0.999050 0.342604
vt 0.999050 0.183297
vt 0.999050 0.183297
vt 0.999050 0.183297
vt 0.985655 0.132863
vt -0.000781 0.844034
vt 0.145247 0.718868
vt -0.000781 0.781451
vt 0.156795 0.718868
vt 0.000000 1.000000
vt 0.998987 0.652658
vt 0.906075 0.281378
vt 0.000512 0.321630
vt 0.226469 0.012881
vt 0.226469 0.089593
vt 0.679606 0.296828
vt 0.000512 0.330358
vt -0.000122 0.210448
vt 0.679606 0.219937
vt 0.679406 0.048121
vt 0.679406 0.025761
vt 0.679406 0.121202
vt 0.226469 0.048121
vt 0.905875 0.034093
vt 0.679606 0.219937
vt -0.000122 0.156096
vt 0.000512 0.321630
vt 0.906075 0.312903
vt 0.000000 0.089593
vt 0.000000 0.000000
vt 0.000512 0.312903
vt 0.906075 0.281378
vt 0.000000 0.048121
vt 0.679406 0.121202
vt 0.905875 0.025761
vt 0.999050 0.342604
vt 0.939310 0.342604
vt 0.939310 0.342604
vt 0.939310 0.342604
vt 0.939081 0.179437
vt 0.999050 0.183297
vt 0.999050 0.183297
vt 0.999050 0.183297
vt 0.999050 0.183297
vt 0.985655 0.179437
vt -0.000781 0.844034
vt 0.145247 0.718868
vt 0.979692 0.781451
vt 0.156795 0.718868
vt 1.000000 1.000000
vt 0.001647 0.652658
vt 0.906075 0.281378
vt 0.000512 0.321630
vt 0.226469 0.012881
vt 0.226469 0.089593
vt 0.679606 0.296828
vt 0.000512 0.330358
vt 0.226347 0.210448
vt 0.679606 0.219937
vt 0.679406 0.048121
vt 0.679406 0.025761
vt 0.679406 0.093759
vt 0.226469 0.048121
vt 0.905875 0.034093
vt 0.679606 0.219937
vt -0.000122 0.156096
vt 0.000512 0.321630
vt 0.906075 0.312903
vt 0.000000 0.062150
vt 0.000000 0.000000
vt 0.000512 0.312903
vt 0.906075 0.281378
vt 0.000000 0.048121
vt 0.679406 0.121202
vt 0.905875 0.025761
vt 0.939310 0.342604
vt 0.999050 0.342604
vt 0.999050 0.342604
vt 0.939310 0.342604
vt 0.939081 0.179437
vt 0.999050 0.183297
vt 0.999050 0.183297
vt 0.999050 0.183297
vt 0.999050 0.183297
vt 0.985655 0.179437
vt -0.000781 0.844034
vt -0.000781 0.718868
vt -0.000781 0.781451
vt 0.156795 0.718868
vt 1.000000 1.000000
vt 0.001647 0.652658
vt 0.906075 0.281378
vt 0.000512 0.321630
vt 0.226469 0.012881
vt 0.000000 0.089593
vt 0.679606 0.296828
vt 0.000512 0.330358
vt 0.226347 0.210448
vt 0.679606 0.219937
vt 0.679406 0.048121
vt 0.679406 0.025761
vt 0.679406 0.093759
vt 0.226469 0.048121
vt 0.905875 0.034093
vt 0.679606 0.219937
vt -0.000122 0.156096
vt 0.000512 0.321630
vt 0.906075 0.312903
vt 0.000000 0.062150
vt 0.000000 0.000000
vt 0.000512 0.312903
vt 0.906075 0.281378
vt 0.415989 0.075507
vt 0.415989 0.075507
vt 0.415989 0.075507
vt 0.999050 0.183297
vt 0.999050 0.183297
vt 0.999050 0.183297
vt 0.999050 0.183297
vt 0.985655 0.132863
vt -0.000781 0.844034
vt 0.145247 0.718868
vt -0.000781 0.781451
vt 0.156795 0.718868
vt 1.000000 1.000000
vt 0.001647 0.652658
vt 0.679406 0.025761
vt 0.679406 0.093759
vt 0.226469 0.048121
vt 0.905875 0.034093
vt 0.679606 0.219937
vt -0.000122 0.156096
vt 0.000512 0.321630
vt 0.906075 0.312903
vt 0.000000 0.062150
vt 0.000000 0.000000
vt 0.000512 0.312903
vt 0.906075 0.281378
vt 0.000000 0.048121
vt 0.679406 0.121202
vt 0.905875 0.025761
vt 0.939310 0.342604
vt 0.999050 0.342604
vt 0.939310 0.342604
vt 0.999050 0.342604
vt 0.939081 0.179437
vt 0.999050 0.183297
vt 0.999050 0.183297
vt 0.999050 0.183297
vt 0.999050 0.183297
vt 0.985655 0.179437
vt -0.000781 0.844034
vt -0.000781 0.718868
vt -0.000781 0.781451
vt 0.302823 0.718868
vt 0.000000 1.000000
vt 0.998987 0.652658
vt 0.906075 0.281378
vt 0.000512 0.321630
vt 0.226469 0.012881
vt 0.226469 0.089593
vt 0.679606 0.296828
vt 0.000512 0.330358
vt 0.226347 0.210448
vt 0.679606 0.219937
vt 0.679406 0.048121
vt 0.679406 0.025761
vt 0.679406 0.093759
vt 0.226469 0.048121
vt 0.905875 0.034093
vt 0.679606 0.219937
vt -0.000122 0.156096
vt 0.000512 0.321630
vt 0.906075 0.312903
vt 0.000000 0.062150
vt 0.000000 0.012881
vt 0.000512 0.312903
vt 0.906075 0.281378
vt 0.000000 0.062150
vt 0.679406 0.121202
vt 0.905875 0.025761
vt 0.939310 0.342604
vt 0.939310 0.342604
vt 0.939310 0.342604
vt 0.939310 0.342604
vt 0.985655 0.179437
vt 0.999050 0.183297
vt 0.999050 0.183297
vt 0.999050 0.183297
vt 0.999050 0.183297
vt 0.985655 0.132863
vt -0.000781 0.844034
vt 0.145247 0.718868
vt -0.000781 0.781451
vt 0.302823 0.718868
vt 1.000000 1.000000
vt 0.001647 0.652658
vt 0.906075 0.281378
vt 0.000512 0.321630
vt 0.226469 0.012881
vt 0.226469 0.089593
vt 0.679606 0.296828
vt 0.000512 0.330358
vt 0.226347 0.210448
vt 0.679606 0.219937
vt 0.679406 0.048121
vt 0.679406 0.025761
vt 0.679406 0.121202
vt 0.226469 0.048121
vt 0.905875 0.034093
vt 0.679606 0.219937
vt -0.000122 0.156096
vt 0.000512 0.321630
vt 0.906075 0.312903
vt 0.000000 0.089593
vt 0.000000 0.012881
vt 0.000512 0.312903
vt 0.906075 0.281378
vt 0.000000 0.062150
vt 0.679406 0.121202
vt 0.905875 0.025761
vt 0.939310 0.342604
vt 0.999050 0.342604
vt 0.939310 0.342604
vt 0.939310 0.342604
vt 0.939081 0.179437
vt 0.999050 0.183297
vt 0.999050 0.183297
vt 0.999050 0.183297
vt 0.999050 0.183297
vt 0.985655 0.179437
vt -0.000781 0.844034
vt -0.000781 0.718868
vt -0.000781 0.781451
vt 0.156795 0.718868
vt 0.000000 1.000000
vt 0.998987 0.652658
vt 0.906075 0.281378
vt 0.000512 0.321630
vt 0.226469 0.012881
vt 0.226469 0.089593
vt 0.679606 0.296828
vt 0.000512 0.330358
vt 0.226347 0.210448
vt 0.679606 0.219937
vt 0.679406 0.048121
vt 0.679406 0.025761
vt 0.679406 0.093759
vt 0.226469 0.048121
vt 0.905875 0.034093
vt 0.679606 0.219937
vt -0.000122 0.156096
vt 0.000512 0.321630
vt 0.906075 0.312903
vt 0.000000 0.089593
vt 0.000000 0.000000
vt 0.000512 0.312903
vt 0.906075 0.281378
vt 0.000000 0.062150
vt 0.679406 0.121202
vt 0.905875 0.025761
vt 0.939310 0.342604
vt 0.939310 0.342604
vt 0.939310 0.342604
vt 0.939310 0.342604
vt 0.985655 0.179437
vt 0.999050 0.342604
vt 0.999050 0.183297
vt 0.999050 0.183297
vt 0.999050 0.183297
vt 0.985655 0.132863
vt -0.000781 0.844034
vt -0.000781 0.718868
vt -0.000781 0.781451
vt 0.156795 0.718868
vt 1.000000 1.000000
vt 0.001647 0.652658
vt 0.906075 0.281378
vt 0.000512 0.321630
vt 0.226469 0.012881
vt 0.226469 0.089593
vt 0.679606 0.296828
vt 0.000512 0.330358
vt 0.226347 0.210448
vt 0.679606 0.219937
vt 0.679406 0.048121
vt 0.679406 0.025761
vt 0.679406 0.093759
vt 0.226469 0.048121
vt 0.905875 0.034093
vt 0.679606 0.219937
vt -0.000122 0.156096
vt 0.000512 0.321630
vt 0.906075 0.312903
vt 0.000000 0.062150
vt 0.000000 0.012881
vt 0.000512 0.312903
vt 0.906075 0.281378
vt 0.000000 0.048121
vt 0.679406 0.121202
vt 0.905875 0.025761
vt 0.939310 0.342604
vt 0.999050 0.342604
vt 0.939310 0.342604
vt 0.939310 0.342604
vt 0.985655 0.179437
vt 0.999050 0.342604
vt 0.999050 0.342604
vt 0.999050 0.183297
vt 0.999050 0.342604
vt 0.985655 0.132863
vt -0.000781 0.844034
vt -0.000781 0.718868
vt 0.979692 0.781451
vt 0.156795 0.718868
vt 1.000000 1.000000
vt 0.001647 0.652658
vt 0.906075 0.281378
vt 0.000512 0.321630
vt 0.226469 0.012881
vt 0.226469 0.089593
vt 0.679606 0.296828
vt 0.000512 0.330358
vt 0.226347 0.210448
vt 0.679606 0.219937
vt 0.679406 0.048121
vt 0.679406 0.025761
vt 0.679406 0.121202
vt 0.226469 0.048121
vt 0.905875 0.034093
vt 0.679606 0.219937
vt -0.000122 0.156096
vt 0.000512 0.321630
vt 0.906075 0.312903
vt 0.000000 0.062150
vt 0.000000 0.000000
vt 0.000512 0.312903
vt 0.906075 0.281378
vt 0.000000 0.062150
vt 0.679406 0.121202
vt 0.905875 0.025761
vt 0.939310 0.342604
vt 0.939310 0.342604
vt 0.939310 0.342604
vt 0.939310 0.342604
vt 0.939081 0.179437
vt 0.999050 0.342604
vt 0.999050 0.342604
vt 0.999050 0.342604
vt 0.999050 0.183297
vt 0.985655 0.179437
vt -0.000781 0.844034
vt -0.000781 0.718868
vt 0.979692 0.781451
vt 0.156795 0.718868
vt 0.000000 1.000000
vt 0.998987 0.652658
vt 0.906075 0.281378
vt 0.000512 0.321630
vt 0.226469 0.012881
vt 0.226469 0.089593
vt 0.679606 0.296828
vt 0.000512 0.330358
vt 0.226347 0.210448
vt 0.679606 0.219937
vt 0.679406 0.048121
vt 0.679406 0.025761
vt 0.679406 0.121202
vt 0.000000 0.048121
vt 0.679606 0.281378
vt 0.226981 0.312903
vt 0.226469 0.000000
vt 0.226469 0.089593
vt 0.679606 0.296828
vt 0.226981 0.321630
vt 0.226347 0.156096
vt 0.000200 0.219937
vt 0.679606 0.219937
vt 0.679406 0.034093
vt 0.226469 0.048121
vt 0.622789 0.048121
vt 0.566172 0.048121
vt 0.283086 0.034093
vt 0.283286 0.219937
vt 0.339903 0.219937
vt 0.622667 0.156096
vt 0.339703 0.093759
vt 0.339703 0.012881
vt 0.623301 0.321630
vt 0.283286 0.312903
vt 0.622789 0.062150
vt 0.622789 0.000000
vt 0.623301 0.312903
vt 0.283286 0.281378
vt 0.982037 0.022561
vt 0.982037 0.022561
vt 0.982037 0.022561
vt 0.999050 0.183297
vt 0.999050 0.183297
vt 0.999050 0.183297
vt 0.999050 0.183297
vt 0.985655 0.132863
vt 0.955240 0.109372
vt 0.939310 0.342604
vt 0.999050 0.342604
vt 0.939310 0.342604
vt 0.939310 0.342604
vt 0.985655 0.179437
vn -0.7071 0.0000 -0.7071
vn -0.0000 1.0000 -0.0000
vn -0.7071 0.0000 0.7071
vn 0.0000 -1.0000 0.0000
vn 0.7071 0.0000 -0.7071
vn 0.7071 0.0000 0.7071
vn -0.7072 0.0000 -0.7070
vn -0.7071 -0.0001 -0.7071
vn 0.7071 0.0000 0.7072
vn 0.8232 0.4990 0.2707
vn 0.8647 0.4389 -0.2441
vn 0.4551 -0.8315 -0.3186
vn 1.0000 0.0000 0.0000
vn 0.0000 0.0000 -1.0000
vn -1.0000 0.0000 0.0000
vn 0.0000 0.0000 1.0000
vn 0.7072 0.0000 0.7071
vn 0.7071 -0.0001 0.7071
vn 0.9894 0.1004 0.1045
vn 0.8647 0.4389 -0.2440
vn 0.7793 -0.4852 -0.3966
vn 0.4552 -0.8315 -0.3185
vn -0.0000 -0.7840 0.6207
vn -0.7159 0.0003 0.6982
vn -0.7159 0.0000 0.6982
vn 0.7159 -0.0000 -0.6982
vn 0.7158 0.0000 -0.6983
vn 0.7082 0.0000 0.7060
vn 0.7213 0.0000 -0.6926
vn -0.7041 0.0000 -0.7101
vn -0.7213 0.0000 0.6927
vn -0.7229 0.0000 0.6910
vn 0.7230 0.0000 -0.6909
vn -0.7159 -0.0001 0.6982
vn -0.7609 -0.0006 0.6489
vn -0.7609 -0.0007 0.6489
vn 0.7608 0.0000 -0.6489
vn 0.7609 0.0000 -0.6489
vn -0.7609 -0.0005 0.6489
vn -0.7608 0.0000 0.6490
vn -0.8128 -0.0003 0.5825
vn -0.8128 -0.0005 0.5826
vn -0.8128 -0.0004 0.5826
vn 0.8128 0.0000 -0.5826
vn 0.5819 0.0000 0.8132
vn -0.8082 0.0000 0.5889
vn -0.5730 0.0000 -0.8195
vn 0.8081 0.0000 -0.5890
vn 0.5980 0.0000 0.8015
vn 0.8173 0.0000 -0.5762
vn -0.5569 0.0000 -0.8306
vn -0.8170 0.0000 0.5766
vn -0.8128 -0.0003 0.5826
vn -0.8127 0.0000 0.5826
vn 0.8128 0.0000 -0.5825
vn -0.8568 -0.0000 0.5157
vn 0.8568 0.0000 -0.5157
vn -0.8527 0.0000 0.5223
vn 0.8529 -0.0002 -0.5221
vn 0.8529 -0.0000 -0.5221
vn 0.8525 -0.0025 -0.5227
vn 0.8525 -0.0024 -0.5227
vn 0.5144 0.0000 0.8575
vn -0.8569 -0.0000 0.5155
vn -0.5056 0.0000 -0.8628
vn 0.8569 0.0000 -0.5155
vn 0.5304 -0.0000 0.8477
vn 0.8613 0.0000 -0.5082
vn -0.4896 0.0000 -0.8720
vn -0.8609 0.0000 0.5087
vn -0.8527 -0.0025 0.5224
vn -0.8527 -0.0026 0.5224
vn -0.8521 0.0040 0.5234
vn 0.8525 0.0074 -0.5226
vn -0.8568 -0.0001 0.5157
vn -0.8567 0.0000 0.5158
vn 0.8568 0.0000 -0.5156
vn -0.8928 0.0005 0.4504
vn -0.8928 0.0004 0.4504
vn 0.8928 0.0000 -0.4504
vn -0.8906 -0.0087 0.4547
vn 0.8900 0.0013 -0.4560
vn 0.8900 0.0012 -0.4560
vn 0.8896 0.0052 -0.4568
vn 0.4480 0.0000 0.8940
vn -0.8972 -0.0000 0.4417
vn -0.4395 0.0000 -0.8982
vn -0.4396 0.0000 -0.8982
vn 0.8972 0.0000 -0.4416
vn 0.8972 0.0000 -0.4417
vn 0.4636 0.0000 0.8860
vn 0.8955 0.0000 -0.4451
vn -0.4239 0.0000 -0.9057
vn -0.8956 0.0000 0.4448
vn -0.8903 0.0055 0.4553
vn -0.8903 0.0054 0.4553
vn -0.8899 0.0058 0.4561
vn -0.8899 0.0058 0.4560
vn 0.8893 -0.0018 -0.4572
vn 0.8894 -0.0018 -0.4572
vn -0.8928 0.0003 0.4504
vn -0.8928 0.0000 0.4505
vn -0.9214 0.0011 0.3885
vn -0.9214 0.0009 0.3885
vn -0.9214 0.0010 0.3885
vn 0.9214 0.0000 -0.3886
vn 0.9214 0.0000 -0.3885
vn -0.9239 -0.0085 0.3824
vn -0.9239 -0.0084 0.3824
vn 0.9243 0.0011 -0.3816
vn 0.9243 0.0013 -0.3816
vn 0.9249 0.0074 -0.3802
vn 0.3842 0.0000 0.9232
vn -0.9293 0.0000 0.3693
vn -0.3763 0.0000 -0.9265
vn 0.9294 0.0000 -0.3691
vn 0.3992 0.0000 0.9168
vn 0.9248 0.0000 -0.3805
vn -0.3616 0.0000 -0.9323
vn -0.9248 0.0000 0.3805
vn -0.9240 0.0076 0.3824
vn -0.9240 0.0077 0.3824
vn -0.9248 0.0018 0.3805
vn 0.9251 -0.0087 -0.3797
vn 0.9251 -0.0088 -0.3797
vn -0.9214 0.0008 0.3885
vn -0.9214 0.0000 0.3886
vn -0.9450 0.0007 0.3270
vn -0.9450 0.0004 0.3270
vn -0.9450 0.0005 0.3270
vn 0.9450 0.0000 -0.3271
vn -0.9449 -0.0000 0.3275
vn 0.9448 0.0000 -0.3276
vn 0.9448 0.0003 -0.3275
vn 0.9448 -0.0001 -0.3276
vn 0.3242 -0.0000 0.9460
vn 0.9450 0.0000 -0.3272
vn -0.3166 0.0000 -0.9486
vn -0.3166 0.0000 -0.9485
vn -0.9450 0.0000 0.3271
vn 0.3243 0.0000 0.9460
vn -0.9446 -0.0000 0.3283
vn 0.9445 0.0000 -0.3284
vn 0.3383 0.0000 0.9410
vn 0.9473 0.0000 -0.3202
vn -0.3032 0.0000 -0.9529
vn -0.9473 0.0000 0.3203
vn -0.9448 0.0000 0.3276
vn 0.9448 0.0000 -0.3275
vn -0.9450 0.0003 0.3271
vn -0.9450 0.0004 0.3271
vn -0.9450 0.0002 0.3271
vn -0.9625 0.0002 0.2713
vn -0.9625 0.0001 0.2713
vn 0.9625 0.0000 -0.2713
vn -0.9620 -0.0000 0.2732
vn 0.9620 -0.0000 -0.2732
vn 0.9620 0.0004 -0.2732
vn 0.9620 -0.0003 -0.2732
vn 0.2686 0.0000 0.9633
vn 0.9635 0.0000 -0.2678
vn -0.2616 0.0000 -0.9652
vn -0.9635 0.0000 0.2678
vn 0.2686 0.0000 0.9632
vn -0.9634 0.0000 0.2682
vn 0.9634 0.0000 -0.2682
vn 0.2814 0.0000 0.9596
vn 0.9643 0.0000 -0.2648
vn -0.2490 0.0000 -0.9685
vn -0.9643 0.0000 0.2649
vn -0.9619 0.0000 0.2733
vn -0.9625 0.0000 0.2714
vn 0.9625 0.0000 -0.2712
vn -0.9747 0.0009 0.2237
vn 0.9746 0.0000 -0.2237
vn 0.9747 0.0000 -0.2237
vn 0.2172 0.0000 0.9761
vn -0.9789 0.0000 0.2042
vn -0.2109 0.0000 -0.9775
vn 0.9789 0.0000 -0.2041
vn 0.2291 0.0000 0.9734
vn 0.9769 0.0000 -0.2135
vn -0.1994 0.0000 -0.9799
vn -0.9769 0.0000 0.2137
vn -0.9747 0.0008 0.2237
vn -0.9747 0.0010 0.2237
vn -0.9746 0.0000 0.2238
vn -0.9850 0.0008 0.1726
vn -0.9850 0.0007 0.1726
vn 0.9850 0.0000 -0.1726
vn -0.9847 0.0000 0.1740
vn 0.9847 -0.0000 -0.1741
vn 0.9847 -0.0001 -0.1741
vn 0.9847 -0.0003 -0.1741
vn 0.9847 0.0004 -0.1741
vn 0.1704 -0.0000 0.9854
vn 0.9847 0.0000 -0.1744
vn -0.1645 0.0000 -0.9864
vn -0.9847 -0.0000 0.1743
vn -0.9845 0.0000 0.1752
vn 0.9845 0.0000 -0.1752
vn 0.1812 0.0000 0.9834
vn 0.9858 0.0000 -0.1677
vn -0.1540 0.0000 -0.9881
vn -0.9858 0.0000 0.1677
vn -0.9847 0.0000 0.1742
vn 0.9847 0.0000 -0.1740
vn -0.9850 0.0005 0.1726
vn -0.9850 0.0006 0.1726
vn -0.9850 0.0000 0.1727
vn -0.9909 0.0008 0.1346
vn -0.9909 0.0009 0.1346
vn 0.9909 0.0000 -0.1346
vn -0.9908 0.0000 0.1353
vn 0.9908 -0.0000 -0.1353
vn 0.9908 0.0002 -0.1353
vn 0.9908 -0.0001 -0.1353
vn 0.1276 0.0000 0.9918
vn 0.9929 0.0000 -0.1186
vn -0.1223 0.0000 -0.9925
vn -0.1224 0.0000 -0.9925
vn -0.9929 0.0000 0.1186
vn 0.1275 0.0000 0.9918
vn -0.9930 0.0000 0.1179
vn 0.9930 0.0000 -0.1178
vn 0.1374 0.0000 0.9905
vn 0.9923 0.0000 -0.1238
vn -0.1128 0.0000 -0.9936
vn -0.9923 0.0000 0.1240
vn -0.9909 0.0007 0.1346
vn -0.9909 0.0006 0.1346
vn -0.9909 0.0000 0.1347
vn -0.9958 0.0007 0.0918
vn -0.9958 0.0006 0.0918
vn -0.9958 0.0009 0.0918
vn 0.9958 -0.0000 -0.0918
vn -0.9957 0.0000 0.0929
vn 0.9957 -0.0000 -0.0930
vn 0.9957 -0.0002 -0.0930
vn 0.0887 0.0000 0.9961
vn 0.9958 0.0000 -0.0914
vn -0.0838 0.0000 -0.9965
vn -0.9958 0.0000 0.0914
vn -0.9958 0.0000 0.0919
vn 0.9958 0.0000 -0.0919
vn 0.0977 0.0000 0.9952
vn 0.9962 0.0000 -0.0872
vn -0.0751 0.0000 -0.9972
vn -0.9962 0.0000 0.0871
vn -0.9957 0.0000 0.0931
vn -0.9957 0.0000 0.0930
vn 0.9957 0.0000 -0.0929
vn -0.9958 0.0008 0.0918
vn -0.9958 0.0000 0.0918
vn -0.9982 0.0008 0.0598
vn -0.9982 0.0001 0.0598
vn -0.9982 0.0003 0.0598
vn 0.9982 -0.0000 -0.0598
vn -0.9982 0.0000 0.0601
vn 0.9982 -0.0000 -0.0601
vn 0.9982 0.0002 -0.0601
vn 0.0531 0.0000 0.9986
vn 0.9991 0.0000 -0.0422
vn -0.0489 0.0000 -0.9988
vn -0.9991 0.0000 0.0423
vn 0.0532 0.0000 0.9986
vn -0.9991 0.0000 0.0415
vn 0.9991 0.0000 -0.0415
vn 0.0615 0.0000 0.9981
vn 0.9987 0.0000 -0.0503
vn -0.0411 0.0000 -0.9992
vn -0.9987 0.0000 0.0504
vn -0.9982 0.0004 0.0598
vn -0.9982 0.0002 0.0598
vn -0.9982 0.0000 0.0598
vn -0.9996 0.0004 0.0266
vn 0.0000 1.0000 0.0010
vn -0.0000 -1.0000 -0.0010
vn 0.9996 0.0000 -0.0266
vn -0.9996 0.0000 0.0279
vn 0.9996 0.0000 -0.0279
vn 0.9996 0.0004 -0.0279
vn 0.9996 -0.0001 -0.0279
vn 0.0211 0.0000 0.9998
vn 0.9998 0.0000 -0.0186
vn -0.0171 0.0000 -0.9999
vn -0.9998 0.0000 0.0186
vn 0.9998 0.0000 -0.0185
vn 0.0284 0.0000 0.9996
vn -0.0098 0.0000 -1.0000
vn 0.0001 1.0000 0.0000
vn -0.9996 0.0000 0.0280
vn -0.9996 0.0003 0.0266
vn -0.9996 0.0000 0.0266
vn 0.9996 0.0000 -0.0265
vn -1.0000 0.0006 0.0072
vn -0.0000 1.0000 0.0020
vn -0.0000 -1.0000 -0.0020
vn -0.0001 1.0000 0.0020
vn 1.0000 0.0000 -0.0073
vn -1.0000 0.0000 0.0041
vn 1.0000 0.0000 -0.0041
vn 1.0000 0.0001 -0.0041
vn -0.0084 0.0000 1.0000
vn 1.0000 0.0000 0.0039
vn 0.0122 0.0000 -0.9999
vn -1.0000 0.0000 -0.0040
vn -1.0000 0.0000 -0.0035
vn 1.0000 0.0000 0.0034
vn -0.0016 0.0000 1.0000
vn 1.0000 0.0000 0.0035
vn 0.0144 0.0000 -0.9999
vn -1.0000 0.0000 -0.0039
vn -1.0000 0.0005 0.0072
vn -1.0000 0.0000 0.0072
vn 0.0159 0.0232 -0.9996
vn 0.0158 0.0233 -0.9996
vn 0.7944 0.0000 -0.6074
vn 0.7944 0.0000 -0.6075
vn -0.7944 0.0000 0.6074
vn -0.7944 0.0000 0.6075
vn -0.2386 0.0251 -0.9708
vn -0.2387 0.0252 -0.9708
vn -0.2566 -0.0000 -0.9665
vn -0.2567 0.0077 -0.9665
vn -0.2567 0.0016 -0.9665
vn -0.2544 0.0040 -0.9671
vn -0.2565 0.0114 -0.9665
vn -0.2538 0.0021 -0.9673
vn -0.2537 0.0021 -0.9673
vn -0.0013 -0.0000 -1.0000
vn -0.0012 0.0000 -1.0000
vn 0.0180 -0.0221 -0.9996
vn 0.0180 -0.0220 -0.9996
vn -0.0013 0.0015 -1.0000
vn -0.0013 0.0071 -1.0000
vn 0.0116 -0.0086 -0.9999
vn 0.0015 0.0019 -1.0000
vn 0.0010 0.0036 -1.0000
vn -0.0013 0.0106 -0.9999
vn -0.0013 -0.0483 -0.9988
vn 0.5437 -0.0261 0.8388
vn 0.5437 -0.0261 0.8389
vn 0.5599 0.0001 0.8285
vn 0.5598 0.0001 0.8286
vn 0.5598 0.0000 0.8286
vn 0.5599 -0.0080 0.8285
vn 0.5600 -0.0017 0.8285
vn 0.5578 -0.0040 0.8299
vn 0.5574 -0.0022 0.8303
vn 0.5573 -0.0022 0.8303
vn 0.6248 0.0000 0.7808
vn 0.7808 0.0000 -0.6248
vn -0.6248 0.0000 -0.7808
vn -0.7808 0.0000 0.6248
vn -0.7159 0.0002 0.6982
vn 0.8900 0.0011 -0.4560
vn 0.8896 0.0053 -0.4568
vn 0.8893 -0.0017 -0.4572
vn -0.9248 0.0019 0.3805
vn 0.2171 0.0000 0.9761
vn -0.9958 0.0004 0.0918
vn 0.9957 0.0001 -0.0930
vn 0.9996 -0.0002 -0.0279
vn -0.2567 0.0000 -0.9665
vn 0.5600 0.0000 0.8285
vn 0.5598 -0.0119 0.8285
usemtl Default_OBJ.001
s off
f 32/1/1 33/2/1 9/3/1
f 34/4/1 33/5/1 32/1/1
f 33/6/1 54/7/1 21/8/1
f 21/8/1 51/9/1 33/2/1
f 21/10/1 55/11/1 20/12/1
f 23/13/2 32/1/2 9/3/2
f 29/14/3 21/8/3 24/15/3
f 23/16/3 10/17/3 31/18/3
f 10/19/4 29/20/4 31/21/4
f 20/22/2 24/23/2 21/10/2
f 33/6/5 27/24/5 54/7/5
f 32/25/5 62/26/5 34/27/5
f 34/4/4 30/28/4 33/5/4
f 35/29/1 37/30/1 38/31/1
f 39/32/3 36/33/3 35/34/3
f 41/35/6 39/36/6 40/37/6
f 37/38/5 40/39/5 38/40/5
f 36/41/2 41/42/2 37/43/2
f 19/44/1 42/45/1 43/46/1
f 13/47/5 44/48/5 42/49/5
f 12/50/6 46/51/6 44/52/6
f 19/53/3 46/54/3 45/55/3
f 48/56/1 61/57/1 47/58/1
f 60/59/3 48/60/3 47/61/3
f 60/62/4 61/63/4 50/64/4
f 16/65/7 17/66/7 15/67/7
f 17/68/1 16/65/1 18/69/1
f 4/70/8 7/71/8 14/72/8
f 4/73/1 17/74/1 7/71/1
f 14/72/1 11/75/1 4/70/1
f 56/76/5 52/77/5 26/78/5
f 57/79/3 20/12/3 55/11/3
f 53/80/4 57/81/4 55/82/4
f 52/83/2 27/84/2 26/85/2
f 12/86/2 19/87/2 45/88/2
f 58/89/6 60/90/6 50/91/6
f 49/92/5 50/93/5 61/94/5
f 59/95/2 49/96/2 48/97/2
f 18/69/1 7/71/1 17/68/1
f 8/98/1 14/72/1 7/71/1
f 51/99/1 10/19/1 9/100/1
f 51/9/1 9/100/1 33/2/1
f 54/7/8 55/11/8 21/10/8
f 68/101/5 80/102/5 69/103/5
f 78/104/3 150/105/3 79/106/3
f 78/107/4 69/108/4 81/109/4
f 84/110/3 76/111/3 82/112/3
f 106/113/4 84/114/4 87/115/4
f 79/116/2 82/117/2 76/118/2
f 77/119/5 85/120/5 83/121/5
f 74/122/5 64/123/5 75/124/5
f 75/125/4 85/126/4 72/127/4
f 77/128/2 80/129/2 70/130/2
f 88/131/1 90/132/1 91/133/1
f 92/134/3 89/135/3 88/136/3
f 95/137/6 92/138/6 94/139/6
f 90/140/5 94/141/5 91/142/5
f 89/143/2 95/144/2 90/145/2
f 96/146/1 98/147/1 107/148/1
f 96/149/5 100/150/5 97/151/5
f 101/152/6 100/153/6 99/154/6
f 101/155/3 98/156/3 102/157/3
f 105/158/1 66/159/1 103/160/1
f 104/161/3 103/162/3 109/163/3
f 103/164/4 67/165/4 109/166/4
f 86/167/2 74/168/2 71/169/2
f 86/170/3 106/171/3 87/172/3
f 99/173/2 107/174/2 101/175/2
f 67/176/6 104/177/6 109/178/6
f 66/179/5 108/180/5 67/181/5
f 104/182/2 110/183/2 105/184/2
f 129/185/5 125/186/5 1/187/5
f 154/188/3 128/189/3 149/190/3
f 151/191/2 130/192/2 123/193/2
f 126/194/4 154/195/4 149/196/4
f 152/197/3 122/198/3 127/199/3
f 132/200/3 151/201/3 120/202/3
f 120/203/4 5/204/4 132/205/4
f 127/206/2 6/207/2 152/208/2
f 121/209/5 153/210/5 147/211/5
f 123/212/5 2/213/5 124/214/5
f 121/215/4 2/216/4 131/217/4
f 147/218/2 1/219/2 125/220/2
f 133/221/1 134/222/1 135/223/1
f 137/224/3 133/225/3 136/226/3
f 139/227/6 136/228/6 138/229/6
f 134/230/5 138/231/5 135/232/5
f 148/233/2 139/234/2 134/235/2
f 118/236/1 141/237/1 112/238/1
f 119/239/5 140/240/5 118/241/5
f 111/242/6 142/243/6 119/244/6
f 112/245/3 143/246/3 111/247/3
f 117/248/1 145/249/1 144/250/1
f 113/251/3 117/252/3 144/253/3
f 144/254/4 114/255/4 113/256/4
f 111/257/2 118/258/2 112/259/2
f 146/260/6 113/261/6 114/262/6
f 116/263/5 114/264/5 145/265/5
f 115/266/2 116/267/2 117/268/2
f 193/269/6 196/270/6 192/271/6
f 195/272/9 194/273/9 192/274/9
f 190/275/4 16/276/4 180/277/4
f 190/278/3 16/65/3 183/279/3
f 218/280/6 197/281/6 217/282/6
f 199/283/10 196/284/6 198/285/6
f 201/286/1 203/287/1 200/288/1
f 205/289/3 200/290/3 204/291/3
f 206/292/6 205/293/6 204/294/6
f 202/295/5 206/296/5 203/297/5
f 201/298/2 207/299/2 202/300/2
f 209/301/1 211/302/1 208/303/1
f 215/304/5 210/305/5 209/306/5
f 213/307/6 212/308/6 215/309/6
f 208/310/3 214/311/3 213/312/3
f 182/313/6 179/314/6 187/315/6
f 182/313/6 187/315/6 188/316/6
f 213/317/2 209/318/2 208/319/2
f 220/320/1 222/321/1 219/322/1
f 224/323/3 219/324/3 223/325/3
f 225/326/6 224/327/6 223/328/6
f 222/329/5 226/330/5 225/331/5
f 220/332/2 226/333/2 221/334/2
f 219/335/4 225/336/4 223/337/4
f 11/75/1 373/338/1 4/70/1
f 184/339/5 8/98/5 189/340/5
f 11/341/4 184/342/4 185/343/4
f 182/344/5 7/345/5 18/346/5
f 180/347/5 3/348/5 22/349/5
f 182/350/4 3/351/4 181/352/4
f 8/353/2 188/354/2 189/355/2
f 17/74/3 187/315/3 179/314/3
f 183/356/4 17/66/4 179/357/4
f 186/358/3 373/338/3 185/359/3
f 238/360/1 229/361/1 227/362/1
f 239/363/3 227/364/3 230/365/3
f 232/366/6 230/367/6 231/368/6
f 228/369/5 231/370/5 229/371/5
f 239/372/2 228/373/2 238/374/2
f 241/375/1 234/376/1 242/377/1
f 240/378/5 233/379/5 241/380/5
f 236/381/6 235/382/6 240/383/6
f 236/384/3 234/385/3 237/386/3
f 190/275/2 22/387/2 16/276/2
f 240/388/2 242/389/2 236/390/2
f 244/391/1 246/392/1 243/393/1
f 248/394/3 243/395/3 247/396/3
f 250/397/6 247/398/6 249/399/6
f 245/400/5 249/401/5 246/402/5
f 248/403/2 245/404/2 244/405/2
f 247/406/4 246/407/4 249/408/4
f 252/409/11 218/410/5 217/282/5
f 199/411/3 280/412/3 251/413/3
f 216/414/2 255/415/2 256/416/2
f 251/417/12 217/418/4 199/283/4
f 196/270/3 257/419/3 283/420/3
f 191/421/3 256/422/3 286/423/3
f 257/424/4 191/425/4 286/426/4
f 280/427/2 196/428/2 283/429/2
f 253/430/5 192/271/5 197/431/5
f 255/432/5 195/272/5 284/433/5
f 284/434/4 192/274/4 285/435/4
f 253/436/2 218/280/2 254/437/2
f 281/438/1 260/439/1 258/440/1
f 282/441/3 258/442/3 261/443/3
f 262/444/6 282/445/6 261/446/6
f 259/447/5 262/448/5 260/449/5
f 281/450/2 263/451/2 259/452/2
f 264/453/1 266/454/1 278/455/1
f 276/456/5 265/457/5 264/458/5
f 268/459/6 267/460/6 276/461/6
f 278/462/3 269/463/3 268/464/3
f 275/465/1 277/466/1 270/467/1
f 273/468/3 270/469/3 272/470/3
f 270/471/4 274/472/4 272/473/4
f 268/474/2 264/475/2 278/476/2
f 279/477/6 272/478/6 274/479/6
f 271/480/5 274/481/5 277/482/5
f 275/483/2 279/484/2 271/485/2
f 169/486/13 294/487/13 291/488/13
f 296/489/14 293/490/14 295/491/14
f 297/492/14 295/491/14 293/490/14
f 300/493/14 302/494/14 299/495/14
f 303/496/14 299/495/14 302/494/14
f 295/491/14 299/495/14 296/489/14
f 297/497/15 292/498/15 298/499/15
f 302/500/2 168/501/2 303/502/2
f 169/503/4 297/504/4 293/505/4
f 300/506/15 171/507/15 289/508/15
f 302/509/15 170/510/15 288/511/15
f 289/512/4 301/513/4 300/514/4
f 292/515/2 295/516/2 298/517/2
f 287/518/13 296/519/13 299/520/13
f 168/521/13 304/522/13 303/523/13
f 173/524/4 299/525/4 304/526/4
f 172/527/2 294/528/2 296/529/2
f 174/530/15 314/531/15 313/532/15
f 315/533/14 316/534/14 317/535/14
f 318/536/14 313/537/14 314/538/14
f 320/539/14 322/540/14 319/541/14
f 323/542/14 321/543/14 320/539/14
f 321/543/14 318/536/14 322/540/14
f 311/544/13 317/545/13 312/546/13
f 323/547/2 308/548/2 305/549/2
f 174/550/4 315/551/4 311/552/4
f 321/553/13 310/554/13 316/555/13
f 323/556/13 175/557/13 324/558/13
f 307/559/4 324/560/4 175/561/4
f 312/562/2 316/563/2 310/564/2
f 306/565/15 318/566/15 176/567/15
f 308/568/15 319/569/15 177/570/15
f 177/571/4 322/572/4 306/573/4
f 176/574/2 314/575/2 309/576/2
f 326/577/16 328/578/16 325/579/16
f 330/580/13 325/581/13 329/582/13
f 332/583/14 329/584/14 331/585/14
f 327/586/15 331/587/15 328/588/15
f 330/589/2 327/590/2 326/591/2
f 334/592/16 336/593/16 333/594/16
f 337/595/15 335/596/15 334/597/15
f 339/598/14 338/599/14 337/600/14
f 333/601/13 340/602/13 339/603/13
f 337/604/2 333/605/2 339/606/2
f 342/607/16 344/608/16 341/609/16
f 345/610/13 342/611/13 341/612/13
f 348/613/14 345/614/14 347/615/14
f 343/616/15 347/617/15 344/618/15
f 346/619/2 343/620/2 342/621/2
f 350/622/16 352/623/16 349/624/16
f 350/625/15 354/626/15 351/627/15
f 355/628/14 354/629/14 353/630/14
f 349/631/13 356/632/13 355/633/13
f 353/634/2 349/635/2 355/636/2
f 358/637/16 360/638/16 357/639/16
f 361/640/13 358/641/13 357/642/13
f 364/643/14 361/644/14 363/645/14
f 359/646/15 363/647/15 360/648/15
f 362/649/2 359/650/2 358/651/2
f 366/652/16 368/653/16 365/654/16
f 369/655/13 366/656/13 365/657/13
f 372/658/14 369/659/14 371/660/14
f 367/661/15 371/662/15 368/663/15
f 370/664/2 367/665/2 366/666/2
f 357/667/4 363/668/4 361/669/4
f 365/670/4 371/671/4 369/672/4
f 186/358/6 185/359/6 187/673/6
f 187/673/6 185/359/6 184/342/6
f 179/357/17 190/278/17 183/279/17
f 181/352/9 180/347/9 182/350/9
f 180/347/6 190/275/6 182/350/6
f 182/350/18 190/275/18 179/357/18
f 189/355/6 188/354/6 184/339/6
f 187/315/6 184/339/6 188/316/6
f 185/359/3 373/338/3 11/75/3
f 187/315/2 4/70/2 373/338/2
f 187/315/2 373/338/2 186/358/2
f 16/65/1 22/387/1 18/69/1
f 3/348/1 18/69/1 22/349/1
f 55/11/1 54/7/1 53/80/1
f 53/80/1 54/7/1 52/83/1
f 192/274/18 194/273/18 193/269/18
f 194/273/18 216/414/18 193/269/18
f 193/269/17 216/414/17 191/421/17
f 192/271/6 196/270/6 197/431/6
f 197/431/6 196/270/6 217/282/6
f 199/283/19 217/282/6 196/284/6
f 23/13/2 28/674/2 32/1/2
f 29/14/3 51/9/3 21/8/3
f 23/16/3 9/100/3 10/17/3
f 10/19/4 51/99/4 29/20/4
f 20/22/2 25/675/2 24/23/2
f 33/6/5 30/676/5 27/24/5
f 32/25/5 28/677/5 62/26/5
f 34/4/4 62/678/4 30/28/4
f 35/29/1 36/679/1 37/30/1
f 39/32/3 63/680/3 36/33/3
f 41/35/6 63/681/6 39/36/6
f 37/38/5 41/682/5 40/39/5
f 36/41/2 63/683/2 41/42/2
f 19/44/1 13/684/1 42/45/1
f 13/47/5 12/685/5 44/48/5
f 12/50/6 45/686/6 46/51/6
f 19/53/3 43/687/3 46/54/3
f 48/56/1 49/688/1 61/57/1
f 60/59/3 59/689/3 48/60/3
f 60/62/4 47/690/4 61/63/4
f 56/76/5 53/691/5 52/77/5
f 57/79/3 25/692/3 20/12/3
f 53/80/4 56/693/4 57/81/4
f 52/83/2 54/694/2 27/84/2
f 12/86/2 13/695/2 19/87/2
f 58/89/6 59/696/6 60/90/6
f 49/92/5 58/697/5 50/93/5
f 59/95/2 58/698/2 49/96/2
f 68/101/5 70/699/5 80/102/5
f 78/104/3 81/700/3 150/105/3
f 78/107/4 68/701/4 69/108/4
f 84/110/3 73/702/3 76/111/3
f 106/113/4 73/703/4 84/114/4
f 79/116/2 150/704/2 82/117/2
f 77/119/5 72/705/5 85/120/5
f 74/122/5 65/706/5 64/123/5
f 75/125/4 64/707/4 85/126/4
f 77/128/2 83/708/2 80/129/2
f 88/131/1 89/709/1 90/132/1
f 92/134/3 93/710/3 89/135/3
f 95/137/6 93/711/6 92/138/6
f 90/140/5 95/712/5 94/141/5
f 89/143/2 93/713/2 95/144/2
f 96/146/1 97/714/1 98/147/1
f 96/149/5 99/715/5 100/150/5
f 101/152/6 102/716/6 100/153/6
f 101/155/3 107/717/3 98/156/3
f 105/158/1 110/718/1 66/159/1
f 104/161/3 105/719/3 103/162/3
f 103/164/4 66/720/4 67/165/4
f 86/167/2 65/721/2 74/168/2
f 86/170/3 71/722/3 106/171/3
f 99/173/2 96/723/2 107/174/2
f 67/176/6 108/724/6 104/177/6
f 66/179/5 110/725/5 108/180/5
f 104/182/2 108/726/2 110/183/2
f 129/185/5 126/727/5 125/186/5
f 154/188/3 6/728/3 128/189/3
f 151/191/2 155/729/2 130/192/2
f 126/194/4 129/730/4 154/195/4
f 152/197/3 5/731/3 122/198/3
f 132/200/3 155/732/3 151/201/3
f 120/203/4 122/733/4 5/204/4
f 127/206/2 128/734/2 6/207/2
f 121/209/5 131/735/5 153/210/5
f 123/212/5 130/736/5 2/213/5
f 121/215/4 124/737/4 2/216/4
f 147/218/2 153/738/2 1/219/2
f 133/221/1 148/739/1 134/222/1
f 137/224/3 148/740/3 133/225/3
f 139/227/6 137/741/6 136/228/6
f 134/230/5 139/742/5 138/231/5
f 148/233/2 137/743/2 139/234/2
f 118/236/1 140/744/1 141/237/1
f 119/239/5 142/745/5 140/240/5
f 111/242/6 143/746/6 142/243/6
f 112/245/3 141/747/3 143/246/3
f 117/248/1 116/748/1 145/249/1
f 113/251/3 115/749/3 117/252/3
f 144/254/4 145/750/4 114/255/4
f 111/257/2 119/751/2 118/258/2
f 146/260/6 115/752/6 113/261/6
f 116/263/5 146/753/5 114/264/5
f 115/266/2 146/754/2 116/267/2
f 201/286/1 202/755/1 203/287/1
f 205/289/3 201/756/3 200/290/3
f 206/292/6 207/757/6 205/293/6
f 202/295/5 207/758/5 206/296/5
f 201/298/2 205/759/2 207/299/2
f 209/301/1 210/760/1 211/302/1
f 215/304/5 212/761/5 210/305/5
f 213/307/6 214/762/6 212/308/6
f 208/310/3 211/763/3 214/311/3
f 213/317/2 215/764/2 209/318/2
f 220/320/1 221/765/1 222/321/1
f 224/323/3 220/766/3 219/324/3
f 225/326/6 226/767/6 224/327/6
f 222/329/5 221/768/5 226/330/5
f 220/332/2 224/769/2 226/333/2
f 219/335/4 222/770/4 225/336/4
f 184/339/5 14/72/5 8/98/5
f 11/341/4 14/771/4 184/342/4
f 182/344/5 188/316/5 7/345/5
f 180/347/5 181/772/5 3/348/5
f 182/350/4 18/773/4 3/351/4
f 8/353/2 7/71/2 188/354/2
f 17/74/3 4/73/3 187/315/3
f 16/65/3 15/774/3 183/279/3
f 183/356/4 15/67/4 17/66/4
f 238/360/1 228/775/1 229/361/1
f 239/363/3 238/776/3 227/364/3
f 232/366/6 239/777/6 230/367/6
f 228/369/5 232/778/5 231/370/5
f 239/372/2 232/779/2 228/373/2
f 241/375/1 233/780/1 234/376/1
f 240/378/5 235/781/5 233/379/5
f 236/381/6 237/782/6 235/382/6
f 236/384/3 242/783/3 234/385/3
f 190/275/2 180/784/2 22/387/2
f 240/388/2 241/785/2 242/389/2
f 244/391/1 245/786/1 246/392/1
f 248/394/3 244/787/3 243/395/3
f 250/397/6 248/788/6 247/398/6
f 245/400/5 250/789/5 249/401/5
f 248/403/2 250/790/2 245/404/2
f 247/406/4 243/791/4 246/407/4
f 252/409/20 254/792/21 218/410/5
f 199/411/3 198/793/3 280/412/3
f 216/414/2 194/794/2 255/415/2
f 251/417/22 252/795/23 217/418/4
f 196/270/3 193/269/3 257/419/3
f 191/421/3 216/796/3 256/422/3
f 257/424/4 193/797/4 191/425/4
f 280/427/2 198/285/2 196/428/2
f 253/430/5 285/798/5 192/271/5
f 255/432/5 194/273/5 195/272/5
f 284/434/4 195/799/4 192/274/4
f 253/436/2 197/281/2 218/280/2
f 281/438/1 259/800/1 260/439/1
f 282/441/3 281/801/3 258/442/3
f 262/444/6 263/802/6 282/445/6
f 259/447/5 263/803/5 262/448/5
f 281/450/2 282/804/2 263/451/2
f 264/453/1 265/805/1 266/454/1
f 276/456/5 267/806/5 265/457/5
f 268/459/6 269/807/6 267/460/6
f 278/462/3 266/808/3 269/463/3
f 275/465/1 271/809/1 277/466/1
f 273/468/3 275/810/3 270/469/3
f 270/471/4 277/811/4 274/472/4
f 268/474/2 276/812/2 264/475/2
f 279/477/6 273/813/6 272/478/6
f 271/480/5 279/814/5 274/481/5
f 275/483/2 273/815/2 279/484/2
f 169/486/13 293/816/13 294/487/13
f 296/489/14 294/817/14 293/490/14
f 297/492/14 298/818/14 295/491/14
f 300/493/14 301/819/14 302/494/14
f 303/496/14 304/820/14 299/495/14
f 295/491/14 300/493/14 299/495/14
f 297/497/15 290/821/15 292/498/15
f 302/500/2 288/822/2 168/501/2
f 169/503/4 290/823/4 297/504/4
f 300/506/15 295/824/15 171/507/15
f 302/509/15 301/825/15 170/510/15
f 289/512/4 170/826/4 301/513/4
f 292/515/2 171/827/2 295/516/2
f 287/518/13 172/828/13 296/519/13
f 168/521/13 173/829/13 304/522/13
f 173/524/4 287/830/4 299/525/4
f 172/527/2 291/831/2 294/528/2
f 174/530/15 309/832/15 314/531/15
f 315/533/14 313/537/14 316/534/14
f 318/536/14 316/534/14 313/537/14
f 320/539/14 321/543/14 322/540/14
f 323/542/14 324/833/14 321/543/14
f 321/543/14 316/534/14 318/536/14
f 311/544/13 315/834/13 317/545/13
f 323/547/2 320/835/2 308/548/2
f 174/550/4 313/836/4 315/551/4
f 321/553/13 307/837/13 310/554/13
f 323/556/13 305/838/13 175/557/13
f 307/559/4 321/839/4 324/560/4
f 312/562/2 317/840/2 316/563/2
f 306/565/15 322/841/15 318/566/15
f 308/568/15 320/842/15 319/569/15
f 177/571/4 319/843/4 322/572/4
f 176/574/2 318/844/2 314/575/2
f 326/577/16 327/845/16 328/578/16
f 330/580/13 326/846/13 325/581/13
f 332/583/14 330/847/14 329/584/14
f 327/586/15 332/848/15 331/587/15
f 330/589/2 332/849/2 327/590/2
f 334/592/16 335/850/16 336/593/16
f 337/595/15 338/851/15 335/596/15
f 339/598/14 340/852/14 338/599/14
f 333/601/13 336/853/13 340/602/13
f 337/604/2 334/854/2 333/605/2
f 342/607/16 343/855/16 344/608/16
f 345/610/13 346/856/13 342/611/13
f 348/613/14 346/857/14 345/614/14
f 343/616/15 348/858/15 347/617/15
f 346/619/2 348/859/2 343/620/2
f 350/622/16 351/860/16 352/623/16
f 350/625/15 353/861/15 354/626/15
f 355/628/14 356/862/14 354/629/14
f 349/631/13 352/863/13 356/632/13
f 353/634/2 350/864/2 349/635/2
f 358/637/16 359/865/16 360/638/16
f 361/640/13 362/866/13 358/641/13
f 364/643/14 362/867/14 361/644/14
f 359/646/15 364/868/15 363/647/15
f 362/649/2 364/869/2 359/650/2
f 366/652/16 367/870/16 368/653/16
f 369/655/13 370/871/13 366/656/13
f 372/658/14 370/872/14 369/659/14
f 367/661/15 372/873/15 371/662/15
f 370/664/2 372/874/2 367/665/2
f 357/667/4 360/875/4 363/668/4
f 365/670/4 368/876/4 371/671/4
s 1
f 375/877/5 377/878/5 374/879/5
f 379/880/1 376/881/1 378/882/1
f 380/883/1 378/882/1 376/881/1
f 383/884/1 385/885/1 382/886/1
f 386/887/1 382/886/1 385/885/1
f 378/882/1 382/886/1 379/880/1
f 383/888/3 389/889/3 388/890/3
f 385/891/3 391/892/3 390/893/3
f 393/894/6 395/895/6 392/896/6
f 396/897/5 393/898/5 392/899/5
f 399/900/1 396/901/1 398/902/1
f 394/903/3 398/904/3 395/905/3
f 397/906/2 394/907/2 393/908/2
f 401/909/6 403/910/6 400/911/6
f 405/912/5 400/913/5 404/914/5
f 407/915/1 404/916/1 406/917/1
f 402/918/3 406/919/3 403/920/3
f 405/921/2 402/922/2 401/923/2
f 409/924/6 411/925/6 408/926/6
f 412/927/5 409/928/5 408/929/5
f 415/930/1 412/931/1 414/932/1
f 410/933/3 414/934/3 411/935/3
f 413/936/2 410/937/2 409/938/2
f 417/939/6 419/940/6 416/941/6
f 420/942/5 417/943/5 416/944/5
f 423/945/1 420/946/1 422/947/1
f 418/948/3 422/949/3 419/950/3
f 421/951/2 418/952/2 417/953/2
f 425/954/6 427/955/6 424/956/6
f 428/957/5 425/958/5 424/959/5
f 431/960/1 428/961/1 430/962/1
f 426/963/3 430/964/3 427/965/3
f 429/966/2 426/967/2 425/968/2
f 433/969/6 435/970/6 432/971/6
f 437/972/5 432/973/5 436/974/5
f 439/975/1 436/976/1 438/977/1
f 434/978/3 438/979/3 435/980/3
f 437/981/2 434/982/2 433/983/2
f 441/984/6 443/985/6 440/986/6
f 445/987/5 440/988/5 444/989/5
f 447/990/1 444/991/1 446/992/1
f 442/993/3 446/994/3 443/995/3
f 445/996/2 442/997/2 441/998/2
f 420/999/4 419/1000/4 422/1001/4
f 424/1002/4 430/1003/4 428/1004/4
f 432/1005/4 438/1006/4 436/1007/4
f 440/1008/4 446/1009/4 444/1010/4
f 449/1011/6 451/1012/6 448/1013/6
f 453/1014/5 448/1015/5 452/1016/5
f 455/1017/1 452/1018/1 454/1019/1
f 450/1020/3 454/1021/3 451/1022/3
f 449/1023/2 455/1024/2 450/1025/2
f 457/1026/6 459/1027/6 456/1028/6
f 461/1029/5 456/1030/5 460/1031/5
f 463/1032/1 460/1033/1 462/1034/1
f 458/1035/3 462/1036/3 459/1037/3
f 461/1038/2 458/1039/2 457/1040/2
f 465/1041/6 467/1042/6 464/1043/6
f 469/1044/5 464/1045/5 468/1046/5
f 471/1047/1 468/1048/1 470/1049/1
f 466/1050/3 470/1051/3 467/1052/3
f 469/1053/2 466/1054/2 465/1055/2
f 473/1056/6 475/1057/6 472/1058/6
f 473/1059/3 477/1060/3 474/1061/3
f 478/1062/1 477/1063/1 476/1064/1
f 472/1065/5 479/1066/5 478/1067/5
f 476/1068/2 472/1069/2 478/1070/2
f 481/1071/6 483/1072/6 480/1073/6
f 484/1074/5 481/1075/5 480/1076/5
f 487/1077/1 484/1078/1 486/1079/1
f 482/1080/3 486/1081/3 483/1082/3
f 485/1083/2 482/1084/2 481/1085/2
f 489/1086/6 491/1087/6 488/1088/6
f 493/1089/5 488/1090/5 492/1091/5
f 495/1092/1 492/1093/1 494/1094/1
f 490/1095/3 494/1096/3 491/1097/3
f 493/1098/2 490/1099/2 489/1100/2
f 497/1101/6 499/1102/6 496/1103/6
f 501/1104/5 496/1105/5 500/1106/5
f 503/1107/1 500/1108/1 502/1109/1
f 498/1110/3 502/1111/3 499/1112/3
f 501/1113/2 498/1114/2 497/1115/2
f 505/1116/6 507/1117/6 504/1118/6
f 508/1119/5 505/1120/5 504/1121/5
f 511/1122/1 508/1123/1 510/1124/1
f 506/1125/3 510/1126/3 507/1127/3
f 509/1128/2 506/1129/2 505/1130/2
f 513/1131/6 515/1132/6 512/1133/6
f 516/1134/5 513/1135/5 512/1136/5
f 519/1137/1 516/1138/1 518/1139/1
f 514/1140/3 518/1141/3 515/1142/3
f 513/1143/2 519/1144/2 514/1145/2
f 488/1146/4 494/1147/4 492/1148/4
f 496/1149/4 502/1150/4 500/1151/4
f 504/1152/4 510/1153/4 508/1154/4
f 516/1155/4 515/1156/4 518/1157/4
f 521/1158/6 523/1159/6 520/1160/6
f 525/1161/5 520/1162/5 524/1163/5
f 527/1164/1 524/1165/1 526/1166/1
f 522/1167/3 526/1168/3 523/1169/3
f 521/1170/2 527/1171/2 522/1172/2
f 529/1173/6 531/1174/6 528/1175/6
f 529/1176/3 533/1177/3 530/1178/3
f 534/1179/1 533/1180/1 532/1181/1
f 528/1182/5 535/1183/5 534/1184/5
f 534/1185/2 529/1186/2 528/1187/2
f 537/1188/6 539/1189/6 536/1190/6
f 541/1191/5 536/1192/5 540/1193/5
f 543/1194/1 540/1195/1 542/1196/1
f 538/1197/3 542/1198/3 539/1199/3
f 541/1200/2 538/1201/2 537/1202/2
f 545/1203/6 547/1204/6 544/1205/6
f 548/1206/3 546/1207/3 545/1208/3
f 550/1209/1 549/1210/1 548/1211/1
f 544/1212/5 551/1213/5 550/1214/5
f 548/1215/2 544/1216/2 550/1217/2
f 553/1218/6 555/1219/6 552/1220/6
f 557/1221/5 552/1222/5 556/1223/5
f 559/1224/1 556/1225/1 558/1226/1
f 554/1227/3 558/1228/3 555/1229/3
f 557/1230/2 554/1231/2 553/1232/2
f 561/1233/6 563/1234/6 560/1235/6
f 564/1236/3 562/1237/3 561/1238/3
f 566/1239/1 565/1240/1 564/1241/1
f 560/1242/5 567/1243/5 566/1244/5
f 564/1245/2 560/1246/2 566/1247/2
f 569/1248/6 571/1249/6 568/1250/6
f 573/1251/5 568/1252/5 572/1253/5
f 575/1254/1 572/1255/1 574/1256/1
f 570/1257/3 574/1258/3 571/1259/3
f 573/1260/2 570/1261/2 569/1262/2
f 577/1263/6 579/1264/6 576/1265/6
f 580/1266/3 578/1267/3 577/1268/3
f 582/1269/1 581/1270/1 580/1271/1
f 582/1272/5 579/1273/5 583/1274/5
f 580/1275/2 576/1276/2 582/1277/2
f 585/1278/6 587/1279/6 584/1280/6
f 588/1281/5 585/1282/5 584/1283/5
f 591/1284/1 588/1285/1 590/1286/1
f 586/1287/3 590/1288/3 587/1289/3
f 589/1290/2 586/1291/2 585/1292/2
f 593/1293/6 595/1294/6 592/1295/6
f 596/1296/5 593/1297/5 592/1298/5
f 599/1299/1 596/1300/1 598/1301/1
f 594/1302/3 598/1303/3 595/1304/3
f 597/1305/2 594/1306/2 593/1307/2
f 601/1308/6 603/1309/6 600/1310/6
f 605/1311/5 600/1312/5 604/1313/5
f 607/1314/1 604/1315/1 606/1316/1
f 602/1317/3 606/1318/3 603/1319/3
f 605/1320/2 602/1321/2 601/1322/2
f 609/1323/6 611/1324/6 608/1325/6
f 613/1326/5 608/1327/5 612/1328/5
f 615/1329/1 612/1330/1 614/1331/1
f 610/1332/3 614/1333/3 611/1334/3
f 613/1335/2 610/1336/2 609/1337/2
f 584/1338/4 590/1339/4 588/1340/4
f 592/1341/4 598/1342/4 596/1343/4
f 600/1344/4 606/1345/4 604/1346/4
f 608/1347/4 614/1348/4 612/1349/4
f 617/1350/24 619/1351/25 616/1352/24
f 620/1353/2 622/1354/2 623/1355/2
f 624/1356/4 618/1357/4 617/1358/4
f 626/1359/4 628/1360/4 629/1361/4
f 619/1362/2 631/1363/2 616/1364/2
f 632/1365/26 634/1366/26 635/1367/26
f 623/1368/27 637/1369/27 620/1370/27
f 637/1371/4 633/1372/4 632/1373/4
f 634/1374/2 639/1375/2 635/1376/2
f 641/1377/28 643/1378/28 640/1379/28
f 644/1380/29 641/1381/29 640/1382/29
f 647/1383/30 644/1384/30 646/1385/30
f 642/1386/31 646/1387/31 643/1388/31
f 641/1389/2 647/1390/2 642/1391/2
f 649/1392/28 651/1393/28 648/1394/28
f 649/1395/32 653/1396/32 650/1397/32
f 654/1398/30 653/1399/30 652/1400/30
f 648/1401/33 655/1402/33 654/1403/33
f 652/1404/2 648/1405/2 654/1406/2
f 622/1407/25 629/1408/34 628/1409/25
f 626/1410/25 630/1411/25 627/1412/25
f 625/1413/27 639/1414/27 638/1415/27
f 657/1416/35 616/1417/36 656/1418/35
f 658/1419/2 621/1420/2 620/1421/2
f 624/1422/4 657/1423/4 660/1424/4
f 626/1425/4 662/1426/4 661/1427/4
f 616/1428/2 663/1429/2 656/1430/2
f 632/1431/37 665/1432/37 664/1433/37
f 620/1434/38 666/1435/38 658/1436/38
f 637/1437/4 664/1438/4 666/1439/4
f 665/1440/2 639/1441/2 667/1442/2
f 621/1443/36 662/1444/39 629/1445/36
f 626/1446/40 663/1447/40 631/1448/40
f 624/1449/38 667/1450/38 639/1451/38
f 669/1452/41 656/1453/42 668/1454/43
f 670/1455/2 659/1456/2 658/1457/2
f 660/1458/4 669/1459/4 672/1460/4
f 661/1461/4 674/1462/4 673/1463/4
f 656/1464/2 675/1465/2 668/1466/2
f 664/1467/44 677/1468/44 676/1469/44
f 658/1470/44 678/1471/44 670/1472/44
f 666/1473/4 676/1474/4 678/1475/4
f 677/1476/2 667/1477/2 679/1478/2
f 681/1479/45 683/1480/45 680/1481/45
f 684/1482/46 682/1483/46 681/1484/46
f 686/1485/47 685/1486/47 684/1487/47
f 680/1488/48 687/1489/48 686/1490/48
f 686/1491/2 681/1492/2 680/1493/2
f 689/1494/49 691/1495/49 688/1496/49
f 692/1497/50 689/1498/50 688/1499/50
f 695/1500/51 692/1501/51 694/1502/51
f 690/1503/52 694/1504/52 691/1505/52
f 689/1506/2 695/1507/2 690/1508/2
f 688/1509/4 694/1510/4 692/1511/4
f 659/1512/43 674/1513/53 662/1514/43
f 673/1515/54 663/1516/54 661/1517/54
f 660/1518/55 679/1519/55 667/1520/55
f 697/1521/56 668/1522/56 696/1523/56
f 698/1524/2 671/1525/2 670/1526/2
f 672/1527/4 697/1528/4 700/1529/4
f 673/1530/4 702/1531/4 701/1532/4
f 668/1533/2 703/1534/2 696/1535/2
f 676/1536/57 705/1537/57 704/1538/57
f 670/1539/57 706/1540/57 698/1541/57
f 678/1542/4 704/1543/4 706/1544/4
f 705/1545/2 679/1546/2 707/1547/2
f 708/1548/58 710/1549/58 711/1550/58
f 712/1551/59 714/1552/60 715/1553/60
f 717/1554/61 719/1555/62 716/1556/61
f 721/1557/63 723/1558/63 720/1559/63
f 724/1560/64 722/1561/64 721/1562/64
f 726/1563/65 725/1564/65 724/1565/65
f 720/1566/66 727/1567/66 726/1568/66
f 726/1569/2 721/1570/2 720/1571/2
f 728/1572/67 730/1573/67 731/1574/67
f 732/1575/68 729/1576/68 728/1577/68
f 735/1578/69 732/1579/69 734/1580/69
f 731/1581/70 735/1582/70 734/1583/70
f 729/1584/2 735/1585/2 730/1586/2
f 728/1587/4 734/1588/4 732/1589/4
f 710/1590/2 737/1591/2 711/1592/2
f 738/1593/4 740/1594/4 741/1595/4
f 739/1596/71 743/1597/72 740/1598/71
f 738/1599/73 737/1600/73 736/1601/73
f 744/1602/2 712/1603/2 715/1604/2
f 719/1605/4 713/1606/4 716/1607/4
f 709/1608/4 747/1609/4 746/1610/4
f 718/1611/2 743/1612/2 742/1613/2
f 746/1614/74 745/1615/74 744/1616/74
f 671/1617/75 702/1618/56 674/1619/56
f 701/1620/76 675/1621/76 673/1622/76
f 672/1623/77 707/1624/77 679/1625/77
f 749/1626/78 696/1627/79 748/1628/78
f 750/1629/2 699/1630/2 698/1631/2
f 700/1632/4 749/1633/4 752/1634/4
f 701/1635/4 754/1636/4 753/1637/4
f 696/1638/2 755/1639/2 748/1640/2
f 704/1641/80 757/1642/80 756/1643/80
f 698/1644/80 758/1645/80 750/1646/80
f 706/1647/4 756/1648/4 758/1649/4
f 757/1650/2 707/1651/2 759/1652/2
f 708/1653/81 761/1654/81 760/1655/81
f 763/1656/82 712/1657/83 762/1658/82
f 765/1659/84 716/1660/84 764/1661/84
f 766/1662/85 768/1663/85 769/1664/85
f 767/1665/86 771/1666/86 768/1667/86
f 772/1668/87 771/1669/88 770/1670/87
f 766/1671/89 773/1672/90 772/1673/89
f 770/1674/2 766/1675/2 772/1676/2
f 775/1677/91 777/1678/91 774/1679/91
f 778/1680/92 775/1681/92 774/1682/92
f 781/1683/93 778/1684/93 780/1685/93
f 776/1686/94 780/1687/94 777/1688/94
f 779/1689/2 776/1690/2 775/1691/2
f 778/1692/4 777/1693/4 780/1694/4
f 711/1695/2 782/1696/2 761/1697/2
f 740/1698/4 784/1699/4 741/1700/4
f 743/1701/95 783/1702/96 740/1703/95
f 741/1704/97 782/1705/98 737/1706/97
f 712/1707/2 786/1708/2 762/1709/2
f 713/1710/4 764/1711/4 716/1712/4
f 708/1713/4 787/1714/4 747/1715/4
f 765/1716/2 743/1717/2 717/1718/2
f 787/1719/99 745/1720/100 747/1721/99
f 699/1722/101 754/1723/79 702/1724/79
f 753/1725/102 703/1726/102 701/1727/102
f 700/1728/80 759/1729/80 707/1730/80
f 789/1731/103 748/1732/104 788/1733/105
f 790/1734/2 751/1735/2 750/1736/2
f 752/1737/4 789/1738/4 792/1739/4
f 753/1740/4 794/1741/4 793/1742/4
f 748/1743/2 795/1744/2 788/1745/2
f 756/1746/106 797/1747/106 796/1748/106
f 750/1749/107 798/1750/107 790/1751/107
f 758/1752/4 796/1753/4 798/1754/4
f 797/1755/2 759/1756/2 799/1757/2
f 760/1758/108 801/1759/109 800/1760/108
f 803/1761/110 762/1762/111 802/1763/110
f 805/1764/112 764/1765/112 804/1766/112
f 806/1767/113 808/1768/113 809/1769/113
f 810/1770/114 808/1771/114 807/1772/114
f 812/1773/115 811/1774/115 810/1775/115
f 806/1776/116 813/1777/116 812/1778/116
f 810/1779/2 806/1780/2 812/1781/2
f 815/1782/117 817/1783/117 814/1784/117
f 818/1785/118 815/1786/118 814/1787/118
f 821/1788/119 818/1789/119 820/1790/119
f 816/1791/120 820/1792/120 817/1793/120
f 819/1794/2 816/1795/2 815/1796/2
f 818/1797/4 817/1798/4 820/1799/4
f 761/1800/2 822/1801/2 801/1802/2
f 784/1803/4 823/1804/4 824/1805/4
f 785/1806/121 823/1807/122 783/1808/122
f 784/1809/123 822/1810/123 782/1811/123
f 786/1812/2 802/1813/2 762/1814/2
f 764/1815/4 803/1816/4 804/1817/4
f 787/1818/4 800/1819/4 827/1820/4
f 765/1821/2 825/1822/2 785/1823/2
f 827/1824/124 786/1825/124 787/1826/125
f 751/1827/126 794/1828/105 754/1829/104
f 753/1830/127 795/1831/127 755/1832/127
f 752/1833/107 799/1834/107 759/1835/107
f 829/1836/128 788/1837/129 828/1838/130
f 830/1839/2 791/1840/2 790/1841/2
f 792/1842/4 829/1843/4 832/1844/4
f 793/1845/4 834/1846/4 833/1847/4
f 788/1848/2 835/1849/2 828/1850/2
f 836/1851/131 797/1852/131 837/1853/131
f 790/1854/131 838/1855/131 830/1856/131
f 798/1857/4 836/1858/4 838/1859/4
f 837/1860/2 799/1861/2 839/1862/2
f 840/1863/132 801/1864/132 841/1865/132
f 842/1866/133 803/1867/133 802/1868/133
f 845/1869/134 804/1870/135 844/1871/134
f 846/1872/136 848/1873/136 849/1874/136
f 851/1875/137 846/1876/137 850/1877/137
f 853/1878/138 850/1879/139 852/1880/139
f 848/1881/140 852/1882/140 849/1883/140
f 851/1884/2 848/1885/2 847/1886/2
f 855/1887/141 857/1888/141 854/1889/141
f 858/1890/142 856/1891/142 855/1892/142
f 860/1893/139 859/1894/139 858/1895/139
f 854/1896/143 861/1897/143 860/1898/143
f 860/1899/2 855/1900/2 854/1901/2
f 863/1902/144 865/1903/144 862/1904/144
f 866/1905/145 863/1906/145 862/1907/145
f 868/1908/146 867/1909/146 866/1910/146
f 864/1911/147 868/1912/147 865/1913/147
f 863/1914/2 869/1915/2 864/1916/2
f 862/1917/4 868/1918/4 866/1919/4
f 801/1920/2 870/1921/2 841/1922/2
f 824/1923/4 871/1924/4 872/1925/4
f 825/1926/148 871/1927/148 823/1928/148
f 824/1929/148 870/1930/148 822/1931/148
f 826/1932/2 842/1933/2 802/1934/2
f 804/1935/4 843/1936/4 844/1937/4
f 800/1938/4 875/1939/4 827/1940/4
f 805/1941/2 873/1942/2 825/1943/2
f 875/1944/149 826/1945/149 827/1946/149
f 791/1947/150 834/1948/151 794/1949/152
f 833/1950/140 795/1951/140 793/1952/140
f 792/1953/131 839/1954/131 799/1955/131
f 877/1956/153 828/1957/154 876/1958/154
f 878/1959/2 831/1960/2 830/1961/2
f 832/1962/4 877/1963/4 880/1964/4
f 833/1965/4 882/1966/4 881/1967/4
f 828/1968/2 883/1969/2 876/1970/2
f 836/1971/155 885/1972/155 884/1973/155
f 830/1974/155 886/1975/155 878/1976/155
f 838/1977/4 884/1978/4 886/1979/4
f 885/1980/2 839/1981/2 887/1982/2
f 888/1983/156 841/1984/156 889/1985/156
f 890/1986/157 843/1987/157 842/1988/157
f 893/1989/158 844/1990/159 892/1991/158
f 895/1992/160 897/1993/160 894/1994/160
f 898/1995/161 895/1996/161 894/1997/161
f 900/1998/162 899/1999/162 898/2000/162
f 896/2001/163 900/2002/163 897/2003/163
f 899/2004/2 896/2005/2 895/2006/2
f 903/2007/160 905/2008/164 902/2009/160
f 906/2010/165 904/2011/165 903/2012/165
f 908/2013/162 907/2014/162 906/2015/162
f 902/2016/166 909/2017/166 908/2018/166
f 908/2019/2 903/2020/2 902/2021/2
f 911/2022/167 913/2023/167 910/2024/167
f 915/2025/168 910/2026/168 914/2027/168
f 917/2028/169 914/2029/169 916/2030/169
f 912/2031/170 916/2032/170 913/2033/170
f 911/2034/2 917/2035/2 912/2036/2
f 910/2037/4 916/2038/4 914/2039/4
f 841/2040/2 918/2041/2 889/2042/2
f 872/2043/4 919/2044/4 920/2045/4
f 873/2046/171 919/2047/171 871/2048/171
f 870/2049/171 920/2050/171 918/2051/171
f 874/2052/2 890/2053/2 842/2054/2
f 844/2055/4 891/2056/4 892/2057/4
f 840/2058/4 923/2059/4 875/2060/4
f 845/2061/2 921/2062/2 873/2063/2
f 923/2064/157 874/2065/157 875/2066/157
f 831/2067/154 882/2068/154 834/2069/153
f 881/2070/172 835/2071/172 833/2072/172
f 832/2073/173 887/2074/173 839/2075/173
f 925/2076/174 876/2077/174 924/2078/174
f 926/2079/2 879/2080/2 878/2081/2
f 880/2082/4 925/2083/4 928/2084/4
f 881/2085/4 930/2086/4 929/2087/4
f 876/2088/2 931/2089/2 924/2090/2
f 884/2091/175 933/2092/175 932/2093/175
f 878/2094/176 934/2095/176 926/2096/176
f 886/2097/4 932/2098/4 934/2099/4
f 933/2100/2 887/2101/2 935/2102/2
f 936/2103/6 938/2104/6 939/2105/6
f 939/2105/6 941/2106/6 936/2103/6
f 942/2107/6 944/2108/6 945/2109/6
f 946/2110/6 943/2111/6 942/2107/6
f 942/2107/6 938/2104/6 946/2110/6
f 949/2112/177 951/2113/177 948/2114/177
f 952/2115/178 950/2116/178 949/2117/178
f 954/2118/179 953/2119/179 952/2120/179
f 948/2121/180 955/2122/180 954/2123/180
f 952/2124/2 948/2125/2 954/2126/2
f 957/2127/181 959/2128/181 956/2129/181
f 960/2130/182 957/2131/182 956/2132/182
f 963/2133/183 960/2134/183 962/2135/183
f 958/2136/184 962/2137/184 959/2138/184
f 957/2139/2 963/2140/2 958/2141/2
f 956/2142/4 962/2143/4 960/2144/4
f 879/2145/185 930/2146/186 882/2147/185
f 929/2148/187 883/2149/187 881/2150/187
f 880/2151/176 935/2152/176 887/2153/176
f 965/2154/188 924/2155/189 964/2156/188
f 966/2157/2 927/2158/2 926/2159/2
f 928/2160/4 965/2161/4 968/2162/4
f 929/2163/4 970/2164/4 969/2165/4
f 924/2166/2 971/2167/2 964/2168/2
f 932/2169/190 973/2170/190 972/2171/190
f 926/2172/190 974/2173/190 966/2174/190
f 934/2175/4 972/2176/4 974/2177/4
f 973/2178/2 935/2179/2 975/2180/2
f 976/2181/191 978/2182/191 979/2183/191
f 980/2184/192 982/2185/192 983/2186/192
f 985/2187/193 987/2188/194 984/2189/195
f 989/2190/196 991/2191/196 988/2192/196
f 992/2193/197 989/2194/197 988/2195/197
f 995/2196/198 992/2197/198 994/2198/198
f 991/2199/199 995/2200/199 994/2201/199
f 993/2202/2 990/2203/2 989/2204/2
f 997/2205/196 999/2206/196 996/2207/196
f 1000/2208/200 998/2209/200 997/2210/200
f 1002/2211/198 1001/2212/198 1000/2213/198
f 996/2214/201 1003/2215/201 1002/2216/201
f 1002/2217/2 997/2218/2 996/2219/2
f 1005/2220/202 1007/2221/202 1004/2222/202
f 1009/2223/203 1004/2224/203 1008/2225/203
f 1011/2226/204 1008/2227/204 1010/2228/204
f 1007/2229/205 1011/2230/205 1010/2231/205
f 1009/2232/2 1006/2233/2 1005/2234/2
f 1008/2235/4 1007/2236/4 1010/2237/4
f 978/2238/2 1013/2239/2 979/2240/2
f 1014/2241/4 1016/2242/4 1017/2243/4
f 1018/2244/206 1016/2245/206 1015/2246/206
f 1014/2247/206 1013/2248/206 1012/2249/206
f 1020/2250/2 980/2251/2 983/2252/2
f 987/2253/4 981/2254/4 984/2255/4
f 977/2256/4 1023/2257/4 1022/2258/4
f 986/2259/2 1019/2260/2 1018/2261/2
f 1023/2262/207 1020/2263/207 1022/2264/207
f 927/2265/208 970/2266/209 930/2267/208
f 969/2268/210 931/2269/210 929/2270/210
f 928/2271/190 975/2272/190 935/2273/190
f 1025/2274/211 964/2275/211 1024/2276/212
f 1026/2277/2 967/2278/2 966/2279/2
f 968/2280/4 1025/2281/4 1028/2282/4
f 969/2283/4 1030/2284/4 1029/2285/4
f 964/2286/2 1031/2287/2 1024/2288/2
f 972/2289/213 1033/2290/213 1032/2291/213
f 1026/2292/213 974/2293/213 1034/2294/213
f 974/2295/4 1032/2296/4 1034/2297/4
f 1033/2298/2 975/2299/2 1035/2300/2
f 976/2301/214 1037/2302/214 1036/2303/214
f 1038/2304/215 981/2305/215 980/2306/215
f 1041/2307/216 984/2308/217 1040/2309/216
f 1043/2310/218 1045/2311/218 1042/2312/218
f 1047/2313/219 1042/2314/219 1046/2315/219
f 1049/2316/220 1046/2317/220 1048/2318/221
f 1044/2319/222 1048/2320/222 1045/2321/222
f 1043/2322/2 1049/2323/2 1044/2324/2
f 1051/2325/223 1053/2326/223 1050/2327/223
f 1054/2328/224 1052/2329/224 1051/2330/224
f 1056/2331/220 1055/2332/220 1054/2333/220
f 1050/2334/225 1057/2335/225 1056/2336/225
f 1054/2337/2 1050/2338/2 1056/2339/2
f 1059/2340/226 1061/2341/226 1058/2342/226
f 1062/2343/227 1059/2344/227 1058/2345/227
f 1065/2346/228 1062/2347/228 1064/2348/228
f 1061/2349/229 1065/2350/229 1064/2351/229
f 1059/2352/2 1065/2353/2 1060/2354/2
f 1058/2355/4 1064/2356/4 1062/2357/4
f 979/2358/2 1066/2359/2 1037/2360/2
f 1017/2361/4 1067/2362/4 1068/2363/4
f 1019/2364/214 1067/2365/214 1016/2366/214
f 1017/2367/214 1066/2368/214 1013/2369/214
f 1021/2370/2 1038/2371/2 980/2372/2
f 984/2373/4 1039/2374/4 1040/2375/4
f 976/2376/4 1071/2377/4 1023/2378/4
f 985/2379/2 1069/2380/2 1019/2381/2
f 1071/2382/215 1021/2383/215 1023/2384/215
f 967/2385/230 1030/2386/211 970/2387/231
f 969/2388/232 1031/2389/232 971/2390/232
f 968/2391/213 1035/2392/213 975/2393/213
f 1073/2394/233 1024/2395/234 1072/2396/235
f 1074/2397/2 1027/2398/2 1026/2399/2
f 1028/2400/4 1073/2401/4 1076/2402/4
f 1029/2403/4 1078/2404/4 1077/2405/4
f 1024/2406/2 1079/2407/2 1072/2408/2
f 1080/2409/236 1033/2410/236 1081/2411/236
f 1074/2412/236 1034/2413/236 1082/2414/236
f 1034/2415/4 1080/2416/4 1082/2417/4
f 1081/2418/2 1035/2419/2 1083/2420/2
f 1036/2421/237 1085/2422/237 1084/2423/237
f 1086/2424/238 1039/2425/238 1038/2426/238
f 1089/2427/238 1040/2428/239 1088/2429/238
f 1091/2430/240 1093/2431/240 1090/2432/240
f 1094/2433/241 1091/2434/241 1090/2435/241
f 1097/2436/242 1094/2437/242 1096/2438/242
f 1092/2439/243 1096/2440/243 1093/2441/243
f 1095/2442/2 1092/2443/2 1091/2444/2
f 1099/2445/240 1101/2446/240 1098/2447/240
f 1102/2448/244 1100/2449/244 1099/2450/244
f 1104/2451/242 1103/2452/242 1102/2453/242
f 1098/2454/245 1105/2455/245 1104/2456/245
f 1104/2457/2 1099/2458/2 1098/2459/2
f 1107/2460/246 1109/2461/246 1106/2462/246
f 1111/2463/247 1106/2464/247 1110/2465/247
f 1113/2466/248 1110/2467/248 1112/2468/248
f 1108/2469/249 1112/2470/249 1109/2471/249
f 1111/2472/2 1108/2473/2 1107/2474/2
f 1110/2475/4 1109/2476/4 1112/2477/4
f 1037/2478/2 1114/2479/2 1085/2480/2
f 1068/2481/4 1115/2482/4 1116/2483/4
f 1069/2484/250 1115/2485/250 1067/2486/250
f 1068/2487/251 1114/2488/251 1066/2489/251
f 1070/2490/2 1086/2491/2 1038/2492/2
f 1040/2493/4 1087/2494/4 1088/2495/4
f 1036/2496/4 1119/2497/4 1071/2498/4
f 1041/2499/2 1117/2500/2 1069/2501/2
f 1119/2502/252 1070/2503/252 1071/2504/252
f 1027/2505/253 1078/2506/253 1030/2507/234
f 1077/2508/254 1031/2509/254 1029/2510/254
f 1028/2511/236 1083/2512/236 1035/2513/236
f 1121/2514/255 1072/2515/256 1120/2516/257
f 1122/2517/2 1075/2518/2 1074/2519/2
f 1076/2520/4 1121/2521/4 1124/2522/4
f 1077/2523/4 1126/2524/4 1125/2525/4
f 1072/2526/2 1127/2527/2 1120/2528/2
f 1128/2529/258 1081/2530/258 1129/2531/258
f 1074/2532/258 1130/2533/258 1122/2534/258
f 1082/2535/4 1128/2536/4 1130/2537/4
f 1129/2538/2 1083/2539/2 1131/2540/2
f 1084/2541/259 1133/2542/259 1132/2543/259
f 1134/2544/260 1087/2545/260 1086/2546/260
f 1137/2547/261 1088/2548/260 1136/2549/261
f 1139/2550/262 1141/2551/262 1138/2552/262
f 1143/2553/263 1138/2554/263 1142/2555/263
f 1145/2556/264 1142/2557/264 1144/2558/264
f 1140/2559/265 1144/2560/265 1141/2561/265
f 1139/2562/2 1145/2563/2 1140/2564/2
f 1146/2565/266 1148/2566/262 1149/2567/262
f 1150/2568/267 1148/2569/267 1147/2570/267
f 1152/2571/264 1151/2572/264 1150/2573/264
f 1146/2574/268 1153/2575/268 1152/2576/268
f 1150/2577/2 1146/2578/2 1152/2579/2
f 1155/2580/269 1157/2581/269 1154/2582/269
f 1159/2583/270 1154/2584/270 1158/2585/270
f 1161/2586/271 1158/2587/271 1160/2588/271
f 1156/2589/272 1160/2590/272 1157/2591/272
f 1155/2592/2 1161/2593/2 1156/2594/2
f 1154/2595/4 1160/2596/4 1158/2597/4
f 1085/2598/2 1162/2599/2 1133/2600/2
f 1116/2601/4 1163/2602/4 1164/2603/4
f 1117/2604/259 1163/2605/259 1115/2606/259
f 1116/2607/259 1162/2608/259 1114/2609/259
f 1118/2610/2 1134/2611/2 1086/2612/2
f 1088/2613/4 1135/2614/4 1136/2615/4
f 1084/2616/4 1167/2617/4 1119/2618/4
f 1089/2619/2 1165/2620/2 1117/2621/2
f 1167/2622/260 1118/2623/260 1119/2624/260
f 1075/2625/256 1126/2626/273 1078/2627/274
f 1125/2628/275 1079/2629/275 1077/2630/275
f 1076/2631/258 1131/2632/258 1083/2633/258
f 1169/2634/276 1120/2635/276 1168/2636/276
f 1170/2637/277 1123/2638/2 1122/2639/2
f 1124/2640/4 1169/2641/278 1172/2642/278
f 1125/2643/4 1174/2644/278 1173/2645/278
f 1120/2646/2 1175/2647/277 1168/2648/277
f 1128/2649/279 1177/2650/279 1176/2651/279
f 1170/2652/279 1130/2653/279 1178/2654/279
f 1130/2655/4 1176/2656/278 1178/2657/278
f 1177/2658/277 1131/2659/2 1179/2660/277
f 1180/2661/280 1133/2662/280 1181/2663/280
f 1182/2664/281 1135/2665/281 1134/2666/281
f 1185/2667/282 1136/2668/283 1184/2669/282
f 1187/2670/284 1189/2671/284 1186/2672/284
f 1190/2673/285 1187/2674/285 1186/2675/285
f 1193/2676/286 1190/2677/286 1192/2678/286
f 1188/2679/287 1192/2680/287 1189/2681/287
f 1187/2682/2 1193/2683/2 1188/2684/2
f 1194/2685/284 1196/2686/284 1197/2687/284
f 1195/2688/287 1199/2689/287 1196/2690/287
f 1200/2691/286 1199/2692/286 1198/2693/286
f 1200/2694/288 1197/2695/288 1201/2696/288
f 1198/2697/2 1194/2698/2 1200/2699/2
f 1203/2700/289 1205/2701/289 1202/2702/289
f 1207/2703/288 1202/2704/288 1206/2705/288
f 1208/2706/290 1207/2707/290 1206/2708/290
f 1204/2709/287 1208/2710/287 1205/2711/287
f 1203/2712/2 1209/2713/2 1204/2714/2
f 1202/2715/4 1208/2716/4 1206/2717/4
f 1133/2718/2 1210/2719/291 1181/2720/291
f 1164/2721/4 1211/2722/4 1212/2723/4
f 1165/2724/292 1211/2725/292 1163/2726/292
f 1164/2727/292 1210/2728/292 1162/2729/292
f 1166/2730/2 1182/2731/291 1134/2732/2
f 1136/2733/4 1183/2734/4 1184/2735/4
f 1132/2736/4 1215/2737/4 1167/2738/4
f 1137/2739/2 1213/2740/2 1165/2741/2
f 1215/2742/281 1166/2743/281 1167/2744/281
f 1123/2745/276 1174/2746/276 1126/2747/293
f 1125/2748/294 1175/2749/294 1127/2750/294
f 1124/2751/295 1179/2752/295 1131/2753/295
f 1217/2754/296 1168/2755/296 1216/2756/296
f 1218/2757/297 1171/2758/277 1170/2759/277
f 1172/2760/278 1217/2761/298 1220/2762/298
f 1173/2763/278 1222/2764/298 1221/2765/298
f 1168/2766/277 1223/2767/299 1216/2768/299
f 1176/2769/300 1225/2770/300 1224/2771/300
f 1170/2772/300 1226/2773/300 1218/2774/300
f 1178/2775/278 1224/2776/298 1226/2777/298
f 1225/2778/297 1179/2779/277 1227/2780/297
f 1180/2781/301 1229/2782/301 1228/2783/301
f 1230/2784/302 1183/2785/302 1182/2786/302
f 1233/2787/303 1184/2788/303 1232/2789/303
f 1235/2790/304 1237/2791/304 1234/2792/304
f 1239/2793/305 1234/2794/305 1238/2795/305
f 1241/2796/306 1238/2797/306 1240/2798/306
f 1236/2799/307 1240/2800/307 1237/2801/307
f 1239/2802/2 1236/2803/2 1235/2804/2
f 1242/2805/304 1244/2806/304 1245/2807/304
f 1243/2808/308 1247/2809/308 1244/2810/308
f 1246/2811/306 1249/2812/306 1247/2813/306
f 1242/2814/309 1249/2815/309 1248/2816/309
f 1248/2817/2 1243/2818/2 1242/2819/2
f 1251/2820/310 1253/2821/310 1250/2822/310
f 1255/2823/311 1250/2824/311 1254/2825/311
f 1256/2826/312 1255/2827/312 1254/2828/312
f 1252/2829/313 1256/2830/313 1253/2831/313
f 1255/2832/2 1252/2833/2 1251/2834/2
f 1254/2835/4 1253/2836/4 1256/2837/4
f 1181/2838/291 1258/2839/2 1229/2840/2
f 1212/2841/4 1259/2842/4 1260/2843/4
f 1213/2844/301 1259/2845/301 1211/2846/301
f 1212/2847/301 1258/2848/301 1210/2849/301
f 1214/2850/291 1230/2851/2 1182/2852/291
f 1184/2853/4 1231/2854/4 1232/2855/4
f 1180/2856/4 1263/2857/4 1215/2858/4
f 1185/2859/2 1261/2860/2 1213/2861/2
f 1263/2862/302 1214/2863/302 1215/2864/302
f 1171/2865/314 1222/2866/296 1174/2867/314
f 1173/2868/315 1223/2869/315 1175/2870/315
f 1179/2871/300 1220/2872/300 1227/2873/300
f 1258/2874/316 1228/2875/317 1229/2876/317
f 618/1357/28 638/2877/28 619/1351/28
f 1264/2878/2 377/2879/2 379/2880/2
f 1265/2881/2 1267/2882/2 1268/2883/2
f 1266/2884/2 1270/2885/2 1267/2882/2
f 1271/2886/4 382/2887/4 387/2888/4
f 1274/2889/4 1276/2890/4 1273/2891/4
f 1277/2892/4 1275/2893/4 1274/2889/4
f 1279/2894/5 387/2895/5 386/2896/5
f 1281/2897/5 1273/2898/5 1280/2899/5
f 1282/2900/318 1274/2901/319 1281/2897/319
f 1272/2902/5 379/2903/5 382/2904/5
f 1275/2905/5 1265/2906/5 1276/2907/5
f 1275/2905/319 1269/2908/319 1266/2909/319
f 381/2910/2 389/2911/2 378/2912/2
f 1285/2913/2 1287/2914/2 1284/2915/2
f 1285/2913/2 1289/2916/2 1286/2917/2
f 388/2918/4 384/2919/4 383/2920/4
f 1291/2921/4 1293/2922/4 1290/2923/4
f 1294/2924/4 1292/2925/4 1291/2921/4
f 1297/2926/320 1295/2927/321 1296/2928/321
f 944/2929/3 391/892/3 945/2930/3
f 1291/2931/321 1289/2932/321 1294/2933/321
f 388/890/3 939/2934/3 942/2935/3
f 375/2936/4 380/2937/4 376/2938/4
f 1299/2939/4 1301/2940/4 1302/2941/4
f 1303/2942/4 1301/2940/4 1300/2943/4
f 386/2944/2 390/2945/2 1279/2946/2
f 1305/2947/2 1281/2948/2 1280/2949/2
f 1297/2950/2 1282/2951/2 1281/2948/2
f 380/2952/3 1283/2953/3 381/2954/3
f 1302/2955/3 1285/2956/3 1284/2957/3
f 1301/2958/320 1288/2959/321 1285/2956/320
f 1270/2960/319 1300/2961/319 1267/2962/319
f 937/2963/5 375/877/5 374/879/5
f 1300/2961/5 1268/2964/5 1267/2962/5
f 1299/2965/5 1307/2966/5 1268/2964/5
f 1298/2967/3 940/2968/3 1283/2953/3
f 1309/2969/3 1284/2957/3 1308/2970/3
f 390/2945/2 943/2971/2 1279/2946/2
f 1310/2972/2 1305/2947/2 1280/2949/2
f 936/2973/4 1298/2974/4 375/2936/4
f 1299/2939/4 1309/2975/4 1306/2976/4
f 1290/2977/3 1286/2978/3 1291/2931/3
f 1312/2979/3 1287/2980/3 1290/2977/3
f 1297/2926/3 1293/2981/3 1292/2982/3
f 1311/2983/3 1293/2981/3 1305/2984/3
f 942/2985/4 391/2986/4 388/2918/4
f 1290/2923/4 1314/2987/4 1312/2988/4
f 940/2989/2 389/2911/2 1283/2990/2
f 1308/2991/2 1287/2914/2 1313/2992/2
f 946/2993/5 1264/2994/5 1272/2902/5
f 1315/2995/5 1265/2906/5 1316/2996/5
f 943/2997/5 1271/2998/5 1279/2894/5
f 1280/2899/5 1317/2999/5 1310/3000/5
f 947/3001/4 1272/3002/4 1271/2886/4
f 1273/2891/4 1315/3003/4 1317/3004/4
f 1264/2878/2 937/3005/2 374/3006/2
f 1265/2881/2 1307/3007/2 1316/3008/2
f 1310/3009/1 1315/3010/1 1311/3011/1
f 1311/3011/1 1312/3012/1 1314/3013/1
f 1306/3014/1 1316/3015/1 1307/3016/1
f 1309/3017/1 1313/3018/1 1306/3014/1
f 1312/3012/1 1316/3015/1 1313/3018/1
f 918/3019/322 888/3020/323 889/3021/323
f 923/3022/324 890/3023/324 922/3024/324
f 890/3023/324 920/3025/325 891/3026/326
f 891/3026/326 893/3027/327 892/3028/328
f 921/3029/329 920/3025/325 919/3030/330
f 1220/3031/331 1225/3032/331 1227/3033/332
f 1217/3034/333 1223/3035/334 1225/3032/334
f 1263/3036/331 1230/3037/331 1262/3038/331
f 1231/3039/335 1258/2874/331 1260/3040/336
f 1223/3035/331 1224/3041/331 1225/3032/331
f 1224/3041/337 1218/3042/337 1226/3043/337
f 1261/3044/338 1260/3040/336 1259/3045/338
f 1231/3039/335 1233/3046/339 1232/3047/340
f 1219/3048/341 1221/3049/341 1222/3050/341
f 1319/3051/6 1321/3052/6 1318/3053/6
f 1322/3054/3 1320/3055/3 1319/3056/3
f 1324/3057/1 1323/3058/1 1322/3059/1
f 1318/3060/5 1325/3061/5 1324/3062/5
f 1322/3063/2 1318/3064/2 1324/3065/2
f 709/3066/342 736/3067/343 710/3068/342
f 715/3069/344 746/3070/345 744/3071/346
f 738/3072/347 715/3069/344 714/3073/348
f 714/3073/348 718/3074/349 738/3072/347
f 738/3072/347 742/3075/350 739/3076/351
f 1269/3077/6 1303/3078/6 1270/3079/6
f 1304/3080/6 1289/3081/6 1288/3082/6
f 1278/3083/6 1289/3081/6 1269/3077/6
f 1294/3084/6 1296/3085/6 1295/3086/6
f 1282/3087/6 1278/3083/6 1277/3088/6
f 1327/3089/352 1329/3090/352 1326/3091/352
f 1330/3092/353 1327/3093/353 1326/3094/353
f 1333/3095/354 1330/3096/354 1332/3097/354
f 1328/3098/355 1332/3099/355 1329/3100/355
f 1327/3101/2 1333/3102/2 1328/3103/2
f 375/877/5 376/3104/5 377/878/5
f 379/880/1 377/3105/1 376/881/1
f 380/883/1 381/3106/1 378/882/1
f 383/884/1 384/3107/1 385/885/1
f 386/887/1 387/3108/1 382/886/1
f 378/882/1 383/884/1 382/886/1
f 383/888/3 378/3109/3 389/889/3
f 385/891/3 384/3110/3 391/892/3
f 393/894/6 394/3111/6 395/895/6
f 396/897/5 397/3112/5 393/898/5
f 399/900/1 397/3113/1 396/901/1
f 394/903/3 399/3114/3 398/904/3
f 397/906/2 399/3115/2 394/907/2
f 401/909/6 402/3116/6 403/910/6
f 405/912/5 401/3117/5 400/913/5
f 407/915/1 405/3118/1 404/916/1
f 402/918/3 407/3119/3 406/919/3
f 405/921/2 407/3120/2 402/922/2
f 409/924/6 410/3121/6 411/925/6
f 412/927/5 413/3122/5 409/928/5
f 415/930/1 413/3123/1 412/931/1
f 410/933/3 415/3124/3 414/934/3
f 413/936/2 415/3125/2 410/937/2
f 417/939/6 418/3126/6 419/940/6
f 420/942/5 421/3127/5 417/943/5
f 423/945/1 421/3128/1 420/946/1
f 418/948/3 423/3129/3 422/949/3
f 421/951/2 423/3130/2 418/952/2
f 425/954/6 426/3131/6 427/955/6
f 428/957/5 429/3132/5 425/958/5
f 431/960/1 429/3133/1 428/961/1
f 426/963/3 431/3134/3 430/964/3
f 429/966/2 431/3135/2 426/967/2
f 433/969/6 434/3136/6 435/970/6
f 437/972/5 433/3137/5 432/973/5
f 439/975/1 437/3138/1 436/976/1
f 434/978/3 439/3139/3 438/979/3
f 437/981/2 439/3140/2 434/982/2
f 441/984/6 442/3141/6 443/985/6
f 445/987/5 441/3142/5 440/988/5
f 447/990/1 445/3143/1 444/991/1
f 442/993/3 447/3144/3 446/994/3
f 445/996/2 447/3145/2 442/997/2
f 420/999/4 416/3146/4 419/1000/4
f 424/1002/4 427/3147/4 430/1003/4
f 432/1005/4 435/3148/4 438/1006/4
f 440/1008/4 443/3149/4 446/1009/4
f 449/1011/6 450/3150/6 451/1012/6
f 453/1014/5 449/3151/5 448/1015/5
f 455/1017/1 453/3152/1 452/1018/1
f 450/1020/3 455/3153/3 454/1021/3
f 449/1023/2 453/3154/2 455/1024/2
f 457/1026/6 458/3155/6 459/1027/6
f 461/1029/5 457/3156/5 456/1030/5
f 463/1032/1 461/3157/1 460/1033/1
f 458/1035/3 463/3158/3 462/1036/3
f 461/1038/2 463/3159/2 458/1039/2
f 465/1041/6 466/3160/6 467/1042/6
f 469/1044/5 465/3161/5 464/1045/5
f 471/1047/1 469/3162/1 468/1048/1
f 466/1050/3 471/3163/3 470/1051/3
f 469/1053/2 471/3164/2 466/1054/2
f 473/1056/6 474/3165/6 475/1057/6
f 473/1059/3 476/3166/3 477/1060/3
f 478/1062/1 479/3167/1 477/1063/1
f 472/1065/5 475/3168/5 479/1066/5
f 476/1068/2 473/3169/2 472/1069/2
f 481/1071/6 482/3170/6 483/1072/6
f 484/1074/5 485/3171/5 481/1075/5
f 487/1077/1 485/3172/1 484/1078/1
f 482/1080/3 487/3173/3 486/1081/3
f 485/1083/2 487/3174/2 482/1084/2
f 489/1086/6 490/3175/6 491/1087/6
f 493/1089/5 489/3176/5 488/1090/5
f 495/1092/1 493/3177/1 492/1093/1
f 490/1095/3 495/3178/3 494/1096/3
f 493/1098/2 495/3179/2 490/1099/2
f 497/1101/6 498/3180/6 499/1102/6
f 501/1104/5 497/3181/5 496/1105/5
f 503/1107/1 501/3182/1 500/1108/1
f 498/1110/3 503/3183/3 502/1111/3
f 501/1113/2 503/3184/2 498/1114/2
f 505/1116/6 506/3185/6 507/1117/6
f 508/1119/5 509/3186/5 505/1120/5
f 511/1122/1 509/3187/1 508/1123/1
f 506/1125/3 511/3188/3 510/1126/3
f 509/1128/2 511/3189/2 506/1129/2
f 513/1131/6 514/3190/6 515/1132/6
f 516/1134/5 517/3191/5 513/1135/5
f 519/1137/1 517/3192/1 516/1138/1
f 514/1140/3 519/3193/3 518/1141/3
f 513/1143/2 517/3194/2 519/1144/2
f 488/1146/4 491/3195/4 494/1147/4
f 496/1149/4 499/3196/4 502/1150/4
f 504/1152/4 507/3197/4 510/1153/4
f 516/1155/4 512/3198/4 515/1156/4
f 521/1158/6 522/3199/6 523/1159/6
f 525/1161/5 521/3200/5 520/1162/5
f 527/1164/1 525/3201/1 524/1165/1
f 522/1167/3 527/3202/3 526/1168/3
f 521/1170/2 525/3203/2 527/1171/2
f 529/1173/6 530/3204/6 531/1174/6
f 529/1176/3 532/3205/3 533/1177/3
f 534/1179/1 535/3206/1 533/1180/1
f 528/1182/5 531/3207/5 535/1183/5
f 534/1185/2 532/3208/2 529/1186/2
f 537/1188/6 538/3209/6 539/1189/6
f 541/1191/5 537/3210/5 536/1192/5
f 543/1194/1 541/3211/1 540/1195/1
f 538/1197/3 543/3212/3 542/1198/3
f 541/1200/2 543/3213/2 538/1201/2
f 545/1203/6 546/3214/6 547/1204/6
f 548/1206/3 549/3215/3 546/1207/3
f 550/1209/1 551/3216/1 549/1210/1
f 544/1212/5 547/3217/5 551/1213/5
f 548/1215/2 545/3218/2 544/1216/2
f 553/1218/6 554/3219/6 555/1219/6
f 557/1221/5 553/3220/5 552/1222/5
f 559/1224/1 557/3221/1 556/1225/1
f 554/1227/3 559/3222/3 558/1228/3
f 557/1230/2 559/3223/2 554/1231/2
f 561/1233/6 562/3224/6 563/1234/6
f 564/1236/3 565/3225/3 562/1237/3
f 566/1239/1 567/3226/1 565/1240/1
f 560/1242/5 563/3227/5 567/1243/5
f 564/1245/2 561/3228/2 560/1246/2
f 569/1248/6 570/3229/6 571/1249/6
f 573/1251/5 569/3230/5 568/1252/5
f 575/1254/1 573/3231/1 572/1255/1
f 570/1257/3 575/3232/3 574/1258/3
f 573/1260/2 575/3233/2 570/1261/2
f 577/1263/6 578/3234/6 579/1264/6
f 580/1266/3 581/3235/3 578/1267/3
f 582/1269/1 583/3236/1 581/1270/1
f 582/1272/5 576/3237/5 579/1273/5
f 580/1275/2 577/3238/2 576/1276/2
f 585/1278/6 586/3239/6 587/1279/6
f 588/1281/5 589/3240/5 585/1282/5
f 591/1284/1 589/3241/1 588/1285/1
f 586/1287/3 591/3242/3 590/1288/3
f 589/1290/2 591/3243/2 586/1291/2
f 593/1293/6 594/3244/6 595/1294/6
f 596/1296/5 597/3245/5 593/1297/5
f 599/1299/1 597/3246/1 596/1300/1
f 594/1302/3 599/3247/3 598/1303/3
f 597/1305/2 599/3248/2 594/1306/2
f 601/1308/6 602/3249/6 603/1309/6
f 605/1311/5 601/3250/5 600/1312/5
f 607/1314/1 605/3251/1 604/1315/1
f 602/1317/3 607/3252/3 606/1318/3
f 605/1320/2 607/3253/2 602/1321/2
f 609/1323/6 610/3254/6 611/1324/6
f 613/1326/5 609/3255/5 608/1327/5
f 615/1329/1 613/3256/1 612/1330/1
f 610/1332/3 615/3257/3 614/1333/3
f 613/1335/2 615/3258/2 610/1336/2
f 584/1338/4 587/3259/4 590/1339/4
f 592/1341/4 595/3260/4 598/1342/4
f 600/1344/4 603/3261/4 606/1345/4
f 608/1347/4 611/3262/4 614/1348/4
f 617/1350/24 618/3263/25 619/1351/25
f 620/1353/2 621/3264/2 622/1354/2
f 624/1356/4 625/3265/4 618/1357/4
f 626/1359/4 627/3266/4 628/1360/4
f 619/1362/2 630/3267/2 631/1363/2
f 632/1365/26 633/3268/26 634/1366/26
f 623/1368/27 636/3269/27 637/1369/27
f 637/1371/4 636/3270/4 633/1372/4
f 634/1374/2 638/2877/2 639/1375/2
f 641/1377/28 642/3271/28 643/1378/28
f 644/1380/29 645/3272/29 641/1381/29
f 647/1383/30 645/3273/30 644/1384/30
f 642/1386/31 647/3274/31 646/1387/31
f 641/1389/2 645/3275/2 647/1390/2
f 649/1392/28 650/3276/28 651/1393/28
f 649/1395/32 652/3277/32 653/1396/32
f 654/1398/30 655/3278/30 653/1399/30
f 648/1401/33 651/3279/33 655/1402/33
f 652/1404/2 649/3280/2 648/1405/2
f 622/1407/25 621/3281/356 629/1408/34
f 626/1410/25 631/3282/25 630/1411/25
f 625/1413/27 624/3283/27 639/1414/27
f 657/1416/35 617/3284/36 616/1417/36
f 658/1419/2 659/3285/2 621/1420/2
f 624/1422/4 617/3286/4 657/1423/4
f 626/1425/4 629/3287/4 662/1426/4
f 616/1428/2 631/3288/2 663/1429/2
f 632/1431/37 635/3289/37 665/1432/37
f 620/1434/38 637/3290/38 666/1435/38
f 637/1437/4 632/3291/4 664/1438/4
f 665/1440/2 635/3292/2 639/1441/2
f 621/1443/36 659/3293/35 662/1444/39
f 626/1446/40 661/3294/40 663/1447/40
f 624/1449/38 660/3295/38 667/1450/38
f 669/1452/41 657/3296/43 656/1453/42
f 670/1455/2 671/3297/2 659/1456/2
f 660/1458/4 657/3298/4 669/1459/4
f 661/1461/4 662/3299/4 674/1462/4
f 656/1464/2 663/3300/2 675/1465/2
f 664/1467/44 665/3301/44 677/1468/44
f 658/1470/44 666/3302/44 678/1471/44
f 666/1473/4 664/3303/4 676/1474/4
f 677/1476/2 665/3304/2 667/1477/2
f 681/1479/45 682/3305/45 683/1480/45
f 684/1482/46 685/3306/46 682/1483/46
f 686/1485/47 687/3307/47 685/1486/47
f 680/1488/48 683/3308/48 687/1489/48
f 686/1491/2 684/3309/2 681/1492/2
f 689/1494/49 690/3310/49 691/1495/49
f 692/1497/50 693/3311/50 689/1498/50
f 695/1500/51 693/3312/51 692/1501/51
f 690/1503/52 695/3313/52 694/1504/52
f 689/1506/2 693/3314/2 695/1507/2
f 688/1509/4 691/3315/4 694/1510/4
f 659/1512/43 671/3316/43 674/1513/53
f 673/1515/54 675/3317/54 663/1516/54
f 660/1518/55 672/3318/55 679/1519/55
f 697/1521/56 669/3319/56 668/1522/56
f 698/1524/2 699/3320/2 671/1525/2
f 672/1527/4 669/3321/4 697/1528/4
f 673/1530/4 674/3322/4 702/1531/4
f 668/1533/2 675/3323/2 703/1534/2
f 676/1536/57 677/3324/57 705/1537/57
f 670/1539/57 678/3325/57 706/1540/57
f 678/1542/4 676/3326/4 704/1543/4
f 705/1545/2 677/3327/2 679/1546/2
f 708/1548/58 709/3328/58 710/1549/58
f 712/1551/59 713/3329/59 714/1552/60
f 717/1554/61 718/3330/62 719/1555/62
f 721/1557/63 722/3331/63 723/1558/63
f 724/1560/64 725/3332/64 722/1561/64
f 726/1563/65 727/3333/65 725/1564/65
f 720/1566/66 723/3334/66 727/1567/66
f 726/1569/2 724/3335/2 721/1570/2
f 728/1572/67 729/3336/67 730/1573/67
f 732/1575/68 733/3337/68 729/1576/68
f 735/1578/69 733/3338/69 732/1579/69
f 731/1581/70 730/3339/70 735/1582/70
f 729/1584/2 733/3340/2 735/1585/2
f 728/1587/4 731/3341/4 734/1588/4
f 710/1590/2 736/3342/2 737/1591/2
f 738/1593/4 739/3343/4 740/1594/4
f 739/1596/71 742/3344/71 743/1597/72
f 738/1599/73 741/3345/73 737/1600/73
f 744/1602/2 745/3346/2 712/1603/2
f 719/1605/4 714/3347/4 713/1606/4
f 709/1608/4 708/3348/4 747/1609/4
f 718/1611/2 717/3349/2 743/1612/2
f 746/1614/74 747/3350/74 745/1615/74
f 671/1617/75 699/3351/56 702/1618/56
f 701/1620/76 703/3352/76 675/1621/76
f 672/1623/77 700/3353/77 707/1624/77
f 749/1626/78 697/3354/79 696/1627/79
f 750/1629/2 751/3355/2 699/1630/2
f 700/1632/4 697/3356/4 749/1633/4
f 701/1635/4 702/3357/4 754/1636/4
f 696/1638/2 703/3358/2 755/1639/2
f 704/1641/80 705/3359/80 757/1642/80
f 698/1644/80 706/3360/80 758/1645/80
f 706/1647/4 704/3361/4 756/1648/4
f 757/1650/2 705/3362/2 707/1651/2
f 708/1653/81 711/3363/81 761/1654/81
f 763/1656/82 713/3364/357 712/1657/83
f 765/1659/84 717/3365/358 716/1660/84
f 766/1662/85 767/3366/85 768/1663/85
f 767/1665/86 770/3367/86 771/1666/86
f 772/1668/87 773/3368/88 771/1669/88
f 766/1671/89 769/3369/90 773/1672/90
f 770/1674/2 767/3370/2 766/1675/2
f 775/1677/91 776/3371/91 777/1678/91
f 778/1680/92 779/3372/92 775/1681/92
f 781/1683/93 779/3373/93 778/1684/93
f 776/1686/94 781/3374/94 780/1687/94
f 779/1689/2 781/3375/2 776/1690/2
f 778/1692/4 774/3376/4 777/1693/4
f 711/1695/2 737/3377/2 782/1696/2
f 740/1698/4 783/3378/4 784/1699/4
f 743/1701/95 785/3379/96 783/1702/96
f 741/1704/97 784/3380/97 782/1705/98
f 712/1707/2 745/3381/2 786/1708/2
f 713/1710/4 763/3382/4 764/1711/4
f 708/1713/4 760/3383/4 787/1714/4
f 765/1716/2 785/3384/2 743/1717/2
f 787/1719/99 786/3385/359 745/1720/100
f 699/1722/101 751/3386/78 754/1723/79
f 753/1725/102 755/3387/102 703/1726/102
f 700/1728/80 752/3388/80 759/1729/80
f 789/1731/103 749/3389/104 748/1732/104
f 790/1734/2 791/3390/2 751/1735/2
f 752/1737/4 749/3391/4 789/1738/4
f 753/1740/4 754/3392/4 794/1741/4
f 748/1743/2 755/3393/2 795/1744/2
f 756/1746/106 757/3394/106 797/1747/106
f 750/1749/107 758/3395/107 798/1750/107
f 758/1752/4 756/3396/4 796/1753/4
f 797/1755/2 757/3397/2 759/1756/2
f 760/1758/108 761/3398/108 801/1759/109
f 803/1761/110 763/3399/111 762/1762/111
f 805/1764/112 765/3400/112 764/1765/112
f 806/1767/113 807/3401/113 808/1768/113
f 810/1770/114 811/3402/114 808/1771/114
f 812/1773/115 813/3403/115 811/1774/115
f 806/1776/116 809/3404/116 813/1777/116
f 810/1779/2 807/3405/2 806/1780/2
f 815/1782/117 816/3406/117 817/1783/117
f 818/1785/118 819/3407/118 815/1786/118
f 821/1788/119 819/3408/119 818/1789/119
f 816/1791/120 821/3409/120 820/1792/120
f 819/1794/2 821/3410/2 816/1795/2
f 818/1797/4 814/3411/4 817/1798/4
f 761/1800/2 782/3412/2 822/1801/2
f 784/1803/4 783/3413/4 823/1804/4
f 785/1806/121 825/3414/122 823/1807/122
f 784/1809/123 824/3415/360 822/1810/123
f 786/1812/2 826/3416/2 802/1813/2
f 764/1815/4 763/3417/4 803/1816/4
f 787/1818/4 760/3418/4 800/1819/4
f 765/1821/2 805/3419/2 825/1822/2
f 827/1824/124 826/3420/124 786/1825/124
f 751/1827/126 791/3421/105 794/1828/105
f 753/1830/127 793/3422/127 795/1831/127
f 752/1833/107 792/3423/107 799/1834/107
f 829/1836/128 789/3424/150 788/1837/129
f 830/1839/2 831/3425/2 791/1840/2
f 792/1842/4 789/3426/4 829/1843/4
f 793/1845/4 794/3427/4 834/1846/4
f 788/1848/2 795/3428/2 835/1849/2
f 836/1851/131 796/3429/131 797/1852/131
f 790/1854/131 798/3430/131 838/1855/131
f 798/1857/4 796/3431/4 836/1858/4
f 837/1860/2 797/3432/2 799/1861/2
f 840/1863/132 800/3433/132 801/1864/132
f 842/1866/133 843/3434/133 803/1867/133
f 845/1869/134 805/3435/135 804/1870/135
f 846/1872/136 847/3436/136 848/1873/136
f 851/1875/137 847/3437/137 846/1876/137
f 853/1878/138 851/3438/138 850/1879/139
f 848/1881/140 853/3439/140 852/1882/140
f 851/1884/2 853/3440/2 848/1885/2
f 855/1887/141 856/3441/141 857/1888/141
f 858/1890/142 859/3442/142 856/1891/142
f 860/1893/139 861/3443/139 859/1894/139
f 854/1896/143 857/3444/143 861/1897/143
f 860/1899/2 858/3445/2 855/1900/2
f 863/1902/144 864/3446/144 865/1903/144
f 866/1905/145 867/3447/145 863/1906/145
f 868/1908/146 869/3448/146 867/1909/146
f 864/1911/147 869/3449/147 868/1912/147
f 863/1914/2 867/3450/2 869/1915/2
f 862/1917/4 865/3451/4 868/1918/4
f 801/1920/2 822/3452/2 870/1921/2
f 824/1923/4 823/3453/4 871/1924/4
f 825/1926/148 873/3454/148 871/1927/148
f 824/1929/148 872/3455/148 870/1930/148
f 826/1932/2 874/3456/2 842/1933/2
f 804/1935/4 803/3457/4 843/1936/4
f 800/1938/4 840/3458/4 875/1939/4
f 805/1941/2 845/3459/2 873/1942/2
f 875/1944/149 874/3460/149 826/1945/149
f 791/1947/150 831/3461/130 834/1948/151
f 833/1950/140 835/3462/140 795/1951/140
f 792/1953/131 832/3463/131 839/1954/131
f 877/1956/153 829/3464/154 828/1957/154
f 878/1959/2 879/3465/2 831/1960/2
f 832/1962/4 829/3466/4 877/1963/4
f 833/1965/4 834/3467/4 882/1966/4
f 828/1968/2 835/3468/2 883/1969/2
f 836/1971/155 837/3469/155 885/1972/155
f 830/1974/155 838/3470/155 886/1975/155
f 838/1977/4 836/3471/4 884/1978/4
f 885/1980/2 837/3472/2 839/1981/2
f 888/1983/156 840/3473/156 841/1984/156
f 890/1986/157 891/3474/157 843/1987/157
f 893/1989/158 845/3475/159 844/1990/159
f 895/1992/160 896/3476/160 897/1993/160
f 898/1995/161 899/3477/161 895/1996/161
f 900/1998/162 901/3478/162 899/1999/162
f 896/2001/163 901/3479/163 900/2002/163
f 899/2004/2 901/3480/2 896/2005/2
f 903/2007/160 904/3481/164 905/2008/164
f 906/2010/165 907/3482/165 904/2011/165
f 908/2013/162 909/3483/162 907/2014/162
f 902/2016/166 905/3484/166 909/2017/166
f 908/2019/2 906/3485/2 903/2020/2
f 911/2022/167 912/3486/167 913/2023/167
f 915/2025/168 911/3487/168 910/2026/168
f 917/2028/169 915/3488/169 914/2029/169
f 912/2031/170 917/3489/170 916/2032/170
f 911/2034/2 915/3490/2 917/2035/2
f 910/2037/4 913/3491/4 916/2038/4
f 841/2040/2 870/3492/2 918/2041/2
f 872/2043/4 871/3493/4 919/2044/4
f 873/2046/171 921/3494/171 919/2047/171
f 870/2049/171 872/3495/171 920/2050/171
f 874/2052/2 922/3496/2 890/2053/2
f 844/2055/4 843/3497/4 891/2056/4
f 840/2058/4 888/3498/4 923/2059/4
f 845/2061/2 893/3499/2 921/2062/2
f 923/2064/157 922/3500/157 874/2065/157
f 831/2067/154 879/3501/154 882/2068/154
f 881/2070/172 883/3502/172 835/2071/172
f 832/2073/173 880/3503/173 887/2074/173
f 925/2076/174 877/3504/174 876/2077/174
f 926/2079/2 927/3505/2 879/2080/2
f 880/2082/4 877/3506/4 925/2083/4
f 881/2085/4 882/3507/4 930/2086/4
f 876/2088/2 883/3508/2 931/2089/2
f 884/2091/175 885/3509/175 933/2092/175
f 878/2094/176 886/3510/176 934/2095/176
f 886/2097/4 884/3511/4 932/2098/4
f 933/2100/2 885/3512/2 887/2101/2
f 936/2103/6 937/3513/6 938/2104/6
f 939/2105/6 940/3514/6 941/2106/6
f 942/2107/6 943/2111/6 944/2108/6
f 946/2110/6 947/3515/6 943/2111/6
f 942/2107/6 939/2105/6 938/2104/6
f 949/2112/177 950/3516/361 951/2113/177
f 952/2115/178 953/3517/178 950/2116/178
f 954/2118/179 955/3518/179 953/2119/179
f 948/2121/180 951/3519/180 955/2122/180
f 952/2124/2 949/3520/2 948/2125/2
f 957/2127/181 958/3521/181 959/2128/181
f 960/2130/182 961/3522/182 957/2131/182
f 963/2133/183 961/3523/183 960/2134/183
f 958/2136/184 963/3524/184 962/2137/184
f 957/2139/2 961/3525/2 963/2140/2
f 956/2142/4 959/3526/4 962/2143/4
f 879/2145/185 927/3527/174 930/2146/186
f 929/2148/187 931/3528/187 883/2149/187
f 880/2151/176 928/3529/176 935/2152/176
f 965/2154/188 925/3530/188 924/2155/189
f 966/2157/2 967/3531/2 927/2158/2
f 928/2160/4 925/3532/4 965/2161/4
f 929/2163/4 930/3533/4 970/2164/4
f 924/2166/2 931/3534/2 971/2167/2
f 932/2169/190 933/3535/190 973/2170/190
f 926/2172/190 934/3536/190 974/2173/190
f 934/2175/4 932/3537/4 972/2176/4
f 973/2178/2 933/3538/2 935/2179/2
f 976/2181/191 977/3539/191 978/2182/191
f 980/2184/192 981/3540/192 982/2185/192
f 985/2187/193 986/3541/194 987/2188/194
f 989/2190/196 990/3542/196 991/2191/196
f 992/2193/197 993/3543/197 989/2194/197
f 995/2196/198 993/3544/198 992/2197/198
f 991/2199/199 990/3545/199 995/2200/199
f 993/2202/2 995/3546/2 990/2203/2
f 997/2205/196 998/3547/196 999/2206/196
f 1000/2208/200 1001/3548/200 998/2209/200
f 1002/2211/198 1003/3549/198 1001/2212/198
f 996/2214/201 999/3550/201 1003/2215/201
f 1002/2217/2 1000/3551/2 997/2218/2
f 1005/2220/202 1006/3552/202 1007/2221/202
f 1009/2223/203 1005/3553/203 1004/2224/203
f 1011/2226/204 1009/3554/204 1008/2227/204
f 1007/2229/205 1006/3555/205 1011/2230/205
f 1009/2232/2 1011/3556/2 1006/2233/2
f 1008/2235/4 1004/3557/4 1007/2236/4
f 978/2238/2 1012/3558/2 1013/2239/2
f 1014/2241/4 1015/3559/4 1016/2242/4
f 1018/2244/206 1019/3560/206 1016/2245/206
f 1014/2247/206 1017/3561/206 1013/2248/206
f 1020/2250/2 1021/3562/2 980/2251/2
f 987/2253/4 982/3563/4 981/2254/4
f 977/2256/4 976/3564/4 1023/2257/4
f 986/2259/2 985/3565/2 1019/2260/2
f 1023/2262/207 1021/3566/207 1020/2263/207
f 927/2265/208 967/3567/209 970/2266/209
f 969/2268/210 971/3568/210 931/2269/210
f 928/2271/190 968/3569/190 975/2272/190
f 1025/2274/211 965/3570/211 964/2275/211
f 1026/2277/2 1027/3571/2 967/2278/2
f 968/2280/4 965/3572/4 1025/2281/4
f 969/2283/4 970/3573/4 1030/2284/4
f 964/2286/2 971/3574/2 1031/2287/2
f 972/2289/213 973/3575/213 1033/2290/213
f 1026/2292/213 966/3576/213 974/2293/213
f 974/2295/4 972/3577/4 1032/2296/4
f 1033/2298/2 973/3578/2 975/2299/2
f 976/2301/214 979/3579/214 1037/2302/214
f 1038/2304/215 1039/3580/215 981/2305/215
f 1041/2307/216 985/3581/217 984/2308/217
f 1043/2310/218 1044/3582/218 1045/2311/218
f 1047/2313/219 1043/3583/219 1042/2314/219
f 1049/2316/220 1047/3584/220 1046/2317/220
f 1044/2319/222 1049/3585/222 1048/2320/222
f 1043/2322/2 1047/3586/2 1049/2323/2
f 1051/2325/223 1052/3587/218 1053/2326/223
f 1054/2328/224 1055/3588/224 1052/2329/224
f 1056/2331/220 1057/3589/220 1055/2332/220
f 1050/2334/225 1053/3590/225 1057/2335/225
f 1054/2337/2 1051/3591/2 1050/2338/2
f 1059/2340/226 1060/3592/226 1061/2341/226
f 1062/2343/227 1063/3593/227 1059/2344/227
f 1065/2346/228 1063/3594/228 1062/2347/228
f 1061/2349/229 1060/3595/229 1065/2350/229
f 1059/2352/2 1063/3596/2 1065/2353/2
f 1058/2355/4 1061/3597/4 1064/2356/4
f 979/2358/2 1013/3598/2 1066/2359/2
f 1017/2361/4 1016/3599/4 1067/2362/4
f 1019/2364/214 1069/3600/214 1067/2365/214
f 1017/2367/214 1068/3601/214 1066/2368/214
f 1021/2370/2 1070/3602/2 1038/2371/2
f 984/2373/4 981/3603/4 1039/2374/4
f 976/2376/4 1036/3604/4 1071/2377/4
f 985/2379/2 1041/3605/2 1069/2380/2
f 1071/2382/215 1070/3606/215 1021/2383/215
f 967/2385/230 1027/3607/211 1030/2386/211
f 969/2388/232 1029/3608/232 1031/2389/232
f 968/2391/213 1028/3609/213 1035/2392/213
f 1073/2394/233 1025/3610/362 1024/2395/234
f 1074/2397/2 1075/3611/2 1027/2398/2
f 1028/2400/4 1025/3612/4 1073/2401/4
f 1029/2403/4 1030/3613/4 1078/2404/4
f 1024/2406/2 1031/3614/2 1079/2407/2
f 1080/2409/236 1032/3615/236 1033/2410/236
f 1074/2412/236 1026/3616/236 1034/2413/236
f 1034/2415/4 1032/3617/4 1080/2416/4
f 1081/2418/2 1033/3618/2 1035/2419/2
f 1036/2421/237 1037/3619/237 1085/2422/237
f 1086/2424/238 1087/3620/238 1039/2425/238
f 1089/2427/238 1041/3621/363 1040/2428/239
f 1091/2430/240 1092/3622/240 1093/2431/240
f 1094/2433/241 1095/3623/241 1091/2434/241
f 1097/2436/242 1095/3624/242 1094/2437/242
f 1092/2439/243 1097/3625/243 1096/2440/243
f 1095/2442/2 1097/3626/2 1092/2443/2
f 1099/2445/240 1100/3627/240 1101/2446/240
f 1102/2448/244 1103/3628/244 1100/2449/244
f 1104/2451/242 1105/3629/242 1103/2452/242
f 1098/2454/245 1101/3630/245 1105/2455/245
f 1104/2457/2 1102/3631/2 1099/2458/2
f 1107/2460/246 1108/3632/246 1109/2461/246
f 1111/2463/247 1107/3633/247 1106/2464/247
f 1113/2466/248 1111/3634/248 1110/2467/248
f 1108/2469/249 1113/3635/249 1112/2470/249
f 1111/2472/2 1113/3636/2 1108/2473/2
f 1110/2475/4 1106/3637/4 1109/2476/4
f 1037/2478/2 1066/3638/2 1114/2479/2
f 1068/2481/4 1067/3639/4 1115/2482/4
f 1069/2484/250 1117/3640/250 1115/2485/250
f 1068/2487/251 1116/3641/251 1114/2488/251
f 1070/2490/2 1118/3642/2 1086/2491/2
f 1040/2493/4 1039/3643/4 1087/2494/4
f 1036/2496/4 1084/3644/4 1119/2497/4
f 1041/2499/2 1089/3645/2 1117/2500/2
f 1119/2502/252 1118/3646/252 1070/2503/252
f 1027/2505/253 1075/3647/233 1078/2506/253
f 1077/2508/254 1079/3648/254 1031/2509/254
f 1028/2511/236 1076/3649/236 1083/2512/236
f 1121/2514/255 1073/3650/256 1072/2515/256
f 1122/2517/2 1123/3651/2 1075/2518/2
f 1076/2520/4 1073/3652/4 1121/2521/4
f 1077/2523/4 1078/3653/4 1126/2524/4
f 1072/2526/2 1079/3654/2 1127/2527/2
f 1128/2529/258 1080/3655/258 1081/2530/258
f 1074/2532/258 1082/3656/258 1130/2533/258
f 1082/2535/4 1080/3657/4 1128/2536/4
f 1129/2538/2 1081/3658/2 1083/2539/2
f 1084/2541/259 1085/3659/259 1133/2542/259
f 1134/2544/260 1135/3660/260 1087/2545/260
f 1137/2547/261 1089/3661/260 1088/2548/260
f 1139/2550/262 1140/3662/262 1141/2551/262
f 1143/2553/263 1139/3663/263 1138/2554/263
f 1145/2556/264 1143/3664/264 1142/2557/264
f 1140/2559/265 1145/3665/265 1144/2560/265
f 1139/2562/2 1143/3666/2 1145/2563/2
f 1146/2565/266 1147/3667/266 1148/2566/262
f 1150/2568/267 1151/3668/267 1148/2569/267
f 1152/2571/264 1153/3669/264 1151/2572/264
f 1146/2574/268 1149/3670/268 1153/2575/268
f 1150/2577/2 1147/3671/2 1146/2578/2
f 1155/2580/269 1156/3672/269 1157/2581/269
f 1159/2583/270 1155/3673/270 1154/2584/270
f 1161/2586/271 1159/3674/271 1158/2587/271
f 1156/2589/272 1161/3675/272 1160/2590/272
f 1155/2592/2 1159/3676/2 1161/2593/2
f 1154/2595/4 1157/3677/4 1160/2596/4
f 1085/2598/2 1114/3678/2 1162/2599/2
f 1116/2601/4 1115/3679/4 1163/2602/4
f 1117/2604/259 1165/3680/259 1163/2605/259
f 1116/2607/259 1164/3681/259 1162/2608/259
f 1118/2610/2 1166/3682/2 1134/2611/2
f 1088/2613/4 1087/3683/4 1135/2614/4
f 1084/2616/4 1132/3684/4 1167/2617/4
f 1089/2619/2 1137/3685/2 1165/2620/2
f 1167/2622/260 1166/3686/260 1118/2623/260
f 1075/2625/256 1123/3687/274 1126/2626/273
f 1125/2628/275 1127/3688/275 1079/2629/275
f 1076/2631/258 1124/3689/258 1131/2632/258
f 1169/2634/276 1121/3690/293 1120/2635/276
f 1170/2637/277 1171/3691/277 1123/2638/2
f 1124/2640/4 1121/3692/4 1169/2641/278
f 1125/2643/4 1126/3693/4 1174/2644/278
f 1120/2646/2 1127/3694/2 1175/2647/277
f 1128/2649/279 1129/3695/279 1177/2650/279
f 1170/2652/279 1122/3696/279 1130/2653/279
f 1130/2655/4 1128/3697/4 1176/2656/278
f 1177/2658/277 1129/3698/2 1131/2659/2
f 1180/2661/280 1132/3699/280 1133/2662/280
f 1182/2664/281 1183/3700/281 1135/2665/281
f 1185/2667/282 1137/3701/364 1136/2668/283
f 1187/2670/284 1188/3702/284 1189/2671/284
f 1190/2673/285 1191/3703/285 1187/2674/285
f 1193/2676/286 1191/3704/286 1190/2677/286
f 1188/2679/287 1193/3705/287 1192/2680/287
f 1187/2682/2 1191/3706/2 1193/2683/2
f 1194/2685/284 1195/3707/284 1196/2686/284
f 1195/2688/287 1198/3708/287 1199/2689/287
f 1200/2691/286 1201/3709/286 1199/2692/286
f 1200/2694/288 1194/3710/288 1197/2695/288
f 1198/2697/2 1195/3711/2 1194/2698/2
f 1203/2700/289 1204/3712/289 1205/2701/289
f 1207/2703/288 1203/3713/288 1202/2704/288
f 1208/2706/290 1209/3714/290 1207/2707/290
f 1204/2709/287 1209/3715/287 1208/2710/287
f 1203/2712/2 1207/3716/2 1209/2713/2
f 1202/2715/4 1205/3717/4 1208/2716/4
f 1133/2718/2 1162/3718/2 1210/2719/291
f 1164/2721/4 1163/3719/4 1211/2722/4
f 1165/2724/292 1213/3720/292 1211/2725/292
f 1164/2727/292 1212/3721/292 1210/2728/292
f 1166/2730/2 1214/3722/291 1182/2731/291
f 1136/2733/4 1135/3723/4 1183/2734/4
f 1132/2736/4 1180/3724/4 1215/2737/4
f 1137/2739/2 1185/3725/2 1213/2740/2
f 1215/2742/281 1214/3726/281 1166/2743/281
f 1123/2745/276 1171/3727/276 1174/2746/276
f 1125/2748/294 1173/3728/294 1175/2749/294
f 1124/2751/295 1172/3729/295 1179/2752/295
f 1217/2754/296 1169/3730/296 1168/2755/296
f 1218/2757/297 1219/3731/297 1171/2758/277
f 1172/2760/278 1169/3732/278 1217/2761/298
f 1173/2763/278 1174/3733/278 1222/2764/298
f 1168/2766/277 1175/3734/277 1223/2767/299
f 1176/2769/300 1177/3735/300 1225/2770/300
f 1170/2772/300 1178/3736/300 1226/2773/300
f 1178/2775/278 1176/3737/278 1224/2776/298
f 1225/2778/297 1177/3738/277 1179/2779/277
f 1180/2781/301 1181/3739/301 1229/2782/301
f 1230/2784/302 1231/3740/302 1183/2785/302
f 1233/2787/303 1185/3741/303 1184/2788/303
f 1235/2790/304 1236/3742/304 1237/2791/304
f 1239/2793/305 1235/3743/305 1234/2794/305
f 1241/2796/306 1239/3744/306 1238/2797/306
f 1236/2799/307 1241/3745/307 1240/2800/307
f 1239/2802/2 1241/3746/2 1236/2803/2
f 1242/2805/304 1243/3747/304 1244/2806/304
f 1243/2808/308 1246/3748/308 1247/2809/308
f 1246/2811/306 1248/3749/306 1249/2812/306
f 1242/2814/309 1245/3750/309 1249/2815/309
f 1248/2817/2 1246/3751/2 1243/2818/2
f 1251/2820/310 1252/3752/310 1253/2821/310
f 1255/2823/311 1251/3753/311 1250/2824/311
f 1256/2826/312 1257/3754/312 1255/2827/312
f 1252/2829/313 1257/3755/313 1256/2830/313
f 1255/2832/2 1257/3756/2 1252/2833/2
f 1254/2835/4 1250/3757/4 1253/2836/4
f 1181/2838/291 1210/3758/291 1258/2839/2
f 1212/2841/4 1211/3759/4 1259/2842/4
f 1213/2844/301 1261/3760/301 1259/2845/301
f 1212/2847/301 1260/3761/301 1258/2848/301
f 1214/2850/291 1262/3762/2 1230/2851/2
f 1184/2853/4 1183/3763/4 1231/2854/4
f 1180/2856/4 1228/3764/4 1263/2857/4
f 1185/2859/2 1233/3765/2 1261/2860/2
f 1263/2862/302 1262/3766/302 1214/2863/302
f 1171/2865/314 1219/3767/296 1222/2866/296
f 1173/2868/315 1221/3768/315 1223/2869/315
f 1179/2871/300 1172/3769/300 1220/2872/300
f 1258/2874/316 1263/3036/317 1228/2875/317
f 618/1357/28 625/1413/28 638/2877/28
f 1264/2878/2 374/3006/2 377/2879/2
f 1265/2881/2 1266/2884/2 1267/2882/2
f 1266/2884/2 1269/3770/2 1270/2885/2
f 1271/2886/4 1272/3002/4 382/2887/4
f 1274/2889/4 1275/2893/4 1276/2890/4
f 1277/2892/4 1278/3771/4 1275/2893/4
f 1279/2894/5 1271/2998/5 387/2895/5
f 1281/2897/5 1274/2901/5 1273/2898/5
f 1282/2900/318 1277/3772/318 1274/2901/319
f 1272/2902/5 1264/2994/5 379/2903/5
f 1275/2905/5 1266/2909/5 1265/2906/5
f 1275/2905/319 1278/3773/319 1269/2908/319
f 381/2910/2 1283/2990/2 389/2911/2
f 1285/2913/2 1286/2917/2 1287/2914/2
f 1285/2913/2 1288/3774/2 1289/2916/2
f 388/2918/4 391/2986/4 384/2919/4
f 1291/2921/4 1292/2925/4 1293/2922/4
f 1294/2924/4 1295/3775/4 1292/2925/4
f 1297/2926/320 1292/2982/320 1295/2927/321
f 944/2929/3 390/893/3 391/892/3
f 1291/2931/321 1286/2978/321 1289/2932/321
f 388/890/3 389/889/3 939/2934/3
f 375/2936/4 1298/2974/4 380/2937/4
f 1299/2939/4 1300/2943/4 1301/2940/4
f 1303/2942/4 1304/3776/4 1301/2940/4
f 386/2944/2 385/3777/2 390/2945/2
f 1305/2947/2 1297/2950/2 1281/2948/2
f 1297/2950/2 1296/3778/2 1282/2951/2
f 380/2952/3 1298/2967/3 1283/2953/3
f 1302/2955/3 1301/2958/3 1285/2956/3
f 1301/2958/320 1304/3779/321 1288/2959/321
f 1270/2960/319 1303/3780/319 1300/2961/319
f 937/2963/5 936/3781/5 375/877/5
f 1300/2961/5 1299/2965/5 1268/2964/5
f 1299/2965/5 1306/3782/5 1307/2966/5
f 1298/2967/3 941/3783/3 940/2968/3
f 1309/2969/3 1302/2955/3 1284/2957/3
f 390/2945/2 944/3784/2 943/2971/2
f 1310/2972/2 1311/3785/2 1305/2947/2
f 936/2973/4 941/3786/4 1298/2974/4
f 1299/2939/4 1302/2941/4 1309/2975/4
f 1290/2977/3 1287/2980/3 1286/2978/3
f 1312/2979/3 1313/3787/3 1287/2980/3
f 1297/2926/3 1305/2984/3 1293/2981/3
f 1311/2983/3 1314/3788/3 1293/2981/3
f 942/2985/4 945/3789/4 391/2986/4
f 1290/2923/4 1293/2922/4 1314/2987/4
f 940/2989/2 939/3790/2 389/2911/2
f 1308/2991/2 1284/2915/2 1287/2914/2
f 946/2993/5 938/3791/5 1264/2994/5
f 1315/2995/5 1276/2907/5 1265/2906/5
f 943/2997/5 947/3792/5 1271/2998/5
f 1280/2899/5 1273/2898/5 1317/2999/5
f 947/3001/4 946/3793/4 1272/3002/4
f 1273/2891/4 1276/2890/4 1315/3003/4
f 1264/2878/2 938/3794/2 937/3005/2
f 1265/2881/2 1268/2883/2 1307/3007/2
f 1310/3009/1 1317/3795/1 1315/3010/1
f 1311/3011/1 1315/3010/1 1312/3012/1
f 1306/3014/1 1313/3018/1 1316/3015/1
f 1309/3017/1 1308/3796/1 1313/3018/1
f 1312/3012/1 1315/3010/1 1316/3015/1
f 918/3019/322 923/3022/323 888/3020/323
f 923/3022/324 918/3019/365 890/3023/324
f 890/3023/324 918/3019/365 920/3025/325
f 891/3026/326 920/3025/325 893/3027/327
f 921/3029/329 893/3027/327 920/3025/325
f 1220/3031/331 1217/3034/331 1225/3032/331
f 1217/3034/333 1216/3797/334 1223/3035/334
f 1263/3036/331 1258/2874/331 1230/3037/331
f 1231/3039/335 1230/3037/331 1258/2874/331
f 1223/3035/331 1221/3049/331 1224/3041/331
f 1224/3041/337 1219/3048/337 1218/3042/337
f 1261/3044/338 1233/3046/339 1260/3040/336
f 1231/3039/335 1260/3040/336 1233/3046/339
f 1219/3048/341 1224/3041/341 1221/3049/341
f 1319/3051/6 1320/3798/6 1321/3052/6
f 1322/3054/3 1323/3799/3 1320/3055/3
f 1324/3057/1 1325/3800/1 1323/3058/1
f 1318/3060/5 1321/3801/5 1325/3061/5
f 1322/3063/2 1319/3802/2 1318/3064/2
f 709/3066/342 746/3070/343 736/3067/343
f 715/3069/344 736/3067/366 746/3070/345
f 738/3072/347 736/3067/366 715/3069/344
f 714/3073/348 719/3803/367 718/3074/349
f 738/3072/347 718/3074/349 742/3075/350
f 1269/3077/6 1304/3080/6 1303/3078/6
f 1304/3080/6 1269/3077/6 1289/3081/6
f 1278/3083/6 1294/3084/6 1289/3081/6
f 1294/3084/6 1282/3087/6 1296/3085/6
f 1282/3087/6 1294/3084/6 1278/3083/6
f 1327/3089/352 1328/3804/352 1329/3090/352
f 1330/3092/353 1331/3805/353 1327/3093/353
f 1333/3095/354 1331/3806/354 1330/3096/354
f 1328/3098/355 1333/3807/355 1332/3099/355
f 1327/3101/2 1331/3808/2 1333/3102/2
l 159 166
l 158 159
l 158 162
l 160 167
l 161 162
l 161 163
l 164 165
l 164 166
l 177 178
l 157 163
l 156 157
l 156 160
l 165 167
l 305 178
