# Blender v3.1.2 OBJ File: '45degswitch.blend'
# www.blender.org
mtllib 4x3_switch_45_right.mtl
o track_normal.001_track_normal.008
v -2.306730 0.041289 -2.816522
v -2.312466 0.071584 -2.810786
v -3.217466 0.071584 -2.781056
v -3.241609 0.041289 -2.756913
v -2.336609 0.071584 -2.786643
v -2.349157 0.041289 -2.774096
v -3.224278 0.041289 -2.774244
v -3.211730 0.041289 -2.786791
v -2.781056 0.085803 -3.217466
v -2.781056 0.071584 -3.217466
v -3.254156 0.025803 -2.744365
v -3.108199 0.054721 -2.701093
v -3.129412 0.054721 -2.722306
v -3.211730 0.025803 -2.786791
v -3.248421 0.071584 -2.750100
v -3.248421 0.085803 -2.750100
v -3.241609 0.071584 -2.756913
v -3.224278 0.071584 -2.774244
v -3.150625 0.054721 -2.701093
v -2.786791 0.041289 -3.211730
v -2.774244 0.041289 -3.224278
v -3.217466 0.085803 -2.781056
v -2.612846 0.085803 -3.049255
v -2.606034 0.041289 -3.056068
v -2.618582 0.041289 -3.043520
v -2.576155 0.041289 -3.085947
v -2.588703 0.041289 -3.073399
v -2.581890 0.085803 -3.080211
v -2.606034 0.071584 -3.056068
v -2.588703 0.071584 -3.073399
v -2.612846 0.071584 -3.049255
v -2.750100 0.085803 -3.248421
v -2.756913 0.071584 -3.241609
v -2.750100 0.071584 -3.248421
v -2.722306 -0.025279 -3.129412
v -2.722306 0.054721 -3.129412
v -2.701093 0.054721 -3.150625
v -2.701093 -0.025279 -3.150625
v -2.701093 -0.025279 -3.108199
v -2.679880 -0.025279 -3.129412
v -2.679880 0.054721 -3.129412
v -3.129412 -0.025279 -2.722306
v -3.150625 -0.025279 -2.701093
v -3.108199 -0.025279 -2.701093
v -3.129412 0.054721 -2.679880
v -3.129412 -0.025279 -2.679880
v -3.297090 -0.030000 -2.632410
v -3.297090 0.030000 -2.632410
v -2.632410 0.030000 -3.297090
v -2.533415 -0.030000 -3.198095
v -2.774244 0.071584 -3.224278
v -2.744365 0.041289 -3.254156
v -2.744365 0.025803 -3.254156
v -2.756913 0.041289 -3.241609
v -2.786791 0.025803 -3.211730
v -2.576155 0.025803 -3.085947
v -2.618582 0.025803 -3.043520
v -2.533415 0.030000 -3.198095
v -3.198095 0.030000 -2.533415
v -3.198095 -0.030000 -2.533415
v -2.632410 -0.030000 -3.297090
v -2.581890 0.071584 -3.080211
v -2.701093 0.054721 -3.108199
v -2.415865 0.071584 -2.914185
v -2.415865 0.085803 -2.914185
v -2.477832 -0.030000 -3.142512
v -2.378837 -0.030000 -3.043517
v -2.576839 0.025803 -3.086631
v -2.410129 0.025803 -2.919921
v -2.576839 0.041289 -3.086631
v -2.613530 0.085803 -3.049940
v -2.589387 0.071584 -3.074083
v -2.606718 0.071584 -3.056752
v -2.582574 0.085803 -3.080895
v -2.582574 0.071584 -3.080895
v -2.606718 0.041289 -3.056752
v -2.589387 0.041289 -3.074083
v -2.619265 0.025803 -3.044204
v -2.619265 0.041289 -3.044204
v -2.410129 0.041289 -2.919921
v -2.452556 0.025803 -2.877494
v -2.440008 0.041289 -2.890042
v -2.422677 0.041289 -2.907373
v -2.440008 0.071584 -2.890042
v -2.422677 0.071584 -2.907373
v -2.446820 0.085803 -2.883230
v -2.446820 0.071584 -2.883230
v -2.567728 -0.025279 -2.974834
v -2.567728 0.054721 -2.974834
v -2.546515 0.054721 -2.996047
v -2.546515 -0.025279 -2.996047
v -2.546515 -0.025279 -2.953621
v -2.546515 0.054721 -2.953621
v -2.525302 -0.025279 -2.974834
v -2.525302 0.054721 -2.974834
v -2.974834 0.054721 -2.567728
v -2.974834 -0.025279 -2.567728
v -2.996047 -0.025279 -2.546515
v -2.953621 0.054721 -2.546515
v -2.953621 -0.025279 -2.546515
v -2.974834 0.054721 -2.525302
v -2.974834 -0.025279 -2.525302
v -3.142512 -0.030000 -2.477832
v -3.043517 0.030000 -2.378837
v -3.142512 0.030000 -2.477832
v -2.613530 0.071584 -3.049940
v -2.996047 0.054721 -2.546515
v -2.378837 0.030000 -3.043517
v -3.043517 -0.030000 -2.378837
v -2.477832 0.030000 -3.142512
v -2.826831 0.054721 -2.377299
v -2.848044 0.054721 -2.398512
v -2.895514 -0.030000 -2.230834
v -2.230834 -0.030000 -2.895514
v -2.895514 0.030000 -2.230834
v -2.329829 0.030000 -2.994509
v -2.994509 0.030000 -2.329829
v -2.826831 0.054721 -2.419725
v -2.805617 0.054721 -2.398512
v -2.446975 0.071584 -2.883384
v -2.422831 0.071584 -2.907528
v -2.440163 0.071584 -2.890196
v -2.416019 0.085803 -2.914340
v -2.416019 0.071584 -2.914340
v -2.410284 0.041289 -2.920075
v -2.410284 0.025803 -2.920075
v -2.440163 0.041289 -2.890196
v -2.452710 0.041289 -2.877649
v -2.306730 0.025803 -2.816522
v -2.312466 0.085803 -2.810786
v -2.319278 0.071584 -2.803974
v -2.343421 0.071584 -2.779831
v -2.419725 -0.025279 -2.826831
v -2.398512 0.054721 -2.848044
v -2.398512 -0.025279 -2.848044
v -2.398512 -0.025279 -2.805617
v -2.398512 0.054721 -2.805617
v -2.377299 -0.025279 -2.826831
v -2.377299 0.054721 -2.826831
v -2.826831 -0.025279 -2.419725
v -2.848044 -0.025279 -2.398512
v -2.805617 -0.025279 -2.398512
v -2.826831 -0.025279 -2.377299
v -2.994509 -0.030000 -2.329829
v -2.329829 -0.030000 -2.994509
v -2.230834 0.030000 -2.895514
v -2.422831 0.041289 -2.907528
v -2.419725 0.054721 -2.826831
v -2.452710 0.025803 -2.877649
v -2.452556 0.041289 -2.877494
v -2.446975 0.085803 -2.883384
v -1.776400 0.041289 -2.286192
v -1.776400 0.025803 -2.286192
v -2.336609 0.041289 -2.786643
v -2.319278 0.041289 -2.803974
v -2.349157 0.025803 -2.774096
v -2.343421 0.085803 -2.779831
v -1.806279 0.071584 -2.256313
v -1.806279 0.041289 -2.256313
v -1.813091 0.085803 -2.249501
v -1.813091 0.071584 -2.249501
v -0.898417 -0.025279 -0.491311
v -0.898417 0.054721 -0.491311
v -0.919630 0.054721 -0.470098
v -0.919630 -0.025279 -0.470098
v -0.919630 -0.025279 -0.512524
v -0.919630 0.054721 -0.512524
v -0.940843 -0.025279 -0.491311
v -0.940843 0.054721 -0.491311
v -1.075194 -0.025279 -0.668088
v -1.075194 0.054721 -0.668088
v -1.096407 0.054721 -0.646875
v -1.096407 -0.025279 -0.646875
v -1.096407 -0.025279 -0.689301
v -1.096407 0.054721 -0.689301
v -1.117620 -0.025279 -0.668088
v -1.117620 0.054721 -0.668088
v -1.251970 -0.025279 -0.844865
v -1.251970 0.054721 -0.844865
v -1.273183 0.054721 -0.823652
v -1.273183 -0.025279 -0.823652
v -1.273183 -0.025279 -0.866078
v -1.273183 0.054721 -0.866078
v -1.294397 -0.025279 -0.844865
v -1.294397 0.054721 -0.844865
v -0.677186 -0.030000 -1.341867
v -0.677186 0.030000 -1.341867
v -1.341867 0.030000 -0.677186
v -1.341867 -0.030000 -0.677186
v -0.776181 -0.030000 -1.440862
v -0.776181 0.030000 -1.440862
v -1.440862 -0.030000 -0.776181
v -1.440862 0.030000 -0.776181
v -0.500410 -0.030000 -1.165090
v -0.500410 0.030000 -1.165090
v -1.165090 0.030000 -0.500410
v -1.165090 -0.030000 -0.500410
v -0.599405 -0.030000 -1.264085
v -0.599405 0.030000 -1.264085
v -1.264085 -0.030000 -0.599405
v -1.264085 0.030000 -0.599405
v -0.323633 -0.030000 -0.988313
v -0.323633 0.030000 -0.988313
v -0.988313 0.030000 -0.323633
v -0.988313 -0.030000 -0.323633
v -0.422628 -0.030000 -1.087308
v -0.422628 0.030000 -1.087308
v -1.087308 -0.030000 -0.422628
v -1.087308 0.030000 -0.422628
v -0.146856 -0.030000 -0.811537
v -0.146856 0.030000 -0.811537
v -0.811537 0.030000 -0.146856
v -0.811537 -0.030000 -0.146856
v -0.245851 -0.030000 -0.910532
v -0.245851 0.030000 -0.910532
v -0.910532 -0.030000 -0.245851
v -0.910532 0.030000 -0.245851
v -1.428747 -0.025279 -1.021641
v -1.428747 0.054721 -1.021641
v -1.449960 0.054721 -1.000428
v -1.449960 -0.025279 -1.000428
v -1.449960 -0.025279 -1.042855
v -1.449960 0.054721 -1.042855
v -1.471173 -0.025279 -1.021641
v -1.471173 0.054721 -1.021641
v -1.605524 -0.025279 -1.198418
v -1.605524 0.054721 -1.198418
v -1.626737 0.054721 -1.177205
v -1.626737 -0.025279 -1.177205
v -1.626737 -0.025279 -1.219631
v -1.626737 0.054721 -1.219631
v -1.647950 -0.025279 -1.198418
v -1.647950 0.054721 -1.198418
v -1.782300 -0.025279 -1.375195
v -1.782300 0.054721 -1.375195
v -1.803513 0.054721 -1.353981
v -1.803513 -0.025279 -1.353981
v -1.803514 -0.025279 -1.396408
v -1.803514 0.054721 -1.396408
v -1.824727 -0.025279 -1.375195
v -1.824727 0.054721 -1.375195
v -1.353981 0.054721 -1.803513
v -1.375195 0.054721 -1.782300
v -1.375195 -0.025279 -1.782300
v -1.353981 -0.025279 -1.803513
v -1.396408 0.054721 -1.803514
v -1.396408 -0.025279 -1.803514
v -1.375195 0.054721 -1.824727
v -1.375195 -0.025279 -1.824727
v -1.959077 -0.025279 -1.551972
v -1.959077 0.054721 -1.551972
v -1.980290 0.054721 -1.530758
v -1.980290 -0.025279 -1.530758
v -1.980290 -0.025279 -1.573185
v -1.980290 0.054721 -1.573185
v -2.001503 -0.025279 -1.551972
v -2.001503 0.054721 -1.551972
v -1.384293 -0.030000 -2.048974
v -1.384293 0.030000 -2.048974
v -2.048974 0.030000 -1.384293
v -2.048974 -0.030000 -1.384293
v -1.483288 -0.030000 -2.147969
v -1.483288 0.030000 -2.147969
v -2.147968 -0.030000 -1.483288
v -2.147968 0.030000 -1.483288
v -1.207516 -0.030000 -1.872197
v -1.207516 0.030000 -1.872197
v -1.872197 0.030000 -1.207517
v -1.872197 -0.030000 -1.207517
v -1.306511 -0.030000 -1.971192
v -1.306511 0.030000 -1.971192
v -1.971192 -0.030000 -1.306511
v -1.971192 0.030000 -1.306511
v -1.030740 -0.030000 -1.695420
v -1.030740 0.030000 -1.695420
v -1.695420 0.030000 -1.030740
v -1.695420 -0.030000 -1.030740
v -1.129735 -0.030000 -1.794415
v -1.129735 0.030000 -1.794415
v -1.794415 -0.030000 -1.129735
v -1.794415 0.030000 -1.129735
v -0.853963 -0.030000 -1.518643
v -0.853963 0.030000 -1.518643
v -1.518643 0.030000 -0.853963
v -1.518643 -0.030000 -0.853963
v -0.952958 -0.030000 -1.617638
v -0.952958 0.030000 -1.617638
v -1.617638 -0.030000 -0.952958
v -1.617638 0.030000 -0.952958
v -2.135854 -0.025279 -1.728748
v -2.135854 0.054721 -1.728748
v -2.157067 0.054721 -1.707535
v -2.157067 -0.025279 -1.707535
v -2.157067 -0.025279 -1.749962
v -2.157067 0.054721 -1.749962
v -2.178280 -0.025279 -1.728748
v -2.178280 0.054721 -1.728748
v -1.707535 0.054721 -2.157067
v -1.728748 0.054721 -2.135854
v -1.728748 -0.025279 -2.135854
v -1.707535 -0.025279 -2.157067
v -1.749961 0.054721 -2.157067
v -1.749961 -0.025279 -2.157067
v -1.728748 0.054721 -2.178280
v -1.728748 -0.025279 -2.178280
v -2.312630 -0.025279 -1.905525
v -2.312630 0.054721 -1.905525
v -2.333843 0.054721 -1.884312
v -2.333843 -0.025279 -1.884312
v -2.333843 -0.025279 -1.926738
v -2.333843 0.054721 -1.926738
v -2.355057 -0.025279 -1.905525
v -2.355057 0.054721 -1.905525
v -1.884312 0.054721 -2.333843
v -1.905525 0.054721 -2.312630
v -1.905525 -0.025279 -2.312630
v -1.884312 -0.025279 -2.333843
v -1.926738 0.054721 -2.333844
v -1.926738 -0.025279 -2.333844
v -1.905525 0.054721 -2.355057
v -1.905525 -0.025279 -2.355057
v -2.489407 -0.025279 -2.082302
v -2.489407 0.054721 -2.082302
v -2.510620 0.054721 -2.061088
v -2.510620 -0.025279 -2.061088
v -2.510620 -0.025279 -2.103515
v -2.510620 0.054721 -2.103515
v -2.531834 -0.025279 -2.082302
v -2.531834 0.054721 -2.082302
v -2.061088 0.054721 -2.510620
v -2.082301 0.054721 -2.489407
v -2.082301 -0.025279 -2.489407
v -2.061088 -0.025279 -2.510620
v -2.103515 0.054721 -2.510620
v -2.103515 -0.025279 -2.510620
v -2.082302 0.054721 -2.531833
v -2.082302 -0.025279 -2.531833
v -2.666184 -0.025279 -2.259078
v -2.666184 0.054721 -2.259078
v -2.687397 0.054721 -2.237865
v -2.687397 -0.025279 -2.237865
v -2.687397 -0.025279 -2.280292
v -2.687397 0.054721 -2.280292
v -2.708610 -0.025279 -2.259079
v -2.708610 0.054721 -2.259079
v -2.237865 0.054721 -2.687397
v -2.259078 0.054721 -2.666184
v -2.259078 -0.025279 -2.666184
v -2.237865 -0.025279 -2.687397
v -2.280292 0.054721 -2.687397
v -2.280292 -0.025279 -2.687397
v -2.259079 0.054721 -2.708610
v -2.259079 -0.025279 -2.708610
v -2.091400 -0.030000 -2.756081
v -2.091400 0.030000 -2.756081
v -2.756080 0.030000 -2.091400
v -2.756080 -0.030000 -2.091400
v -2.190395 -0.030000 -2.855075
v -2.190395 0.030000 -2.855075
v -2.855075 -0.030000 -2.190395
v -2.855075 0.030000 -2.190395
v -1.914623 -0.030000 -2.579304
v -1.914623 0.030000 -2.579304
v -2.579304 0.030000 -1.914623
v -2.579304 -0.030000 -1.914623
v -2.013618 -0.030000 -2.678299
v -2.013618 0.030000 -2.678299
v -2.678298 -0.030000 -2.013618
v -2.678298 0.030000 -2.013618
v -1.737847 -0.030000 -2.402527
v -1.737847 0.030000 -2.402527
v -2.402527 0.030000 -1.737847
v -2.402527 -0.030000 -1.737847
v -1.836841 -0.030000 -2.501522
v -1.836841 0.030000 -2.501522
v -2.501522 -0.030000 -1.836842
v -2.501522 0.030000 -1.836842
v -1.561070 -0.030000 -2.225750
v -1.561070 0.030000 -2.225750
v -2.225750 0.030000 -1.561070
v -2.225750 -0.030000 -1.561070
v -1.660065 -0.030000 -2.324745
v -1.660065 0.030000 -2.324745
v -2.324745 -0.030000 -1.660065
v -2.324745 0.030000 -1.660065
v -0.382338 0.040830 -0.809630
v -0.381836 0.025344 -0.809108
v -0.227836 0.025344 -0.652775
v -0.227836 0.040830 -0.652775
v -0.344068 0.085343 -0.844662
v -0.376356 0.085343 -0.815105
v -0.222110 0.085343 -0.658519
v -0.191202 0.085343 -0.689523
v -0.338163 0.025344 -0.850218
v -0.185476 0.025344 -0.695267
v -0.368923 0.071124 -0.821271
v -0.215309 0.071124 -0.665342
v -0.222110 0.071124 -0.658519
v -0.375933 0.071124 -0.814668
v -0.215309 0.040830 -0.665342
v -0.368923 0.040830 -0.821271
v -0.351083 0.071124 -0.838063
v -0.198004 0.071124 -0.682700
v -0.198004 0.040830 -0.682700
v -0.351083 0.040830 -0.838063
v -0.191202 0.071124 -0.689523
v -0.344068 0.071124 -0.844662
v -0.185476 0.040830 -0.695267
v -0.338163 0.040830 -0.850218
v -0.712226 -0.025739 -0.306551
v -0.712226 0.054262 -0.306551
v -0.733406 0.054262 -0.285306
v -0.733406 -0.025739 -0.285306
v -0.734159 -0.025739 -0.329395
v -0.734159 0.054262 -0.329395
v -0.755462 -0.025739 -0.308272
v -0.755462 0.054262 -0.308272
v -0.284570 0.054262 -0.735532
v -0.305750 0.054262 -0.714285
v -0.305750 -0.025739 -0.714285
v -0.284570 -0.025739 -0.735532
v -0.325333 0.054262 -0.734773
v -0.325333 -0.025739 -0.734773
v -0.304031 0.054262 -0.755896
v -0.304031 -0.025739 -0.755896
v -0.514921 0.040830 -0.965137
v -0.514468 0.025344 -0.964571
v -0.473791 0.085343 -0.996763
v -0.508492 0.085343 -0.970081
v -0.467430 0.025344 -1.001794
v -0.500559 0.071124 -0.975583
v -0.508110 0.071124 -0.969605
v -0.500559 0.040830 -0.975583
v -0.481345 0.071124 -0.990788
v -0.481345 0.040830 -0.990788
v -0.473791 0.071124 -0.996763
v -0.467430 0.040830 -1.001794
v -0.634591 0.040830 -1.132159
v -0.634188 0.025344 -1.131551
v -0.590995 0.085343 -1.160288
v -0.627777 0.085343 -1.136557
v -0.584241 0.025344 -1.164779
v -0.619419 0.071124 -1.141382
v -0.627436 0.071124 -1.136044
v -0.619419 0.040830 -1.141382
v -0.599016 0.071124 -1.154954
v -0.599016 0.040830 -1.154954
v -0.590995 0.071124 -1.160288
v -0.584241 0.040830 -1.164779
v -0.550770 0.054262 -1.043366
v -0.575167 0.054262 -1.025908
v -0.575167 -0.025739 -1.025908
v -0.550770 -0.025739 -1.043366
v -0.591020 0.054262 -1.047666
v -0.591020 -0.025739 -1.047666
v -0.566434 0.054262 -1.064858
v -0.566434 -0.025739 -1.064858
v -0.400196 -0.030460 -1.094884
v -0.400196 0.029540 -1.094884
v -1.153602 0.029540 -0.532766
v -1.153602 -0.030460 -0.532766
v -0.467359 -0.030460 -1.190145
v -0.467359 0.029540 -1.190145
v -1.248080 -0.030460 -0.666626
v -1.248080 0.029540 -0.666626
v -0.741288 0.040830 -1.309501
v -0.740936 0.025344 -1.308855
v -0.695636 0.085343 -1.334152
v -0.734152 0.085343 -1.313355
v -0.688553 0.025344 -1.338106
v -0.725446 0.071124 -1.317509
v -0.733855 0.071124 -1.312810
v -0.725446 0.040830 -1.317509
v -0.704048 0.071124 -1.329457
v -0.704048 0.040830 -1.329457
v -0.695636 0.071124 -1.334152
v -0.688553 0.040830 -1.338106
v -1.273009 0.025344 -1.029276
v -1.112652 0.025344 -0.834649
v -1.112652 0.040830 -0.834649
v -1.273009 0.040830 -1.029276
v -1.235309 0.040830 -1.050071
v -1.235305 0.071124 -1.050076
v -1.077235 0.071124 -0.857687
v -1.077235 0.040830 -0.857687
v -1.226847 0.071124 -1.054904
v -1.226768 0.085343 -1.054757
v -1.069159 0.085343 -0.862940
v -1.069252 0.071124 -0.863081
v -0.664384 0.054262 -1.213467
v -0.690109 0.054262 -1.198035
v -0.690109 -0.025739 -1.198035
v -0.664384 -0.025739 -1.213467
v -0.704087 0.054262 -1.221271
v -0.704087 -0.025739 -1.221272
v -0.678205 0.054262 -1.236440
v -0.678205 -0.025739 -1.236440
v -0.510148 -0.030460 -1.252003
v -0.510148 0.029540 -1.252003
v -1.307012 0.029540 -0.753400
v -1.307013 -0.030460 -0.753401
v -0.570095 -0.030460 -1.353606
v -0.570095 0.029540 -1.353606
v -1.389732 -0.030460 -0.893396
v -1.389732 0.029540 -0.893396
v -1.097541 0.040830 -0.843963
v -1.256991 0.040830 -1.037612
v -1.097541 0.071124 -0.843962
v -1.105521 0.071124 -0.838567
v -1.265443 0.071124 -1.032783
v -1.256991 0.071124 -1.037612
v -1.105521 0.085343 -0.838567
v -1.265494 0.085343 -1.032732
v -1.062532 0.040830 -0.867619
v -1.219689 0.040830 -1.059010
v -1.062532 0.025344 -0.867619
v -1.219689 0.025344 -1.059010
v -0.835259 0.040830 -1.495837
v -0.834958 0.025344 -1.495158
v -0.787942 0.085343 -1.517119
v -0.827863 0.085343 -1.499165
v -0.780591 0.025344 -1.520551
v -0.818881 0.071124 -1.502671
v -0.827610 0.071124 -1.498592
v -0.818881 0.040830 -1.502671
v -0.796672 0.071124 -1.513043
v -0.796672 0.040830 -1.513043
v -0.787942 0.071124 -1.517119
v -0.780591 0.040830 -1.520551
v -1.427441 0.025344 -1.219852
v -1.427639 0.040830 -1.219655
v -1.388502 0.040830 -1.237765
v -1.388560 0.071124 -1.237707
v -1.379808 0.071124 -1.241884
v -1.379732 0.085343 -1.241740
v -0.765269 0.054262 -1.393371
v -0.792090 0.054262 -1.379930
v -0.792089 -0.025739 -1.379930
v -0.765269 -0.025739 -1.393370
v -0.804171 0.054262 -1.404473
v -0.804171 -0.025739 -1.404473
v -0.777225 0.054262 -1.417659
v -0.777225 -0.025739 -1.417659
v -0.608213 -0.030460 -1.419604
v -0.608213 0.029540 -1.419604
v -1.441093 0.029540 -0.983817
v -1.441093 -0.030460 -0.983817
v -0.661421 -0.030460 -1.526646
v -0.661421 0.029540 -1.526646
v -1.512786 -0.030460 -1.128178
v -1.512786 0.029540 -1.128178
v -1.411180 0.040830 -1.226722
v -1.419923 0.071124 -1.222550
v -1.411180 0.071124 -1.226722
v -1.419759 0.085343 -1.222714
v -1.372350 0.040830 -1.245491
v -1.372350 0.025344 -1.245491
v -0.917019 0.040830 -1.689823
v -0.916767 0.025344 -1.689115
v -0.868387 0.085343 -1.707901
v -0.909417 0.085343 -1.692648
v -0.860823 0.025344 -1.710836
v -0.900223 0.071124 -1.695542
v -0.909206 0.071124 -1.692052
v -0.900223 0.040830 -1.695542
v -0.877370 0.071124 -1.704414
v -0.877370 0.040830 -1.704414
v -0.868387 0.071124 -1.707901
v -0.860823 0.040830 -1.710836
v -1.532574 0.025344 -1.448629
v -1.532574 0.040830 -1.448629
v -1.493013 0.040830 -1.463464
v -1.493013 0.071124 -1.463464
v -1.484048 0.071124 -1.467002
v -1.483992 0.085343 -1.466846
v -0.853782 0.054262 -1.581763
v -0.881479 0.054262 -1.570236
v -0.881479 -0.025739 -1.570236
v -0.853782 -0.025739 -1.581763
v -0.891677 0.054262 -1.595900
v -0.891677 -0.025739 -1.595900
v -0.863881 0.054262 -1.607189
v -0.863881 -0.025739 -1.607189
v -0.694466 -0.030460 -1.596644
v -0.694466 0.029540 -1.596644
v -1.556298 0.029540 -1.221351
v -1.556298 -0.030460 -1.221351
v -0.740614 -0.030460 -1.708795
v -0.740614 0.029540 -1.708795
v -1.616996 -0.030460 -1.368864
v -1.616996 0.029540 -1.368864
v -1.515819 0.040830 -1.454461
v -1.524783 0.071124 -1.450923
v -1.515819 0.071124 -1.454461
v -1.524783 0.085343 -1.450923
v -1.476501 0.040830 -1.469979
v -1.476501 0.025344 -1.469979
v -0.986466 0.040830 -1.890536
v -0.986238 0.025344 -1.889816
v -0.936827 0.085343 -1.905630
v -0.978706 0.085343 -1.892895
v -0.929102 0.025344 -1.908102
v -0.969342 0.071124 -1.895227
v -0.978515 0.071124 -1.892289
v -0.969342 0.040830 -1.895227
v -0.946002 0.071124 -1.902696
v -0.946002 0.040830 -1.902696
v -0.936827 0.071124 -1.905630
v -0.929102 0.040830 -1.908102
v -1.615285 0.025344 -1.687253
v -1.615286 0.040830 -1.687254
v -1.574895 0.040830 -1.699656
v -1.574895 0.071124 -1.699656
v -1.565735 0.071124 -1.702639
v -1.565686 0.085343 -1.702483
v -1.502759 -0.025739 -1.581303
v -1.502759 0.054262 -1.581303
v -1.531138 0.054262 -1.571576
v -1.531138 -0.025739 -1.571576
v -1.513363 -0.025739 -1.611928
v -1.513363 0.054262 -1.611928
v -1.541819 -0.025739 -1.602429
v -1.541819 0.054262 -1.602429
v -0.929751 0.054262 -1.777709
v -0.958130 0.054262 -1.767981
v -0.958130 -0.025739 -1.767981
v -0.929751 -0.025739 -1.777709
v -0.967250 0.054262 -1.794220
v -0.967249 -0.025739 -1.794221
v -0.938793 0.054262 -1.803719
v -0.938793 -0.025739 -1.803719
v -0.769662 -0.030460 -1.781667
v -0.769662 0.029540 -1.781667
v -1.654230 0.029540 -1.463642
v -1.654230 -0.030460 -1.463642
v -0.809050 -0.030460 -1.898196
v -0.809050 0.029540 -1.898196
v -1.704794 -0.030460 -1.613170
v -1.704794 0.029540 -1.613170
v -1.598197 0.040830 -1.692062
v -1.607356 0.071124 -1.689075
v -1.598197 0.071124 -1.692062
v -1.607356 0.085343 -1.689075
v -1.558024 0.040830 -1.705151
v -1.558024 0.025344 -1.705151
v -1.044529 0.040830 -2.096630
v -1.044350 0.025344 -2.095890
v -0.994136 0.085343 -2.108973
v -1.036652 0.085343 -2.098559
v -0.986285 0.025344 -2.111017
v -1.027178 0.071124 -2.100366
v -1.036500 0.071124 -2.097935
v -1.027178 0.040830 -2.100366
v -1.003459 0.071124 -2.106545
v -1.003459 0.040830 -2.106545
v -0.994136 0.071124 -2.108973
v -0.986285 0.040830 -2.111017
v -1.683730 0.025344 -1.928299
v -1.683730 0.040830 -1.928299
v -1.642716 0.040830 -1.938448
v -1.642715 0.071124 -1.938449
v -1.633403 0.071124 -1.940921
v -1.633364 0.085343 -1.940763
v -1.577485 -0.025739 -1.817088
v -1.577485 0.054262 -1.817088
v -1.606383 0.054262 -1.809029
v -1.606383 -0.025739 -1.809029
v -1.586104 -0.025739 -1.848100
v -1.586104 0.054262 -1.848100
v -1.615059 -0.025739 -1.840252
v -1.615059 0.054262 -1.840252
v -0.994011 0.054262 -1.979792
v -1.022909 0.054262 -1.971734
v -1.022909 -0.025739 -1.971734
v -0.994011 -0.025739 -1.979792
v -1.030422 0.054262 -1.998722
v -1.030422 -0.025739 -1.998722
v -1.001468 0.054262 -2.006570
v -1.001468 -0.025739 -2.006570
v -0.834396 -0.030460 -1.973494
v -0.834396 0.029540 -1.973494
v -1.736415 0.029540 -1.708994
v -1.736415 -0.030460 -1.708994
v -0.867410 -0.030460 -2.093700
v -0.867410 0.029540 -2.093700
v -1.777813 -0.030460 -1.859680
v -1.777813 0.029540 -1.859680
v -1.666407 0.040830 -1.932157
v -1.675719 0.071124 -1.929683
v -1.666408 0.071124 -1.932156
v -1.675719 0.085343 -1.929683
v -1.625563 0.040830 -1.943002
v -1.625563 0.025344 -1.943002
v -1.092745 0.040830 -2.306812
v -1.092612 0.025344 -2.306055
v -1.041798 0.085343 -2.316618
v -1.084782 0.085343 -2.308345
v -1.033853 0.025344 -2.318268
v -1.075234 0.071124 -2.309670
v -1.084669 0.071124 -2.307708
v -1.075234 0.040830 -2.309670
v -1.051232 0.071124 -2.314658
v -1.051232 0.040830 -2.314658
v -1.041798 0.071124 -2.316618
v -1.033853 0.040830 -2.318268
v -1.676046 0.025803 -2.185838
v -1.676046 0.041289 -2.185838
v -1.688594 0.041289 -2.173290
v -1.705925 0.041289 -2.155959
v -1.718472 0.041289 -2.143411
v -1.718472 0.025803 -2.143411
v -1.705925 0.071584 -2.155959
v -1.681781 0.085803 -2.180102
v -1.712737 0.085803 -2.149147
v -1.712737 0.071584 -2.149147
v -1.688594 0.071584 -2.173290
v -1.681781 0.071584 -2.180102
v -1.047963 0.054262 -2.186635
v -1.077247 0.054262 -2.180120
v -1.077247 -0.025739 -2.180120
v -1.047963 -0.025739 -2.186635
v -1.083018 0.054262 -2.207784
v -1.083018 -0.025739 -2.207784
v -1.053692 0.054262 -2.214111
v -1.053692 -0.025739 -2.214111
v -0.888207 -0.030460 -2.171554
v -0.888207 0.029540 -2.171554
v -1.803198 0.029540 -1.956169
v -1.803198 -0.030460 -1.956169
v -0.915150 -0.030460 -2.294819
v -0.915150 0.029540 -2.294819
v -1.836266 -0.030460 -2.107355
v -1.836266 0.029540 -2.107355
v -1.130228 0.040830 -2.520758
v -1.130116 0.025344 -2.519994
v -1.078892 0.085343 -2.528269
v -1.122204 0.085343 -2.521932
v -1.070884 0.025344 -2.529562
v -1.112599 0.071124 -2.522827
v -1.122109 0.071124 -2.521288
v -1.112599 0.040830 -2.522827
v -1.088403 0.071124 -2.526735
v -1.088403 0.040830 -2.526735
v -1.078892 0.071124 -2.528269
v -1.070884 0.040830 -2.529562
v -1.782494 0.025344 -2.413925
v -1.739519 0.025344 -2.170769
v -1.739519 0.040830 -2.170769
v -1.782494 0.040830 -2.413925
v -1.740701 0.040830 -2.420123
v -1.740700 0.071124 -2.420124
v -1.698047 0.071124 -2.178844
v -1.698047 0.040830 -2.178844
v -1.731195 0.071124 -2.421696
v -1.731171 0.085343 -2.421537
v -1.688590 0.085343 -2.180686
v -1.688623 0.071124 -2.180845
v -1.688006 -0.025739 -2.294545
v -1.688006 0.054262 -2.294545
v -1.717568 0.054262 -2.289434
v -1.717567 -0.025739 -2.289435
v -1.693557 -0.025739 -2.325890
v -1.693557 0.054262 -2.325890
v -1.723148 -0.025739 -2.320956
v -1.723148 0.054262 -2.320956
v -1.091129 0.054262 -2.397748
v -1.120689 0.054262 -2.392636
v -1.120689 -0.025739 -2.392636
v -1.091129 -0.025739 -2.397748
v -1.125663 0.054262 -2.420577
v -1.125663 -0.025739 -2.420577
v -1.096071 0.054262 -2.425512
v -1.096071 -0.025739 -2.425512
v -0.932480 -0.030460 -2.374407
v -0.932480 0.029540 -2.374407
v -1.856921 0.029540 -2.204084
v -1.856921 -0.030460 -2.204084
v -0.953874 -0.030460 -2.500134
v -0.953874 0.029540 -2.500134
v -1.882653 -0.030460 -2.355331
v -1.882652 0.029540 -2.355330
v -1.722018 0.040830 -2.173755
v -1.764883 0.040830 -2.416122
v -1.722018 0.071124 -2.173755
v -1.731441 0.071124 -2.171754
v -1.774388 0.071124 -2.414548
v -1.764883 0.071124 -2.416122
v -1.731441 0.085343 -2.171754
v -1.774388 0.085343 -2.414548
v -1.680691 0.040830 -2.182528
v -1.723193 0.040830 -2.423020
v -1.680691 0.025344 -2.182528
v -1.723193 0.025344 -2.423020
v -1.159601 0.040830 -2.737157
v -1.159530 0.025344 -2.736384
v -1.108000 0.085343 -2.742559
v -1.151535 0.085343 -2.738002
v -1.099944 0.025344 -2.743525
v -1.141908 0.071124 -2.738498
v -1.151475 0.071124 -2.737350
v -1.141908 0.040830 -2.738498
v -1.117568 0.071124 -2.741414
v -1.117568 0.040830 -2.741414
v -1.108000 0.071124 -2.742560
v -1.099944 0.040830 -2.743525
v -1.815703 0.025344 -2.657200
v -1.815703 0.040830 -2.657200
v -1.773690 0.040830 -2.661674
v -1.773690 0.071124 -2.661674
v -1.764129 0.071124 -2.662853
v -1.764110 0.085343 -2.662694
v -1.726123 -0.025739 -2.534655
v -1.726123 0.054262 -2.534655
v -1.755878 0.054262 -2.530828
v -1.755878 -0.025739 -2.530828
v -1.729872 -0.025739 -2.566046
v -1.729872 0.054262 -2.566046
v -1.759647 -0.025739 -2.562376
v -1.759647 0.054262 -2.562376
v -1.125336 0.054262 -2.611910
v -1.155091 0.054262 -2.608084
v -1.155091 -0.025739 -2.608084
v -1.125336 -0.025739 -2.611910
v -1.158462 0.054262 -2.636477
v -1.158462 -0.025739 -2.636477
v -1.128687 0.054262 -2.640147
v -1.128687 -0.025739 -2.640147
v -0.967742 -0.030460 -2.581254
v -0.967742 0.029540 -2.581254
v -1.898823 0.029540 -2.452080
v -1.898823 -0.030460 -2.452080
v -0.983691 -0.030460 -2.709070
v -0.983691 0.029540 -2.709070
v -1.917692 -0.030460 -2.603055
v -1.917692 0.029540 -2.603055
v -1.798013 0.040830 -2.658672
v -1.807571 0.071124 -2.657491
v -1.798013 0.071124 -2.658672
v -1.807571 0.085343 -2.657491
v -1.756081 0.040830 -2.663846
v -1.756081 0.025344 -2.663846
v -1.179754 0.040830 -2.955863
v -1.179701 0.025344 -2.955085
v -1.127989 0.085343 -2.959366
v -1.171662 0.085343 -2.956411
v -1.119905 0.025344 -2.960035
v -1.162017 0.071124 -2.956551
v -1.171618 0.071124 -2.955755
v -1.162017 0.040830 -2.956551
v -1.137590 0.071124 -2.958572
v -1.137591 0.040830 -2.958573
v -1.127989 0.071124 -2.959366
v -1.119905 0.040830 -2.960035
v -1.838381 0.025344 -2.900126
v -1.838381 0.040830 -2.900126
v -1.796231 0.040830 -2.903045
v -1.796230 0.071124 -2.903046
v -1.786630 0.071124 -2.903870
v -1.786620 0.085343 -2.903711
v -1.753819 -0.025739 -2.774953
v -1.753819 0.054262 -2.774953
v -1.783700 0.054262 -2.772291
v -1.783700 -0.025739 -2.772291
v -1.756699 -0.025739 -2.806337
v -1.756699 0.054262 -2.806337
v -1.786593 -0.025739 -2.803823
v -1.786593 0.054262 -2.803823
v -1.150473 0.054262 -2.828692
v -1.180354 0.054262 -2.826031
v -1.180354 -0.025739 -2.826031
v -1.150473 -0.025739 -2.828692
v -1.182992 0.054262 -2.854604
v -1.182992 -0.025739 -2.854604
v -1.153098 0.054262 -2.857119
v -1.153098 -0.025739 -2.857119
v -0.994274 -0.030460 -2.791434
v -0.994274 0.029540 -2.791434
v -1.929779 0.029540 -2.699628
v -1.929779 -0.030460 -2.699628
v -1.005595 -0.030460 -2.920794
v -1.005595 0.029540 -2.920794
v -1.942937 -0.030460 -2.850158
v -1.942937 0.029540 -2.850158
v -1.820653 0.040830 -2.900947
v -1.830253 0.071124 -2.900121
v -1.820653 0.071124 -2.900947
v -1.830253 0.085343 -2.900121
v -1.778549 0.040830 -2.904564
v -1.778549 0.025344 -2.904564
v -1.192934 0.040830 -3.176034
v -1.192900 0.025344 -3.175252
v -1.141081 0.085343 -3.177793
v -1.184829 0.085343 -3.176309
v -1.132980 0.025344 -3.178191
v -1.175179 0.071124 -3.176123
v -1.184800 0.071124 -3.175650
v -1.175179 0.040830 -3.176123
v -1.150702 0.071124 -3.177323
v -1.150702 0.040830 -3.177323
v -1.141081 0.071124 -3.177793
v -1.132980 0.040830 -3.178191
v -1.852967 0.025344 -3.142523
v -1.852967 0.040830 -3.142523
v -1.810743 0.040830 -3.144020
v -1.810743 0.071124 -3.144020
v -1.801121 0.071124 -3.144520
v -1.801115 0.085343 -3.144361
v -1.773073 -0.025739 -3.015099
v -1.773073 0.054262 -3.015099
v -1.803030 0.054262 -3.013505
v -1.803030 -0.025739 -3.013505
v -1.774396 -0.025739 -3.046402
v -1.774396 0.054262 -3.046402
v -1.804361 -0.025739 -3.044936
v -1.804361 0.054262 -3.044936
v -1.168195 0.054262 -3.047293
v -1.198153 0.054262 -3.045699
v -1.198153 -0.025739 -3.045699
v -1.168195 -0.025739 -3.047293
v -1.199351 0.054262 -3.074543
v -1.199351 -0.025739 -3.074543
v -1.169386 0.054262 -3.076010
v -1.169386 -0.025739 -3.076010
v -1.013000 -0.030460 -3.004205
v -1.013000 0.029540 -3.004205
v -1.951223 0.029540 -2.946429
v -1.951223 -0.030460 -2.946429
v -1.019580 -0.030460 -3.134902
v -1.019580 0.029540 -3.134902
v -1.958787 -0.030460 -3.096314
v -1.958787 0.029540 -3.096314
v -1.835219 0.040830 -3.142747
v -1.844839 0.071124 -3.142247
v -1.835219 0.071124 -3.142747
v -1.844839 0.085343 -3.142247
v -1.793023 0.040830 -3.144940
v -1.793023 0.025344 -3.144940
v -1.198802 0.040830 -3.397432
v -1.198806 0.025344 -3.396645
v -1.146920 0.085343 -3.397606
v -1.190693 0.085343 -3.397459
v -1.138808 0.025344 -3.397757
v -1.181062 0.071124 -3.396976
v -1.190695 0.071124 -3.396795
v -1.181062 0.040830 -3.396976
v -1.156554 0.071124 -3.397429
v -1.156554 0.040830 -3.397429
v -1.146919 0.071124 -3.397607
v -1.138808 0.040830 -3.397757
v -1.859710 0.025347 -3.384166
v -1.859710 0.040833 -3.384166
v -1.817459 0.040831 -3.384364
v -1.817459 0.071125 -3.384364
v -1.807824 0.071125 -3.384566
v -1.807826 0.085345 -3.384409
v -1.783344 -0.025739 -3.254750
v -1.783344 0.054262 -3.254750
v -1.813336 0.054262 -3.254117
v -1.813336 -0.025739 -3.254117
v -1.783924 -0.025739 -3.285994
v -1.783924 0.054262 -3.285994
v -1.813920 -0.025739 -3.285481
v -1.813920 0.054262 -3.285481
v -1.177744 0.054262 -3.267515
v -1.207737 0.054262 -3.266883
v -1.207737 -0.025739 -3.266883
v -1.177744 -0.025739 -3.267515
v -1.208274 0.054262 -3.295830
v -1.208274 -0.025739 -3.295830
v -1.178278 0.054262 -3.296343
v -1.178278 -0.025739 -3.296343
v -1.024704 -0.030460 -3.218982
v -1.024704 0.029540 -3.218982
v -1.964324 0.029540 -3.192299
v -1.964324 -0.030460 -3.192299
v -1.027145 -0.030460 -3.350679
v -1.027145 0.029540 -3.350679
v -1.967100 -0.030457 -3.341495
v -1.967100 0.029543 -3.341495
v -1.841969 0.040831 -3.383846
v -1.851601 0.071125 -3.383643
v -1.841969 0.071125 -3.383846
v -1.851601 0.085345 -3.383643
v -1.799715 0.040830 -3.384737
v -1.799715 0.025344 -3.384737
v -1.147634 0.085803 -3.629804
v -1.139523 0.025803 -3.629804
v -1.191412 0.071584 -3.629804
v -1.181778 0.041289 -3.629804
v -1.157268 0.041289 -3.629804
v -1.147634 0.071584 -3.629804
v -1.860477 0.025803 -3.629306
v -1.808588 0.071584 -3.629306
v -1.786716 -0.025736 -3.493855
v -1.786716 0.054265 -3.493855
v -1.816715 0.054265 -3.494107
v -1.816715 -0.025736 -3.494107
v -1.786593 -0.025736 -3.525033
v -1.786593 0.054265 -3.525033
v -1.816591 -0.025736 -3.525400
v -1.816591 0.054265 -3.525400
v -1.181004 0.054262 -3.488732
v -1.211002 0.054262 -3.488985
v -1.211002 -0.025739 -3.488985
v -1.181004 -0.025739 -3.488732
v -1.210902 0.054262 -3.518009
v -1.210902 -0.025739 -3.518009
v -1.180904 0.054262 -3.517643
v -1.180904 -0.025739 -3.517643
v -1.029063 -0.030460 -3.435486
v -1.029063 0.029540 -3.435486
v -1.969061 0.029543 -3.436981
v -1.969061 -0.030457 -3.436981
v -1.028593 -0.030460 -3.569798
v -1.028593 0.029540 -3.569798
v -1.968494 -0.030457 -3.583365
v -1.968494 0.029543 -3.583365
v -1.842732 0.041289 -3.629306
v -1.852366 0.071584 -3.629306
v -1.852604 0.085345 -3.629381
v -1.788948 0.041289 -2.273644
v -1.391200 0.041289 -1.875896
v -1.258618 0.041289 -1.743314
v -1.246070 0.041289 -1.755862
v -1.378653 0.041289 -1.888444
v -0.728288 0.041289 -1.212984
v -0.715740 0.041289 -1.225531
v -1.782135 0.071584 -2.280456
v -1.788948 0.071584 -2.273644
v -1.384388 0.071584 -1.882709
v -1.251805 0.071584 -1.750126
v -1.258618 0.071584 -1.743314
v -1.391200 0.071584 -1.875896
v -0.721475 0.071584 -1.219796
v -0.728288 0.071584 -1.212984
v -1.782135 0.085803 -2.280456
v -1.384388 0.085803 -1.882709
v -1.251805 0.085803 -1.750126
v -0.721475 0.085803 -1.219796
v -1.818826 0.041289 -2.243765
v -1.421079 0.041289 -1.846018
v -1.288496 0.041289 -1.713435
v -1.275949 0.041289 -1.725983
v -1.408531 0.041289 -1.858565
v -0.758166 0.041289 -1.183105
v -0.745619 0.041289 -1.195653
v -1.408531 0.071584 -1.858565
v -1.275949 0.071584 -1.725983
v -1.282761 0.071584 -1.719170
v -1.415344 0.071584 -1.851753
v -0.745619 0.071584 -1.195653
v -0.752431 0.071584 -1.188840
v -0.752431 0.085803 -1.188840
v -1.282761 0.085803 -1.719170
v -1.818826 0.025803 -2.243765
v -1.378653 0.025803 -1.888444
v -1.246070 0.025803 -1.755862
v -1.288496 0.025803 -1.713435
v -1.421079 0.025803 -1.846018
v -0.715740 0.025803 -1.225531
v -0.758166 0.025803 -1.183105
v -1.415344 0.085803 -1.851753
v -1.525377 0.025803 -2.035169
v -1.525377 0.041289 -2.035169
v -1.567804 0.041289 -1.992742
v -1.567804 0.025803 -1.992742
v -1.531113 0.085803 -2.029433
v -1.562068 0.085803 -1.998478
v -1.555256 0.071584 -2.005290
v -1.555256 0.041289 -2.005290
v -1.562068 0.071584 -1.998478
v -1.537925 0.071584 -2.022621
v -1.537925 0.041289 -2.022621
v -1.531113 0.071584 -2.029433
v -1.523687 0.054721 -1.973219
v -1.544901 0.054721 -1.952006
v -1.544901 -0.025279 -1.952006
v -1.523687 -0.025279 -1.973219
v -1.566113 0.054721 -1.973219
v -1.566113 -0.025279 -1.973219
v -1.544900 0.054721 -1.994432
v -1.544900 -0.025279 -1.994432
v -0.451722 -0.025279 -0.907735
v -0.451722 0.054721 -0.907735
v -0.475145 0.054721 -0.888990
v -0.475145 -0.025279 -0.888990
v -0.470466 -0.025279 -0.931159
v -0.470466 0.054721 -0.931159
v -0.493889 -0.025279 -0.912414
v -0.493889 0.054721 -0.912414
v -0.243181 0.071584 0.241515
v -0.219037 0.085803 0.217372
v -0.219037 0.071584 0.217372
v -0.225850 0.071584 0.224184
v -0.249993 0.071584 0.248328
v -0.213302 0.025803 0.211637
v -0.255728 0.025803 0.254063
v -0.255728 0.041289 0.254063
v -0.243181 0.041289 0.241515
v -0.225850 0.041289 0.224184
v -0.213302 0.041289 0.211637
v -0.249993 0.085803 0.248328
v 0.217372 0.071584 -0.219037
v 0.241515 0.071584 -0.243181
v 0.224184 0.071584 -0.225850
v 0.248328 0.085803 -0.249993
v 0.248328 0.071584 -0.249993
v 0.224184 0.041289 -0.225850
v 0.241515 0.041289 -0.243181
v 0.211637 0.041289 -0.213302
v 0.211637 0.025803 -0.213302
v 0.109577 -0.025279 -0.297528
v 0.109577 0.054721 -0.297528
v 0.130790 0.054721 -0.318742
v 0.130790 -0.025279 -0.318742
v 0.130790 -0.025279 -0.276315
v 0.130790 0.054721 -0.276315
v 0.152003 -0.025279 -0.297528
v 0.152003 0.054721 -0.297528
v -0.318742 0.054721 0.130790
v -0.297528 0.054721 0.109577
v -0.297528 -0.025279 0.109577
v -0.318742 -0.025279 0.130790
v -0.276315 -0.025279 0.130790
v -0.297528 0.054721 0.152003
v -0.297528 -0.025279 0.152003
v -0.276315 0.054721 0.130790
v 0.217372 0.085803 -0.219037
v 0.254063 0.025803 -0.255728
v 0.254063 0.041289 -0.255728
v -0.465207 -0.030000 0.199474
v -0.465207 0.030000 0.199474
v 0.199474 0.030000 -0.465207
v 0.199474 -0.030000 -0.465207
v -0.366212 -0.030000 0.298469
v -0.366212 0.030000 0.298469
v 0.298469 -0.030000 -0.366212
v 0.298469 0.030000 -0.366212
v -0.041868 -0.025279 -0.448974
v -0.020655 0.054721 -0.470187
v -0.020655 -0.025279 -0.470187
v -0.020655 -0.025279 -0.427761
v 0.000558 -0.025279 -0.448974
v 0.000558 0.054721 -0.448974
v -0.448974 -0.025279 -0.041868
v -0.470187 -0.025279 -0.020655
v -0.427761 -0.025279 -0.020655
v -0.448974 0.054721 0.000558
v -0.448974 -0.025279 0.000558
v -0.041868 0.054721 -0.448974
v -0.020655 0.054721 -0.427761
v -0.427761 0.054721 -0.020655
v -0.448974 0.054721 -0.041868
v -0.470187 0.054721 -0.020655
v -0.616652 -0.030000 0.048028
v -0.616652 0.030000 0.048028
v 0.048028 0.030000 -0.616652
v 0.048028 -0.030000 -0.616652
v -0.517657 -0.030000 0.147023
v -0.517657 0.030000 0.147023
v 0.147023 -0.030000 -0.517657
v 0.147023 0.030000 -0.517657
v -0.227893 0.025803 -0.652832
v -0.185467 0.025803 -0.695258
v -0.198014 0.041289 -0.682711
v -0.185467 0.041289 -0.695258
v -0.191202 0.085803 -0.689523
v -0.222158 0.085803 -0.658567
v -0.215346 0.071584 -0.665380
v -0.191704 -0.025279 -0.598810
v -0.170491 0.054721 -0.620023
v -0.170491 -0.025279 -0.620023
v -0.170491 -0.025279 -0.577597
v -0.149278 -0.025279 -0.598810
v -0.149278 0.054721 -0.598810
v -0.598810 0.054721 -0.191704
v -0.598810 -0.025279 -0.191704
v -0.620023 -0.025279 -0.170491
v -0.577597 -0.025279 -0.170491
v -0.598810 0.054721 -0.149278
v -0.598810 -0.025279 -0.149278
v -0.766488 -0.030000 -0.101809
v -0.101808 0.030000 -0.766488
v -0.667493 -0.030000 -0.002813
v -0.667493 0.030000 -0.002814
v -0.002813 -0.030000 -0.667493
v -0.766488 0.030000 -0.101809
v -0.577597 0.054721 -0.170492
v -0.101808 -0.030000 -0.766488
v -0.620023 0.054721 -0.170492
v -0.002813 0.030000 -0.667493
v -0.227893 0.041289 -0.652832
v -0.191704 0.054721 -0.598810
v -0.170491 0.054721 -0.577597
v -0.215357 0.041289 -0.665390
v -0.191213 0.071584 -0.689534
v -0.198025 0.071584 -0.682722
v -0.222169 0.071584 -0.658578
v -1.157268 0.071584 -3.629804
v -1.191412 0.085803 -3.629804
v -1.181778 0.071584 -3.629804
v -1.199523 0.025803 -3.629804
v -1.139523 0.041289 -3.629804
v -1.199523 0.041289 -3.629804
v -1.139523 0.025803 -4.000000
v -1.139523 0.041289 -4.000000
v -1.181778 0.041289 -4.000000
v -1.157268 0.041289 -4.000000
v -1.199523 0.025803 -4.000000
v -1.199523 0.041289 -4.000000
v -1.157268 0.071584 -4.000000
v -1.181778 0.071584 -4.000000
v -1.191412 0.071584 -4.000000
v -1.191412 0.085803 -4.000000
v -1.147634 0.085803 -4.000000
v -1.147634 0.071584 -4.000000
v -1.808588 0.085803 -3.629306
v -1.842732 0.071584 -3.629306
v -1.818222 0.071584 -3.629306
v -1.852366 0.085803 -3.629306
v -1.860477 0.041289 -3.629306
v -1.818222 0.041289 -3.629306
v -1.800477 0.025803 -3.629306
v -1.800477 0.041289 -3.629306
v -1.860477 0.025803 -4.000000
v -1.860477 0.041289 -4.000000
v -1.800477 0.025803 -4.000000
v -1.818222 0.041289 -4.000000
v -1.800477 0.041289 -4.000000
v -1.842732 0.041289 -4.000000
v -1.852366 0.071584 -4.000000
v -1.852366 0.085803 -4.000000
v -1.818222 0.071584 -4.000000
v -1.842732 0.071584 -4.000000
v -1.808588 0.085803 -4.000000
v -1.808588 0.071584 -4.000000
v -1.787867 -0.025279 -3.680850
v -1.787867 0.054721 -3.680850
v -1.817867 0.054721 -3.680850
v -1.817867 -0.025279 -3.680850
v -1.787867 -0.025279 -3.710850
v -1.787867 0.054721 -3.710850
v -1.817867 -0.025279 -3.710850
v -1.817867 0.054721 -3.710850
v -1.182133 0.054721 -3.680850
v -1.212133 0.054721 -3.680850
v -1.212133 -0.025279 -3.680850
v -1.182133 -0.025279 -3.680850
v -1.212133 0.054721 -3.710850
v -1.212133 -0.025279 -3.710850
v -1.182133 0.054721 -3.710850
v -1.182133 -0.025279 -3.710850
v -1.787867 -0.025279 -3.875202
v -1.787867 0.054721 -3.875202
v -1.817867 0.054721 -3.875202
v -1.817867 -0.025279 -3.875202
v -1.787867 -0.025279 -3.905202
v -1.787867 0.054721 -3.905202
v -1.817867 -0.025279 -3.905202
v -1.817867 0.054721 -3.905202
v -1.182133 0.054721 -3.875202
v -1.212133 0.054721 -3.875202
v -1.212133 -0.025279 -3.875202
v -1.182133 -0.025279 -3.875202
v -1.212133 0.054721 -3.905202
v -1.212133 -0.025279 -3.905202
v -1.182133 0.054721 -3.905202
v -1.182133 -0.025279 -3.905202
v -1.030000 -0.030000 -3.820202
v -1.030000 0.030000 -3.820202
v -1.970000 0.030000 -3.820202
v -1.970000 -0.030000 -3.820202
v -1.030000 -0.030000 -3.960202
v -1.030000 0.030000 -3.960202
v -1.970000 -0.030000 -3.960202
v -1.970000 0.030000 -3.960202
v -1.030000 -0.030000 -3.625850
v -1.030000 0.030000 -3.625850
v -1.970000 0.030000 -3.625850
v -1.970000 -0.030000 -3.625850
v -1.030000 -0.030000 -3.765850
v -1.030000 0.030000 -3.765850
v -1.970000 -0.030000 -3.765850
v -1.970000 0.030000 -3.765850
v -3.254156 0.041289 -2.744365
vt 0.906075 0.259595
vt 0.000000 0.000000
vt 0.906075 0.219937
vt 0.000512 0.321630
vt 0.000512 0.312903
vt 0.000000 0.089593
vt 0.000000 0.062150
vt 0.905875 0.093759
vt 0.905875 0.121202
vt 0.906075 0.312903
vt 0.905875 0.034093
vt 0.905875 0.048121
vt 0.000200 0.219937
vt 0.000000 0.121202
vt 0.000000 0.093759
vt 0.000000 0.025761
vt 0.905875 0.012881
vt 0.000000 0.012881
vt 0.000512 0.321630
vt 0.906387 0.330358
vt 0.906387 0.321630
vt 0.906075 0.296828
vt 0.000200 0.312903
vt 0.905875 0.062150
vt 0.000000 0.012881
vt 0.905875 0.000000
vt 0.000000 0.000000
vt 0.906387 0.312903
vt 0.999050 0.183297
vt 0.939310 0.342604
vt 0.939310 0.183297
vt 0.999050 0.183297
vt 0.939310 0.342604
vt 0.939310 0.183297
vt 0.999050 0.342604
vt 0.939310 0.183297
vt 0.999050 0.183297
vt 0.999050 0.342604
vt 0.939310 0.183297
vt 0.999050 0.183297
vt 0.985655 0.132863
vt 0.939081 0.179437
vt 0.939081 0.132863
vt 0.939310 0.342604
vt 0.999050 0.183297
vt 0.939310 0.183297
vt 0.939310 0.342604
vt 0.999050 0.183297
vt 0.939310 0.183297
vt 0.939310 0.342604
vt 0.999050 0.183297
vt 0.939310 0.183297
vt 0.999050 0.342604
vt 0.939310 0.183297
vt 0.939310 0.342604
vt 0.979692 0.844034
vt -0.000781 0.781451
vt 0.979692 0.781451
vt 0.146184 0.656284
vt 0.000156 0.718868
vt 0.000156 0.656284
vt 0.998987 0.850355
vt 0.001647 0.998895
vt 0.001647 0.850355
vt 0.000000 0.012881
vt 0.000512 0.312903
vt 0.000512 0.321630
vt 0.980127 0.103062
vt 0.958243 0.103062
vt 0.000000 0.000000
vt 0.906075 0.312903
vt 0.905875 0.034093
vt 0.000000 0.062150
vt 0.000000 0.089593
vt 0.000000 0.000000
vt 0.905875 0.048121
vt 0.000000 0.062150
vt 0.905875 0.062150
vt 0.000000 0.034093
vt -0.000122 0.210448
vt 0.905753 0.156096
vt -0.000122 0.156096
vt 0.906075 0.297453
vt 0.000200 0.281378
vt 0.000200 0.297453
vt 0.985655 0.179437
vt 0.939081 0.132863
vt 0.939081 0.179437
vt 0.980629 0.781451
vt 0.000156 0.718868
vt 0.980629 0.718868
vt 0.302823 0.718868
vt 0.156795 0.656284
vt 0.302823 0.656284
vt 0.999534 0.654611
vt -0.000466 0.505675
vt 0.999534 0.505675
vt 0.905875 0.048121
vt 0.000512 0.330358
vt 0.905875 0.025761
vt 0.000000 0.048121
vt 0.905875 0.062150
vt 0.905875 0.048121
vt 0.905875 0.034093
vt 0.000000 0.048121
vt 0.905875 0.048121
vt -0.000122 0.156096
vt 0.905753 0.210448
vt 0.905753 0.156096
vt 0.000000 0.121202
vt 0.905875 0.093759
vt 0.000000 0.093759
vt 0.000512 0.321630
vt 0.906387 0.330358
vt 0.906387 0.321630
vt 0.906075 0.296828
vt 0.000200 0.312903
vt 0.906075 0.312903
vt 0.000000 0.062150
vt 0.905875 0.089593
vt 0.905875 0.062150
vt 0.000000 0.012881
vt 0.905875 0.000000
vt 0.000000 0.000000
vt 0.000512 0.321630
vt 0.906387 0.312903
vt 0.000512 0.312903
vt 0.906075 0.281378
vt 0.000200 0.297453
vt 0.906075 0.297453
vt 0.999050 0.183297
vt 0.939310 0.342604
vt 0.939310 0.183297
vt 0.999050 0.183297
vt 0.939310 0.342604
vt 0.939310 0.183297
vt 0.999050 0.342604
vt 0.939310 0.183297
vt 0.999050 0.183297
vt 0.999050 0.342604
vt 0.939310 0.183297
vt 0.999050 0.183297
vt 0.985655 0.132863
vt 0.939081 0.179437
vt 0.939081 0.132863
vt 0.999050 0.342604
vt 0.939310 0.183297
vt 0.939310 0.342604
vt 0.939310 0.342604
vt 0.999050 0.183297
vt 0.939310 0.183297
vt 0.999050 0.342604
vt 0.939310 0.183297
vt 0.939310 0.342604
vt 0.939310 0.342604
vt 0.999050 0.183297
vt 0.939310 0.183297
vt 0.979692 0.844034
vt -0.000781 0.781451
vt 0.979692 0.781451
vt 0.146184 0.718868
vt 0.000156 0.656284
vt 0.146184 0.656284
vt 0.998987 0.998895
vt 0.001647 0.850355
vt 0.998987 0.850355
vt 0.000200 0.219937
vt 0.906075 0.259595
vt 0.906075 0.219937
vt 0.000000 0.025761
vt 0.905875 0.012881
vt 0.000000 0.012881
vt 0.985655 0.179437
vt 0.939081 0.132863
vt 0.939081 0.179437
vt 0.980629 0.718868
vt 0.000156 0.781451
vt 0.000156 0.718868
vt 0.302823 0.656284
vt 0.156795 0.718868
vt 0.156795 0.656284
vt 0.999534 0.654611
vt -0.000466 0.505675
vt 0.999534 0.505675
vt 0.905875 0.048121
vt 0.000000 0.062150
vt 0.905875 0.062150
vt 0.000000 0.034093
vt 0.905875 0.048121
vt 0.905875 0.034093
vt 0.906075 0.219937
vt 0.000200 0.259595
vt 0.906075 0.259595
vt -0.000122 0.210448
vt 0.905753 0.156096
vt -0.000122 0.156096
vt 0.000000 0.093759
vt 0.905875 0.121202
vt 0.905875 0.093759
vt 0.000000 0.012881
vt 0.905875 0.025761
vt 0.905875 0.012881
vt 0.000512 0.321630
vt 0.906387 0.330358
vt 0.906387 0.321630
vt 0.906075 0.312903
vt 0.000200 0.296828
vt 0.000200 0.312903
vt 0.000000 0.089593
vt 0.905875 0.062150
vt 0.000000 0.062150
vt 0.000000 0.012881
vt 0.905875 0.000000
vt 0.000000 0.000000
vt 0.000512 0.312903
vt 0.906387 0.321630
vt 0.906387 0.312903
vt 0.906075 0.281378
vt 0.000200 0.297453
vt 0.906075 0.297453
vt 0.999050 0.183297
vt 0.939310 0.342604
vt 0.939310 0.183297
vt 0.999050 0.342604
vt 0.939310 0.183297
vt 0.999050 0.183297
vt 0.999050 0.342604
vt 0.939310 0.183297
vt 0.999050 0.183297
vt 0.999050 0.342604
vt 0.939310 0.183297
vt 0.999050 0.183297
vt 0.985655 0.132863
vt 0.939081 0.179437
vt 0.939081 0.132863
vt 0.999050 0.342604
vt 0.939310 0.183297
vt 0.939310 0.342604
vt 0.999050 0.342604
vt 0.939310 0.183297
vt 0.939310 0.342604
vt 0.999050 0.342604
vt 0.939310 0.183297
vt 0.939310 0.342604
vt 0.999050 0.342604
vt 0.939310 0.183297
vt 0.939310 0.342604
vt 0.979692 0.844034
vt -0.000781 0.781451
vt 0.979692 0.781451
vt 0.146184 0.656284
vt 0.000156 0.718868
vt 0.000156 0.656284
vt 0.998987 0.998895
vt 0.001647 0.850355
vt 0.998987 0.850355
vt 0.939081 0.179437
vt 0.985655 0.132863
vt 0.939081 0.132863
vt 0.980629 0.781451
vt 0.000156 0.718868
vt 0.980629 0.718868
vt 0.302823 0.718868
vt 0.156795 0.656284
vt 0.302823 0.656284
vt 0.999534 0.654611
vt -0.000466 0.505675
vt 0.999534 0.505675
vt 0.679406 0.048121
vt 0.679406 0.062150
vt 0.000000 0.121202
vt 0.226469 0.093759
vt 0.226469 0.121202
vt 0.000000 0.025761
vt 0.226469 0.012881
vt 0.226469 0.025761
vt 0.999050 0.342604
vt 0.939310 0.183297
vt 0.999050 0.183297
vt 0.999050 0.342604
vt 0.939310 0.183297
vt 0.999050 0.183297
vt 0.999050 0.342604
vt 0.939310 0.183297
vt 0.999050 0.183297
vt 0.999050 0.342604
vt 0.939310 0.183297
vt 0.999050 0.183297
vt 0.985655 0.179437
vt 0.939081 0.132863
vt 0.985655 0.132863
vt 0.999050 0.342604
vt 0.939310 0.183297
vt 0.999050 0.183297
vt 0.999050 0.342604
vt 0.939310 0.183297
vt 0.999050 0.183297
vt 0.999050 0.342604
vt 0.939310 0.183297
vt 0.999050 0.183297
vt 0.999050 0.342604
vt 0.939310 0.183297
vt 0.999050 0.183297
vt 0.985655 0.132863
vt 0.939081 0.179437
vt 0.939081 0.132863
vt 0.999050 0.342604
vt 0.939310 0.183297
vt 0.999050 0.183297
vt 0.999050 0.342604
vt 0.939310 0.183297
vt 0.999050 0.183297
vt 0.999050 0.342604
vt 0.939310 0.183297
vt 0.999050 0.183297
vt 0.999050 0.342604
vt 0.939310 0.183297
vt 0.999050 0.183297
vt 0.985655 0.179437
vt 0.939081 0.132863
vt 0.985655 0.132863
vt 0.979692 0.844034
vt -0.000781 0.781451
vt 0.979692 0.781451
vt 0.146184 0.656284
vt 0.000156 0.718868
vt 0.000156 0.656284
vt 0.980629 0.781451
vt 0.000156 0.718868
vt 0.980629 0.718868
vt 0.302823 0.718868
vt 0.156795 0.656284
vt 0.302823 0.656284
vt 0.999534 0.654611
vt -0.000466 0.505675
vt 0.999534 0.505675
vt 0.979692 0.844034
vt -0.000781 0.781451
vt 0.979692 0.781451
vt 0.145247 0.718868
vt -0.000781 0.656284
vt 0.145247 0.656284
vt 0.979692 0.781451
vt -0.000781 0.718868
vt 0.979692 0.718868
vt 0.302823 0.718868
vt 0.156795 0.656284
vt 0.302823 0.656284
vt 1.000000 1.000000
vt 0.000000 0.851064
vt 1.000000 0.851064
vt 0.979692 0.844034
vt -0.000781 0.781451
vt 0.979692 0.781451
vt 0.145247 0.718868
vt -0.000781 0.656284
vt 0.145247 0.656284
vt 0.979692 0.781451
vt -0.000781 0.718868
vt 0.979692 0.718868
vt 0.302823 0.718868
vt 0.156795 0.656284
vt 0.302823 0.656284
vt 0.999897 0.498042
vt -0.000103 0.349106
vt 0.999897 0.349106
vt 0.979692 0.844034
vt -0.000781 0.781451
vt 0.979692 0.781451
vt 0.145247 0.656284
vt -0.000781 0.718868
vt -0.000781 0.656284
vt 0.979692 0.781451
vt -0.000781 0.718868
vt 0.979692 0.718868
vt 0.302823 0.718868
vt 0.156795 0.656284
vt 0.302823 0.656284
vt 1.000000 0.851064
vt 0.000000 1.000000
vt 0.000000 0.851064
vt 0.998987 0.998895
vt 0.001647 0.850355
vt 0.998987 0.850355
vt 0.998987 0.849509
vt 0.001647 0.998049
vt 0.001647 0.849509
vt 0.997339 0.500556
vt 0.000000 0.352016
vt 0.997339 0.352016
vt 0.998987 0.504118
vt 0.001647 0.652658
vt 0.001647 0.504118
vt 0.999050 0.342604
vt 0.939310 0.183297
vt 0.999050 0.183297
vt 0.999050 0.342604
vt 0.939310 0.183297
vt 0.999050 0.183297
vt 0.999050 0.342604
vt 0.939310 0.183297
vt 0.999050 0.183297
vt 0.999050 0.342604
vt 0.939310 0.183297
vt 0.999050 0.183297
vt 0.985655 0.132863
vt 0.939081 0.179437
vt 0.939081 0.132863
vt 0.999050 0.342604
vt 0.939310 0.183297
vt 0.999050 0.183297
vt 0.999050 0.183297
vt 0.939310 0.342604
vt 0.939310 0.183297
vt 0.999050 0.342604
vt 0.939310 0.183297
vt 0.999050 0.183297
vt 0.999050 0.342604
vt 0.939310 0.183297
vt 0.999050 0.183297
vt 0.985655 0.179437
vt 0.939081 0.132863
vt 0.985655 0.132863
vt 0.999050 0.342604
vt 0.939310 0.183297
vt 0.999050 0.183297
vt 0.999050 0.342604
vt 0.939310 0.183297
vt 0.999050 0.183297
vt 0.999050 0.342604
vt 0.939310 0.183297
vt 0.999050 0.183297
vt 0.999050 0.342604
vt 0.939310 0.183297
vt 0.999050 0.183297
vt 0.985655 0.179437
vt 0.939081 0.132863
vt 0.985655 0.132863
vt 0.999050 0.342604
vt 0.939310 0.183297
vt 0.939310 0.342604
vt 0.999050 0.342604
vt 0.939310 0.183297
vt 0.939310 0.342604
vt 0.999050 0.342604
vt 0.939310 0.183297
vt 0.939310 0.342604
vt 0.999050 0.342604
vt 0.939310 0.183297
vt 0.939310 0.342604
vt 0.985655 0.179437
vt 0.939081 0.132863
vt 0.939081 0.179437
vt 0.999050 0.342604
vt 0.939310 0.183297
vt 0.999050 0.183297
vt 0.999050 0.183297
vt 0.939310 0.342604
vt 0.939310 0.183297
vt 0.999050 0.342604
vt 0.939310 0.183297
vt 0.999050 0.183297
vt 0.999050 0.342604
vt 0.939310 0.183297
vt 0.999050 0.183297
vt 0.985655 0.179437
vt 0.939081 0.132863
vt 0.985655 0.132863
vt 0.979692 0.844034
vt -0.000781 0.781451
vt 0.979692 0.781451
vt 0.146184 0.656284
vt 0.000156 0.718868
vt 0.000156 0.656284
vt 0.980629 0.781451
vt 0.000156 0.718868
vt 0.980629 0.718868
vt 0.302823 0.718868
vt 0.156795 0.656284
vt 0.302823 0.656284
vt 0.999534 0.654611
vt -0.000466 0.505675
vt 0.999534 0.505675
vt 0.979692 0.844034
vt -0.000781 0.781451
vt 0.979692 0.781451
vt 0.145247 0.656284
vt -0.000781 0.718868
vt -0.000781 0.656284
vt 0.979692 0.781451
vt -0.000781 0.718868
vt 0.979692 0.718868
vt 0.302823 0.718868
vt 0.156795 0.656284
vt 0.302823 0.656284
vt 1.000000 1.000000
vt 0.000000 0.851064
vt 1.000000 0.851064
vt 0.979692 0.844034
vt -0.000781 0.781451
vt 0.979692 0.781451
vt 0.145247 0.718868
vt -0.000781 0.656284
vt 0.145247 0.656284
vt 0.979692 0.781451
vt -0.000781 0.718868
vt 0.979692 0.718868
vt 0.302823 0.718868
vt 0.156795 0.656284
vt 0.302823 0.656284
vt 0.999897 0.498042
vt -0.000103 0.349106
vt 0.999897 0.349106
vt 0.979692 0.844034
vt -0.000781 0.781451
vt 0.979692 0.781451
vt 0.145247 0.656284
vt -0.000781 0.718868
vt -0.000781 0.656284
vt 0.979692 0.781451
vt -0.000781 0.718868
vt 0.979692 0.718868
vt 0.302823 0.718868
vt 0.156795 0.656284
vt 0.302823 0.656284
vt 1.000000 1.000000
vt 0.000000 0.851064
vt 1.000000 0.851064
vt 0.998987 0.850355
vt 0.001647 0.998895
vt 0.001647 0.850355
vt 0.998987 0.998049
vt 0.001647 0.849509
vt 0.998987 0.849509
vt 0.997339 0.500556
vt 0.000000 0.352016
vt 0.997339 0.352016
vt 0.998987 0.652658
vt 0.001647 0.504118
vt 0.998987 0.504118
vt 0.999050 0.342604
vt 0.939310 0.183297
vt 0.999050 0.183297
vt 0.999050 0.342604
vt 0.939310 0.183297
vt 0.999050 0.183297
vt 0.999050 0.342604
vt 0.939310 0.183297
vt 0.999050 0.183297
vt 0.999050 0.342604
vt 0.939310 0.183297
vt 0.999050 0.183297
vt 0.985655 0.132863
vt 0.939081 0.179437
vt 0.939081 0.132863
vt 0.999050 0.342604
vt 0.939310 0.183297
vt 0.939310 0.342604
vt 0.999050 0.342604
vt 0.939310 0.183297
vt 0.939310 0.342604
vt 0.999050 0.342604
vt 0.939310 0.183297
vt 0.939310 0.342604
vt 0.999050 0.342604
vt 0.939310 0.183297
vt 0.939310 0.342604
vt 0.985655 0.179437
vt 0.939081 0.132863
vt 0.939081 0.179437
vt 0.999050 0.342604
vt 0.939310 0.183297
vt 0.999050 0.183297
vt 0.999050 0.183297
vt 0.939310 0.342604
vt 0.939310 0.183297
vt 0.999050 0.342604
vt 0.939310 0.183297
vt 0.999050 0.183297
vt 0.999050 0.342604
vt 0.939310 0.183297
vt 0.999050 0.183297
vt 0.985655 0.179437
vt 0.939081 0.132863
vt 0.985655 0.132863
vt 0.999050 0.342604
vt 0.939310 0.183297
vt 0.939310 0.342604
vt 0.939310 0.342604
vt 0.999050 0.183297
vt 0.939310 0.183297
vt 0.999050 0.342604
vt 0.939310 0.183297
vt 0.939310 0.342604
vt 0.999050 0.342604
vt 0.939310 0.183297
vt 0.939310 0.342604
vt 0.939081 0.179437
vt 0.985655 0.132863
vt 0.939081 0.132863
vt 0.999050 0.342604
vt 0.939310 0.183297
vt 0.999050 0.183297
vt 0.999050 0.342604
vt 0.939310 0.183297
vt 0.999050 0.183297
vt 0.999050 0.342604
vt 0.939310 0.183297
vt 0.999050 0.183297
vt 0.999050 0.342604
vt 0.939310 0.183297
vt 0.999050 0.183297
vt 0.985655 0.179437
vt 0.939081 0.132863
vt 0.985655 0.132863
vt 0.999050 0.342604
vt 0.939310 0.183297
vt 0.939310 0.342604
vt 0.999050 0.342604
vt 0.939310 0.183297
vt 0.939310 0.342604
vt 0.999050 0.342604
vt 0.939310 0.183297
vt 0.939310 0.342604
vt 0.999050 0.342604
vt 0.939310 0.183297
vt 0.939310 0.342604
vt 0.939081 0.179437
vt 0.985655 0.132863
vt 0.939081 0.132863
vt 0.999050 0.342604
vt 0.939310 0.183297
vt 0.999050 0.183297
vt 0.999050 0.342604
vt 0.939310 0.183297
vt 0.999050 0.183297
vt 0.999050 0.342604
vt 0.939310 0.183297
vt 0.999050 0.183297
vt 0.999050 0.342604
vt 0.939310 0.183297
vt 0.999050 0.183297
vt 0.985655 0.132863
vt 0.939081 0.179437
vt 0.939081 0.132863
vt 0.999050 0.342604
vt 0.939310 0.183297
vt 0.939310 0.342604
vt 0.999050 0.342604
vt 0.939310 0.183297
vt 0.939310 0.342604
vt 0.999050 0.342604
vt 0.939310 0.183297
vt 0.939310 0.342604
vt 0.999050 0.342604
vt 0.939310 0.183297
vt 0.939310 0.342604
vt 0.985655 0.179437
vt 0.939081 0.132863
vt 0.939081 0.179437
vt 0.979692 0.844034
vt -0.000781 0.781451
vt 0.979692 0.781451
vt 0.146184 0.718868
vt 0.000156 0.656284
vt 0.146184 0.656284
vt 0.980629 0.781451
vt 0.000156 0.718868
vt 0.980629 0.718868
vt 0.302823 0.718868
vt 0.156795 0.656284
vt 0.302823 0.656284
vt 0.999534 0.654611
vt -0.000466 0.505675
vt 0.999534 0.505675
vt 0.979692 0.844034
vt -0.000781 0.781451
vt 0.979692 0.781451
vt 0.145247 0.718868
vt -0.000781 0.656284
vt 0.145247 0.656284
vt 0.979692 0.781451
vt -0.000781 0.718868
vt 0.979692 0.718868
vt 0.302823 0.718868
vt 0.156795 0.656284
vt 0.302823 0.656284
vt 1.000000 1.000000
vt 0.000000 0.851064
vt 1.000000 0.851064
vt 0.979692 0.844034
vt -0.000781 0.781451
vt 0.979692 0.781451
vt 0.145247 0.656284
vt -0.000781 0.718868
vt -0.000781 0.656284
vt 0.979692 0.781451
vt -0.000781 0.718868
vt 0.979692 0.718868
vt 0.302823 0.718868
vt 0.156795 0.656284
vt 0.302823 0.656284
vt 0.999897 0.349106
vt -0.000103 0.498042
vt -0.000103 0.349106
vt 0.979692 0.844034
vt -0.000781 0.781451
vt 0.979692 0.781451
vt 0.145247 0.718868
vt -0.000781 0.656284
vt 0.145247 0.656284
vt 0.979692 0.781451
vt -0.000781 0.718868
vt 0.979692 0.718868
vt 0.302823 0.718868
vt 0.156795 0.656284
vt 0.302823 0.656284
vt 1.000000 1.000000
vt 0.000000 0.851064
vt 1.000000 0.851064
vt 0.998987 0.998895
vt 0.001647 0.850355
vt 0.998987 0.850355
vt 0.998987 0.998049
vt 0.001647 0.849509
vt 0.998987 0.849509
vt 0.997339 0.500556
vt 0.000000 0.352016
vt 0.997339 0.352016
vt 0.998987 0.652658
vt 0.001647 0.504118
vt 0.998987 0.504118
vt 0.679406 0.034093
vt 0.905875 0.048121
vt 0.679406 0.048121
vt 0.679606 0.259595
vt 0.906075 0.219937
vt 0.906075 0.259595
vt 0.226347 0.210448
vt -0.000122 0.156096
vt 0.226347 0.156096
vt 0.226981 0.330358
vt 0.000512 0.321630
vt 0.226981 0.321630
vt 0.906075 0.296828
vt 0.679606 0.312903
vt 0.679606 0.296828
vt 0.226469 0.089593
vt 0.000000 0.062150
vt 0.226469 0.062150
vt 0.000000 0.012881
vt 0.226469 0.000000
vt 0.226469 0.012881
vt 0.226981 0.321630
vt 0.000512 0.312903
vt 0.226981 0.312903
vt 0.906075 0.281378
vt 0.679606 0.297453
vt 0.679606 0.281378
vt 0.999050 0.342604
vt 0.939310 0.183297
vt 0.999050 0.183297
vt 0.999050 0.342604
vt 0.939310 0.183297
vt 0.999050 0.183297
vt 0.999050 0.342604
vt 0.939310 0.183297
vt 0.999050 0.183297
vt 0.999050 0.342604
vt 0.939310 0.183297
vt 0.999050 0.183297
vt 0.985655 0.132863
vt 0.939081 0.179437
vt 0.939081 0.132863
vt 0.999050 0.342604
vt 0.939310 0.183297
vt 0.939310 0.342604
vt 0.939310 0.342604
vt 0.999050 0.183297
vt 0.939310 0.183297
vt 0.999050 0.342604
vt 0.939310 0.183297
vt 0.939310 0.342604
vt 0.999050 0.342604
vt 0.939310 0.183297
vt 0.939310 0.342604
vt 0.985655 0.179437
vt 0.939081 0.132863
vt 0.939081 0.179437
vt 0.905875 0.025761
vt 0.679406 0.012881
vt 0.905875 0.012881
vt 0.679406 0.121202
vt 0.905875 0.093759
vt 0.905875 0.121202
vt 0.000000 0.048121
vt 0.226469 0.062150
vt 0.000000 0.062150
vt 0.679406 0.034093
vt 0.905875 0.048121
vt 0.679406 0.048121
vt 0.679606 0.259595
vt 0.906075 0.219937
vt 0.906075 0.259595
vt -0.000122 0.210448
vt 0.226347 0.156096
vt 0.226347 0.210448
vt 0.000512 0.330358
vt 0.226981 0.321630
vt 0.226981 0.330358
vt 0.906075 0.296828
vt 0.679606 0.312903
vt 0.679606 0.296828
vt 0.000000 0.089593
vt 0.226469 0.062150
vt 0.226469 0.089593
vt 0.000000 0.012881
vt 0.226469 0.000000
vt 0.226469 0.012881
vt 0.000512 0.321630
vt 0.226981 0.312903
vt 0.226981 0.321630
vt 0.679606 0.281378
vt 0.906075 0.297453
vt 0.679606 0.297453
vt 0.905875 0.025761
vt 0.679406 0.012881
vt 0.905875 0.012881
vt 0.679406 0.121202
vt 0.905875 0.093759
vt 0.905875 0.121202
vt 0.000000 0.048121
vt 0.226469 0.062150
vt 0.000000 0.062150
vt 0.679406 0.034093
vt 0.905875 0.048121
vt 0.679406 0.048121
vt 0.679606 0.259595
vt 0.906075 0.219937
vt 0.906075 0.259595
vt -0.000122 0.210448
vt 0.226347 0.156096
vt 0.226347 0.210448
vt 0.000512 0.330358
vt 0.226981 0.321630
vt 0.226981 0.330358
vt 0.906075 0.296828
vt 0.679606 0.312903
vt 0.679606 0.296828
vt 0.000000 0.089593
vt 0.226469 0.062150
vt 0.226469 0.089593
vt 0.000000 0.012881
vt 0.226469 0.000000
vt 0.226469 0.012881
vt 0.000512 0.321630
vt 0.226981 0.312903
vt 0.226981 0.321630
vt 0.679606 0.281378
vt 0.906075 0.297453
vt 0.679606 0.297453
vt 0.999050 0.342604
vt 0.939310 0.183297
vt 0.939310 0.342604
vt 0.999050 0.342604
vt 0.939310 0.183297
vt 0.939310 0.342604
vt 0.939310 0.342604
vt 0.999050 0.183297
vt 0.939310 0.183297
vt 0.999050 0.342604
vt 0.939310 0.183297
vt 0.939310 0.342604
vt 0.939081 0.179437
vt 0.985655 0.132863
vt 0.939081 0.132863
vt 0.979692 0.844034
vt -0.000781 0.781451
vt 0.979692 0.781451
vt 0.145247 0.656284
vt -0.000781 0.718868
vt -0.000781 0.656284
vt 0.979692 0.781451
vt -0.000781 0.718868
vt 0.979692 0.718868
vt 0.302823 0.718868
vt 0.156795 0.656284
vt 0.302823 0.656284
vt 1.000000 0.851064
vt 0.000000 1.000000
vt 0.000000 0.851064
vt 0.998987 0.652658
vt 0.001647 0.504118
vt 0.998987 0.504118
vt 0.905875 0.025761
vt 0.679406 0.012881
vt 0.905875 0.012881
vt 0.679406 0.121202
vt 0.905875 0.093759
vt 0.905875 0.121202
vt 0.000000 0.048121
vt 0.226469 0.062150
vt 0.000000 0.062150
vt 0.679406 0.034093
vt 0.905875 0.048121
vt 0.679406 0.048121
vt 0.679606 0.259595
vt 0.906075 0.219937
vt 0.906075 0.259595
vt -0.000122 0.210448
vt 0.226347 0.156096
vt 0.226347 0.210448
vt 0.000512 0.330358
vt 0.226981 0.321630
vt 0.226981 0.330358
vt 0.906075 0.296828
vt 0.679606 0.312903
vt 0.679606 0.296828
vt 0.000000 0.089593
vt 0.226469 0.062150
vt 0.226469 0.089593
vt 0.000000 0.012881
vt 0.226469 0.000000
vt 0.226469 0.012881
vt 0.000512 0.321630
vt 0.226981 0.312903
vt 0.226981 0.321630
vt 0.679606 0.281378
vt 0.906075 0.297453
vt 0.679606 0.297453
vt 0.000000 0.048121
vt 0.226469 0.062150
vt 0.226469 0.048121
vt 0.679406 0.093759
vt 0.905875 0.121202
vt 0.905875 0.093759
vt 0.679406 0.025761
vt 0.905875 0.012881
vt 0.679406 0.012881
vt 0.999050 0.342604
vt 0.939310 0.183297
vt 0.939310 0.342604
vt 0.999050 0.342604
vt 0.939310 0.183297
vt 0.939310 0.342604
vt 0.999050 0.342604
vt 0.939310 0.183297
vt 0.939310 0.342604
vt 0.999050 0.342604
vt 0.939310 0.183297
vt 0.939310 0.342604
vt 0.939081 0.179437
vt 0.985655 0.132863
vt 0.939081 0.132863
vt 0.979692 0.781451
vt -0.000781 0.844034
vt -0.000781 0.781451
vt 0.145247 0.718868
vt -0.000781 0.656284
vt 0.145247 0.656284
vt 0.979692 0.781451
vt -0.000781 0.718868
vt 0.979692 0.718868
vt 0.302823 0.656284
vt 0.156795 0.718868
vt 0.156795 0.656284
vt 1.000000 0.851064
vt 0.000000 1.000000
vt 0.000000 0.851064
vt 0.998987 0.652658
vt 0.001647 0.504118
vt 0.998987 0.504118
vt 0.906075 0.297453
vt 0.679606 0.281378
vt 0.679606 0.297453
vt 0.000512 0.321630
vt 0.226981 0.312903
vt 0.000512 0.312903
vt 0.000000 0.000000
vt 0.226469 0.012881
vt 0.226469 0.000000
vt 0.000000 0.089593
vt 0.226469 0.062150
vt 0.000000 0.062150
vt 0.906075 0.312903
vt 0.679606 0.296828
vt 0.679606 0.312903
vt 0.000512 0.330358
vt 0.226981 0.321630
vt 0.000512 0.321630
vt -0.000122 0.210448
vt 0.226347 0.156096
vt -0.000122 0.156096
vt 0.679606 0.219937
vt 0.906075 0.259595
vt 0.906075 0.219937
vt 0.679406 0.034093
vt 0.905875 0.048121
vt 0.905875 0.034093
vt 0.905875 0.025761
vt 0.679406 0.012881
vt 0.905875 0.012881
vt 0.679406 0.121202
vt 0.905875 0.093759
vt 0.905875 0.121202
vt 0.000000 0.048121
vt 0.226469 0.062150
vt 0.000000 0.062150
vt 0.679406 0.034093
vt 0.905875 0.048121
vt 0.679406 0.048121
vt 0.679606 0.259595
vt 0.906075 0.219937
vt 0.906075 0.259595
vt -0.000122 0.210448
vt 0.226347 0.156096
vt 0.226347 0.210448
vt 0.000512 0.330358
vt 0.226981 0.321630
vt 0.226981 0.330358
vt 0.906075 0.296828
vt 0.679606 0.312903
vt 0.679606 0.296828
vt 0.000000 0.089593
vt 0.226469 0.062150
vt 0.226469 0.089593
vt 0.000000 0.012881
vt 0.226469 0.000000
vt 0.226469 0.012881
vt 0.000512 0.321630
vt 0.226981 0.312903
vt 0.226981 0.321630
vt 0.679606 0.281378
vt 0.906075 0.297453
vt 0.679606 0.297453
vt 0.000000 0.048121
vt 0.226469 0.062150
vt 0.226469 0.048121
vt 0.679406 0.121202
vt 0.905875 0.093759
vt 0.679406 0.093759
vt 0.679406 0.025761
vt 0.905875 0.012881
vt 0.679406 0.012881
vt 0.939310 0.342604
vt 0.999050 0.183297
vt 0.939310 0.183297
vt 0.939310 0.342604
vt 0.999050 0.183297
vt 0.939310 0.183297
vt 0.999050 0.342604
vt 0.939310 0.183297
vt 0.939310 0.342604
vt 0.999050 0.342604
vt 0.939310 0.183297
vt 0.939310 0.342604
vt 0.985655 0.179437
vt 0.939081 0.132863
vt 0.939081 0.179437
vt 0.979692 0.844034
vt -0.000781 0.781451
vt 0.979692 0.781451
vt 0.145247 0.718868
vt -0.000781 0.656284
vt 0.145247 0.656284
vt 0.979692 0.781451
vt -0.000781 0.718868
vt 0.979692 0.718868
vt 0.302823 0.718868
vt 0.156795 0.656284
vt 0.302823 0.656284
vt 1.000000 1.000000
vt 0.000000 0.851064
vt 1.000000 0.851064
vt 0.998987 0.504118
vt 0.001647 0.652658
vt 0.001647 0.504118
vt 0.906075 0.297453
vt 0.679606 0.281378
vt 0.679606 0.297453
vt 0.000512 0.321630
vt 0.226981 0.312903
vt 0.000512 0.312903
vt 0.000000 0.012881
vt 0.226469 0.000000
vt 0.000000 0.000000
vt 0.000000 0.062150
vt 0.226469 0.089593
vt 0.226469 0.062150
vt 0.906075 0.312903
vt 0.679606 0.296828
vt 0.679606 0.312903
vt 0.000512 0.330358
vt 0.226981 0.321630
vt 0.000512 0.321630
vt -0.000122 0.210448
vt 0.226347 0.156096
vt -0.000122 0.156096
vt 0.679606 0.219937
vt 0.906075 0.259595
vt 0.906075 0.219937
vt 0.679406 0.034093
vt 0.905875 0.048121
vt 0.905875 0.034093
vt 0.905875 0.025761
vt 0.679406 0.012881
vt 0.905875 0.012881
vt 0.679406 0.121202
vt 0.905875 0.093759
vt 0.905875 0.121202
vt 0.000000 0.048121
vt 0.226469 0.062150
vt 0.000000 0.062150
vt 0.679406 0.034093
vt 0.905875 0.048121
vt 0.679406 0.048121
vt 0.679606 0.259595
vt 0.906075 0.219937
vt 0.906075 0.259595
vt -0.000122 0.210448
vt 0.226347 0.156096
vt 0.226347 0.210448
vt 0.000512 0.330358
vt 0.226981 0.321630
vt 0.226981 0.330358
vt 0.906075 0.296828
vt 0.679606 0.312903
vt 0.679606 0.296828
vt 0.000000 0.089593
vt 0.226469 0.062150
vt 0.226469 0.089593
vt 0.000000 0.012881
vt 0.226469 0.000000
vt 0.226469 0.012881
vt 0.000512 0.321630
vt 0.226981 0.312903
vt 0.226981 0.321630
vt 0.679606 0.281378
vt 0.906075 0.297453
vt 0.679606 0.297453
vt 0.000000 0.048121
vt 0.226469 0.062150
vt 0.226469 0.048121
vt 0.679406 0.121202
vt 0.905875 0.093759
vt 0.679406 0.093759
vt 0.679406 0.025761
vt 0.905875 0.012881
vt 0.679406 0.012881
vt 0.939310 0.342604
vt 0.999050 0.183297
vt 0.939310 0.183297
vt 0.939310 0.342604
vt 0.999050 0.183297
vt 0.939310 0.183297
vt 0.939310 0.342604
vt 0.999050 0.183297
vt 0.939310 0.183297
vt 0.999050 0.342604
vt 0.939310 0.183297
vt 0.939310 0.342604
vt 0.985655 0.179437
vt 0.939081 0.132863
vt 0.939081 0.179437
vt 0.979692 0.844034
vt -0.000781 0.781451
vt 0.979692 0.781451
vt 0.145247 0.718868
vt -0.000781 0.656284
vt 0.145247 0.656284
vt 0.979692 0.718868
vt -0.000781 0.781451
vt -0.000781 0.718868
vt 0.302823 0.718868
vt 0.156795 0.656284
vt 0.302823 0.656284
vt 1.000000 1.000000
vt 0.000000 0.851064
vt 1.000000 0.851064
vt 0.998987 0.504118
vt 0.001647 0.652658
vt 0.001647 0.504118
vt 0.906075 0.297453
vt 0.679606 0.281378
vt 0.679606 0.297453
vt 0.000512 0.321630
vt 0.226981 0.312903
vt 0.000512 0.312903
vt 0.000000 0.012881
vt 0.226469 0.000000
vt 0.000000 0.000000
vt 0.000000 0.062150
vt 0.226469 0.089593
vt 0.226469 0.062150
vt 0.906075 0.312903
vt 0.679606 0.296828
vt 0.679606 0.312903
vt 0.000512 0.330358
vt 0.226981 0.321630
vt 0.000512 0.321630
vt -0.000122 0.210448
vt 0.226347 0.156096
vt -0.000122 0.156096
vt 0.679606 0.219937
vt 0.906075 0.259595
vt 0.906075 0.219937
vt 0.679406 0.034093
vt 0.905875 0.048121
vt 0.905875 0.034093
vt 0.905875 0.025761
vt 0.679406 0.012881
vt 0.905875 0.012881
vt 0.905875 0.121202
vt 0.679406 0.093759
vt 0.905875 0.093759
vt 0.000000 0.062150
vt 0.226469 0.048121
vt 0.226469 0.062150
vt 0.679406 0.034093
vt 0.905875 0.048121
vt 0.679406 0.048121
vt 0.679606 0.259595
vt 0.906075 0.219937
vt 0.906075 0.259595
vt -0.000122 0.210448
vt 0.226347 0.156096
vt 0.226347 0.210448
vt 0.000512 0.330358
vt 0.226981 0.321630
vt 0.226981 0.330358
vt 0.906075 0.296828
vt 0.679606 0.312903
vt 0.679606 0.296828
vt 0.000000 0.089593
vt 0.226469 0.062150
vt 0.226469 0.089593
vt 0.000000 0.012881
vt 0.226469 0.000000
vt 0.226469 0.012881
vt 0.000512 0.321630
vt 0.226981 0.312903
vt 0.226981 0.321630
vt 0.679606 0.281378
vt 0.906075 0.297453
vt 0.679606 0.297453
vt 0.226469 0.048121
vt 0.000000 0.062150
vt 0.226469 0.062150
vt 0.679406 0.121202
vt 0.905875 0.093759
vt 0.679406 0.093759
vt 0.679406 0.025761
vt 0.905875 0.012881
vt 0.679406 0.012881
vt 0.999050 0.342604
vt 0.939310 0.183297
vt 0.999050 0.183297
vt 0.999050 0.183297
vt 0.939310 0.342604
vt 0.939310 0.183297
vt 0.999050 0.342604
vt 0.939310 0.183297
vt 0.999050 0.183297
vt 0.999050 0.342604
vt 0.939310 0.183297
vt 0.999050 0.183297
vt 0.985655 0.179437
vt 0.939081 0.132863
vt 0.985655 0.132863
vt 0.999050 0.342604
vt 0.939310 0.183297
vt 0.939310 0.342604
vt 0.999050 0.342604
vt 0.939310 0.183297
vt 0.939310 0.342604
vt 0.999050 0.342604
vt 0.939310 0.183297
vt 0.939310 0.342604
vt 0.999050 0.342604
vt 0.939310 0.183297
vt 0.939310 0.342604
vt 0.939081 0.179437
vt 0.985655 0.132863
vt 0.939081 0.132863
vt 0.979692 0.844034
vt -0.000781 0.781451
vt 0.979692 0.781451
vt 0.145247 0.718868
vt -0.000781 0.656284
vt 0.145247 0.656284
vt 0.979692 0.718868
vt -0.000781 0.781451
vt -0.000781 0.718868
vt 0.302823 0.656284
vt 0.156795 0.718868
vt 0.156795 0.656284
vt 1.000000 0.851064
vt 0.000000 1.000000
vt 0.000000 0.851064
vt 0.998987 0.652658
vt 0.001647 0.504118
vt 0.998987 0.504118
vt 0.906075 0.297453
vt 0.679606 0.281378
vt 0.679606 0.297453
vt 0.000512 0.312903
vt 0.226981 0.321630
vt 0.226981 0.312903
vt 0.000000 0.012881
vt 0.226469 0.000000
vt 0.000000 0.000000
vt 0.000000 0.089593
vt 0.226469 0.062150
vt 0.000000 0.062150
vt 0.906075 0.296828
vt 0.679606 0.312903
vt 0.906075 0.312903
vt 0.000512 0.321630
vt 0.226981 0.330358
vt 0.226981 0.321630
vt -0.000122 0.210448
vt 0.226347 0.156096
vt -0.000122 0.156096
vt 0.906075 0.219937
vt 0.679606 0.259595
vt 0.906075 0.259595
vt 0.679406 0.034093
vt 0.905875 0.048121
vt 0.905875 0.034093
vt 0.905875 0.025761
vt 0.679406 0.012881
vt 0.905875 0.012881
vt 0.679406 0.121202
vt 0.905875 0.093759
vt 0.905875 0.121202
vt 0.000000 0.062150
vt 0.226469 0.048121
vt 0.226469 0.062150
vt 0.679406 0.034093
vt 0.905875 0.048121
vt 0.679406 0.048121
vt 0.679606 0.259595
vt 0.906075 0.219937
vt 0.906075 0.259595
vt -0.000122 0.210448
vt 0.226347 0.156096
vt 0.226347 0.210448
vt 0.000512 0.330358
vt 0.226981 0.321630
vt 0.226981 0.330358
vt 0.906075 0.296828
vt 0.679606 0.312903
vt 0.679606 0.296828
vt 0.000000 0.089593
vt 0.226469 0.062150
vt 0.226469 0.089593
vt 0.000000 0.012881
vt 0.226469 0.000000
vt 0.226469 0.012881
vt 0.000512 0.321630
vt 0.226981 0.312903
vt 0.226981 0.321630
vt 0.679606 0.281378
vt 0.906075 0.297453
vt 0.679606 0.297453
vt 0.226469 0.048121
vt 0.000000 0.062150
vt 0.226469 0.062150
vt 0.679406 0.093759
vt 0.905875 0.121202
vt 0.905875 0.093759
vt 0.679406 0.025761
vt 0.905875 0.012881
vt 0.679406 0.012881
vt 0.999050 0.342604
vt 0.939310 0.183297
vt 0.999050 0.183297
vt 0.999050 0.183297
vt 0.939310 0.342604
vt 0.939310 0.183297
vt 0.999050 0.342604
vt 0.939310 0.183297
vt 0.999050 0.183297
vt 0.999050 0.342604
vt 0.939310 0.183297
vt 0.999050 0.183297
vt 0.985655 0.179437
vt 0.939081 0.132863
vt 0.985655 0.132863
vt 0.999050 0.342604
vt 0.939310 0.183297
vt 0.939310 0.342604
vt 0.999050 0.342604
vt 0.939310 0.183297
vt 0.939310 0.342604
vt 0.999050 0.342604
vt 0.939310 0.183297
vt 0.939310 0.342604
vt 0.939310 0.342604
vt 0.999050 0.183297
vt 0.939310 0.183297
vt 0.939081 0.179437
vt 0.985655 0.132863
vt 0.939081 0.132863
vt 0.979692 0.844034
vt -0.000781 0.781451
vt 0.979692 0.781451
vt 0.145247 0.718868
vt -0.000781 0.656284
vt 0.145247 0.656284
vt 0.979692 0.718868
vt -0.000781 0.781451
vt -0.000781 0.718868
vt 0.302823 0.718868
vt 0.156795 0.656284
vt 0.302823 0.656284
vt 1.000000 0.851064
vt 0.000000 1.000000
vt 0.000000 0.851064
vt 0.998987 0.652658
vt 0.001647 0.504118
vt 0.998987 0.504118
vt 0.906075 0.297453
vt 0.679606 0.281378
vt 0.679606 0.297453
vt 0.000512 0.312903
vt 0.226981 0.321630
vt 0.226981 0.312903
vt 0.000000 0.012881
vt 0.226469 0.000000
vt 0.000000 0.000000
vt 0.000000 0.062150
vt 0.226469 0.089593
vt 0.226469 0.062150
vt 0.906075 0.296828
vt 0.679606 0.312903
vt 0.906075 0.312903
vt 0.000512 0.321630
vt 0.226981 0.330358
vt 0.226981 0.321630
vt -0.000122 0.210448
vt 0.226347 0.156096
vt -0.000122 0.156096
vt 0.906075 0.219937
vt 0.679606 0.259595
vt 0.906075 0.259595
vt 0.679406 0.034093
vt 0.905875 0.048121
vt 0.905875 0.034093
vt 0.905875 0.025761
vt 0.679406 0.012881
vt 0.905875 0.012881
vt 0.905875 0.121202
vt 0.679406 0.093759
vt 0.905875 0.093759
vt 0.000000 0.048121
vt 0.226469 0.062150
vt 0.000000 0.062150
vt 0.679406 0.034093
vt 0.905875 0.048121
vt 0.679406 0.048121
vt 0.679606 0.259595
vt 0.906075 0.219937
vt 0.906075 0.259595
vt -0.000122 0.210448
vt 0.226347 0.156096
vt 0.226347 0.210448
vt 0.000512 0.330358
vt 0.226981 0.321630
vt 0.226981 0.330358
vt 0.906075 0.296828
vt 0.679606 0.312903
vt 0.679606 0.296828
vt 0.000000 0.089593
vt 0.226469 0.062150
vt 0.226469 0.089593
vt 0.000000 0.012881
vt 0.226469 0.000000
vt 0.226469 0.012881
vt 0.000512 0.321630
vt 0.226981 0.312903
vt 0.226981 0.321630
vt 0.679606 0.281378
vt 0.906075 0.297453
vt 0.679606 0.297453
vt 0.415989 0.075507
vt 0.415989 0.075507
vt 0.415989 0.075507
vt 0.415989 0.075507
vt 0.415989 0.075507
vt 0.415989 0.075507
vt 0.415989 0.075507
vt 0.415989 0.075507
vt 0.415989 0.075507
vt 0.999050 0.342604
vt 0.939310 0.183297
vt 0.939310 0.342604
vt 0.999050 0.342604
vt 0.939310 0.183297
vt 0.939310 0.342604
vt 0.939310 0.342604
vt 0.999050 0.183297
vt 0.939310 0.183297
vt 0.999050 0.342604
vt 0.939310 0.183297
vt 0.939310 0.342604
vt 0.985655 0.179437
vt 0.939081 0.132863
vt 0.939081 0.179437
vt 0.979692 0.844034
vt -0.000781 0.781451
vt 0.979692 0.781451
vt 0.145247 0.656284
vt -0.000781 0.718868
vt -0.000781 0.656284
vt 0.979692 0.781451
vt -0.000781 0.718868
vt 0.979692 0.718868
vt 0.302823 0.656284
vt 0.156795 0.718868
vt 0.156795 0.656284
vt 1.000000 0.851064
vt 0.000000 1.000000
vt 0.000000 0.851064
vt 0.998987 0.652658
vt 0.001647 0.504118
vt 0.998987 0.504118
vt 0.905875 0.025761
vt 0.679406 0.012881
vt 0.905875 0.012881
vt 0.679406 0.121202
vt 0.905875 0.093759
vt 0.905875 0.121202
vt 0.000000 0.048121
vt 0.226469 0.062150
vt 0.000000 0.062150
vt 0.679406 0.034093
vt 0.905875 0.048121
vt 0.679406 0.048121
vt 0.679606 0.259595
vt 0.906075 0.219937
vt 0.906075 0.259595
vt -0.000122 0.210448
vt 0.226347 0.156096
vt 0.226347 0.210448
vt 0.000512 0.330358
vt 0.226981 0.321630
vt 0.226981 0.330358
vt 0.906075 0.296828
vt 0.679606 0.312903
vt 0.679606 0.296828
vt 0.000000 0.089593
vt 0.226469 0.062150
vt 0.226469 0.089593
vt 0.000000 0.012881
vt 0.226469 0.000000
vt 0.226469 0.012881
vt 0.000512 0.321630
vt 0.226981 0.312903
vt 0.226981 0.321630
vt 0.679606 0.281378
vt 0.906075 0.297453
vt 0.679606 0.297453
vt 0.226469 0.048121
vt 0.000000 0.062150
vt 0.226469 0.062150
vt 0.679406 0.093759
vt 0.905875 0.121202
vt 0.905875 0.093759
vt 0.679406 0.025761
vt 0.905875 0.012881
vt 0.679406 0.012881
vt 0.999050 0.342604
vt 0.939310 0.183297
vt 0.999050 0.183297
vt 0.999050 0.183297
vt 0.939310 0.342604
vt 0.939310 0.183297
vt 0.999050 0.342604
vt 0.939310 0.183297
vt 0.999050 0.183297
vt 0.999050 0.183297
vt 0.939310 0.342604
vt 0.939310 0.183297
vt 0.985655 0.179437
vt 0.939081 0.132863
vt 0.985655 0.132863
vt 0.999050 0.342604
vt 0.939310 0.183297
vt 0.939310 0.342604
vt 0.939310 0.342604
vt 0.999050 0.183297
vt 0.939310 0.183297
vt 0.939310 0.342604
vt 0.999050 0.183297
vt 0.939310 0.183297
vt 0.999050 0.342604
vt 0.939310 0.183297
vt 0.939310 0.342604
vt 0.939081 0.179437
vt 0.985655 0.132863
vt 0.939081 0.132863
vt 0.979692 0.844034
vt -0.000781 0.781451
vt 0.979692 0.781451
vt 0.145247 0.656284
vt -0.000781 0.718868
vt -0.000781 0.656284
vt 0.979692 0.781451
vt -0.000781 0.718868
vt 0.979692 0.718868
vt 0.302823 0.656284
vt 0.156795 0.718868
vt 0.156795 0.656284
vt 1.000000 1.000000
vt 0.000000 0.851064
vt 1.000000 0.851064
vt 0.998987 0.504118
vt 0.001647 0.652658
vt 0.001647 0.504118
vt 0.906075 0.297453
vt 0.679606 0.281378
vt 0.679606 0.297453
vt 0.000512 0.312903
vt 0.226981 0.321630
vt 0.226981 0.312903
vt 0.000000 0.012881
vt 0.226469 0.000000
vt 0.000000 0.000000
vt 0.000000 0.089593
vt 0.226469 0.062150
vt 0.000000 0.062150
vt 0.906075 0.296828
vt 0.679606 0.312903
vt 0.906075 0.312903
vt 0.000512 0.321630
vt 0.226981 0.330358
vt 0.226981 0.321630
vt -0.000122 0.210448
vt 0.226347 0.156096
vt -0.000122 0.156096
vt 0.906075 0.219937
vt 0.679606 0.259595
vt 0.906075 0.259595
vt 0.679406 0.034093
vt 0.905875 0.048121
vt 0.905875 0.034093
vt 0.905875 0.025761
vt 0.679406 0.012881
vt 0.905875 0.012881
vt 0.679406 0.121202
vt 0.905875 0.093759
vt 0.905875 0.121202
vt 0.000000 0.048121
vt 0.226469 0.062150
vt 0.000000 0.062150
vt 0.679406 0.034093
vt 0.905875 0.048121
vt 0.679406 0.048121
vt 0.679606 0.259595
vt 0.906075 0.219937
vt 0.906075 0.259595
vt -0.000122 0.210448
vt 0.226347 0.156096
vt 0.226347 0.210448
vt 0.000512 0.330358
vt 0.226981 0.321630
vt 0.226981 0.330358
vt 0.906075 0.296828
vt 0.679606 0.312903
vt 0.679606 0.296828
vt 0.000000 0.089593
vt 0.226469 0.062150
vt 0.226469 0.089593
vt 0.226469 0.012881
vt 0.000000 0.000000
vt 0.226469 0.000000
vt 0.000512 0.321630
vt 0.226981 0.312903
vt 0.226981 0.321630
vt 0.679606 0.281378
vt 0.906075 0.297453
vt 0.679606 0.297453
vt 0.000000 0.048121
vt 0.226469 0.062150
vt 0.226469 0.048121
vt 0.679406 0.093759
vt 0.905875 0.121202
vt 0.905875 0.093759
vt 0.679406 0.025761
vt 0.905875 0.012881
vt 0.679406 0.012881
vt 0.999050 0.342604
vt 0.939310 0.183297
vt 0.999050 0.183297
vt 0.999050 0.183297
vt 0.939310 0.342604
vt 0.939310 0.183297
vt 0.999050 0.342604
vt 0.939310 0.183297
vt 0.999050 0.183297
vt 0.999050 0.342604
vt 0.939310 0.183297
vt 0.999050 0.183297
vt 0.985655 0.132863
vt 0.939081 0.179437
vt 0.939081 0.132863
vt 0.999050 0.342604
vt 0.939310 0.183297
vt 0.939310 0.342604
vt 0.939310 0.342604
vt 0.999050 0.183297
vt 0.939310 0.183297
vt 0.999050 0.342604
vt 0.939310 0.183297
vt 0.939310 0.342604
vt 0.999050 0.342604
vt 0.939310 0.183297
vt 0.939310 0.342604
vt 0.985655 0.179437
vt 0.939081 0.132863
vt 0.939081 0.179437
vt 0.979692 0.844034
vt -0.000781 0.781451
vt 0.979692 0.781451
vt 0.145247 0.718868
vt -0.000781 0.656284
vt 0.145247 0.656284
vt 0.979692 0.781451
vt -0.000781 0.718868
vt 0.979692 0.718868
vt 0.302823 0.718868
vt 0.156795 0.656284
vt 0.302823 0.656284
vt 1.000000 0.851064
vt 0.000000 1.000000
vt 0.000000 0.851064
vt 0.998987 0.652658
vt 0.001647 0.504118
vt 0.998987 0.504118
vt 0.906075 0.297453
vt 0.679606 0.281378
vt 0.679606 0.297453
vt 0.000512 0.312903
vt 0.226981 0.321630
vt 0.226981 0.312903
vt 0.000000 0.012881
vt 0.226469 0.000000
vt 0.000000 0.000000
vt 0.000000 0.089593
vt 0.226469 0.062150
vt 0.000000 0.062150
vt 0.906075 0.296828
vt 0.679606 0.312903
vt 0.906075 0.312903
vt 0.000512 0.321630
vt 0.226981 0.330358
vt 0.226981 0.321630
vt -0.000122 0.210448
vt 0.226347 0.156096
vt -0.000122 0.156096
vt 0.906075 0.219937
vt 0.679606 0.259595
vt 0.906075 0.259595
vt 0.679406 0.034093
vt 0.905875 0.048121
vt 0.905875 0.034093
vt 0.905875 0.025761
vt 0.679406 0.012881
vt 0.905875 0.012881
vt 0.905875 0.121202
vt 0.679406 0.093759
vt 0.905875 0.093759
vt 0.000000 0.048121
vt 0.226469 0.062150
vt 0.000000 0.062150
vt 0.679406 0.034093
vt 0.905875 0.048121
vt 0.679406 0.048121
vt 0.679606 0.259595
vt 0.906075 0.219937
vt 0.906075 0.259595
vt -0.000122 0.210448
vt 0.226347 0.156096
vt 0.226347 0.210448
vt 0.000512 0.330358
vt 0.226981 0.321630
vt 0.226981 0.330358
vt 0.906075 0.296828
vt 0.679606 0.312903
vt 0.679606 0.296828
vt 0.226469 0.089593
vt 0.000000 0.062150
vt 0.226469 0.062150
vt 0.226469 0.012881
vt 0.000000 0.000000
vt 0.226469 0.000000
vt 0.000512 0.321630
vt 0.226981 0.312903
vt 0.226981 0.321630
vt 0.679606 0.281378
vt 0.906075 0.297453
vt 0.679606 0.297453
vt 0.000000 0.048121
vt 0.226469 0.062150
vt 0.226469 0.048121
vt 0.679406 0.093759
vt 0.905875 0.121202
vt 0.905875 0.093759
vt 0.679406 0.025761
vt 0.905875 0.012881
vt 0.679406 0.012881
vt 0.999050 0.342604
vt 0.939310 0.183297
vt 0.999050 0.183297
vt 0.999050 0.183297
vt 0.939310 0.342604
vt 0.939310 0.183297
vt 0.999050 0.342604
vt 0.939310 0.183297
vt 0.999050 0.183297
vt 0.999050 0.342604
vt 0.939310 0.183297
vt 0.999050 0.183297
vt 0.985655 0.179437
vt 0.939081 0.132863
vt 0.985655 0.132863
vt 0.999050 0.342604
vt 0.939310 0.183297
vt 0.939310 0.342604
vt 0.999050 0.342604
vt 0.939310 0.183297
vt 0.939310 0.342604
vt 0.999050 0.342604
vt 0.939310 0.183297
vt 0.939310 0.342604
vt 0.999050 0.342604
vt 0.939310 0.183297
vt 0.939310 0.342604
vt 0.939081 0.179437
vt 0.985655 0.132863
vt 0.939081 0.132863
vt 0.979692 0.781451
vt -0.000781 0.844034
vt -0.000781 0.781451
vt 0.145247 0.718868
vt -0.000781 0.656284
vt 0.145247 0.656284
vt 0.979692 0.781451
vt -0.000781 0.718868
vt 0.979692 0.718868
vt 0.302823 0.718868
vt 0.156795 0.656284
vt 0.302823 0.656284
vt 1.000000 1.000000
vt 0.000000 0.851064
vt 1.000000 0.851064
vt 0.998987 0.504118
vt 0.001647 0.652658
vt 0.001647 0.504118
vt 0.906075 0.297453
vt 0.679606 0.281378
vt 0.679606 0.297453
vt 0.000512 0.312903
vt 0.226981 0.321630
vt 0.226981 0.312903
vt 0.000000 0.000000
vt 0.226469 0.012881
vt 0.226469 0.000000
vt 0.000000 0.089593
vt 0.226469 0.062150
vt 0.000000 0.062150
vt 0.906075 0.296828
vt 0.679606 0.312903
vt 0.906075 0.312903
vt 0.000512 0.321630
vt 0.226981 0.330358
vt 0.226981 0.321630
vt -0.000122 0.210448
vt 0.226347 0.156096
vt -0.000122 0.156096
vt 0.906075 0.219937
vt 0.679606 0.259595
vt 0.906075 0.259595
vt 0.679406 0.034093
vt 0.905875 0.048121
vt 0.905875 0.034093
vt 0.905875 0.025761
vt 0.679406 0.012881
vt 0.905875 0.012881
vt 0.679406 0.121202
vt 0.905875 0.093759
vt 0.905875 0.121202
vt 0.000000 0.048121
vt 0.226469 0.062150
vt 0.000000 0.062150
vt 0.679406 0.034093
vt 0.905875 0.048121
vt 0.679406 0.048121
vt 0.679606 0.259595
vt 0.906075 0.219937
vt 0.906075 0.259595
vt -0.000122 0.210448
vt 0.226347 0.156096
vt 0.226347 0.210448
vt 0.000512 0.330358
vt 0.226981 0.321630
vt 0.226981 0.330358
vt 0.906075 0.296828
vt 0.679606 0.312903
vt 0.679606 0.296828
vt 0.226469 0.089593
vt 0.000000 0.062150
vt 0.226469 0.062150
vt 0.000000 0.012881
vt 0.226469 0.000000
vt 0.226469 0.012881
vt 0.000512 0.321630
vt 0.226981 0.312903
vt 0.226981 0.321630
vt 0.679606 0.281378
vt 0.906075 0.297453
vt 0.679606 0.297453
vt 0.000000 0.048121
vt 0.226469 0.062150
vt 0.226469 0.048121
vt 0.679406 0.093759
vt 0.905875 0.121202
vt 0.905875 0.093759
vt 0.679406 0.025761
vt 0.905875 0.012881
vt 0.679406 0.012881
vt 0.999050 0.342604
vt 0.939310 0.183297
vt 0.999050 0.183297
vt 0.999050 0.342604
vt 0.939310 0.183297
vt 0.999050 0.183297
vt 0.999050 0.342604
vt 0.939310 0.183297
vt 0.999050 0.183297
vt 0.999050 0.342604
vt 0.939310 0.183297
vt 0.999050 0.183297
vt 0.985655 0.132863
vt 0.939081 0.179437
vt 0.939081 0.132863
vt 0.999050 0.342604
vt 0.939310 0.183297
vt 0.939310 0.342604
vt 0.939310 0.342604
vt 0.999050 0.183297
vt 0.939310 0.183297
vt 0.999050 0.342604
vt 0.939310 0.183297
vt 0.939310 0.342604
vt 0.999050 0.342604
vt 0.939310 0.183297
vt 0.939310 0.342604
vt 0.985655 0.179437
vt 0.939081 0.132863
vt 0.939081 0.179437
vt 0.979692 0.844034
vt -0.000781 0.781451
vt 0.979692 0.781451
vt 0.145247 0.718868
vt -0.000781 0.656284
vt 0.145247 0.656284
vt 0.979692 0.781451
vt -0.000781 0.718868
vt 0.979692 0.718868
vt 0.302823 0.718868
vt 0.156795 0.656284
vt 0.302823 0.656284
vt 1.000000 0.851064
vt 0.000000 1.000000
vt 0.000000 0.851064
vt 0.998987 0.652658
vt 0.001647 0.504118
vt 0.998987 0.504118
vt 0.906075 0.297453
vt 0.679606 0.281378
vt 0.679606 0.297453
vt 0.000512 0.312903
vt 0.226981 0.321630
vt 0.226981 0.312903
vt 0.000000 0.012881
vt 0.226469 0.000000
vt 0.000000 0.000000
vt 0.000000 0.089593
vt 0.226469 0.062150
vt 0.000000 0.062150
vt 0.906075 0.296828
vt 0.679606 0.312903
vt 0.906075 0.312903
vt 0.000512 0.321630
vt 0.226981 0.330358
vt 0.226981 0.321630
vt -0.000122 0.210448
vt 0.226347 0.156096
vt -0.000122 0.156096
vt 0.906075 0.219937
vt 0.679606 0.259595
vt 0.906075 0.259595
vt 0.679406 0.034093
vt 0.905875 0.048121
vt 0.905875 0.034093
vt 0.905875 0.025761
vt 0.679406 0.012881
vt 0.905875 0.012881
vt 0.679406 0.121202
vt 0.905875 0.093759
vt 0.905875 0.121202
vt 0.000000 0.048121
vt 0.226469 0.062150
vt 0.000000 0.062150
vt 0.679406 0.034093
vt 0.905875 0.048121
vt 0.679406 0.048121
vt 0.679606 0.259595
vt 0.906075 0.219937
vt 0.906075 0.259595
vt -0.000122 0.210448
vt 0.226347 0.156096
vt 0.226347 0.210448
vt 0.000512 0.330358
vt 0.226981 0.321630
vt 0.226981 0.330358
vt 0.906075 0.296828
vt 0.679606 0.312903
vt 0.679606 0.296828
vt 0.000000 0.089593
vt 0.226469 0.062150
vt 0.226469 0.089593
vt 0.226469 0.012881
vt 0.000000 0.000000
vt 0.226469 0.000000
vt 0.000512 0.321630
vt 0.226981 0.312903
vt 0.226981 0.321630
vt 0.679606 0.281378
vt 0.906075 0.297453
vt 0.679606 0.297453
vt 0.226469 0.048121
vt 0.000000 0.062150
vt 0.226469 0.062150
vt 0.679406 0.093759
vt 0.905875 0.121202
vt 0.905875 0.093759
vt 0.679406 0.025761
vt 0.905875 0.012881
vt 0.679406 0.012881
vt 0.999050 0.342604
vt 0.939310 0.183297
vt 0.999050 0.183297
vt 0.999050 0.342604
vt 0.939310 0.183297
vt 0.999050 0.183297
vt 0.999050 0.342604
vt 0.939310 0.183297
vt 0.999050 0.183297
vt 0.999050 0.342604
vt 0.939310 0.183297
vt 0.999050 0.183297
vt 0.985655 0.132863
vt 0.939081 0.179437
vt 0.939081 0.132863
vt 0.999050 0.342604
vt 0.939310 0.183297
vt 0.939310 0.342604
vt 0.999050 0.342604
vt 0.939310 0.183297
vt 0.939310 0.342604
vt 0.939310 0.342604
vt 0.999050 0.183297
vt 0.939310 0.183297
vt 0.999050 0.342604
vt 0.939310 0.183297
vt 0.939310 0.342604
vt 0.985655 0.179437
vt 0.939081 0.132863
vt 0.939081 0.179437
vt 0.979692 0.844034
vt -0.000781 0.781451
vt 0.979692 0.781451
vt 0.145247 0.656284
vt -0.000781 0.718868
vt -0.000781 0.656284
vt 0.979692 0.718868
vt -0.000781 0.781451
vt -0.000781 0.718868
vt 0.302823 0.718868
vt 0.156795 0.656284
vt 0.302823 0.656284
vt 1.000000 0.851064
vt 0.000000 1.000000
vt 0.000000 0.851064
vt 0.998987 0.652658
vt 0.001647 0.504118
vt 0.998987 0.504118
vt 0.906075 0.297453
vt 0.679606 0.281378
vt 0.679606 0.297453
vt 0.000512 0.312903
vt 0.226981 0.321630
vt 0.226981 0.312903
vt 0.000000 0.012881
vt 0.226469 0.000000
vt 0.000000 0.000000
vt 0.000000 0.089593
vt 0.226469 0.062150
vt 0.000000 0.062150
vt 0.906075 0.296828
vt 0.679606 0.312903
vt 0.906075 0.312903
vt 0.000512 0.321630
vt 0.226981 0.330358
vt 0.226981 0.321630
vt -0.000122 0.210448
vt 0.226347 0.156096
vt -0.000122 0.156096
vt 0.906075 0.219937
vt 0.679606 0.259595
vt 0.906075 0.259595
vt 0.679406 0.034093
vt 0.905875 0.048121
vt 0.905875 0.034093
vt 0.905875 0.025761
vt 0.679406 0.012881
vt 0.905875 0.012881
vt 0.679406 0.121202
vt 0.905875 0.093759
vt 0.905875 0.121202
vt 0.000000 0.062150
vt 0.226469 0.048121
vt 0.226469 0.062150
vt 0.679406 0.034093
vt 0.905875 0.048121
vt 0.679406 0.048121
vt 0.679606 0.259595
vt 0.906075 0.219937
vt 0.906075 0.259595
vt -0.000122 0.210448
vt 0.226347 0.156096
vt 0.226347 0.210448
vt 0.000512 0.330358
vt 0.226981 0.321630
vt 0.226981 0.330358
vt 0.906075 0.296828
vt 0.679606 0.312903
vt 0.679606 0.296828
vt 0.000000 0.089593
vt 0.226469 0.062150
vt 0.226469 0.089593
vt 0.000000 0.012881
vt 0.226469 0.000000
vt 0.226469 0.012881
vt 0.000512 0.321630
vt 0.226981 0.312903
vt 0.226981 0.321630
vt 0.679606 0.281378
vt 0.906075 0.297453
vt 0.679606 0.297453
vt 0.000000 0.048121
vt 0.226469 0.062150
vt 0.226469 0.048121
vt 0.679406 0.093759
vt 0.905875 0.121202
vt 0.905875 0.093759
vt 0.679406 0.025761
vt 0.905875 0.012881
vt 0.679406 0.012881
vt 0.999050 0.342604
vt 0.939310 0.183297
vt 0.999050 0.183297
vt 0.999050 0.342604
vt 0.939310 0.183297
vt 0.999050 0.183297
vt 0.999050 0.342604
vt 0.939310 0.183297
vt 0.999050 0.183297
vt 0.999050 0.342604
vt 0.939310 0.183297
vt 0.999050 0.183297
vt 0.985655 0.179437
vt 0.939081 0.132863
vt 0.985655 0.132863
vt 0.999050 0.342604
vt 0.939310 0.183297
vt 0.939310 0.342604
vt 0.999050 0.342604
vt 0.939310 0.183297
vt 0.939310 0.342604
vt 0.939310 0.342604
vt 0.999050 0.183297
vt 0.939310 0.183297
vt 0.999050 0.342604
vt 0.939310 0.183297
vt 0.939310 0.342604
vt 0.939081 0.179437
vt 0.985655 0.132863
vt 0.939081 0.132863
vt 0.979692 0.844034
vt -0.000781 0.781451
vt 0.979692 0.781451
vt 0.145247 0.718868
vt -0.000781 0.656284
vt 0.145247 0.656284
vt 0.979692 0.718868
vt -0.000781 0.781451
vt -0.000781 0.718868
vt 0.302823 0.718868
vt 0.156795 0.656284
vt 0.302823 0.656284
vt 1.000000 1.000000
vt 0.000000 0.851064
vt 1.000000 0.851064
vt 0.998987 0.504118
vt 0.001647 0.652658
vt 0.001647 0.504118
vt 0.906075 0.297453
vt 0.679606 0.281378
vt 0.679606 0.297453
vt 0.000512 0.312903
vt 0.226981 0.321630
vt 0.226981 0.312903
vt 0.000000 0.012881
vt 0.226469 0.000000
vt 0.000000 0.000000
vt 0.000000 0.089593
vt 0.226469 0.062150
vt 0.000000 0.062150
vt 0.906075 0.296828
vt 0.679606 0.312903
vt 0.906075 0.312903
vt 0.000512 0.321630
vt 0.226981 0.330358
vt 0.226981 0.321630
vt -0.000122 0.210448
vt 0.226347 0.156096
vt -0.000122 0.156096
vt 0.906075 0.219937
vt 0.679606 0.259595
vt 0.906075 0.259595
vt 0.679406 0.034093
vt 0.905875 0.048121
vt 0.905875 0.034093
vt 0.905875 0.025761
vt 0.679406 0.012881
vt 0.905875 0.012881
vt 0.905875 0.121202
vt 0.679406 0.093759
vt 0.905875 0.093759
vt 0.000000 0.062150
vt 0.226469 0.048121
vt 0.226469 0.062150
vt 0.000000 0.121202
vt 0.000000 0.093759
vt 0.905875 0.089593
vt 0.226669 0.281378
vt 0.000200 0.281378
vt 0.453137 0.281378
vt 0.396520 0.297453
vt 0.396520 0.281378
vt 0.679606 0.297453
vt 0.453137 0.297453
vt 0.679918 0.321630
vt 0.510067 0.321630
vt 0.453449 0.312903
vt 0.510067 0.312903
vt 0.453449 0.321630
vt 0.226981 0.312903
vt 0.679406 0.012881
vt 0.905875 0.012881
vt 0.452938 0.012881
vt 0.509555 0.000000
vt 0.509555 0.012881
vt 0.226469 0.012881
vt 0.452938 0.000000
vt 0.679406 0.089593
vt 0.905875 0.089593
vt 0.509555 0.089593
vt 0.452938 0.062150
vt 0.509555 0.062150
vt 0.226469 0.089593
vt 0.452938 0.089593
vt 0.226669 0.296828
vt 0.453137 0.296828
vt 0.396520 0.312903
vt 0.396520 0.296828
vt 0.679606 0.312903
vt 0.453137 0.312903
vt 0.679918 0.330358
vt 0.510067 0.330358
vt 0.453449 0.321630
vt 0.510067 0.321630
vt 0.453449 0.330358
vt 0.226981 0.321630
vt 0.452937 0.025761
vt 0.679406 0.012881
vt 0.679406 0.025761
vt 0.283086 0.025761
vt 0.283086 0.012881
vt 0.452937 0.121202
vt 0.679406 0.093759
vt 0.679406 0.121202
vt 0.283086 0.093759
vt 0.283086 0.121202
vt 0.679284 0.210448
vt 0.905753 0.210448
vt 0.452816 0.210448
vt 0.509433 0.156096
vt 0.509433 0.210448
vt 0.226347 0.156096
vt 0.452816 0.156096
vt 0.000200 0.219937
vt 0.226669 0.259595
vt 0.396520 0.259595
vt 0.453137 0.219937
vt 0.453137 0.259595
vt 0.679606 0.259595
vt 0.226469 0.048121
vt 0.000000 0.048121
vt 0.396320 0.034093
vt 0.452937 0.048121
vt 0.396320 0.048121
vt 0.452937 0.034093
vt 0.679406 0.048121
vt 0.226469 0.048121
vt 0.452938 0.062150
vt 0.226469 0.062150
vt 0.622789 0.062150
vt 0.452938 0.048121
vt 0.509555 0.062150
vt 0.509555 0.048121
vt 0.566172 0.062150
vt 0.226469 0.034093
vt 0.283086 0.048121
vt 0.339703 0.034093
vt 0.339703 0.048121
vt 0.226669 0.219937
vt 0.283286 0.259595
vt 0.339903 0.219937
vt 0.339903 0.259595
vt 0.622667 0.210448
vt 0.679284 0.156096
vt 0.566050 0.156096
vt 0.566050 0.210448
vt 0.396320 0.121202
vt 0.452937 0.093759
vt 0.339703 0.121202
vt 0.396320 0.093759
vt 0.396320 0.012881
vt 0.452937 0.012881
vt 0.339703 0.025761
vt 0.396320 0.025761
vt 0.623301 0.330358
vt 0.679918 0.321630
vt 0.566684 0.330358
vt 0.566684 0.321630
vt 0.283286 0.312903
vt 0.226669 0.312903
vt 0.339903 0.296828
vt 0.339903 0.312903
vt 0.622789 0.089593
vt 0.679406 0.062150
vt 0.566172 0.062150
vt 0.566172 0.089593
vt 0.622789 0.012881
vt 0.679406 0.000000
vt 0.566172 0.000000
vt 0.566172 0.012881
vt 0.623301 0.321630
vt 0.679918 0.312903
vt 0.566684 0.321630
vt 0.566684 0.312903
vt 0.283286 0.297453
vt 0.226669 0.297453
vt 0.339903 0.297453
vt 0.339903 0.281378
vt 0.982037 0.022561
vt 0.982037 0.022561
vt 0.982037 0.022561
vt 0.982037 0.022561
vt 0.982037 0.022561
vt 0.982037 0.022561
vt 0.982037 0.022561
vt 0.982037 0.022561
vt 0.982037 0.022561
vt 0.982037 0.022561
vt 0.982037 0.022561
vt 0.982037 0.022561
vt 0.982037 0.022561
vt 0.982037 0.022561
vt 0.982037 0.022561
vt 0.982037 0.022561
vt 0.982037 0.022561
vt 0.982037 0.022561
vt 0.982037 0.022561
vt 0.982037 0.022561
vt 0.982037 0.022561
vt 0.982037 0.022561
vt 0.999050 0.342604
vt 0.939310 0.183297
vt 0.939310 0.342604
vt 0.939310 0.342604
vt 0.999050 0.183297
vt 0.939310 0.183297
vt 0.999050 0.342604
vt 0.939310 0.183297
vt 0.939310 0.342604
vt 0.999050 0.342604
vt 0.939310 0.183297
vt 0.939310 0.342604
vt 0.985655 0.179437
vt 0.939081 0.132863
vt 0.939081 0.179437
vt 0.955240 0.109372
vt 0.955240 0.109372
vt 0.955240 0.109372
vt 0.955240 0.109372
vt 0.955240 0.109372
vt 0.955240 0.109372
vt 0.955240 0.109372
vt 0.955240 0.109372
vt 0.955240 0.109372
vt 0.955240 0.109372
vt 0.955240 0.109372
vt 0.955240 0.109372
vt 0.955240 0.109372
vt 0.955240 0.109372
vt 0.955240 0.109372
vt 0.955240 0.109372
vt 0.955240 0.109372
vt 0.955240 0.109372
vt 0.955240 0.109372
vt 0.955240 0.109372
vt 0.955240 0.109372
vt 0.955240 0.109372
vt 0.955240 0.109372
vt 0.999050 0.342604
vt 0.939310 0.183297
vt 0.999050 0.183297
vt 0.999050 0.342604
vt 0.939310 0.183297
vt 0.999050 0.183297
vt 0.999050 0.342604
vt 0.939310 0.183297
vt 0.999050 0.183297
vt 0.999050 0.342604
vt 0.939310 0.183297
vt 0.999050 0.183297
vt 0.985655 0.132863
vt 0.939081 0.179437
vt 0.939081 0.132863
vt 0.905875 0.000000
vt 0.905875 0.012881
vt 0.906387 0.312903
vt 0.000200 0.259595
vt 0.906075 0.259595
vt 0.906075 0.219937
vt 0.905875 0.012881
vt 0.905875 0.000000
vt 0.000200 0.297453
vt 0.000200 0.281378
vt 0.905875 0.048121
vt 0.905753 0.156096
vt 0.000000 0.000000
vt 0.000200 0.296828
vt 0.999050 0.342604
vt 0.939310 0.183297
vt 0.999050 0.183297
vt 0.999050 0.342604
vt 0.939310 0.183297
vt 0.999050 0.183297
vt 0.999050 0.183297
vt 0.939310 0.342604
vt 0.939310 0.183297
vt 0.999050 0.342604
vt 0.939310 0.183297
vt 0.999050 0.183297
vt 0.985655 0.132863
vt 0.939081 0.179437
vt 0.939081 0.132863
vt 0.999050 0.342604
vt 0.939310 0.183297
vt 0.939310 0.342604
vt 0.999050 0.342604
vt 0.939310 0.183297
vt 0.939310 0.342604
vt 0.999050 0.342604
vt 0.939310 0.183297
vt 0.939310 0.342604
vt 0.999050 0.342604
vt 0.939310 0.183297
vt 0.939310 0.342604
vt 0.000000 0.000000
vt 0.905875 0.089593
vt 0.905875 0.062150
vt 0.000000 0.093759
vt 0.939081 0.179437
vt 0.985655 0.132863
vt 0.939081 0.132863
vt 0.979692 0.844034
vt -0.000781 0.781451
vt 0.979692 0.781451
vt 0.146184 0.718868
vt 0.000156 0.656284
vt 0.146184 0.656284
vt 0.980629 0.718868
vt 0.000156 0.781451
vt 0.000156 0.718868
vt 0.302823 0.656284
vt 0.156795 0.718868
vt 0.156795 0.656284
vt 0.999534 0.505675
vt -0.000466 0.654611
vt -0.000466 0.505675
vt 0.998987 0.998895
vt 0.001647 0.850355
vt 0.998987 0.850355
vt 0.000000 0.000000
vt 0.000000 0.034093
vt 0.000000 0.048121
vt -0.000122 0.210448
vt 0.905753 0.156096
vt 0.905753 0.210448
vt 0.000000 0.121202
vt 0.905875 0.093759
vt 0.905875 0.121202
vt 0.000000 0.025761
vt 0.905875 0.012881
vt 0.905875 0.025761
vt 0.906387 0.330358
vt 0.000512 0.321630
vt 0.906387 0.321630
vt 0.906075 0.296828
vt 0.000200 0.312903
vt 0.000200 0.296828
vt 0.906387 0.321630
vt 0.906387 0.312903
vt 0.000200 0.297453
vt 0.905875 0.048121
vt 0.999050 0.342604
vt 0.939310 0.183297
vt 0.999050 0.183297
vt 0.999050 0.342604
vt 0.939310 0.183297
vt 0.999050 0.183297
vt 0.999050 0.342604
vt 0.939310 0.183297
vt 0.999050 0.183297
vt 0.999050 0.342604
vt 0.939310 0.183297
vt 0.999050 0.183297
vt 0.985655 0.179437
vt 0.939081 0.132863
vt 0.985655 0.132863
vt 0.999050 0.342604
vt 0.939310 0.183297
vt 0.939310 0.342604
vt 0.999050 0.342604
vt 0.939310 0.183297
vt 0.939310 0.342604
vt 0.999050 0.342604
vt 0.939310 0.183297
vt 0.939310 0.342604
vt 0.939310 0.342604
vt 0.999050 0.183297
vt 0.939310 0.183297
vt 0.906075 0.219937
vt 0.985655 0.179437
vt 0.939081 0.132863
vt 0.939081 0.179437
vt 0.979692 0.844034
vt -0.000781 0.781451
vt 0.979692 0.781451
vt 0.146184 0.718868
vt 0.000156 0.656284
vt 0.146184 0.656284
vt 0.980629 0.781451
vt 0.000156 0.718868
vt 0.980629 0.718868
vt 0.302823 0.718868
vt 0.156795 0.656284
vt 0.302823 0.656284
vt 0.999534 0.654611
vt -0.000466 0.505675
vt 0.999534 0.505675
vt 0.998987 0.850355
vt 0.001647 0.998895
vt 0.001647 0.850355
vt 0.000000 0.048121
vt 0.905875 0.062150
vt 0.000000 0.034093
vt 0.905875 0.048121
vt 0.905875 0.034093
vt 0.000200 0.219937
vt 0.906075 0.259595
vt 0.906075 0.219937
vt -0.000122 0.156096
vt 0.905753 0.210448
vt 0.905875 0.121202
vt 0.905875 0.093759
vt 0.000000 0.012881
vt 0.905875 0.025761
vt 0.905875 0.012881
vt 0.000512 0.330358
vt 0.906387 0.321630
vt 0.000512 0.321630
vt 0.906075 0.296828
vt 0.000200 0.312903
vt 0.906075 0.312903
vt 0.000000 0.062150
vt 0.905875 0.062150
vt 0.000000 0.012881
vt 0.000000 0.000000
vt 0.000512 0.321630
vt 0.000512 0.312903
vt 0.906075 0.281378
vt 0.906075 0.297453
vt 0.999050 0.342604
vt 0.939310 0.183297
vt 0.999050 0.183297
vt 0.999050 0.342604
vt 0.939310 0.183297
vt 0.999050 0.183297
vt 0.999050 0.183297
vt 0.939310 0.342604
vt 0.939310 0.183297
vt 0.999050 0.342604
vt 0.939310 0.183297
vt 0.999050 0.183297
vt 0.985655 0.132863
vt 0.939081 0.179437
vt 0.939081 0.132863
vt 0.999050 0.342604
vt 0.939310 0.183297
vt 0.939310 0.342604
vt 0.999050 0.342604
vt 0.939310 0.183297
vt 0.939310 0.342604
vt 0.999050 0.342604
vt 0.939310 0.183297
vt 0.939310 0.342604
vt 0.999050 0.342604
vt 0.939310 0.183297
vt 0.939310 0.342604
vt 0.979692 0.844034
vt -0.000781 0.781451
vt 0.979692 0.781451
vt 0.146184 0.718868
vt 0.000156 0.656284
vt 0.146184 0.656284
vt 0.998987 0.998895
vt 0.001647 0.850355
vt 0.998987 0.850355
vt 0.939081 0.179437
vt 0.985655 0.132863
vt 0.939081 0.132863
vt 0.980629 0.781451
vt 0.000156 0.718868
vt 0.980629 0.718868
vt 0.302823 0.718868
vt 0.156795 0.656284
vt 0.302823 0.656284
vt 0.999534 0.505675
vt -0.000466 0.654611
vt -0.000466 0.505675
vt 0.000000 0.048121
vt 0.905875 0.062150
vt 0.000000 0.062150
vt 0.959024 0.014240
vt 0.943180 0.000413
vt 0.980908 0.014240
vt 0.996752 0.000413
vt 0.980908 0.041289
vt 0.989510 0.053985
vt 0.959024 0.041289
vt 0.950422 0.053985
vt 0.000000 0.034093
vt 0.905875 0.048121
vt 0.000000 0.048121
vt 0.000200 0.219937
vt 0.906075 0.259595
vt 0.000200 0.259595
vt -0.000122 0.210448
vt 0.905753 0.156096
vt 0.905753 0.210448
vt 0.000000 0.121202
vt 0.905875 0.093759
vt 0.905875 0.121202
vt 0.000000 0.025761
vt 0.905875 0.012881
vt 0.905875 0.025761
vt 0.000512 0.330358
vt 0.906387 0.321630
vt 0.906387 0.330358
vt 0.906075 0.296828
vt 0.000200 0.312903
vt 0.000200 0.296828
vt 0.000000 0.089593
vt 0.905875 0.062150
vt 0.905875 0.089593
vt 0.000000 0.012881
vt 0.905875 0.000000
vt 0.905875 0.012881
vt 0.000512 0.321630
vt 0.906387 0.312903
vt 0.906387 0.321630
vt 0.906075 0.281378
vt 0.000200 0.297453
vt 0.000200 0.281378
vt 0.000000 0.048121
vt 0.905875 0.062150
vt 0.905875 0.048121
vt 0.996752 0.000413
vt 0.980908 0.014240
vt 0.996752 0.014240
vt 0.959024 0.014240
vt 0.943180 0.000413
vt 0.943180 0.014240
vt 0.950422 0.053985
vt 0.959024 0.041289
vt 0.950422 0.041289
vt 0.989510 0.053985
vt 0.980908 0.041289
vt 0.905875 0.034093
vt 0.000000 0.048121
vt 0.905875 0.048121
vt 0.000200 0.219937
vt 0.906075 0.259595
vt 0.906075 0.219937
vt -0.000122 0.210448
vt 0.905753 0.156096
vt -0.000122 0.156096
vt 0.000000 0.121202
vt 0.905875 0.093759
vt 0.000000 0.093759
vt 0.000000 0.025761
vt 0.905875 0.012881
vt 0.000000 0.012881
vt 0.000512 0.330358
vt 0.906387 0.321630
vt 0.000512 0.321630
vt 0.906075 0.296828
vt 0.000200 0.312903
vt 0.906075 0.312903
vt 0.000000 0.089593
vt 0.905875 0.062150
vt 0.000000 0.062150
vt 0.000000 0.012881
vt 0.905875 0.000000
vt 0.000000 0.000000
vt 0.000512 0.321630
vt 0.906387 0.312903
vt 0.000512 0.312903
vt 0.906075 0.281378
vt 0.000200 0.297453
vt 0.906075 0.297453
vt 0.999050 0.342604
vt 0.939310 0.183297
vt 0.999050 0.183297
vt 0.999050 0.342604
vt 0.939310 0.183297
vt 0.999050 0.183297
vt 0.999050 0.342604
vt 0.939310 0.183297
vt 0.999050 0.183297
vt 0.999050 0.342604
vt 0.939310 0.183297
vt 0.999050 0.183297
vt 0.985655 0.179437
vt 0.939081 0.132863
vt 0.985655 0.132863
vt 0.999050 0.342604
vt 0.939310 0.183297
vt 0.939310 0.342604
vt 0.999050 0.342604
vt 0.939310 0.183297
vt 0.939310 0.342604
vt 0.999050 0.342604
vt 0.939310 0.183297
vt 0.939310 0.342604
vt 0.999050 0.342604
vt 0.939310 0.183297
vt 0.939310 0.342604
vt 0.985655 0.179437
vt 0.939081 0.132863
vt 0.939081 0.179437
vt 0.999050 0.342604
vt 0.939310 0.183297
vt 0.999050 0.183297
vt 0.999050 0.183297
vt 0.939310 0.342604
vt 0.939310 0.183297
vt 0.999050 0.342604
vt 0.939310 0.183297
vt 0.999050 0.183297
vt 0.999050 0.342604
vt 0.939310 0.183297
vt 0.999050 0.183297
vt 0.985655 0.179437
vt 0.939081 0.132863
vt 0.985655 0.132863
vt 0.999050 0.342604
vt 0.939310 0.183297
vt 0.939310 0.342604
vt 0.939310 0.342604
vt 0.999050 0.183297
vt 0.939310 0.183297
vt 0.999050 0.342604
vt 0.939310 0.183297
vt 0.939310 0.342604
vt 0.999050 0.342604
vt 0.939310 0.183297
vt 0.939310 0.342604
vt 0.985655 0.179437
vt 0.939081 0.132863
vt 0.939081 0.179437
vt 0.979692 0.844034
vt -0.000781 0.781451
vt 0.979692 0.781451
vt 0.146184 0.656284
vt 0.000156 0.718868
vt 0.000156 0.656284
vt 0.980629 0.781451
vt 0.000156 0.718868
vt 0.980629 0.718868
vt 0.302823 0.718868
vt 0.156795 0.656284
vt 0.302823 0.656284
vt 0.999534 0.654611
vt -0.000466 0.505675
vt 0.999534 0.505675
vt 0.979692 0.844034
vt -0.000781 0.781451
vt 0.979692 0.781451
vt 0.145247 0.656284
vt -0.000781 0.718868
vt -0.000781 0.656284
vt 0.979692 0.781451
vt -0.000781 0.718868
vt 0.979692 0.718868
vt 0.302823 0.718868
vt 0.156795 0.656284
vt 0.302823 0.656284
vt 1.000000 1.000000
vt 0.000000 0.851064
vt 1.000000 0.851064
vt 0.998987 0.998895
vt 0.001647 0.850355
vt 0.998987 0.850355
vt 0.998987 0.998049
vt 0.001647 0.849509
vt 0.998987 0.849509
vt 0.000200 0.281378
vt 0.000200 0.259595
vt 0.000200 0.296828
vt 0.905875 0.089593
vt 0.905875 0.012881
vt 0.906387 0.321630
vt 0.999050 0.342604
vt 0.999050 0.342604
vt 0.939310 0.342604
vt 0.939310 0.342604
vt 0.985655 0.179437
vt 0.999050 0.342604
vt 0.999050 0.342604
vt 0.999050 0.342604
vt 0.999050 0.183297
vt -0.000781 0.844034
vt 0.146184 0.718868
vt 0.998987 0.998895
vt 0.000000 0.048121
vt 0.000000 0.048121
vt 0.905753 0.210448
vt 0.906075 0.281378
vt 0.985655 0.132863
vt 0.000156 0.781451
vt 0.156795 0.718868
vt -0.000466 0.654611
vt 0.000000 0.062150
vt 0.000000 0.034093
vt -0.000122 0.210448
vt 0.905875 0.121202
vt 0.000512 0.330358
vt 0.000200 0.296828
vt 0.000000 0.089593
vt 0.905875 0.012881
vt 0.906387 0.321630
vt 0.000200 0.281378
vt 0.999050 0.342604
vt 0.999050 0.342604
vt 0.939310 0.342604
vt 0.939310 0.342604
vt 0.985655 0.179437
vt 0.999050 0.183297
vt 0.999050 0.342604
vt 0.999050 0.183297
vt 0.999050 0.342604
vt -0.000781 0.844034
vt 0.000156 0.718868
vt 0.001647 0.998895
vt 0.000200 0.259595
vt 0.905875 0.025761
vt 0.985655 0.132863
vt 0.980629 0.781451
vt 0.302823 0.718868
vt -0.000466 0.654611
vt 0.000000 0.048121
vt 0.000512 0.330358
vt 0.906075 0.296828
vt 0.000512 0.321630
vt 0.999050 0.342604
vt 0.939310 0.342604
vt 0.939310 0.342604
vt 0.939310 0.342604
vt 0.985655 0.179437
vt 0.999050 0.183297
vt 0.999050 0.183297
vt 0.999050 0.183297
vt 0.999050 0.183297
vt -0.000781 0.844034
vt 0.146184 0.718868
vt 0.001647 0.998895
vt 0.985655 0.179437
vt 0.000156 0.781451
vt 0.156795 0.718868
vt -0.000466 0.654611
vt 0.939310 0.342604
vt 0.939310 0.342604
vt 0.939310 0.342604
vt 0.939310 0.342604
vt 0.939081 0.179437
vt 0.939310 0.342604
vt 0.939310 0.342604
vt 0.939310 0.342604
vt 0.939310 0.342604
vt 0.985655 0.179437
vt 0.939310 0.342604
vt 0.939310 0.342604
vt 0.939310 0.342604
vt 0.939310 0.342604
vt 0.939081 0.179437
vt -0.000781 0.844034
vt 0.146184 0.718868
vt 0.000156 0.781451
vt 0.156795 0.718868
vt -0.000466 0.654611
vt -0.000781 0.844034
vt -0.000781 0.718868
vt -0.000781 0.781451
vt 0.156795 0.718868
vt 0.000000 1.000000
vt -0.000781 0.844034
vt -0.000781 0.718868
vt -0.000781 0.781451
vt 0.156795 0.718868
vt -0.000103 0.498042
vt -0.000781 0.844034
vt 0.145247 0.718868
vt -0.000781 0.781451
vt 0.156795 0.718868
vt 1.000000 1.000000
vt 0.001647 0.998895
vt 0.998987 0.998049
vt 0.000000 0.500556
vt 0.998987 0.652658
vt 0.939310 0.342604
vt 0.939310 0.342604
vt 0.939310 0.342604
vt 0.939310 0.342604
vt 0.985655 0.179437
vt 0.939310 0.342604
vt 0.999050 0.342604
vt 0.939310 0.342604
vt 0.939310 0.342604
vt 0.939081 0.179437
vt 0.939310 0.342604
vt 0.939310 0.342604
vt 0.939310 0.342604
vt 0.939310 0.342604
vt 0.939081 0.179437
vt 0.999050 0.183297
vt 0.999050 0.183297
vt 0.999050 0.183297
vt 0.999050 0.183297
vt 0.985655 0.132863
vt 0.939310 0.342604
vt 0.999050 0.342604
vt 0.939310 0.342604
vt 0.939310 0.342604
vt 0.939081 0.179437
vt -0.000781 0.844034
vt 0.146184 0.718868
vt 0.000156 0.781451
vt 0.156795 0.718868
vt -0.000466 0.654611
vt -0.000781 0.844034
vt 0.145247 0.718868
vt -0.000781 0.781451
vt 0.156795 0.718868
vt 0.000000 1.000000
vt -0.000781 0.844034
vt -0.000781 0.718868
vt -0.000781 0.781451
vt 0.156795 0.718868
vt -0.000103 0.498042
vt -0.000781 0.844034
vt 0.145247 0.718868
vt -0.000781 0.781451
vt 0.156795 0.718868
vt 0.000000 1.000000
vt 0.998987 0.998895
vt 0.001647 0.998049
vt 0.000000 0.500556
vt 0.001647 0.652658
vt 0.939310 0.342604
vt 0.939310 0.342604
vt 0.939310 0.342604
vt 0.939310 0.342604
vt 0.985655 0.179437
vt 0.999050 0.183297
vt 0.999050 0.183297
vt 0.999050 0.183297
vt 0.999050 0.183297
vt 0.985655 0.132863
vt 0.939310 0.342604
vt 0.999050 0.342604
vt 0.939310 0.342604
vt 0.939310 0.342604
vt 0.939081 0.179437
vt 0.999050 0.183297
vt 0.999050 0.342604
vt 0.999050 0.183297
vt 0.999050 0.183297
vt 0.985655 0.179437
vt 0.939310 0.342604
vt 0.939310 0.342604
vt 0.939310 0.342604
vt 0.939310 0.342604
vt 0.939081 0.179437
vt 0.999050 0.183297
vt 0.999050 0.183297
vt 0.999050 0.183297
vt 0.999050 0.183297
vt 0.985655 0.179437
vt 0.939310 0.342604
vt 0.939310 0.342604
vt 0.939310 0.342604
vt 0.939310 0.342604
vt 0.985655 0.179437
vt 0.999050 0.183297
vt 0.999050 0.183297
vt 0.999050 0.183297
vt 0.999050 0.183297
vt 0.985655 0.132863
vt -0.000781 0.844034
vt 0.000156 0.718868
vt 0.000156 0.781451
vt 0.156795 0.718868
vt -0.000466 0.654611
vt -0.000781 0.844034
vt -0.000781 0.718868
vt -0.000781 0.781451
vt 0.156795 0.718868
vt 0.000000 1.000000
vt -0.000781 0.844034
vt 0.145247 0.718868
vt -0.000781 0.781451
vt 0.156795 0.718868
vt 0.999897 0.498042
vt -0.000781 0.844034
vt -0.000781 0.718868
vt -0.000781 0.781451
vt 0.156795 0.718868
vt 0.000000 1.000000
vt 0.001647 0.998895
vt 0.001647 0.998049
vt 0.000000 0.500556
vt 0.001647 0.652658
vt 0.905875 0.034093
vt 0.679606 0.219937
vt -0.000122 0.210448
vt 0.000512 0.330358
vt 0.906075 0.312903
vt 0.000000 0.089593
vt 0.000000 0.000000
vt 0.000512 0.321630
vt 0.906075 0.297453
vt 0.939310 0.342604
vt 0.939310 0.342604
vt 0.939310 0.342604
vt 0.939310 0.342604
vt 0.985655 0.179437
vt 0.999050 0.183297
vt 0.999050 0.342604
vt 0.999050 0.183297
vt 0.999050 0.183297
vt 0.985655 0.132863
vt 0.679406 0.025761
vt 0.679406 0.093759
vt 0.226469 0.048121
vt 0.905875 0.034093
vt 0.679606 0.219937
vt -0.000122 0.156096
vt 0.000512 0.321630
vt 0.906075 0.312903
vt 0.000000 0.062150
vt 0.000000 0.000000
vt 0.000512 0.312903
vt 0.906075 0.281378
vt 0.679406 0.025761
vt 0.679406 0.093759
vt 0.226469 0.048121
vt 0.905875 0.034093
vt 0.679606 0.219937
vt -0.000122 0.156096
vt 0.000512 0.321630
vt 0.906075 0.312903
vt 0.000000 0.062150
vt 0.000000 0.000000
vt 0.000512 0.312903
vt 0.906075 0.281378
vt 0.999050 0.183297
vt 0.999050 0.183297
vt 0.999050 0.342604
vt 0.999050 0.183297
vt 0.985655 0.179437
vt -0.000781 0.844034
vt 0.145247 0.718868
vt -0.000781 0.781451
vt 0.156795 0.718868
vt 1.000000 1.000000
vt 0.001647 0.652658
vt 0.679406 0.025761
vt 0.679406 0.093759
vt 0.226469 0.048121
vt 0.905875 0.034093
vt 0.679606 0.219937
vt -0.000122 0.156096
vt 0.000512 0.321630
vt 0.906075 0.312903
vt 0.000000 0.062150
vt 0.000000 0.000000
vt 0.000512 0.312903
vt 0.906075 0.281378
vt 0.000000 0.062150
vt 0.679406 0.121202
vt 0.905875 0.025761
vt 0.999050 0.183297
vt 0.999050 0.183297
vt 0.999050 0.183297
vt 0.999050 0.183297
vt 0.985655 0.179437
vt 0.979692 0.844034
vt -0.000781 0.718868
vt -0.000781 0.781451
vt 0.302823 0.718868
vt 1.000000 1.000000
vt 0.001647 0.652658
vt 0.906075 0.281378
vt 0.226981 0.321630
vt 0.000000 0.012881
vt 0.226469 0.089593
vt 0.906075 0.296828
vt 0.226981 0.330358
vt 0.226347 0.210448
vt 0.679606 0.259595
vt 0.679406 0.048121
vt 0.679406 0.025761
vt 0.679406 0.093759
vt 0.226469 0.048121
vt 0.905875 0.034093
vt 0.679606 0.219937
vt -0.000122 0.156096
vt 0.000512 0.321630
vt 0.906075 0.312903
vt 0.000000 0.062150
vt 0.000000 0.000000
vt 0.000512 0.312903
vt 0.906075 0.281378
vt 0.000000 0.062150
vt 0.905875 0.121202
vt 0.905875 0.025761
vt 0.999050 0.342604
vt 0.999050 0.342604
vt 0.999050 0.183297
vt 0.999050 0.183297
vt 0.985655 0.132863
vt -0.000781 0.844034
vt -0.000781 0.718868
vt -0.000781 0.781451
vt 0.156795 0.718868
vt 0.000000 1.000000
vt 0.998987 0.652658
vt 0.906075 0.281378
vt 0.226981 0.321630
vt 0.226469 0.012881
vt 0.000000 0.089593
vt 0.906075 0.296828
vt 0.226981 0.330358
vt 0.226347 0.210448
vt 0.679606 0.259595
vt 0.679406 0.048121
vt 0.679406 0.025761
vt 0.679406 0.093759
vt 0.226469 0.048121
vt 0.905875 0.034093
vt 0.679606 0.219937
vt -0.000122 0.156096
vt 0.000512 0.321630
vt 0.906075 0.312903
vt 0.000000 0.062150
vt 0.000000 0.000000
vt 0.000512 0.312903
vt 0.906075 0.281378
vt 0.000000 0.062150
vt 0.905875 0.121202
vt 0.905875 0.025761
vt 0.999050 0.342604
vt 0.999050 0.342604
vt 0.999050 0.342604
vt 0.999050 0.183297
vt 0.985655 0.132863
vt -0.000781 0.844034
vt -0.000781 0.718868
vt 0.979692 0.781451
vt 0.156795 0.718868
vt 0.000000 1.000000
vt 0.998987 0.652658
vt 0.906075 0.281378
vt 0.226981 0.321630
vt 0.226469 0.012881
vt 0.000000 0.089593
vt 0.906075 0.296828
vt 0.226981 0.330358
vt 0.226347 0.210448
vt 0.679606 0.259595
vt 0.679406 0.048121
vt 0.679406 0.025761
vt 0.679406 0.121202
vt 0.000000 0.048121
vt 0.905875 0.034093
vt 0.679606 0.219937
vt -0.000122 0.156096
vt 0.000512 0.321630
vt 0.906075 0.312903
vt 0.000000 0.062150
vt 0.000000 0.000000
vt 0.000512 0.312903
vt 0.906075 0.281378
vt 0.000000 0.048121
vt 0.905875 0.121202
vt 0.905875 0.025761
vt 0.939310 0.342604
vt 0.999050 0.342604
vt 0.939310 0.342604
vt 0.939310 0.342604
vt 0.939081 0.179437
vt 0.999050 0.183297
vt 0.999050 0.183297
vt 0.999050 0.183297
vt 0.999050 0.183297
vt 0.985655 0.179437
vt -0.000781 0.844034
vt -0.000781 0.718868
vt 0.979692 0.781451
vt 0.302823 0.718868
vt 1.000000 1.000000
vt 0.001647 0.652658
vt 0.906075 0.281378
vt 0.000512 0.321630
vt 0.226469 0.012881
vt 0.226469 0.089593
vt 0.679606 0.296828
vt 0.000512 0.330358
vt 0.226347 0.210448
vt 0.679606 0.219937
vt 0.679406 0.048121
vt 0.679406 0.025761
vt 0.679406 0.093759
vt 0.000000 0.048121
vt 0.905875 0.034093
vt 0.679606 0.219937
vt -0.000122 0.156096
vt 0.000512 0.321630
vt 0.906075 0.312903
vt 0.000000 0.062150
vt 0.000000 0.000000
vt 0.000512 0.312903
vt 0.906075 0.281378
vt 0.000000 0.048121
vt 0.679406 0.121202
vt 0.905875 0.025761
vt 0.939310 0.342604
vt 0.999050 0.342604
vt 0.939310 0.342604
vt 0.939310 0.342604
vt 0.939081 0.179437
vt 0.999050 0.183297
vt 0.999050 0.183297
vt 0.999050 0.183297
vt 0.999050 0.342604
vt 0.985655 0.179437
vt -0.000781 0.844034
vt -0.000781 0.718868
vt 0.979692 0.781451
vt 0.156795 0.718868
vt 1.000000 1.000000
vt 0.001647 0.652658
vt 0.906075 0.281378
vt 0.000512 0.321630
vt 0.226469 0.012881
vt 0.000000 0.089593
vt 0.679606 0.296828
vt 0.000512 0.330358
vt 0.226347 0.210448
vt 0.679606 0.219937
vt 0.679406 0.048121
vt 0.679406 0.025761
vt 0.679406 0.121202
vt 0.226469 0.048121
vt 0.905875 0.034093
vt 0.679606 0.219937
vt -0.000122 0.156096
vt 0.000512 0.321630
vt 0.906075 0.312903
vt 0.000000 0.062150
vt 0.000000 0.000000
vt 0.000512 0.312903
vt 0.906075 0.281378
vt 0.415989 0.075507
vt 0.415989 0.075507
vt 0.415989 0.075507
vt 0.999050 0.183297
vt 0.999050 0.183297
vt 0.999050 0.342604
vt 0.999050 0.183297
vt 0.985655 0.132863
vt -0.000781 0.844034
vt 0.145247 0.718868
vt -0.000781 0.781451
vt 0.302823 0.718868
vt 1.000000 1.000000
vt 0.001647 0.652658
vt 0.679406 0.025761
vt 0.679406 0.093759
vt 0.226469 0.048121
vt 0.905875 0.034093
vt 0.679606 0.219937
vt -0.000122 0.156096
vt 0.000512 0.321630
vt 0.906075 0.312903
vt 0.000000 0.062150
vt 0.000000 0.000000
vt 0.000512 0.312903
vt 0.906075 0.281378
vt 0.000000 0.048121
vt 0.679406 0.121202
vt 0.905875 0.025761
vt 0.939310 0.342604
vt 0.999050 0.342604
vt 0.939310 0.342604
vt 0.999050 0.342604
vt 0.939081 0.179437
vt 0.999050 0.183297
vt 0.999050 0.342604
vt 0.999050 0.342604
vt 0.999050 0.183297
vt 0.985655 0.179437
vt -0.000781 0.844034
vt 0.145247 0.718868
vt -0.000781 0.781451
vt 0.302823 0.718868
vt 0.000000 1.000000
vt 0.998987 0.652658
vt 0.906075 0.281378
vt 0.000512 0.321630
vt 0.226469 0.012881
vt 0.226469 0.089593
vt 0.679606 0.296828
vt 0.000512 0.330358
vt 0.226347 0.210448
vt 0.679606 0.219937
vt 0.679406 0.048121
vt 0.679406 0.025761
vt 0.679406 0.093759
vt 0.226469 0.048121
vt 0.905875 0.034093
vt 0.679606 0.219937
vt -0.000122 0.156096
vt 0.000512 0.321630
vt 0.906075 0.312903
vt 0.000000 0.062150
vt 0.000000 0.012881
vt 0.000512 0.312903
vt 0.906075 0.281378
vt 0.000000 0.062150
vt 0.679406 0.121202
vt 0.905875 0.025761
vt 0.939310 0.342604
vt 0.999050 0.342604
vt 0.939310 0.342604
vt 0.939310 0.342604
vt 0.985655 0.179437
vt 0.999050 0.183297
vt 0.999050 0.342604
vt 0.999050 0.183297
vt 0.999050 0.183297
vt 0.985655 0.132863
vt -0.000781 0.844034
vt -0.000781 0.718868
vt -0.000781 0.781451
vt 0.156795 0.718868
vt 1.000000 1.000000
vt 0.001647 0.652658
vt 0.906075 0.281378
vt 0.000512 0.321630
vt 0.226469 0.012881
vt 0.226469 0.089593
vt 0.679606 0.296828
vt 0.000512 0.330358
vt 0.226347 0.210448
vt 0.679606 0.219937
vt 0.679406 0.048121
vt 0.679406 0.025761
vt 0.679406 0.121202
vt 0.226469 0.048121
vt 0.905875 0.034093
vt 0.679606 0.219937
vt -0.000122 0.156096
vt 0.000512 0.321630
vt 0.906075 0.312903
vt 0.000000 0.089593
vt 0.000000 0.012881
vt 0.000512 0.312903
vt 0.906075 0.281378
vt 0.000000 0.062150
vt 0.679406 0.121202
vt 0.905875 0.025761
vt 0.939310 0.342604
vt 0.999050 0.342604
vt 0.939310 0.342604
vt 0.939310 0.342604
vt 0.939081 0.179437
vt 0.999050 0.183297
vt 0.999050 0.183297
vt 0.999050 0.183297
vt 0.999050 0.183297
vt 0.985655 0.179437
vt 0.979692 0.844034
vt -0.000781 0.718868
vt -0.000781 0.781451
vt 0.156795 0.718868
vt 0.000000 1.000000
vt 0.998987 0.652658
vt 0.906075 0.281378
vt 0.000512 0.321630
vt 0.000000 0.012881
vt 0.226469 0.089593
vt 0.679606 0.296828
vt 0.000512 0.330358
vt 0.226347 0.210448
vt 0.679606 0.219937
vt 0.679406 0.048121
vt 0.679406 0.025761
vt 0.679406 0.093759
vt 0.226469 0.048121
vt 0.905875 0.034093
vt 0.679606 0.219937
vt -0.000122 0.156096
vt 0.000512 0.321630
vt 0.906075 0.312903
vt 0.000000 0.089593
vt 0.000000 0.000000
vt 0.000512 0.312903
vt 0.906075 0.281378
vt 0.000000 0.062150
vt 0.679406 0.121202
vt 0.905875 0.025761
vt 0.939310 0.342604
vt 0.939310 0.342604
vt 0.939310 0.342604
vt 0.939310 0.342604
vt 0.985655 0.179437
vt 0.999050 0.183297
vt 0.999050 0.342604
vt 0.999050 0.183297
vt 0.999050 0.183297
vt 0.985655 0.132863
vt -0.000781 0.844034
vt -0.000781 0.718868
vt -0.000781 0.781451
vt 0.156795 0.718868
vt 1.000000 1.000000
vt 0.001647 0.652658
vt 0.906075 0.281378
vt 0.000512 0.321630
vt 0.226469 0.012881
vt 0.226469 0.089593
vt 0.679606 0.296828
vt 0.000512 0.330358
vt 0.226347 0.210448
vt 0.679606 0.219937
vt 0.679406 0.048121
vt 0.679406 0.025761
vt 0.679406 0.093759
vt 0.226469 0.048121
vt 0.905875 0.034093
vt 0.679606 0.219937
vt -0.000122 0.156096
vt 0.000512 0.321630
vt 0.906075 0.312903
vt 0.000000 0.062150
vt 0.000000 0.012881
vt 0.000512 0.312903
vt 0.906075 0.281378
vt 0.000000 0.048121
vt 0.679406 0.121202
vt 0.905875 0.025761
vt 0.939310 0.342604
vt 0.939310 0.342604
vt 0.939310 0.342604
vt 0.939310 0.342604
vt 0.985655 0.179437
vt 0.999050 0.183297
vt 0.999050 0.183297
vt 0.999050 0.342604
vt 0.999050 0.183297
vt 0.985655 0.132863
vt -0.000781 0.844034
vt 0.145247 0.718868
vt 0.979692 0.781451
vt 0.156795 0.718868
vt 1.000000 1.000000
vt 0.001647 0.652658
vt 0.906075 0.281378
vt 0.000512 0.321630
vt 0.226469 0.012881
vt 0.226469 0.089593
vt 0.679606 0.296828
vt 0.000512 0.330358
vt 0.226347 0.210448
vt 0.679606 0.219937
vt 0.679406 0.048121
vt 0.679406 0.025761
vt 0.679406 0.093759
vt 0.000000 0.048121
vt 0.905875 0.034093
vt 0.679606 0.219937
vt -0.000122 0.156096
vt 0.000512 0.321630
vt 0.906075 0.312903
vt 0.000000 0.062150
vt 0.000000 0.000000
vt 0.000512 0.312903
vt 0.906075 0.281378
vt 0.000000 0.062150
vt 0.679406 0.121202
vt 0.905875 0.025761
vt 0.939310 0.342604
vt 0.939310 0.342604
vt 0.939310 0.342604
vt 0.939310 0.342604
vt 0.939081 0.179437
vt 0.999050 0.183297
vt 0.999050 0.183297
vt 0.999050 0.342604
vt 0.999050 0.183297
vt 0.985655 0.179437
vt -0.000781 0.844034
vt -0.000781 0.718868
vt 0.979692 0.781451
vt 0.156795 0.718868
vt 0.000000 1.000000
vt 0.998987 0.652658
vt 0.906075 0.281378
vt 0.000512 0.321630
vt 0.226469 0.012881
vt 0.226469 0.089593
vt 0.679606 0.296828
vt 0.000512 0.330358
vt 0.226347 0.210448
vt 0.679606 0.219937
vt 0.679406 0.048121
vt 0.679406 0.025761
vt 0.679406 0.121202
vt 0.000000 0.048121
vt 0.679606 0.281378
vt 0.226981 0.321630
vt 0.226469 0.000000
vt 0.226469 0.062150
vt 0.679606 0.296828
vt 0.226981 0.330358
vt 0.226347 0.210448
vt 0.396520 0.219937
vt 0.679606 0.219937
vt 0.679406 0.034093
vt 0.622789 0.048121
vt 0.566172 0.048121
vt 0.283086 0.034093
vt 0.283286 0.219937
vt 0.622667 0.156096
vt 0.339703 0.093759
vt 0.339703 0.012881
vt 0.623301 0.321630
vt 0.283286 0.296828
vt 0.622789 0.062150
vt 0.622789 0.000000
vt 0.623301 0.312903
vt 0.283286 0.281378
vt 0.982037 0.022561
vt 0.982037 0.022561
vt 0.999050 0.183297
vt 0.999050 0.342604
vt 0.999050 0.183297
vt 0.999050 0.183297
vt 0.985655 0.132863
vt 0.955240 0.109372
vt 0.939310 0.342604
vt 0.939310 0.342604
vt 0.939310 0.342604
vt 0.939310 0.342604
vt 0.985655 0.179437
vt 0.939310 0.342604
vt 0.939310 0.342604
vt 0.999050 0.342604
vt 0.939310 0.342604
vt 0.985655 0.179437
vt 0.999050 0.183297
vt 0.999050 0.183297
vt 0.999050 0.183297
vt 0.999050 0.183297
vt 0.985655 0.179437
vt -0.000781 0.844034
vt 0.000156 0.718868
vt 0.980629 0.781451
vt 0.302823 0.718868
vt 0.999534 0.654611
vt 0.001647 0.998895
vt -0.000122 0.156096
vt 0.000000 0.012881
vt 0.000512 0.330358
vt 0.000000 0.000000
vt 0.939310 0.342604
vt 0.939310 0.342604
vt 0.939310 0.342604
vt 0.939310 0.342604
vt 0.939081 0.179437
vt 0.999050 0.183297
vt 0.999050 0.183297
vt 0.999050 0.183297
vt 0.999050 0.342604
vt 0.000200 0.219937
vt 0.985655 0.132863
vt -0.000781 0.844034
vt 0.000156 0.718868
vt 0.000156 0.781451
vt 0.156795 0.718868
vt -0.000466 0.654611
vt 0.998987 0.998895
vt 0.000000 0.062150
vt 0.000000 0.048121
vt 0.000200 0.259595
vt -0.000122 0.210448
vt 0.000000 0.025761
vt 0.906387 0.330358
vt 0.000000 0.089593
vt 0.906387 0.321630
vt 0.939310 0.342604
vt 0.939310 0.342604
vt 0.999050 0.342604
vt 0.939310 0.342604
vt 0.985655 0.179437
vt 0.999050 0.183297
vt 0.999050 0.183297
vt 0.999050 0.183297
vt 0.999050 0.183297
vt -0.000781 0.844034
vt 0.000156 0.718868
vt 0.001647 0.998895
vt 0.985655 0.179437
vt 0.000156 0.781451
vt 0.156795 0.718868
vt 0.999534 0.654611
vt 0.905875 0.048121
vt 0.943180 0.014240
vt 0.996752 0.014240
vt 0.989510 0.041289
vt 0.950422 0.041289
vt 0.905875 0.034093
vt 0.906075 0.219937
vt -0.000122 0.156096
vt 0.000000 0.093759
vt 0.000000 0.012881
vt 0.000512 0.321630
vt 0.906075 0.312903
vt 0.000000 0.062150
vt 0.000000 0.000000
vt 0.000512 0.312903
vt 0.906075 0.297453
vt 0.000000 0.062150
vt 0.989510 0.041289
vt 0.000000 0.034093
vt 0.000200 0.259595
vt 0.905753 0.210448
vt 0.905875 0.121202
vt 0.905875 0.025761
vt 0.906387 0.330358
vt 0.000200 0.296828
vt 0.905875 0.089593
vt 0.905875 0.012881
vt 0.906387 0.321630
vt 0.000200 0.281378
vt 0.939310 0.342604
vt 0.939310 0.342604
vt 0.939310 0.342604
vt 0.939310 0.342604
vt 0.939081 0.179437
vt 0.999050 0.183297
vt 0.999050 0.183297
vt 0.999050 0.183297
vt 0.999050 0.183297
vt 0.985655 0.132863
vt 0.939310 0.342604
vt 0.999050 0.342604
vt 0.939310 0.342604
vt 0.939310 0.342604
vt 0.939081 0.179437
vt 0.999050 0.183297
vt 0.999050 0.342604
vt 0.999050 0.183297
vt 0.999050 0.183297
vt 0.985655 0.132863
vt -0.000781 0.844034
vt 0.146184 0.718868
vt 0.000156 0.781451
vt 0.156795 0.718868
vt -0.000466 0.654611
vt -0.000781 0.844034
vt 0.145247 0.718868
vt -0.000781 0.781451
vt 0.156795 0.718868
vt 0.000000 1.000000
vt 0.001647 0.998895
vt 0.001647 0.998049
vn -0.7071 0.0000 -0.7071
vn -0.0000 1.0000 -0.0000
vn -0.7071 0.0000 0.7071
vn 0.0000 -1.0000 0.0000
vn 0.7071 0.0000 -0.7071
vn 0.7071 0.0000 0.7071
vn -0.7072 0.0000 -0.7070
vn -0.7071 -0.0001 -0.7071
vn -0.7124 0.0005 0.7017
vn 0.7123 0.0000 -0.7019
vn 0.7082 0.0000 0.7060
vn 0.7213 0.0000 -0.6926
vn -0.7041 0.0000 -0.7101
vn -0.7213 0.0000 0.6927
vn -0.7229 0.0000 0.6910
vn 0.7230 0.0000 -0.6909
vn -0.7124 0.0000 0.7018
vn -0.7609 -0.0006 0.6489
vn 0.7608 0.0000 -0.6489
vn 0.7609 0.0000 -0.6489
vn -0.7608 0.0000 0.6490
vn -0.8128 -0.0003 0.5826
vn -0.8128 -0.0003 0.5825
vn 0.8128 0.0000 -0.5826
vn 0.5819 0.0000 0.8132
vn -0.8082 0.0000 0.5889
vn -0.5730 0.0000 -0.8195
vn 0.8081 0.0000 -0.5890
vn 0.5980 0.0000 0.8015
vn 0.8173 0.0000 -0.5762
vn -0.5569 0.0000 -0.8306
vn -0.8170 0.0000 0.5766
vn -0.8128 -0.0008 0.5826
vn -0.8128 -0.0005 0.5826
vn -0.8128 -0.0010 0.5826
vn -0.8127 0.0000 0.5826
vn 0.8128 0.0000 -0.5825
vn -0.8568 -0.0000 0.5157
vn -0.8568 0.0003 0.5156
vn 0.8568 0.0000 -0.5157
vn -0.7718 0.0000 0.6359
vn 0.7726 0.0000 -0.6348
vn 0.7727 0.0019 -0.6348
vn 0.7727 0.0023 -0.6348
vn 0.5144 0.0000 0.8575
vn -0.8569 0.0000 0.5155
vn -0.5056 0.0000 -0.8628
vn 0.8569 0.0000 -0.5155
vn 0.5304 -0.0000 0.8477
vn 0.8613 0.0000 -0.5082
vn -0.4896 0.0000 -0.8720
vn -0.8609 0.0000 0.5087
vn -0.7719 -0.0028 0.6358
vn -0.7719 -0.0026 0.6358
vn -0.7719 -0.0030 0.6357
vn -0.7720 -0.0000 0.6356
vn 0.7728 0.0000 -0.6346
vn -0.8568 -0.0002 0.5157
vn -0.8567 0.0000 0.5157
vn 0.8568 0.0000 -0.5156
vn -0.8928 0.0006 0.4504
vn -0.8928 0.0005 0.4504
vn 0.8928 0.0000 -0.4504
vn -0.7765 -0.0090 0.6300
vn 0.7746 0.0016 -0.6324
vn 0.7746 0.0012 -0.6325
vn 0.7746 0.0013 -0.6324
vn 0.7740 0.0023 -0.6332
vn 0.4480 0.0000 0.8940
vn -0.8972 -0.0000 0.4417
vn -0.4395 0.0000 -0.8982
vn 0.8972 0.0000 -0.4417
vn 0.4636 0.0000 0.8860
vn 0.8955 0.0000 -0.4451
vn -0.4239 0.0000 -0.9057
vn -0.8956 0.0000 0.4448
vn -0.7759 0.0056 0.6308
vn -0.7750 0.0000 0.6319
vn 0.7738 0.0000 -0.6335
vn -0.8928 0.0004 0.4504
vn -0.8928 0.0003 0.4504
vn -0.8928 0.0000 0.4505
vn -0.9214 0.0010 0.3885
vn 0.9214 0.0000 -0.3886
vn 0.9214 0.0000 -0.3885
vn -0.9088 -0.0084 0.4171
vn 0.9075 0.0013 -0.4200
vn 0.9074 0.0005 -0.4202
vn 0.9074 0.0008 -0.4202
vn 0.9074 0.0003 -0.4202
vn 0.3842 0.0000 0.9232
vn -0.9293 0.0000 0.3693
vn -0.3763 0.0000 -0.9265
vn 0.9294 0.0000 -0.3691
vn 0.3992 0.0000 0.9168
vn 0.9248 0.0000 -0.3805
vn -0.3616 0.0000 -0.9323
vn -0.9248 0.0000 0.3805
vn -0.9086 0.0076 0.4177
vn -0.9087 0.0000 0.4175
vn 0.9071 0.0000 -0.4209
vn -0.9214 0.0000 0.3886
vn -0.9450 0.0005 0.3270
vn -0.9450 0.0007 0.3270
vn -0.9450 0.0004 0.3270
vn 0.9450 0.0000 -0.3271
vn -0.9449 -0.0000 0.3275
vn 0.9448 0.0000 -0.3276
vn 0.9448 0.0004 -0.3275
vn 0.3242 0.0000 0.9460
vn 0.9450 0.0000 -0.3272
vn -0.3166 0.0000 -0.9485
vn -0.9450 0.0000 0.3271
vn 0.3243 0.0000 0.9460
vn -0.9446 0.0000 0.3283
vn -0.3167 0.0000 -0.9485
vn 0.9445 0.0000 -0.3284
vn 0.3383 0.0000 0.9410
vn 0.9473 0.0000 -0.3202
vn -0.3032 0.0000 -0.9529
vn -0.9473 0.0000 0.3203
vn -0.9448 0.0000 0.3276
vn 0.9448 0.0000 -0.3275
vn -0.9450 0.0003 0.3271
vn -0.9450 0.0002 0.3271
vn -0.9450 -0.0003 0.3271
vn -0.9625 0.0002 0.2713
vn -0.9625 0.0007 0.2713
vn 0.9625 0.0000 -0.2713
vn -0.9620 0.0000 0.2732
vn 0.9620 0.0000 -0.2732
vn 0.9620 -0.0002 -0.2732
vn 0.9620 0.0001 -0.2732
vn 0.2686 0.0000 0.9632
vn 0.9635 0.0000 -0.2678
vn -0.2616 0.0000 -0.9652
vn -0.9635 0.0000 0.2678
vn 0.2686 0.0000 0.9633
vn -0.9634 0.0000 0.2682
vn 0.9634 0.0000 -0.2682
vn 0.2814 0.0000 0.9596
vn 0.9643 0.0000 -0.2648
vn -0.2490 0.0000 -0.9685
vn -0.9643 0.0000 0.2649
vn -0.9619 0.0000 0.2733
vn -0.9625 0.0001 0.2713
vn -0.9625 0.0000 0.2714
vn 0.9625 0.0000 -0.2712
vn -0.9747 0.0010 0.2237
vn 0.9746 0.0000 -0.2237
vn 0.9747 0.0000 -0.2237
vn 0.2171 0.0000 0.9761
vn -0.9789 0.0000 0.2042
vn -0.2109 0.0000 -0.9775
vn 0.9789 0.0000 -0.2041
vn 0.2291 0.0000 0.9734
vn 0.9769 0.0000 -0.2135
vn -0.1994 0.0000 -0.9799
vn -0.9769 0.0000 0.2137
vn -0.9747 0.0005 0.2237
vn -0.9747 0.0008 0.2237
vn -0.9746 0.0000 0.2238
vn -0.9850 0.0014 0.1726
vn 0.9850 0.0000 -0.1726
vn -0.9847 0.0000 0.1740
vn 0.9847 0.0000 -0.1741
vn 0.9847 0.0003 -0.1741
vn 0.1703 0.0000 0.9854
vn 0.9847 0.0000 -0.1744
vn -0.1645 0.0000 -0.9864
vn -0.9847 0.0000 0.1743
vn 0.1704 0.0000 0.9854
vn -0.9845 0.0000 0.1752
vn 0.9845 0.0000 -0.1752
vn 0.1812 0.0000 0.9834
vn 0.9858 0.0000 -0.1677
vn -0.1540 0.0000 -0.9881
vn -0.9858 0.0000 0.1677
vn -0.9847 0.0000 0.1742
vn 0.9847 0.0000 -0.1740
vn -0.9850 0.0005 0.1726
vn -0.9850 0.0004 0.1726
vn -0.9850 0.0000 0.1727
vn -0.9909 0.0009 0.1346
vn 0.9909 0.0000 -0.1346
vn -0.9908 0.0000 0.1353
vn 0.9908 -0.0000 -0.1353
vn 0.9908 0.0002 -0.1353
vn 0.1275 0.0000 0.9918
vn 0.9929 0.0000 -0.1186
vn -0.1223 0.0000 -0.9925
vn -0.9929 0.0000 0.1186
vn -0.9930 0.0000 0.1179
vn 0.9930 0.0000 -0.1178
vn 0.1374 0.0000 0.9905
vn 0.9923 0.0000 -0.1238
vn -0.1128 0.0000 -0.9936
vn -0.9923 0.0000 0.1240
vn -0.9909 0.0007 0.1346
vn -0.9909 0.0000 0.1347
vn -0.9958 0.0012 0.0918
vn 0.9958 -0.0000 -0.0918
vn -0.9957 0.0000 0.0929
vn 0.9957 0.0000 -0.0930
vn 0.9957 0.0003 -0.0930
vn 0.0887 0.0000 0.9961
vn 0.9958 0.0000 -0.0914
vn -0.0838 0.0000 -0.9965
vn -0.9958 0.0000 0.0914
vn -0.9958 0.0000 0.0919
vn 0.9958 0.0000 -0.0920
vn 0.0977 0.0000 0.9952
vn 0.9962 0.0000 -0.0872
vn -0.0751 0.0000 -0.9972
vn -0.9962 0.0000 0.0871
vn -0.9957 0.0000 0.0931
vn -0.9957 0.0000 0.0930
vn 0.9957 0.0000 -0.0929
vn -0.9958 0.0006 0.0918
vn -0.9958 0.0003 0.0918
vn -0.9958 0.0000 0.0918
vn -0.9982 0.0004 0.0598
vn -0.9982 0.0005 0.0598
vn 0.9982 0.0000 -0.0598
vn -0.9982 0.0000 0.0601
vn 0.9982 -0.0000 -0.0601
vn 0.9982 0.0002 -0.0601
vn 0.0531 0.0000 0.9986
vn 0.9991 0.0000 -0.0422
vn -0.0489 0.0000 -0.9988
vn -0.9991 0.0000 0.0423
vn -0.9991 0.0000 0.0415
vn 0.9991 0.0000 -0.0415
vn 0.0615 0.0000 0.9981
vn 0.9987 0.0000 -0.0503
vn -0.0411 0.0000 -0.9992
vn -0.9987 0.0000 0.0504
vn -0.9982 0.0000 0.0598
vn -0.9982 0.0002 0.0598
vn -0.9982 -0.0003 0.0598
vn -0.9996 0.0004 0.0266
vn -0.9996 0.0005 0.0266
vn 0.9996 0.0000 -0.0266
vn 0.9996 0.0001 -0.0266
vn -0.9996 0.0000 0.0279
vn 0.9996 0.0000 -0.0279
vn 0.9996 0.0004 -0.0279
vn 0.0211 0.0000 0.9998
vn 0.9998 0.0000 -0.0186
vn -0.0171 0.0000 -0.9999
vn -0.9998 0.0000 0.0186
vn 0.9998 0.0000 -0.0185
vn 0.0284 0.0000 0.9996
vn -0.0098 0.0000 -1.0000
vn 0.0001 1.0000 0.0000
vn -0.9996 0.0000 0.0280
vn -0.9996 0.0006 0.0266
vn -0.9996 0.0008 0.0265
vn -0.9996 0.0007 0.0265
vn -0.9996 0.0000 0.0266
vn 0.9996 0.0000 -0.0265
vn -1.0000 0.0000 0.0031
vn 0.0000 1.0000 0.0020
vn 0.0000 -1.0000 -0.0020
vn 1.0000 0.0000 -0.0031
vn -1.0000 -0.0000 0.0040
vn 1.0000 0.0001 -0.0037
vn -0.0084 0.0000 1.0000
vn 1.0000 0.0000 0.0039
vn 0.0122 0.0000 -0.9999
vn -1.0000 0.0000 -0.0040
vn -1.0000 0.0000 -0.0035
vn 1.0000 0.0000 0.0035
vn -0.0016 0.0000 1.0000
vn 0.0144 0.0000 -0.9999
vn -1.0000 0.0000 -0.0039
vn 0.0000 1.0000 0.0002
vn -1.0000 0.0000 0.0041
vn -0.0001 -1.0000 -0.0000
vn 1.0000 -0.0000 -0.0036
vn 1.0000 -0.0000 -0.0037
vn -1.0000 0.0003 0.0031
vn -0.2387 0.0252 -0.9708
vn -0.2566 0.0000 -0.9665
vn -0.2567 -0.0000 -0.9665
vn -0.2516 -0.0023 -0.9678
vn -0.2567 -0.0060 -0.9665
vn -0.2625 0.0115 -0.9649
vn -0.2550 0.0063 -0.9669
vn -0.2565 0.0114 -0.9665
vn -0.2537 0.0021 -0.9673
vn -0.2579 0.0059 -0.9662
vn 0.5437 -0.0261 0.8388
vn 0.5598 0.0000 0.8286
vn 0.5600 0.0000 0.8285
vn 0.5554 -0.0031 0.8315
vn 0.5605 -0.0060 0.8282
vn 0.5625 -0.0065 0.8268
vn 0.5572 -0.0072 0.8303
vn 0.5648 -0.0118 0.8251
vn 0.5615 0.0010 0.8275
vn 0.5574 -0.0022 0.8303
vn 0.5573 -0.0022 0.8303
vn 0.6248 0.0000 0.7808
vn 0.7808 0.0000 -0.6248
vn -0.6248 0.0000 -0.7808
vn -0.7808 0.0000 0.6248
vn 0.7071 0.0000 0.7072
vn 0.8232 0.4990 0.2707
vn 0.8647 0.4389 -0.2441
vn 0.4551 -0.8315 -0.3186
vn 1.0000 0.0000 0.0000
vn 0.0000 0.0000 -1.0000
vn -1.0000 0.0000 0.0000
vn 0.0000 0.0000 1.0000
vn 0.7072 0.0000 0.7071
vn 0.7071 -0.0001 0.7071
vn 0.9894 0.1004 0.1045
vn -0.7124 0.0005 0.7018
vn -0.7609 -0.0007 0.6489
vn -0.7609 -0.0005 0.6489
vn -0.8128 -0.0007 0.5826
vn -0.8128 0.0001 0.5825
vn -0.8128 0.0002 0.5825
vn -0.8128 -0.0001 0.5825
vn -0.8568 -0.0001 0.5157
vn -0.8568 -0.0003 0.5157
vn -0.8568 -0.0005 0.5157
vn 0.7727 -0.0002 -0.6348
vn 0.7726 0.0016 -0.6348
vn 0.7726 0.0012 -0.6348
vn 0.7727 0.0017 -0.6348
vn -0.7719 -0.0025 0.6358
vn -0.8567 0.0000 0.5158
vn -0.7765 -0.0089 0.6300
vn 0.7740 0.0022 -0.6332
vn -0.8928 0.0007 0.4504
vn -0.9214 0.0009 0.3885
vn 0.9075 0.0013 -0.4201
vn 0.9074 0.0001 -0.4202
vn 0.9074 -0.0006 -0.4203
vn -0.9086 0.0077 0.4177
vn -0.9214 0.0011 0.3885
vn -0.9215 0.0016 0.3885
vn -0.9450 -0.0004 0.3271
vn 0.9448 -0.0001 -0.3276
vn -0.3166 0.0000 -0.9486
vn -0.9450 0.0006 0.3270
vn -0.9450 0.0012 0.3270
vn 0.9620 -0.0003 -0.2732
vn -0.9625 0.0003 0.2713
vn -0.9747 0.0011 0.2237
vn 0.2172 0.0000 0.9761
vn -0.9850 0.0007 0.1726
vn 0.9847 -0.0003 -0.1741
vn -0.9850 0.0009 0.1726
vn -0.9850 0.0006 0.1726
vn -0.9909 0.0008 0.1346
vn 0.9908 -0.0001 -0.1353
vn 0.1276 0.0000 0.9918
vn -0.9958 0.0007 0.0918
vn 0.9957 -0.0002 -0.0930
vn 0.0888 0.0000 0.9961
vn 0.9958 0.0000 -0.0919
vn -0.9982 -0.0004 0.0598
vn 0.9982 -0.0001 -0.0601
vn 0.0532 0.0000 0.9986
vn -0.9982 0.0003 0.0598
vn -0.9996 0.0001 0.0266
vn -0.9996 -0.0008 0.0267
vn 0.9996 -0.0001 -0.0279
vn -0.9996 0.0003 0.0266
vn -0.9996 0.0002 0.0266
vn -1.0000 0.0004 0.0031
vn -0.0001 1.0000 0.0020
vn 1.0000 0.0000 -0.0040
vn 1.0000 0.0002 -0.0036
vn -1.0000 -0.0001 0.0041
vn -0.2567 -0.0001 -0.9665
vn -0.2513 0.0131 -0.9678
vn -0.2538 0.0021 -0.9673
vn -0.2575 -0.0017 -0.9663
vn 0.5437 -0.0261 0.8389
vn 0.5600 0.0002 0.8285
vn 0.5625 -0.0066 0.8268
vn 0.5598 -0.0118 0.8285
vn 0.5574 0.0035 0.8302
vn 0.5572 -0.0024 0.8304
vn 0.8647 0.4389 -0.2440
vn 0.7793 -0.4852 -0.3966
vn 0.4552 -0.8315 -0.3185
vn -0.0000 -0.7840 0.6207
usemtl Default_OBJ.001
s off
f 32/1/1 33/2/1 9/3/1
f 34/4/1 33/5/1 32/1/1
f 33/6/1 54/7/1 21/8/1
f 21/8/1 51/9/1 33/2/1
f 21/10/1 55/11/1 20/12/1
f 23/13/2 32/1/2 9/3/2
f 29/14/3 21/8/3 24/15/3
f 23/16/3 10/17/3 31/18/3
f 10/19/4 29/20/4 31/21/4
f 20/22/2 24/23/2 21/10/2
f 33/6/5 27/24/5 54/7/5
f 32/25/5 62/26/5 34/27/5
f 34/4/4 30/28/4 33/5/4
f 35/29/1 37/30/1 38/31/1
f 39/32/3 36/33/3 35/34/3
f 41/35/6 39/36/6 40/37/6
f 37/38/5 40/39/5 38/40/5
f 36/41/2 41/42/2 37/43/2
f 19/44/1 42/45/1 43/46/1
f 13/47/5 44/48/5 42/49/5
f 12/50/6 46/51/6 44/52/6
f 19/53/3 46/54/3 45/55/3
f 48/56/1 61/57/1 47/58/1
f 60/59/3 48/60/3 47/61/3
f 60/62/4 61/63/4 50/64/4
f 16/65/7 17/66/7 15/67/7
f 17/68/1 16/65/1 18/69/1
f 4/70/8 7/71/8 14/72/8
f 4/73/1 17/74/1 7/71/1
f 14/72/1 11/75/1 4/70/1
f 56/76/5 52/77/5 26/78/5
f 57/79/3 20/12/3 55/11/3
f 53/80/4 57/81/4 55/82/4
f 52/83/2 27/84/2 26/85/2
f 12/86/2 19/87/2 45/88/2
f 58/89/6 60/90/6 50/91/6
f 49/92/5 50/93/5 61/94/5
f 59/95/2 49/96/2 48/97/2
f 18/69/1 7/71/1 17/68/1
f 8/98/1 14/72/1 7/71/1
f 51/99/1 10/19/1 9/100/1
f 51/9/1 9/100/1 33/2/1
f 54/7/8 55/11/8 21/10/8
f 68/101/5 80/102/5 69/103/5
f 78/104/3 150/105/3 79/106/3
f 78/107/4 69/108/4 81/109/4
f 84/110/3 76/111/3 82/112/3
f 106/113/4 84/114/4 87/115/4
f 79/116/2 82/117/2 76/118/2
f 77/119/5 85/120/5 83/121/5
f 74/122/5 64/123/5 75/124/5
f 75/125/4 85/126/4 72/127/4
f 77/128/2 80/129/2 70/130/2
f 88/131/1 90/132/1 91/133/1
f 92/134/3 89/135/3 88/136/3
f 95/137/6 92/138/6 94/139/6
f 90/140/5 94/141/5 91/142/5
f 89/143/2 95/144/2 90/145/2
f 96/146/1 98/147/1 107/148/1
f 96/149/5 100/150/5 97/151/5
f 101/152/6 100/153/6 99/154/6
f 101/155/3 98/156/3 102/157/3
f 105/158/1 66/159/1 103/160/1
f 104/161/3 103/162/3 109/163/3
f 103/164/4 67/165/4 109/166/4
f 86/167/2 74/168/2 71/169/2
f 86/170/3 106/171/3 87/172/3
f 99/173/2 107/174/2 101/175/2
f 67/176/6 104/177/6 109/178/6
f 66/179/5 108/180/5 67/181/5
f 104/182/2 110/183/2 105/184/2
f 129/185/5 125/186/5 1/187/5
f 156/188/3 128/189/3 149/190/3
f 151/191/2 130/192/2 123/193/2
f 126/194/4 156/195/4 149/196/4
f 154/197/3 122/198/3 127/199/3
f 132/200/3 151/201/3 120/202/3
f 120/203/4 5/204/4 132/205/4
f 127/206/2 6/207/2 154/208/2
f 121/209/5 155/210/5 147/211/5
f 123/212/5 2/213/5 124/214/5
f 121/215/4 2/216/4 131/217/4
f 147/218/2 1/219/2 125/220/2
f 133/221/1 134/222/1 135/223/1
f 137/224/3 133/225/3 136/226/3
f 139/227/6 136/228/6 138/229/6
f 134/230/5 138/231/5 135/232/5
f 148/233/2 139/234/2 134/235/2
f 118/236/1 141/237/1 112/238/1
f 119/239/5 140/240/5 118/241/5
f 111/242/6 142/243/6 119/244/6
f 112/245/3 143/246/3 111/247/3
f 117/248/1 145/249/1 144/250/1
f 113/251/3 117/252/3 144/253/3
f 144/254/4 114/255/4 113/256/4
f 111/257/2 118/258/2 112/259/2
f 146/260/6 113/261/6 114/262/6
f 116/263/5 114/264/5 145/265/5
f 115/266/2 116/267/2 117/268/2
f 153/269/5 1/187/5 152/270/5
f 5/271/3 159/272/3 158/273/3
f 157/274/3 161/275/3 160/276/3
f 163/277/6 165/278/6 162/279/6
f 167/280/5 162/281/5 166/282/5
f 169/283/1 166/284/1 168/285/1
f 164/286/3 168/287/3 165/288/3
f 167/289/2 164/290/2 163/291/2
f 171/292/6 173/293/6 170/294/6
f 175/295/5 170/296/5 174/297/5
f 177/298/1 174/299/1 176/300/1
f 172/301/3 176/302/3 173/303/3
f 171/304/2 177/305/2 172/306/2
f 179/307/6 181/308/6 178/309/6
f 183/310/5 178/311/5 182/312/5
f 185/313/1 182/314/1 184/315/1
f 180/316/3 184/317/3 181/318/3
f 183/319/2 180/320/2 179/321/2
f 187/322/6 189/323/6 186/324/6
f 190/325/5 187/326/5 186/327/5
f 193/328/1 190/329/1 192/330/1
f 188/331/3 192/332/3 189/333/3
f 191/334/2 188/335/2 187/336/2
f 195/337/6 197/338/6 194/339/6
f 199/340/5 194/341/5 198/342/5
f 201/343/1 198/344/1 200/345/1
f 196/346/3 200/347/3 197/348/3
f 199/349/2 196/350/2 195/351/2
f 203/352/6 205/353/6 202/354/6
f 207/355/5 202/356/5 206/357/5
f 209/358/1 206/359/1 208/360/1
f 204/361/3 208/362/3 205/363/3
f 207/364/2 204/365/2 203/366/2
f 211/367/6 213/368/6 210/369/6
f 214/370/5 211/371/5 210/372/5
f 217/373/1 214/374/1 216/375/1
f 212/376/3 216/377/3 213/378/3
f 211/379/2 217/380/2 212/381/2
f 186/382/4 192/383/4 190/384/4
f 198/385/4 197/386/4 200/387/4
f 202/388/4 208/389/4 206/390/4
f 214/391/4 213/392/4 216/393/4
f 219/394/6 221/395/6 218/396/6
f 223/397/5 218/398/5 222/399/5
f 225/400/1 222/401/1 224/402/1
f 220/403/3 224/404/3 221/405/3
f 219/406/2 225/407/2 220/408/2
f 227/409/6 229/410/6 226/411/6
f 230/412/5 227/413/5 226/414/5
f 233/415/1 230/416/1 232/417/1
f 228/418/3 232/419/3 229/420/3
f 231/421/2 228/422/2 227/423/2
f 235/424/6 237/425/6 234/426/6
f 239/427/5 234/428/5 238/429/5
f 241/430/1 238/431/1 240/432/1
f 236/433/3 240/434/3 237/435/3
f 239/436/2 236/437/2 235/438/2
f 243/439/6 245/440/6 242/441/6
f 246/442/3 244/443/3 243/444/3
f 248/445/1 247/446/1 246/447/1
f 242/448/5 249/449/5 248/450/5
f 246/451/2 242/452/2 248/453/2
f 251/454/6 253/455/6 250/456/6
f 254/457/5 251/458/5 250/459/5
f 257/460/1 254/461/1 256/462/1
f 252/463/3 256/464/3 253/465/3
f 255/466/2 252/467/2 251/468/2
f 259/469/6 261/470/6 258/471/6
f 262/472/5 259/473/5 258/474/5
f 265/475/1 262/476/1 264/477/1
f 260/478/3 264/479/3 261/480/3
f 263/481/2 260/482/2 259/483/2
f 267/484/6 269/485/6 266/486/6
f 270/487/5 267/488/5 266/489/5
f 273/490/1 270/491/1 272/492/1
f 268/493/3 272/494/3 269/495/3
f 271/496/2 268/497/2 267/498/2
f 275/499/6 277/500/6 274/501/6
f 279/502/5 274/503/5 278/504/5
f 281/505/1 278/506/1 280/507/1
f 276/508/3 280/509/3 277/510/3
f 279/511/2 276/512/2 275/513/2
f 283/514/6 285/515/6 282/516/6
f 286/517/5 283/518/5 282/519/5
f 289/520/1 286/521/1 288/522/1
f 284/523/3 288/524/3 285/525/3
f 287/526/2 284/527/2 283/528/2
f 262/529/4 261/530/4 264/531/4
f 266/532/4 272/533/4 270/534/4
f 274/535/4 280/536/4 278/537/4
f 282/538/4 288/539/4 286/540/4
f 291/541/6 293/542/6 290/543/6
f 295/544/5 290/545/5 294/546/5
f 297/547/1 294/548/1 296/549/1
f 292/550/3 296/551/3 293/552/3
f 291/553/2 297/554/2 292/555/2
f 299/556/6 301/557/6 298/558/6
f 302/559/3 300/560/3 299/561/3
f 304/562/1 303/563/1 302/564/1
f 298/565/5 305/566/5 304/567/5
f 302/568/2 298/569/2 304/570/2
f 307/571/6 309/572/6 306/573/6
f 310/574/5 307/575/5 306/576/5
f 313/577/1 310/578/1 312/579/1
f 308/580/3 312/581/3 309/582/3
f 311/583/2 308/584/2 307/585/2
f 315/586/6 317/587/6 314/588/6
f 315/589/3 319/590/3 316/591/3
f 320/592/1 319/593/1 318/594/1
f 314/595/5 321/596/5 320/597/5
f 320/598/2 315/599/2 314/600/2
f 323/601/6 325/602/6 322/603/6
f 327/604/5 322/605/5 326/606/5
f 329/607/1 326/608/1 328/609/1
f 324/610/3 328/611/3 325/612/3
f 327/613/2 324/614/2 323/615/2
f 331/616/6 333/617/6 330/618/6
f 334/619/3 332/620/3 331/621/3
f 336/622/1 335/623/1 334/624/1
f 330/625/5 337/626/5 336/627/5
f 336/628/2 331/629/2 330/630/2
f 339/631/6 341/632/6 338/633/6
f 343/634/5 338/635/5 342/636/5
f 345/637/1 342/638/1 344/639/1
f 340/640/3 344/641/3 341/642/3
f 339/643/2 345/644/2 340/645/2
f 347/646/6 349/647/6 346/648/6
f 350/649/3 348/650/3 347/651/3
f 352/652/1 351/653/1 350/654/1
f 346/655/5 353/656/5 352/657/5
f 350/658/2 346/659/2 352/660/2
f 355/661/6 357/662/6 354/663/6
f 359/664/5 354/665/5 358/666/5
f 361/667/1 358/668/1 360/669/1
f 356/670/3 360/671/3 357/672/3
f 359/673/2 356/674/2 355/675/2
f 363/676/6 365/677/6 362/678/6
f 367/679/5 362/680/5 366/681/5
f 369/682/1 366/683/1 368/684/1
f 364/685/3 368/686/3 365/687/3
f 367/688/2 364/689/2 363/690/2
f 371/691/6 373/692/6 370/693/6
f 374/694/5 371/695/5 370/696/5
f 377/697/1 374/698/1 376/699/1
f 372/700/3 376/701/3 373/702/3
f 371/703/2 377/704/2 372/705/2
f 379/706/6 381/707/6 378/708/6
f 383/709/5 378/710/5 382/711/5
f 385/712/1 382/713/1 384/714/1
f 380/715/3 384/716/3 381/717/3
f 383/718/2 380/719/2 379/720/2
f 354/721/4 360/722/4 358/723/4
f 362/724/4 368/725/4 366/726/4
f 370/727/4 376/728/4 374/729/4
f 378/730/4 384/731/4 382/732/4
f 387/733/9 389/734/9 386/735/9
f 390/736/2 392/737/2 393/738/2
f 394/739/4 388/740/4 387/741/4
f 396/742/4 398/743/4 399/744/4
f 389/745/2 401/746/2 386/747/2
f 402/748/10 404/749/10 405/750/10
f 393/751/10 407/752/10 390/753/10
f 407/754/4 403/755/4 402/756/4
f 404/757/2 409/758/2 405/759/2
f 411/760/11 413/761/11 410/762/11
f 415/763/12 410/764/12 414/765/12
f 417/766/13 414/767/13 416/768/13
f 412/769/14 416/770/14 413/771/14
f 411/772/2 417/773/2 412/774/2
f 419/775/11 421/776/11 418/777/11
f 419/778/15 423/779/15 420/780/15
f 424/781/13 423/782/13 422/783/13
f 418/784/16 425/785/16 424/786/16
f 422/787/2 418/788/2 424/789/2
f 392/790/17 399/791/17 398/792/17
f 396/793/17 400/794/17 397/795/17
f 395/796/10 409/797/10 408/798/10
f 427/799/18 386/800/18 426/801/18
f 428/802/2 391/803/2 390/804/2
f 394/805/4 427/806/4 430/807/4
f 396/808/4 432/809/4 431/810/4
f 386/811/2 433/812/2 426/813/2
f 402/814/19 435/815/19 434/816/19
f 390/817/20 436/818/20 428/819/20
f 407/820/4 434/821/4 436/822/4
f 435/823/2 409/824/2 437/825/2
f 391/826/18 432/827/18 399/828/18
f 431/829/21 401/830/21 396/831/21
f 394/832/20 437/833/20 409/834/20
f 439/835/22 426/836/23 438/837/23
f 440/838/2 429/839/2 428/840/2
f 430/841/4 439/842/4 442/843/4
f 431/844/4 444/845/4 443/846/4
f 426/847/2 445/848/2 438/849/2
f 434/850/24 447/851/24 446/852/24
f 428/853/24 448/854/24 440/855/24
f 436/856/4 446/857/4 448/858/4
f 447/859/2 437/860/2 449/861/2
f 451/862/25 453/863/25 450/864/25
f 454/865/26 452/866/26 451/867/26
f 454/868/27 457/869/27 455/870/27
f 450/871/28 457/872/28 456/873/28
f 456/874/2 451/875/2 450/876/2
f 459/877/29 461/878/29 458/879/29
f 462/880/30 459/881/30 458/882/30
f 465/883/31 462/884/31 464/885/31
f 460/886/32 464/887/32 461/888/32
f 459/889/2 465/890/2 460/891/2
f 458/892/4 464/893/4 462/894/4
f 429/895/33 444/896/34 432/897/35
f 443/898/36 433/899/36 431/900/36
f 430/901/37 449/902/37 437/903/37
f 467/904/38 438/905/39 466/906/38
f 468/907/2 441/908/2 440/909/2
f 442/910/4 467/911/4 470/912/4
f 443/913/4 472/914/4 471/915/4
f 438/916/2 473/917/2 466/918/2
f 446/919/40 475/920/40 474/921/40
f 440/922/40 476/923/40 468/924/40
f 448/925/4 474/926/4 476/927/4
f 475/928/2 449/929/2 477/930/2
f 479/931/41 481/932/41 478/933/41
f 482/934/42 484/935/42 485/936/42
f 487/937/43 489/938/43 486/939/44
f 491/940/45 493/941/45 490/942/45
f 494/943/46 492/944/46 491/945/46
f 496/946/47 495/947/47 494/948/47
f 490/949/48 497/950/48 496/951/48
f 496/952/2 491/953/2 490/954/2
f 498/955/49 500/956/49 501/957/49
f 503/958/50 498/959/50 502/960/50
f 505/961/51 502/962/51 504/963/51
f 501/964/52 505/965/52 504/966/52
f 499/967/2 505/968/2 500/969/2
f 498/970/4 504/971/4 502/972/4
f 480/973/2 507/974/2 481/975/2
f 509/976/4 511/977/4 508/978/4
f 509/979/53 513/980/54 510/981/55
f 508/982/56 507/983/56 506/984/56
f 485/985/2 515/986/2 482/987/2
f 484/988/4 486/989/4 489/990/4
f 479/991/4 517/992/4 516/993/4
f 487/994/2 512/995/2 488/996/2
f 517/997/57 514/998/57 516/999/57
f 441/1000/58 472/1001/38 444/1002/38
f 471/1003/59 445/1004/59 443/1005/59
f 442/1006/60 477/1007/60 449/1008/60
f 519/1009/61 466/1010/62 518/1011/62
f 520/1012/2 469/1013/2 468/1014/2
f 470/1015/4 519/1016/4 522/1017/4
f 471/1018/4 524/1019/4 523/1020/4
f 466/1021/2 525/1022/2 518/1023/2
f 474/1024/63 527/1025/63 526/1026/63
f 468/1027/63 528/1028/63 520/1029/63
f 476/1030/4 526/1031/4 528/1032/4
f 527/1033/2 477/1034/2 529/1035/2
f 478/1036/64 531/1037/64 530/1038/64
f 533/1039/65 482/1040/66 532/1041/67
f 535/1042/68 486/1043/68 534/1044/68
f 536/1045/69 538/1046/69 539/1047/69
f 537/1048/70 541/1049/70 538/1050/70
f 542/1051/71 541/1052/71 540/1053/71
f 536/1054/72 543/1055/72 542/1056/72
f 540/1057/2 536/1058/2 542/1059/2
f 545/1060/73 547/1061/73 544/1062/73
f 549/1063/74 544/1064/74 548/1065/74
f 551/1066/75 548/1067/75 550/1068/75
f 546/1069/76 550/1070/76 547/1071/76
f 549/1072/2 546/1073/2 545/1074/2
f 548/1075/4 547/1076/4 550/1077/4
f 481/1078/2 552/1079/2 531/1080/2
f 510/1081/4 554/1082/4 511/1083/4
f 513/1084/77 553/1085/77 510/1086/77
f 507/1087/78 554/1088/78 552/1089/78
f 482/1090/2 556/1091/2 532/1092/2
f 483/1093/4 534/1094/4 486/1095/4
f 478/1096/4 557/1097/4 517/1098/4
f 535/1099/2 513/1100/2 487/1101/2
f 557/1102/79 515/1103/79 517/1104/79
f 469/1105/80 524/1106/81 472/1107/80
f 523/1108/82 473/1109/82 471/1110/82
f 470/1111/63 529/1112/63 477/1113/63
f 559/1114/83 518/1115/83 558/1116/83
f 560/1117/2 521/1118/2 520/1119/2
f 522/1120/4 559/1121/4 562/1122/4
f 523/1123/4 564/1124/4 563/1125/4
f 518/1126/2 565/1127/2 558/1128/2
f 526/1129/84 567/1130/84 566/1131/84
f 520/1132/85 568/1133/85 560/1134/85
f 528/1135/4 566/1136/4 568/1137/4
f 567/1138/2 529/1139/2 569/1140/2
f 530/1141/86 571/1142/86 570/1143/86
f 573/1144/87 532/1145/87 572/1146/87
f 575/1147/88 534/1148/89 574/1149/90
f 576/1150/91 578/1151/91 579/1152/91
f 577/1153/92 581/1154/92 578/1155/92
f 580/1156/93 583/1157/93 581/1158/93
f 576/1159/94 583/1160/94 582/1161/94
f 580/1162/2 576/1163/2 582/1164/2
f 585/1165/95 587/1166/95 584/1167/95
f 589/1168/96 584/1169/96 588/1170/96
f 590/1171/97 589/1172/97 588/1173/97
f 586/1174/98 590/1175/98 587/1176/98
f 589/1177/2 586/1178/2 585/1179/2
f 588/1180/4 587/1181/4 590/1182/4
f 531/1183/2 592/1184/2 571/1185/2
f 553/1186/4 594/1187/4 554/1188/4
f 555/1189/99 593/1190/99 553/1191/99
f 552/1192/100 594/1193/100 592/1194/100
f 532/1195/2 596/1196/2 572/1197/2
f 533/1198/4 574/1199/4 534/1200/4
f 530/1201/4 597/1202/4 557/1203/4
f 575/1204/2 555/1205/2 535/1206/2
f 597/1207/101 556/1208/101 557/1209/101
f 521/1210/83 564/1211/83 524/1212/83
f 523/1213/102 565/1214/102 525/1215/102
f 529/1216/85 562/1217/85 569/1218/85
f 599/1219/103 558/1220/104 598/1221/105
f 600/1222/2 561/1223/2 560/1224/2
f 562/1225/4 599/1226/4 602/1227/4
f 563/1228/4 604/1229/4 603/1230/4
f 558/1231/2 605/1232/2 598/1233/2
f 566/1234/106 607/1235/106 606/1236/106
f 560/1237/106 608/1238/106 600/1239/106
f 568/1240/4 606/1241/4 608/1242/4
f 607/1243/2 569/1244/2 609/1245/2
f 610/1246/107 571/1247/107 611/1248/107
f 613/1249/108 572/1250/108 612/1251/108
f 615/1252/109 574/1253/109 614/1254/109
f 617/1255/110 619/1256/110 616/1257/110
f 620/1258/111 617/1259/111 616/1260/111
f 623/1261/112 620/1262/112 622/1263/112
f 618/1264/113 622/1265/113 619/1266/113
f 621/1267/2 618/1268/2 617/1269/2
f 625/1270/114 627/1271/114 624/1272/114
f 628/1273/115 626/1274/115 625/1275/115
f 630/1276/116 629/1277/116 628/1278/116
f 624/1279/117 631/1280/117 630/1281/117
f 630/1282/2 625/1283/2 624/1284/2
f 633/1285/118 635/1286/118 632/1287/118
f 637/1288/119 632/1289/119 636/1290/119
f 638/1291/120 637/1292/120 636/1293/120
f 635/1294/121 639/1295/121 638/1296/121
f 633/1297/2 639/1298/2 634/1299/2
f 632/1300/4 638/1301/4 636/1302/4
f 571/1303/2 640/1304/2 611/1305/2
f 594/1306/4 641/1307/4 642/1308/4
f 595/1309/122 641/1310/122 593/1311/122
f 594/1312/122 640/1313/122 592/1314/122
f 596/1315/2 612/1316/2 572/1317/2
f 574/1318/4 613/1319/4 614/1320/4
f 570/1321/4 645/1322/4 597/1323/4
f 575/1324/2 643/1325/2 595/1326/2
f 645/1327/123 596/1328/123 597/1329/123
f 561/1330/124 604/1331/125 564/1332/126
f 603/1333/113 565/1334/113 563/1335/113
f 569/1336/106 602/1337/106 609/1338/106
f 647/1339/127 598/1340/127 646/1341/128
f 648/1342/2 601/1343/2 600/1344/2
f 602/1345/4 647/1346/4 650/1347/4
f 603/1348/4 652/1349/4 651/1350/4
f 598/1351/2 653/1352/2 646/1353/2
f 606/1354/129 655/1355/129 654/1356/129
f 600/1357/129 656/1358/129 648/1359/129
f 608/1360/4 654/1361/4 656/1362/4
f 655/1363/2 609/1364/2 657/1365/2
f 658/1366/130 611/1367/130 659/1368/130
f 660/1369/131 613/1370/131 612/1371/131
f 663/1372/132 614/1373/133 662/1374/133
f 665/1375/134 667/1376/134 664/1377/134
f 668/1378/135 665/1379/135 664/1380/135
f 671/1381/136 668/1382/136 670/1383/136
f 666/1384/137 670/1385/137 667/1386/137
f 669/1387/2 666/1388/2 665/1389/2
f 673/1390/138 675/1391/138 672/1392/138
f 676/1393/139 674/1394/139 673/1395/139
f 678/1396/136 677/1397/136 676/1398/136
f 678/1399/140 675/1400/140 679/1401/140
f 678/1402/2 673/1403/2 672/1404/2
f 681/1405/141 683/1406/141 680/1407/141
f 685/1408/142 680/1409/142 684/1410/142
f 686/1411/143 685/1412/143 684/1413/143
f 682/1414/144 686/1415/144 683/1416/144
f 681/1417/2 687/1418/2 682/1419/2
f 680/1420/4 686/1421/4 684/1422/4
f 611/1423/2 688/1424/2 659/1425/2
f 642/1426/4 689/1427/4 690/1428/4
f 643/1429/145 689/1430/145 641/1431/145
f 640/1432/145 690/1433/145 688/1434/145
f 644/1435/2 660/1436/2 612/1437/2
f 614/1438/4 661/1439/4 662/1440/4
f 610/1441/4 693/1442/4 645/1443/4
f 615/1444/2 691/1445/2 643/1446/2
f 693/1447/131 644/1448/131 645/1449/131
f 601/1450/146 652/1451/146 604/1452/146
f 603/1453/147 653/1454/147 605/1455/147
f 602/1456/148 657/1457/148 609/1458/148
f 695/1459/149 646/1460/149 694/1461/149
f 696/1462/2 649/1463/2 648/1464/2
f 650/1465/4 695/1466/4 698/1467/4
f 651/1468/4 700/1469/4 699/1470/4
f 646/1471/2 701/1472/2 694/1473/2
f 654/1474/150 703/1475/150 702/1476/150
f 648/1477/151 704/1478/151 696/1479/151
f 656/1480/4 702/1481/4 704/1482/4
f 703/1483/2 657/1484/2 705/1485/2
f 706/1486/6 708/1487/6 709/1488/6
f 709/1488/6 711/1489/6 706/1486/6
f 712/1490/6 714/1491/6 715/1492/6
f 716/1493/6 713/1494/6 712/1490/6
f 712/1490/6 708/1487/6 716/1493/6
f 719/1495/152 721/1496/152 718/1497/152
f 722/1498/153 720/1499/153 719/1500/153
f 722/1501/154 725/1502/154 723/1503/154
f 718/1504/155 725/1505/155 724/1506/155
f 722/1507/2 718/1508/2 724/1509/2
f 727/1510/156 729/1511/156 726/1512/156
f 730/1513/157 727/1514/157 726/1515/157
f 733/1516/158 730/1517/158 732/1518/158
f 729/1519/159 733/1520/159 732/1521/159
f 727/1522/2 733/1523/2 728/1524/2
f 726/1525/4 732/1526/4 730/1527/4
f 649/1528/160 700/1529/161 652/1530/161
f 699/1531/162 653/1532/162 651/1533/162
f 650/1534/151 705/1535/151 657/1536/151
f 735/1537/163 694/1538/163 734/1539/163
f 736/1540/2 697/1541/2 696/1542/2
f 698/1543/4 735/1544/4 738/1545/4
f 699/1546/4 740/1547/4 739/1548/4
f 694/1549/2 741/1550/2 734/1551/2
f 702/1552/164 743/1553/164 742/1554/164
f 696/1555/164 744/1556/164 736/1557/164
f 704/1558/4 742/1559/4 744/1560/4
f 743/1561/2 705/1562/2 745/1563/2
f 746/1564/165 748/1565/165 749/1566/165
f 750/1567/166 752/1568/166 753/1569/166
f 755/1570/167 757/1571/167 754/1572/167
f 759/1573/168 761/1574/168 758/1575/168
f 762/1576/169 759/1577/169 758/1578/169
f 765/1579/170 762/1580/170 764/1581/170
f 761/1582/171 765/1583/171 764/1584/171
f 763/1585/2 760/1586/2 759/1587/2
f 767/1588/172 769/1589/172 766/1590/172
f 767/1591/173 771/1592/173 768/1593/173
f 770/1594/170 773/1595/170 771/1596/170
f 766/1597/174 773/1598/174 772/1599/174
f 772/1600/2 767/1601/2 766/1602/2
f 775/1603/175 777/1604/175 774/1605/175
f 778/1606/176 775/1607/176 774/1608/176
f 781/1609/177 778/1610/177 780/1611/177
f 777/1612/178 781/1613/178 780/1614/178
f 779/1615/2 776/1616/2 775/1617/2
f 778/1618/4 777/1619/4 780/1620/4
f 748/1621/2 783/1622/2 749/1623/2
f 784/1624/4 786/1625/4 787/1626/4
f 788/1627/179 786/1628/179 785/1629/179
f 784/1630/179 783/1631/179 782/1632/179
f 790/1633/2 750/1634/2 753/1635/2
f 757/1636/4 751/1637/4 754/1638/4
f 747/1639/4 793/1640/4 792/1641/4
f 756/1642/2 789/1643/2 788/1644/2
f 793/1645/180 790/1646/180 792/1647/180
f 697/1648/181 740/1649/182 700/1650/182
f 739/1651/183 701/1652/183 699/1653/183
f 698/1654/164 745/1655/164 705/1656/164
f 795/1657/184 734/1658/184 794/1659/184
f 796/1660/2 737/1661/2 736/1662/2
f 738/1663/4 795/1664/4 798/1665/4
f 739/1666/4 800/1667/4 799/1668/4
f 734/1669/2 801/1670/2 794/1671/2
f 742/1672/185 803/1673/185 802/1674/185
f 796/1675/185 744/1676/185 804/1677/185
f 744/1678/4 802/1679/4 804/1680/4
f 803/1681/2 745/1682/2 805/1683/2
f 746/1684/186 807/1685/186 806/1686/186
f 808/1687/187 751/1688/187 750/1689/187
f 811/1690/188 754/1691/188 810/1692/188
f 813/1693/189 815/1694/189 812/1695/189
f 816/1696/190 813/1697/190 812/1698/190
f 819/1699/191 816/1700/191 818/1701/191
f 814/1702/192 818/1703/192 815/1704/192
f 813/1705/2 819/1706/2 814/1707/2
f 821/1708/189 823/1709/189 820/1710/189
f 821/1711/193 825/1712/193 822/1713/193
f 826/1714/191 825/1715/191 824/1716/191
f 820/1717/194 827/1718/194 826/1719/194
f 824/1720/2 820/1721/2 826/1722/2
f 829/1723/195 831/1724/195 828/1725/195
f 833/1726/196 828/1727/196 832/1728/196
f 835/1729/197 832/1730/197 834/1731/197
f 830/1732/198 834/1733/198 831/1734/198
f 829/1735/2 835/1736/2 830/1737/2
f 828/1738/4 834/1739/4 832/1740/4
f 749/1741/2 836/1742/2 807/1743/2
f 787/1744/4 837/1745/4 838/1746/4
f 789/1747/186 837/1748/186 786/1749/186
f 787/1750/186 836/1751/186 783/1752/186
f 791/1753/2 808/1754/2 750/1755/2
f 754/1756/4 809/1757/4 810/1758/4
f 746/1759/4 841/1760/4 793/1761/4
f 755/1762/2 839/1763/2 789/1764/2
f 841/1765/187 791/1766/187 793/1767/187
f 737/1768/199 800/1769/199 740/1770/199
f 739/1771/200 801/1772/200 741/1773/200
f 738/1774/185 805/1775/185 745/1776/185
f 843/1777/201 794/1778/201 842/1779/201
f 844/1780/2 797/1781/2 796/1782/2
f 798/1783/4 843/1784/4 846/1785/4
f 799/1786/4 848/1787/4 847/1788/4
f 794/1789/2 849/1790/2 842/1791/2
f 850/1792/202 803/1793/202 851/1794/202
f 844/1795/202 804/1796/202 852/1797/202
f 804/1798/4 850/1799/4 852/1800/4
f 851/1801/2 805/1802/2 853/1803/2
f 806/1804/203 855/1805/203 854/1806/203
f 856/1807/204 809/1808/204 808/1809/204
f 859/1810/205 810/1811/205 858/1812/205
f 861/1813/206 863/1814/206 860/1815/206
f 864/1816/207 861/1817/207 860/1818/207
f 867/1819/208 864/1820/208 866/1821/208
f 862/1822/209 866/1823/209 863/1824/209
f 865/1825/2 862/1826/2 861/1827/2
f 869/1828/206 871/1829/206 868/1830/206
f 872/1831/210 870/1832/210 869/1833/210
f 874/1834/208 873/1835/208 872/1836/208
f 868/1837/211 875/1838/211 874/1839/211
f 874/1840/2 869/1841/2 868/1842/2
f 876/1843/212 878/1844/212 879/1845/212
f 881/1846/213 876/1847/213 880/1848/213
f 883/1849/214 880/1850/214 882/1851/214
f 878/1852/215 882/1853/215 879/1854/215
f 881/1855/2 878/1856/2 877/1857/2
f 880/1858/4 879/1859/4 882/1860/4
f 807/1861/2 884/1862/2 855/1863/2
f 838/1864/4 885/1865/4 886/1866/4
f 837/1867/216 887/1868/216 885/1869/216
f 838/1870/217 884/1871/217 836/1872/217
f 840/1873/2 856/1874/2 808/1875/2
f 810/1876/4 857/1877/4 858/1878/4
f 806/1879/4 889/1880/4 841/1881/4
f 811/1882/2 887/1883/2 839/1884/2
f 889/1885/218 840/1886/218 841/1887/218
f 797/1888/219 848/1889/220 800/1890/219
f 847/1891/221 801/1892/221 799/1893/221
f 798/1894/202 853/1895/202 805/1896/202
f 891/1897/222 842/1898/222 890/1899/223
f 892/1900/2 845/1901/2 844/1902/2
f 846/1903/4 891/1904/4 894/1905/4
f 847/1906/4 896/1907/4 895/1908/4
f 842/1909/2 897/1910/2 890/1911/2
f 898/1912/224 851/1913/224 899/1914/224
f 844/1915/224 900/1916/224 892/1917/224
f 852/1918/4 898/1919/4 900/1920/4
f 899/1921/2 853/1922/2 901/1923/2
f 854/1924/225 903/1925/225 902/1926/225
f 904/1927/226 857/1928/226 856/1929/226
f 907/1930/227 858/1931/227 906/1932/227
f 909/1933/228 911/1934/228 908/1935/228
f 913/1936/229 908/1937/229 912/1938/229
f 915/1939/230 912/1940/230 914/1941/230
f 910/1942/231 914/1943/231 911/1944/231
f 909/1945/2 915/1946/2 910/1947/2
f 917/1948/228 919/1949/228 916/1950/228
f 917/1951/232 921/1952/232 918/1953/232
f 922/1954/230 921/1955/230 920/1956/230
f 916/1957/233 923/1958/233 922/1959/233
f 920/1960/2 916/1961/2 922/1962/2
f 925/1963/234 927/1964/234 924/1965/234
f 929/1966/235 924/1967/235 928/1968/235
f 931/1969/236 928/1970/236 930/1971/236
f 926/1972/237 930/1973/237 927/1974/237
f 925/1975/2 931/1976/2 926/1977/2
f 924/1978/4 930/1979/4 928/1980/4
f 855/1981/2 932/1982/2 903/1983/2
f 886/1984/4 933/1985/4 934/1986/4
f 887/1987/225 933/1988/225 885/1989/225
f 886/1990/225 932/1991/225 884/1992/225
f 888/1993/2 904/1994/2 856/1995/2
f 858/1996/4 905/1997/4 906/1998/4
f 854/1999/4 937/2000/4 889/2001/4
f 859/2002/2 935/2003/2 887/2004/2
f 937/2005/226 888/2006/226 889/2007/226
f 845/2008/238 896/2009/239 848/2010/240
f 895/2011/238 849/2012/238 847/2013/238
f 846/2014/224 901/2015/224 853/2016/224
f 939/2017/241 890/2018/242 938/2019/242
f 940/2020/2 893/2021/2 892/2022/2
f 894/2023/4 939/2024/4 942/2025/4
f 895/2026/4 944/2027/4 943/2028/4
f 890/2029/2 945/2030/2 938/2031/2
f 898/2032/243 947/2033/243 946/2034/243
f 940/2035/244 900/2036/244 948/2037/244
f 900/2038/4 946/2039/4 948/2040/4
f 947/2041/2 901/2042/2 949/2043/2
f 950/2044/245 903/2045/245 951/2046/245
f 952/2047/246 905/2048/246 904/2049/246
f 955/2050/247 906/2051/247 954/2052/247
f 957/2053/248 959/2054/248 956/2055/248
f 961/2056/249 956/2057/249 960/2058/249
f 963/2059/250 960/2060/250 962/2061/250
f 958/2062/251 962/2063/251 959/2064/251
f 957/2065/2 963/2066/2 958/2067/2
f 965/2068/248 967/2069/248 964/2070/248
f 968/2071/251 966/2072/251 965/2073/251
f 968/2074/250 971/2075/250 969/2076/250
f 964/2077/252 971/2078/252 970/2079/252
f 968/2080/2 964/2081/2 970/2082/2
f 973/2083/253 975/2084/253 972/2085/253
f 976/2086/252 973/2087/252 972/2088/252
f 978/2089/254 977/2090/254 976/2091/254
f 974/2092/251 978/2093/251 975/2094/251
f 973/2095/2 979/2096/2 974/2097/2
f 972/2098/4 978/2099/4 976/2100/4
f 903/2101/255 980/2102/255 951/2103/255
f 934/2104/4 981/2105/4 982/2106/4
f 935/2107/256 981/2108/256 933/2109/256
f 934/2110/256 980/2111/256 932/2112/256
f 936/2113/2 952/2114/2 904/2115/2
f 906/2116/4 953/2117/4 954/2118/4
f 902/2119/4 985/2120/4 937/2121/4
f 907/2122/2 983/2123/2 935/2124/2
f 985/2125/246 936/2126/246 937/2127/246
f 893/2128/257 944/2129/258 896/2130/259
f 943/2131/260 897/2132/260 895/2133/260
f 901/2134/261 942/2135/261 949/2136/261
f 1202/2137/262 938/2138/262 1204/2139/262
f 986/2140/263 941/2141/263 940/2142/263
f 942/2143/264 1202/2144/264 987/2145/264
f 943/2146/264 988/2147/264 1201/2148/264
f 938/2149/263 989/2150/263 1204/2151/263
f 946/2152/265 990/2153/265 1199/2154/265
f 940/2155/265 991/2156/265 986/2157/265
f 948/2158/264 1199/2159/264 991/2160/264
f 990/2161/263 949/2162/263 1203/2163/263
f 950/2164/266 1221/2165/266 992/2166/266
f 1222/2167/265 953/2168/265 952/2169/265
f 1217/2170/267 954/2171/267 993/2172/267
f 995/2173/268 997/2174/268 994/2175/268
f 999/2176/269 994/2177/269 998/2178/269
f 1001/2179/270 998/2180/270 1000/2181/270
f 996/2182/271 1000/2183/271 997/2184/271
f 999/2185/2 996/2186/2 995/2187/2
f 1003/2188/268 1005/2189/268 1002/2190/268
f 1006/2191/272 1004/2192/272 1003/2193/272
f 1006/2194/270 1009/2195/270 1007/2196/270
f 1002/2197/273 1009/2198/273 1008/2199/273
f 1008/2200/2 1003/2201/2 1002/2202/2
f 1011/2203/274 1013/2204/274 1010/2205/274
f 1015/2206/273 1010/2207/273 1014/2208/273
f 1016/2209/275 1015/2210/275 1014/2211/275
f 1012/2212/276 1016/2213/276 1013/2214/276
f 1015/2215/2 1012/2216/2 1011/2217/2
f 1014/2218/4 1013/2219/4 1016/2220/4
f 951/2221/277 1018/2222/277 1221/2223/277
f 982/2224/4 1019/2225/4 1218/2226/4
f 983/2227/266 1019/2228/266 981/2229/266
f 982/2230/278 1018/2231/278 980/2232/278
f 984/2233/255 1222/2234/255 952/2235/255
f 954/2236/4 1219/2237/4 993/2238/4
f 950/2239/279 1223/2240/279 985/2241/279
f 955/2242/2 1020/2243/2 983/2244/2
f 1223/2245/280 984/2246/281 985/2247/281
f 941/2248/282 988/2249/282 944/2250/282
f 943/2251/262 989/2252/262 945/2253/262
f 949/2254/265 987/2255/265 1203/2256/265
f 1105/2257/6 1108/2258/6 1104/2259/6
f 1021/2260/2 1/219/2 155/2261/2
f 1023/2262/2 1025/2263/2 1022/2264/2
f 1023/2262/2 1027/2265/2 1024/2266/2
f 1028/2267/4 131/217/4 2/216/4
f 1030/2268/4 1032/2269/4 1033/2270/4
f 1031/2271/4 1035/2272/4 1032/2269/4
f 1036/2273/5 2/213/5 130/2274/5
f 1038/2275/5 1030/2276/5 1037/2277/5
f 1039/2278/5 1031/2279/5 1038/2275/5
f 1029/2280/5 155/210/5 131/2281/5
f 1033/2282/5 1023/2283/5 1022/2284/5
f 1035/2285/5 1023/2283/5 1032/2286/5
f 1040/2287/2 154/208/2 6/207/2
f 1042/2288/2 1044/2289/2 1041/2290/2
f 1042/2288/2 1046/2291/2 1043/2292/2
f 158/2293/4 132/205/4 5/204/4
f 1047/2294/4 1049/2295/4 1050/2296/4
f 1048/2297/4 1052/2298/4 1049/2295/4
f 1054/2299/3 1052/2300/3 1053/2301/3
f 714/2302/3 161/275/3 715/2303/3
f 1048/2304/3 1046/2305/3 1051/2306/3
f 158/273/3 709/2307/3 712/2308/3
f 153/2309/4 156/195/4 129/2310/4
f 1057/2311/4 1059/2312/4 1056/2313/4
f 1057/2311/4 1061/2314/4 1058/2315/4
f 157/2316/2 1036/2317/2 130/192/2
f 1037/2318/2 1054/2319/2 1038/2320/2
f 1054/2319/2 1039/2321/2 1038/2320/2
f 156/188/3 1040/2322/3 6/2323/3
f 1059/2324/3 1042/2325/3 1041/2326/3
f 1058/2327/3 1045/2328/3 1042/2325/3
f 1060/2329/5 1024/2330/5 1027/2331/5
f 707/2332/5 153/269/5 152/270/5
f 1057/2333/5 1025/2334/5 1024/2330/5
f 1056/2335/5 1064/2336/5 1025/2334/5
f 1055/2337/3 710/2338/3 1040/2322/3
f 1066/2339/3 1041/2326/3 1065/2340/3
f 160/2341/2 713/2342/2 1036/2317/2
f 1068/2343/2 1037/2318/2 1067/2344/2
f 706/2345/4 1055/2346/4 153/2309/4
f 1056/2313/4 1066/2347/4 1063/2348/4
f 1047/2349/3 1043/2350/3 1048/2304/3
f 1069/2351/3 1044/2352/3 1047/2349/3
f 1054/2299/3 1050/2353/3 1049/2354/3
f 1068/2355/3 1050/2353/3 1062/2356/3
f 712/2357/4 161/2358/4 158/2293/4
f 1069/2359/4 1050/2296/4 1071/2360/4
f 1040/2287/2 709/2361/2 159/2362/2
f 1065/2363/2 1044/2289/2 1070/2364/2
f 716/2365/5 1021/2366/5 1029/2280/5
f 1033/2282/5 1073/2367/5 1072/2368/5
f 713/2369/5 1028/2370/5 1036/2273/5
f 1037/2277/5 1074/2371/5 1067/2372/5
f 717/2373/4 1029/2374/4 1028/2267/4
f 1074/2375/4 1033/2270/4 1072/2376/4
f 1021/2260/2 707/2377/2 152/2378/2
f 1022/2264/2 1064/2379/2 1073/2380/2
f 1067/2381/1 1072/2382/1 1068/2383/1
f 1068/2383/1 1069/2384/1 1071/2385/1
f 1063/2386/1 1073/2387/1 1064/2388/1
f 1066/2389/1 1070/2390/1 1063/2386/1
f 1069/2384/1 1073/2387/1 1070/2390/1
f 688/2391/283 658/2392/283 659/2393/283
f 693/2394/284 660/2395/284 692/2396/284
f 660/2395/285 690/2397/286 661/2398/287
f 661/2398/288 663/2399/289 662/2400/290
f 691/2401/291 690/2397/292 689/2402/291
f 1076/2403/6 1078/2404/6 1075/2405/6
f 1076/2406/3 1080/2407/3 1077/2408/3
f 1081/2409/1 1080/2410/1 1079/2411/1
f 1075/2412/5 1082/2413/5 1081/2414/5
f 1079/2415/2 1075/2416/2 1081/2417/2
f 479/2418/293 506/2419/293 480/2420/293
f 485/2421/294 516/2422/294 514/2423/294
f 506/2419/295 484/2424/296 508/2425/297
f 484/2424/298 488/2426/299 508/2425/300
f 508/2425/301 512/2427/302 509/2428/303
f 1026/2429/6 1060/2430/6 1027/2431/6
f 1061/2432/6 1046/2433/6 1045/2434/6
f 1026/2429/6 1051/2435/6 1046/2433/6
f 1051/2435/6 1053/2436/6 1052/2437/6
f 1039/2438/6 1035/2439/6 1034/2440/6
f 1084/2441/304 1086/2442/304 1083/2443/304
f 1088/2444/305 1083/2445/305 1087/2446/305
f 1090/2447/306 1087/2448/306 1089/2449/306
f 1085/2450/307 1089/2451/307 1086/2452/307
f 1084/2453/2 1090/2454/2 1085/2455/2
f 1107/2456/308 1106/2457/308 1104/2458/308
f 1102/2459/4 16/2460/4 1092/2461/4
f 1102/2462/3 16/65/3 1095/2463/3
f 1130/2464/6 1109/2465/6 1129/2466/6
f 1111/2467/309 1108/2468/6 1110/2469/6
f 1113/2470/1 1115/2471/1 1112/2472/1
f 1117/2473/3 1112/2474/3 1116/2475/3
f 1118/2476/6 1117/2477/6 1116/2478/6
f 1114/2479/5 1118/2480/5 1115/2481/5
f 1113/2482/2 1119/2483/2 1114/2484/2
f 1121/2485/1 1123/2486/1 1120/2487/1
f 1127/2488/5 1122/2489/5 1121/2490/5
f 1125/2491/6 1124/2492/6 1127/2493/6
f 1120/2494/3 1126/2495/3 1125/2496/3
f 1094/2497/6 1091/2498/6 1099/2499/6
f 1094/2497/6 1099/2499/6 1100/2500/6
f 1125/2501/2 1121/2502/2 1120/2503/2
f 1132/2504/1 1134/2505/1 1131/2506/1
f 1136/2507/3 1131/2508/3 1135/2509/3
f 1137/2510/6 1136/2511/6 1135/2512/6
f 1134/2513/5 1138/2514/5 1137/2515/5
f 1132/2516/2 1138/2517/2 1133/2518/2
f 1131/2519/4 1137/2520/4 1135/2521/4
f 11/75/1 1285/2522/1 4/70/1
f 1096/2523/5 8/98/5 1101/2524/5
f 11/2525/4 1096/2526/4 1097/2527/4
f 1094/2528/5 7/2529/5 18/2530/5
f 1092/2531/5 3/2532/5 22/2533/5
f 1094/2534/4 3/2535/4 1093/2536/4
f 8/2537/2 1100/2538/2 1101/2539/2
f 17/74/3 1099/2499/3 1091/2498/3
f 1095/2540/4 17/66/4 1091/2541/4
f 1098/2542/3 1285/2522/3 1097/2543/3
f 1150/2544/1 1141/2545/1 1139/2546/1
f 1151/2547/3 1139/2548/3 1142/2549/3
f 1144/2550/6 1142/2551/6 1143/2552/6
f 1140/2553/5 1143/2554/5 1141/2555/5
f 1151/2556/2 1140/2557/2 1150/2558/2
f 1153/2559/1 1146/2560/1 1154/2561/1
f 1152/2562/5 1145/2563/5 1153/2564/5
f 1148/2565/6 1147/2566/6 1152/2567/6
f 1148/2568/3 1146/2569/3 1149/2570/3
f 1102/2459/2 22/2571/2 16/2460/2
f 1152/2572/2 1154/2573/2 1148/2574/2
f 1156/2575/1 1158/2576/1 1155/2577/1
f 1160/2578/3 1155/2579/3 1159/2580/3
f 1162/2581/6 1159/2582/6 1161/2583/6
f 1157/2584/5 1161/2585/5 1158/2586/5
f 1160/2587/2 1157/2588/2 1156/2589/2
f 1159/2590/4 1158/2591/4 1161/2592/4
f 1164/2593/310 1130/2594/5 1129/2466/5
f 1111/2595/3 1192/2596/3 1163/2597/3
f 1128/2598/2 1167/2599/2 1168/2600/2
f 1163/2601/311 1129/2602/4 1111/2467/4
f 1108/2258/3 1169/2603/3 1195/2604/3
f 1103/2605/3 1168/2606/3 1198/2607/3
f 1169/2608/4 1103/2609/4 1198/2610/4
f 1192/2611/2 1108/2612/2 1195/2613/2
f 1165/2614/5 1104/2259/5 1109/2615/5
f 1167/2616/5 1107/2456/5 1196/2617/5
f 1196/2618/4 1104/2458/4 1197/2619/4
f 1165/2620/2 1130/2464/2 1166/2621/2
f 1193/2622/1 1172/2623/1 1170/2624/1
f 1194/2625/3 1170/2626/3 1173/2627/3
f 1174/2628/6 1194/2629/6 1173/2630/6
f 1171/2631/5 1174/2632/5 1172/2633/5
f 1193/2634/2 1175/2635/2 1171/2636/2
f 1176/2637/1 1178/2638/1 1190/2639/1
f 1188/2640/5 1177/2641/5 1176/2642/5
f 1180/2643/6 1179/2644/6 1188/2645/6
f 1190/2646/3 1181/2647/3 1180/2648/3
f 1187/2649/1 1189/2650/1 1182/2651/1
f 1185/2652/3 1182/2653/3 1184/2654/3
f 1182/2655/4 1186/2656/4 1184/2657/4
f 1180/2658/2 1176/2659/2 1190/2660/2
f 1191/2661/6 1184/2662/6 1186/2663/6
f 1183/2664/5 1186/2665/5 1189/2666/5
f 1187/2667/2 1191/2668/2 1183/2669/2
f 987/2670/312 1206/2671/312 1203/2672/312
f 1208/2673/313 1205/2674/313 1207/2675/313
f 1209/2676/313 1207/2675/313 1205/2674/313
f 1212/2677/313 1214/2678/313 1211/2679/313
f 1215/2680/313 1211/2679/313 1214/2678/313
f 1207/2675/313 1211/2679/313 1208/2673/313
f 1209/2681/314 1204/2682/314 1210/2683/314
f 1214/2684/2 986/2685/2 1215/2686/2
f 987/2687/4 1209/2688/4 1205/2689/4
f 1212/2690/314 989/2691/314 1201/2692/314
f 1214/2693/314 988/2694/314 1200/2695/314
f 1201/2696/4 1213/2697/4 1212/2698/4
f 1204/2699/2 1207/2700/2 1210/2701/2
f 1199/2702/312 1208/2703/312 1211/2704/312
f 986/2705/312 1216/2706/312 1215/2707/312
f 991/2708/4 1211/2709/4 1216/2710/4
f 990/2711/2 1206/2712/2 1208/2713/2
f 992/2714/314 1226/2715/314 1225/2716/314
f 1227/2717/313 1228/2718/313 1229/2719/313
f 1230/2720/313 1225/2721/313 1226/2722/313
f 1232/2723/313 1234/2724/313 1231/2725/313
f 1235/2726/313 1233/2727/313 1232/2723/313
f 1233/2727/313 1230/2720/313 1234/2724/313
f 1223/2728/312 1229/2729/312 1224/2730/312
f 1235/2731/2 1220/2732/2 1217/2733/2
f 992/2734/4 1227/2735/4 1223/2736/4
f 1233/2737/312 1222/2738/312 1228/2739/312
f 1235/2740/312 993/2741/312 1236/2742/312
f 1219/2743/4 1236/2744/4 993/2745/4
f 1224/2746/2 1228/2747/2 1222/2748/2
f 1218/2749/314 1230/2750/314 1018/2751/314
f 1220/2752/314 1231/2753/314 1019/2754/314
f 1019/2755/4 1234/2756/4 1218/2757/4
f 1018/2758/2 1226/2759/2 1221/2760/2
f 1238/2761/315 1240/2762/315 1237/2763/315
f 1242/2764/312 1237/2765/312 1241/2766/312
f 1244/2767/313 1241/2768/313 1243/2769/313
f 1239/2770/314 1243/2771/314 1240/2772/314
f 1242/2773/2 1239/2774/2 1238/2775/2
f 1246/2776/315 1248/2777/315 1245/2778/315
f 1249/2779/314 1247/2780/314 1246/2781/314
f 1251/2782/313 1250/2783/313 1249/2784/313
f 1245/2785/312 1252/2786/312 1251/2787/312
f 1249/2788/2 1245/2789/2 1251/2790/2
f 1254/2791/315 1256/2792/315 1253/2793/315
f 1257/2794/312 1254/2795/312 1253/2796/312
f 1260/2797/313 1257/2798/313 1259/2799/313
f 1255/2800/314 1259/2801/314 1256/2802/314
f 1258/2803/2 1255/2804/2 1254/2805/2
f 1262/2806/315 1264/2807/315 1261/2808/315
f 1262/2809/314 1266/2810/314 1263/2811/314
f 1267/2812/313 1266/2813/313 1265/2814/313
f 1261/2815/312 1268/2816/312 1267/2817/312
f 1265/2818/2 1261/2819/2 1267/2820/2
f 1270/2821/315 1272/2822/315 1269/2823/315
f 1273/2824/312 1270/2825/312 1269/2826/312
f 1276/2827/313 1273/2828/313 1275/2829/313
f 1271/2830/314 1275/2831/314 1272/2832/314
f 1274/2833/2 1271/2834/2 1270/2835/2
f 1278/2836/315 1280/2837/315 1277/2838/315
f 1281/2839/312 1278/2840/312 1277/2841/312
f 1284/2842/313 1281/2843/313 1283/2844/313
f 1279/2845/314 1283/2846/314 1280/2847/314
f 1282/2848/2 1279/2849/2 1278/2850/2
f 1269/2851/4 1275/2852/4 1273/2853/4
f 1277/2854/4 1283/2855/4 1281/2856/4
f 1098/2542/6 1097/2543/6 1099/2857/6
f 1099/2857/6 1097/2543/6 1096/2526/6
f 1091/2541/316 1102/2462/316 1095/2463/316
f 1093/2536/308 1092/2531/308 1094/2534/308
f 1092/2531/6 1102/2459/6 1094/2534/6
f 1094/2534/317 1102/2459/317 1091/2541/317
f 1101/2539/6 1100/2538/6 1096/2523/6
f 1099/2499/6 1096/2523/6 1100/2500/6
f 1097/2543/3 1285/2522/3 11/75/3
f 1099/2499/2 4/70/2 1285/2522/2
f 1099/2499/2 1285/2522/2 1098/2542/2
f 16/65/1 22/2571/1 18/69/1
f 3/2532/1 18/69/1 22/2533/1
f 55/11/1 54/7/1 53/80/1
f 53/80/1 54/7/1 52/83/1
f 1104/2458/317 1106/2457/317 1105/2257/317
f 1106/2457/317 1128/2598/317 1105/2257/317
f 1105/2257/316 1128/2598/316 1103/2605/316
f 1104/2259/6 1108/2258/6 1109/2615/6
f 1109/2615/6 1108/2258/6 1129/2466/6
f 1111/2467/318 1129/2466/6 1108/2468/6
f 23/13/2 28/2858/2 32/1/2
f 29/14/3 51/9/3 21/8/3
f 23/16/3 9/100/3 10/17/3
f 10/19/4 51/99/4 29/20/4
f 20/22/2 25/2859/2 24/23/2
f 33/6/5 30/2860/5 27/24/5
f 32/25/5 28/2861/5 62/26/5
f 34/4/4 62/2862/4 30/28/4
f 35/29/1 36/2863/1 37/30/1
f 39/32/3 63/2864/3 36/33/3
f 41/35/6 63/2865/6 39/36/6
f 37/38/5 41/2866/5 40/39/5
f 36/41/2 63/2867/2 41/42/2
f 19/44/1 13/2868/1 42/45/1
f 13/47/5 12/2869/5 44/48/5
f 12/50/6 45/2870/6 46/51/6
f 19/53/3 43/2871/3 46/54/3
f 48/56/1 49/2872/1 61/57/1
f 60/59/3 59/2873/3 48/60/3
f 60/62/4 47/2874/4 61/63/4
f 56/76/5 53/2875/5 52/77/5
f 57/79/3 25/2876/3 20/12/3
f 53/80/4 56/2877/4 57/81/4
f 52/83/2 54/2878/2 27/84/2
f 12/86/2 13/2879/2 19/87/2
f 58/89/6 59/2880/6 60/90/6
f 49/92/5 58/2881/5 50/93/5
f 59/95/2 58/2882/2 49/96/2
f 68/101/5 70/2883/5 80/102/5
f 78/104/3 81/2884/3 150/105/3
f 78/107/4 68/2885/4 69/108/4
f 84/110/3 73/2886/3 76/111/3
f 106/113/4 73/2887/4 84/114/4
f 79/116/2 150/2888/2 82/117/2
f 77/119/5 72/2889/5 85/120/5
f 74/122/5 65/2890/5 64/123/5
f 75/125/4 64/2891/4 85/126/4
f 77/128/2 83/2892/2 80/129/2
f 88/131/1 89/2893/1 90/132/1
f 92/134/3 93/2894/3 89/135/3
f 95/137/6 93/2895/6 92/138/6
f 90/140/5 95/2896/5 94/141/5
f 89/143/2 93/2897/2 95/144/2
f 96/146/1 97/2898/1 98/147/1
f 96/149/5 99/2899/5 100/150/5
f 101/152/6 102/2900/6 100/153/6
f 101/155/3 107/2901/3 98/156/3
f 105/158/1 110/2902/1 66/159/1
f 104/161/3 105/2903/3 103/162/3
f 103/164/4 66/2904/4 67/165/4
f 86/167/2 65/2905/2 74/168/2
f 86/170/3 71/2906/3 106/171/3
f 99/173/2 96/2907/2 107/174/2
f 67/176/6 108/2908/6 104/177/6
f 66/179/5 110/2909/5 108/180/5
f 104/182/2 108/2910/2 110/183/2
f 129/185/5 126/2911/5 125/186/5
f 156/188/3 6/2323/3 128/189/3
f 151/191/2 157/2316/2 130/192/2
f 126/194/4 129/2310/4 156/195/4
f 154/197/3 5/271/3 122/198/3
f 132/200/3 157/274/3 151/201/3
f 120/203/4 122/2912/4 5/204/4
f 127/206/2 128/2913/2 6/207/2
f 121/209/5 131/2281/5 155/210/5
f 123/212/5 130/2274/5 2/213/5
f 121/215/4 124/2914/4 2/216/4
f 147/218/2 155/2261/2 1/219/2
f 133/221/1 148/2915/1 134/222/1
f 137/224/3 148/2916/3 133/225/3
f 139/227/6 137/2917/6 136/228/6
f 134/230/5 139/2918/5 138/231/5
f 148/233/2 137/2919/2 139/234/2
f 118/236/1 140/2920/1 141/237/1
f 119/239/5 142/2921/5 140/240/5
f 111/242/6 143/2922/6 142/243/6
f 112/245/3 141/2923/3 143/246/3
f 117/248/1 116/2924/1 145/249/1
f 113/251/3 115/2925/3 117/252/3
f 144/254/4 145/2926/4 114/255/4
f 111/257/2 119/2927/2 118/258/2
f 146/260/6 115/2928/6 113/261/6
f 116/263/5 146/2929/5 114/264/5
f 115/266/2 146/2930/2 116/267/2
f 153/269/5 129/185/5 1/187/5
f 5/271/3 154/197/3 159/272/3
f 157/274/3 132/200/3 161/275/3
f 163/277/6 164/2931/6 165/278/6
f 167/280/5 163/2932/5 162/281/5
f 169/283/1 167/2933/1 166/284/1
f 164/286/3 169/2934/3 168/287/3
f 167/289/2 169/2935/2 164/290/2
f 171/292/6 172/2936/6 173/293/6
f 175/295/5 171/2937/5 170/296/5
f 177/298/1 175/2938/1 174/299/1
f 172/301/3 177/2939/3 176/302/3
f 171/304/2 175/2940/2 177/305/2
f 179/307/6 180/2941/6 181/308/6
f 183/310/5 179/2942/5 178/311/5
f 185/313/1 183/2943/1 182/314/1
f 180/316/3 185/2944/3 184/317/3
f 183/319/2 185/2945/2 180/320/2
f 187/322/6 188/2946/6 189/323/6
f 190/325/5 191/2947/5 187/326/5
f 193/328/1 191/2948/1 190/329/1
f 188/331/3 193/2949/3 192/332/3
f 191/334/2 193/2950/2 188/335/2
f 195/337/6 196/2951/6 197/338/6
f 199/340/5 195/2952/5 194/341/5
f 201/343/1 199/2953/1 198/344/1
f 196/346/3 201/2954/3 200/347/3
f 199/349/2 201/2955/2 196/350/2
f 203/352/6 204/2956/6 205/353/6
f 207/355/5 203/2957/5 202/356/5
f 209/358/1 207/2958/1 206/359/1
f 204/361/3 209/2959/3 208/362/3
f 207/364/2 209/2960/2 204/365/2
f 211/367/6 212/2961/6 213/368/6
f 214/370/5 215/2962/5 211/371/5
f 217/373/1 215/2963/1 214/374/1
f 212/376/3 217/2964/3 216/377/3
f 211/379/2 215/2965/2 217/380/2
f 186/382/4 189/2966/4 192/383/4
f 198/385/4 194/2967/4 197/386/4
f 202/388/4 205/2968/4 208/389/4
f 214/391/4 210/2969/4 213/392/4
f 219/394/6 220/2970/6 221/395/6
f 223/397/5 219/2971/5 218/398/5
f 225/400/1 223/2972/1 222/401/1
f 220/403/3 225/2973/3 224/404/3
f 219/406/2 223/2974/2 225/407/2
f 227/409/6 228/2975/6 229/410/6
f 230/412/5 231/2976/5 227/413/5
f 233/415/1 231/2977/1 230/416/1
f 228/418/3 233/2978/3 232/419/3
f 231/421/2 233/2979/2 228/422/2
f 235/424/6 236/2980/6 237/425/6
f 239/427/5 235/2981/5 234/428/5
f 241/430/1 239/2982/1 238/431/1
f 236/433/3 241/2983/3 240/434/3
f 239/436/2 241/2984/2 236/437/2
f 243/439/6 244/2985/6 245/440/6
f 246/442/3 247/2986/3 244/443/3
f 248/445/1 249/2987/1 247/446/1
f 242/448/5 245/2988/5 249/449/5
f 246/451/2 243/2989/2 242/452/2
f 251/454/6 252/2990/6 253/455/6
f 254/457/5 255/2991/5 251/458/5
f 257/460/1 255/2992/1 254/461/1
f 252/463/3 257/2993/3 256/464/3
f 255/466/2 257/2994/2 252/467/2
f 259/469/6 260/2995/6 261/470/6
f 262/472/5 263/2996/5 259/473/5
f 265/475/1 263/2997/1 262/476/1
f 260/478/3 265/2998/3 264/479/3
f 263/481/2 265/2999/2 260/482/2
f 267/484/6 268/3000/6 269/485/6
f 270/487/5 271/3001/5 267/488/5
f 273/490/1 271/3002/1 270/491/1
f 268/493/3 273/3003/3 272/494/3
f 271/496/2 273/3004/2 268/497/2
f 275/499/6 276/3005/6 277/500/6
f 279/502/5 275/3006/5 274/503/5
f 281/505/1 279/3007/1 278/506/1
f 276/508/3 281/3008/3 280/509/3
f 279/511/2 281/3009/2 276/512/2
f 283/514/6 284/3010/6 285/515/6
f 286/517/5 287/3011/5 283/518/5
f 289/520/1 287/3012/1 286/521/1
f 284/523/3 289/3013/3 288/524/3
f 287/526/2 289/3014/2 284/527/2
f 262/529/4 258/3015/4 261/530/4
f 266/532/4 269/3016/4 272/533/4
f 274/535/4 277/3017/4 280/536/4
f 282/538/4 285/3018/4 288/539/4
f 291/541/6 292/3019/6 293/542/6
f 295/544/5 291/3020/5 290/545/5
f 297/547/1 295/3021/1 294/548/1
f 292/550/3 297/3022/3 296/551/3
f 291/553/2 295/3023/2 297/554/2
f 299/556/6 300/3024/6 301/557/6
f 302/559/3 303/3025/3 300/560/3
f 304/562/1 305/3026/1 303/563/1
f 298/565/5 301/3027/5 305/566/5
f 302/568/2 299/3028/2 298/569/2
f 307/571/6 308/3029/6 309/572/6
f 310/574/5 311/3030/5 307/575/5
f 313/577/1 311/3031/1 310/578/1
f 308/580/3 313/3032/3 312/581/3
f 311/583/2 313/3033/2 308/584/2
f 315/586/6 316/3034/6 317/587/6
f 315/589/3 318/3035/3 319/590/3
f 320/592/1 321/3036/1 319/593/1
f 314/595/5 317/3037/5 321/596/5
f 320/598/2 318/3038/2 315/599/2
f 323/601/6 324/3039/6 325/602/6
f 327/604/5 323/3040/5 322/605/5
f 329/607/1 327/3041/1 326/608/1
f 324/610/3 329/3042/3 328/611/3
f 327/613/2 329/3043/2 324/614/2
f 331/616/6 332/3044/6 333/617/6
f 334/619/3 335/3045/3 332/620/3
f 336/622/1 337/3046/1 335/623/1
f 330/625/5 333/3047/5 337/626/5
f 336/628/2 334/3048/2 331/629/2
f 339/631/6 340/3049/6 341/632/6
f 343/634/5 339/3050/5 338/635/5
f 345/637/1 343/3051/1 342/638/1
f 340/640/3 345/3052/3 344/641/3
f 339/643/2 343/3053/2 345/644/2
f 347/646/6 348/3054/6 349/647/6
f 350/649/3 351/3055/3 348/650/3
f 352/652/1 353/3056/1 351/653/1
f 346/655/5 349/3057/5 353/656/5
f 350/658/2 347/3058/2 346/659/2
f 355/661/6 356/3059/6 357/662/6
f 359/664/5 355/3060/5 354/665/5
f 361/667/1 359/3061/1 358/668/1
f 356/670/3 361/3062/3 360/671/3
f 359/673/2 361/3063/2 356/674/2
f 363/676/6 364/3064/6 365/677/6
f 367/679/5 363/3065/5 362/680/5
f 369/682/1 367/3066/1 366/683/1
f 364/685/3 369/3067/3 368/686/3
f 367/688/2 369/3068/2 364/689/2
f 371/691/6 372/3069/6 373/692/6
f 374/694/5 375/3070/5 371/695/5
f 377/697/1 375/3071/1 374/698/1
f 372/700/3 377/3072/3 376/701/3
f 371/703/2 375/3073/2 377/704/2
f 379/706/6 380/3074/6 381/707/6
f 383/709/5 379/3075/5 378/710/5
f 385/712/1 383/3076/1 382/713/1
f 380/715/3 385/3077/3 384/716/3
f 383/718/2 385/3078/2 380/719/2
f 354/721/4 357/3079/4 360/722/4
f 362/724/4 365/3080/4 368/725/4
f 370/727/4 373/3081/4 376/728/4
f 378/730/4 381/3082/4 384/731/4
f 387/733/17 388/3083/17 389/734/17
f 390/736/2 391/3084/2 392/737/2
f 394/739/4 395/3085/4 388/740/4
f 396/742/4 397/3086/4 398/743/4
f 389/745/2 400/3087/2 401/746/2
f 402/748/10 403/3088/10 404/749/10
f 393/751/10 406/3089/10 407/752/10
f 407/754/4 406/3090/4 403/755/4
f 404/757/2 408/3091/2 409/758/2
f 411/760/11 412/3092/11 413/761/11
f 415/763/12 411/3093/12 410/764/12
f 417/766/13 415/3094/13 414/767/13
f 412/769/14 417/3095/14 416/770/14
f 411/772/2 415/3096/2 417/773/2
f 419/775/11 420/3097/11 421/776/11
f 419/778/15 422/3098/15 423/779/15
f 424/781/13 425/3099/13 423/782/13
f 418/784/16 421/3100/16 425/785/16
f 422/787/2 419/3101/2 418/788/2
f 392/790/319 391/3102/319 399/791/319
f 396/793/17 401/3103/17 400/794/17
f 395/796/10 394/3104/10 409/797/10
f 427/799/320 387/3105/320 386/800/320
f 428/802/2 429/3106/2 391/803/2
f 394/805/4 387/3107/4 427/806/4
f 396/808/4 399/3108/4 432/809/4
f 386/811/2 401/3109/2 433/812/2
f 402/814/19 405/3110/19 435/815/19
f 390/817/20 407/3111/20 436/818/20
f 407/820/4 402/3112/4 434/821/4
f 435/823/2 405/3113/2 409/824/2
f 391/826/321 429/3114/18 432/827/321
f 431/829/21 433/3115/21 401/830/21
f 394/832/20 430/3116/20 437/833/20
f 439/835/34 427/3117/33 426/836/322
f 440/838/2 441/3118/2 429/839/2
f 430/841/4 427/3119/4 439/842/4
f 431/844/4 432/3120/4 444/845/4
f 426/847/2 433/3121/2 445/848/2
f 434/850/24 435/3122/24 447/851/24
f 428/853/24 436/3123/24 448/854/24
f 436/856/4 434/3124/4 446/857/4
f 447/859/2 435/3125/2 437/860/2
f 451/862/25 452/3126/25 453/863/25
f 454/865/26 455/3127/26 452/866/26
f 454/868/27 456/3128/27 457/869/27
f 450/871/28 453/3129/28 457/872/28
f 456/874/2 454/3130/2 451/875/2
f 459/877/29 460/3131/29 461/878/29
f 462/880/30 463/3132/30 459/881/30
f 465/883/31 463/3133/31 462/884/31
f 460/886/32 465/3134/32 464/887/32
f 459/889/2 463/3135/2 465/890/2
f 458/892/4 461/3136/4 464/893/4
f 429/895/323 441/3137/324 444/896/325
f 443/898/36 445/3138/36 433/899/36
f 430/901/37 442/3139/37 449/902/37
f 467/904/326 439/3140/327 438/905/328
f 468/907/2 469/3141/2 441/908/2
f 442/910/4 439/3142/4 467/911/4
f 443/913/4 444/3143/4 472/914/4
f 438/916/2 445/3144/2 473/917/2
f 446/919/40 447/3145/40 475/920/40
f 440/922/40 448/3146/40 476/923/40
f 448/925/4 446/3147/4 474/926/4
f 475/928/2 447/3148/2 449/929/2
f 479/931/41 480/3149/41 481/932/41
f 482/934/329 483/3150/329 484/935/329
f 487/937/330 488/3151/331 489/938/332
f 491/940/45 492/3152/45 493/941/45
f 494/943/46 495/3153/46 492/944/46
f 496/946/47 497/3154/47 495/947/47
f 490/949/48 493/3155/48 497/950/48
f 496/952/2 494/3156/2 491/953/2
f 498/955/49 499/3157/49 500/956/49
f 503/958/50 499/3158/50 498/959/50
f 505/961/51 503/3159/51 502/962/51
f 501/964/52 500/3160/52 505/965/52
f 499/967/2 503/3161/2 505/968/2
f 498/970/4 501/3162/4 504/971/4
f 480/973/2 506/3163/2 507/974/2
f 509/976/4 510/3164/4 511/977/4
f 509/979/333 512/3165/333 513/980/54
f 508/982/56 511/3166/56 507/983/56
f 485/985/2 514/3167/2 515/986/2
f 484/988/4 483/3168/4 486/989/4
f 479/991/4 478/3169/4 517/992/4
f 487/994/2 513/3170/2 512/995/2
f 517/997/57 515/3171/57 514/998/57
f 441/1000/326 469/3172/326 472/1001/38
f 471/1003/334 473/3173/334 445/1004/334
f 442/1006/60 470/3174/60 477/1007/60
f 519/1009/80 467/3175/80 466/1010/80
f 520/1012/2 521/3176/2 469/1013/2
f 470/1015/4 467/3177/4 519/1016/4
f 471/1018/4 472/3178/4 524/1019/4
f 466/1021/2 473/3179/2 525/1022/2
f 474/1024/63 475/3180/63 527/1025/63
f 468/1027/63 476/3181/63 528/1028/63
f 476/1030/4 474/3182/4 526/1031/4
f 527/1033/2 475/3183/2 477/1034/2
f 478/1036/335 481/3184/335 531/1037/335
f 533/1039/66 483/3185/66 482/1040/66
f 535/1042/336 487/3186/336 486/1043/336
f 536/1045/69 537/3187/69 538/1046/69
f 537/1048/70 540/3188/70 541/1049/70
f 542/1051/71 543/3189/71 541/1052/71
f 536/1054/72 539/3190/72 543/1055/72
f 540/1057/2 537/3191/2 536/1058/2
f 545/1060/73 546/3192/73 547/1061/73
f 549/1063/74 545/3193/74 544/1064/74
f 551/1066/75 549/3194/75 548/1067/75
f 546/1069/76 551/3195/76 550/1070/76
f 549/1072/2 551/3196/2 546/1073/2
f 548/1075/4 544/3197/4 547/1076/4
f 481/1078/2 507/3198/2 552/1079/2
f 510/1081/4 553/3199/4 554/1082/4
f 513/1084/77 555/3200/77 553/1085/77
f 507/1087/78 511/3201/78 554/1088/78
f 482/1090/2 515/3202/2 556/1091/2
f 483/1093/4 533/3203/4 534/1094/4
f 478/1096/4 530/3204/4 557/1097/4
f 535/1099/2 555/3205/2 513/1100/2
f 557/1102/79 556/3206/79 515/1103/79
f 469/1105/61 521/3207/61 524/1106/337
f 523/1108/82 525/3208/82 473/1109/82
f 470/1111/63 522/3209/63 529/1112/63
f 559/1114/338 519/3210/338 518/1115/338
f 560/1117/2 561/3211/2 521/1118/2
f 522/1120/4 519/3212/4 559/1121/4
f 523/1123/4 524/3213/4 564/1124/4
f 518/1126/2 525/3214/2 565/1127/2
f 526/1129/84 527/3215/84 567/1130/84
f 520/1132/85 528/3216/85 568/1133/85
f 528/1135/4 526/3217/4 566/1136/4
f 567/1138/2 527/3218/2 529/1139/2
f 530/1141/86 531/3219/86 571/1142/86
f 573/1144/339 533/3220/339 532/1145/339
f 575/1147/340 535/3221/340 534/1148/341
f 576/1150/91 577/3222/91 578/1151/91
f 577/1153/92 580/3223/92 581/1154/92
f 580/1156/93 582/3224/93 583/1157/93
f 576/1159/94 579/3225/94 583/1160/94
f 580/1162/2 577/3226/2 576/1163/2
f 585/1165/95 586/3227/95 587/1166/95
f 589/1168/96 585/3228/96 584/1169/96
f 590/1171/97 591/3229/97 589/1172/97
f 586/1174/98 591/3230/98 590/1175/98
f 589/1177/2 591/3231/2 586/1178/2
f 588/1180/4 584/3232/4 587/1181/4
f 531/1183/2 552/3233/2 592/1184/2
f 553/1186/4 593/3234/4 594/1187/4
f 555/1189/342 595/3235/342 593/1190/342
f 552/1192/100 554/3236/100 594/1193/100
f 532/1195/2 556/3237/2 596/1196/2
f 533/1198/4 573/3238/4 574/1199/4
f 530/1201/4 570/3239/4 597/1202/4
f 575/1204/2 595/3240/2 555/1205/2
f 597/1207/101 596/3241/101 556/1208/101
f 521/1210/343 561/3242/83 564/1211/344
f 523/1213/102 563/3243/102 565/1214/102
f 529/1216/85 522/3244/85 562/1217/85
f 599/1219/345 559/3245/345 558/1220/345
f 600/1222/2 601/3246/2 561/1223/2
f 562/1225/4 559/3247/4 599/1226/4
f 563/1228/4 564/3248/4 604/1229/4
f 558/1231/2 565/3249/2 605/1232/2
f 566/1234/106 567/3250/106 607/1235/106
f 560/1237/106 568/3251/106 608/1238/106
f 568/1240/4 566/3252/4 606/1241/4
f 607/1243/2 567/3253/2 569/1244/2
f 610/1246/107 570/3254/107 571/1247/107
f 613/1249/108 573/3255/108 572/1250/108
f 615/1252/346 575/3256/346 574/1253/346
f 617/1255/110 618/3257/110 619/1256/110
f 620/1258/111 621/3258/111 617/1259/111
f 623/1261/347 621/3259/347 620/1262/347
f 618/1264/113 623/3260/113 622/1265/113
f 621/1267/2 623/3261/2 618/1268/2
f 625/1270/114 626/3262/114 627/1271/114
f 628/1273/115 629/3263/115 626/1274/115
f 630/1276/347 631/3264/347 629/1277/347
f 624/1279/117 627/3265/117 631/1280/117
f 630/1282/2 628/3266/2 625/1283/2
f 633/1285/118 634/3267/118 635/1286/118
f 637/1288/119 633/3268/119 632/1289/119
f 638/1291/120 639/3269/120 637/1292/120
f 635/1294/121 634/3270/121 639/1295/121
f 633/1297/2 637/3271/2 639/1298/2
f 632/1300/4 635/3272/4 638/1301/4
f 571/1303/2 592/3273/2 640/1304/2
f 594/1306/4 593/3274/4 641/1307/4
f 595/1309/122 643/3275/122 641/1310/122
f 594/1312/122 642/3276/122 640/1313/122
f 596/1315/2 644/3277/2 612/1316/2
f 574/1318/4 573/3278/4 613/1319/4
f 570/1321/4 610/3279/4 645/1322/4
f 575/1324/2 615/3280/2 643/1325/2
f 645/1327/123 644/3281/123 596/1328/123
f 561/1330/348 601/3282/348 604/1331/349
f 603/1333/113 605/3283/113 565/1334/113
f 569/1336/106 562/3284/106 602/1337/106
f 647/1339/146 599/3285/146 598/1340/146
f 648/1342/2 649/3286/2 601/1343/2
f 602/1345/4 599/3287/4 647/1346/4
f 603/1348/4 604/3288/4 652/1349/4
f 598/1351/2 605/3289/2 653/1352/2
f 606/1354/129 607/3290/129 655/1355/129
f 600/1357/129 608/3291/129 656/1358/129
f 608/1360/4 606/3292/4 654/1361/4
f 655/1363/2 607/3293/2 609/1364/2
f 658/1366/130 610/3294/130 611/1367/130
f 660/1369/131 661/3295/131 613/1370/131
f 663/1372/350 615/3296/350 614/1373/350
f 665/1375/138 666/3297/138 667/1376/138
f 668/1378/135 669/3298/135 665/1379/135
f 671/1381/136 669/3299/136 668/1382/136
f 666/1384/137 671/3300/137 670/1385/137
f 669/1387/2 671/3301/2 666/1388/2
f 673/1390/138 674/3302/138 675/1391/138
f 676/1393/139 677/3303/139 674/1394/139
f 678/1396/136 679/3304/136 677/1397/136
f 678/1399/140 672/3305/140 675/1400/140
f 678/1402/2 676/3306/2 673/1403/2
f 681/1405/141 682/3307/141 683/1406/141
f 685/1408/142 681/3308/142 680/1409/142
f 686/1411/143 687/3309/143 685/1412/143
f 682/1414/144 687/3310/144 686/1415/144
f 681/1417/2 685/3311/2 687/1418/2
f 680/1420/4 683/3312/4 686/1421/4
f 611/1423/2 640/3313/2 688/1424/2
f 642/1426/4 641/3314/4 689/1427/4
f 643/1429/145 691/3315/145 689/1430/145
f 640/1432/145 642/3316/145 690/1433/145
f 644/1435/2 692/3317/2 660/1436/2
f 614/1438/4 613/3318/4 661/1439/4
f 610/1441/4 658/3319/4 693/1442/4
f 615/1444/2 663/3320/2 691/1445/2
f 693/1447/131 692/3321/131 644/1448/131
f 601/1450/127 649/3322/351 652/1451/127
f 603/1453/147 651/3323/147 653/1454/147
f 602/1456/148 650/3324/148 657/1457/148
f 695/1459/352 647/3325/149 646/1460/149
f 696/1462/2 697/3326/2 649/1463/2
f 650/1465/4 647/3327/4 695/1466/4
f 651/1468/4 652/3328/4 700/1469/4
f 646/1471/2 653/3329/2 701/1472/2
f 654/1474/150 655/3330/150 703/1475/150
f 648/1477/151 656/3331/151 704/1478/151
f 656/1480/4 654/3332/4 702/1481/4
f 703/1483/2 655/3333/2 657/1484/2
f 706/1486/6 707/3334/6 708/1487/6
f 709/1488/6 710/3335/6 711/1489/6
f 712/1490/6 713/1494/6 714/1491/6
f 716/1493/6 717/3336/6 713/1494/6
f 712/1490/6 709/1488/6 708/1487/6
f 719/1495/353 720/3337/353 721/1496/353
f 722/1498/153 723/3338/153 720/1499/153
f 722/1501/154 724/3339/154 725/1502/154
f 718/1504/155 721/3340/155 725/1505/155
f 722/1507/2 719/3341/2 718/1508/2
f 727/1510/156 728/3342/156 729/1511/156
f 730/1513/157 731/3343/157 727/1514/157
f 733/1516/158 731/3344/158 730/1517/158
f 729/1519/159 728/3345/159 733/1520/159
f 727/1522/2 731/3346/2 733/1523/2
f 726/1525/4 729/3347/4 732/1526/4
f 649/1528/161 697/3348/161 700/1529/161
f 699/1531/162 701/3349/162 653/1532/162
f 650/1534/151 698/3350/151 705/1535/151
f 735/1537/183 695/3351/354 694/1538/354
f 736/1540/2 737/3352/2 697/1541/2
f 698/1543/4 695/3353/4 735/1544/4
f 699/1546/4 700/3354/4 740/1547/4
f 694/1549/2 701/3355/2 741/1550/2
f 702/1552/164 703/3356/164 743/1553/164
f 696/1555/164 704/3357/164 744/1556/164
f 704/1558/4 702/3358/4 742/1559/4
f 743/1561/2 703/3359/2 705/1562/2
f 746/1564/165 747/3360/165 748/1565/165
f 750/1567/166 751/3361/166 752/1568/166
f 755/1570/355 756/3362/355 757/1571/355
f 759/1573/172 760/3363/172 761/1574/172
f 762/1576/169 763/3364/169 759/1577/169
f 765/1579/170 763/3365/170 762/1580/170
f 761/1582/171 760/3366/171 765/1583/171
f 763/1585/2 765/3367/2 760/1586/2
f 767/1588/172 768/3368/172 769/1589/172
f 767/1591/173 770/3369/173 771/1592/173
f 770/1594/170 772/3370/170 773/1595/170
f 766/1597/174 769/3371/174 773/1598/174
f 772/1600/2 770/3372/2 767/1601/2
f 775/1603/175 776/3373/175 777/1604/175
f 778/1606/176 779/3374/176 775/1607/176
f 781/1609/177 779/3375/177 778/1610/177
f 777/1612/178 776/3376/178 781/1613/178
f 779/1615/2 781/3377/2 776/1616/2
f 778/1618/4 774/3378/4 777/1619/4
f 748/1621/2 782/3379/2 783/1622/2
f 784/1624/4 785/3380/4 786/1625/4
f 788/1627/179 789/3381/179 786/1628/179
f 784/1630/179 787/3382/179 783/1631/179
f 790/1633/2 791/3383/2 750/1634/2
f 757/1636/4 752/3384/4 751/1637/4
f 747/1639/4 746/3385/4 793/1640/4
f 756/1642/2 755/3386/2 789/1643/2
f 793/1645/180 791/3387/180 790/1646/180
f 697/1648/356 737/3388/357 740/1649/357
f 739/1651/183 741/3389/183 701/1652/183
f 698/1654/164 738/3390/164 745/1655/164
f 795/1657/199 735/3391/358 734/1658/358
f 796/1660/2 797/3392/2 737/1661/2
f 738/1663/4 735/3393/4 795/1664/4
f 739/1666/4 740/3394/4 800/1667/4
f 734/1669/2 741/3395/2 801/1670/2
f 742/1672/185 743/3396/185 803/1673/185
f 796/1675/185 736/3397/185 744/1676/185
f 744/1678/4 742/3398/4 802/1679/4
f 803/1681/2 743/3399/2 745/1682/2
f 746/1684/186 749/3400/186 807/1685/186
f 808/1687/187 809/3401/187 751/1688/187
f 811/1690/359 755/3402/359 754/1691/359
f 813/1693/360 814/3403/360 815/1694/360
f 816/1696/190 817/3404/190 813/1697/190
f 819/1699/191 817/3405/191 816/1700/191
f 814/1702/192 819/3406/192 818/1703/192
f 813/1705/2 817/3407/2 819/1706/2
f 821/1708/189 822/3408/189 823/1709/189
f 821/1711/193 824/3409/193 825/1712/193
f 826/1714/191 827/3410/191 825/1715/191
f 820/1717/194 823/3411/194 827/1718/194
f 824/1720/2 821/3412/2 820/1721/2
f 829/1723/195 830/3413/195 831/1724/195
f 833/1726/196 829/3414/196 828/1727/196
f 835/1729/197 833/3415/197 832/1730/197
f 830/1732/198 835/3416/198 834/1733/198
f 829/1735/2 833/3417/2 835/1736/2
f 828/1738/4 831/3418/4 834/1739/4
f 749/1741/2 783/3419/2 836/1742/2
f 787/1744/4 786/3420/4 837/1745/4
f 789/1747/186 839/3421/186 837/1748/186
f 787/1750/186 838/3422/186 836/1751/186
f 791/1753/2 840/3423/2 808/1754/2
f 754/1756/4 751/3424/4 809/1757/4
f 746/1759/4 806/3425/4 841/1760/4
f 755/1762/2 811/3426/2 839/1763/2
f 841/1765/187 840/3427/187 791/1766/187
f 737/1768/358 797/3428/199 800/1769/358
f 739/1771/200 799/3429/200 801/1772/200
f 738/1774/185 798/3430/185 805/1775/185
f 843/1777/361 795/3431/219 794/1778/219
f 844/1780/2 845/3432/2 797/1781/2
f 798/1783/4 795/3433/4 843/1784/4
f 799/1786/4 800/3434/4 848/1787/4
f 794/1789/2 801/3435/2 849/1790/2
f 850/1792/202 802/3436/202 803/1793/202
f 844/1795/202 796/3437/202 804/1796/202
f 804/1798/4 802/3438/4 850/1799/4
f 851/1801/2 803/3439/2 805/1802/2
f 806/1804/203 807/3440/203 855/1805/203
f 856/1807/204 857/3441/204 809/1808/204
f 859/1810/362 811/3442/362 810/1811/362
f 861/1813/363 862/3443/363 863/1814/363
f 864/1816/207 865/3444/207 861/1817/207
f 867/1819/208 865/3445/208 864/1820/208
f 862/1822/209 867/3446/209 866/1823/209
f 865/1825/2 867/3447/2 862/1826/2
f 869/1828/206 870/3448/206 871/1829/206
f 872/1831/210 873/3449/210 870/1832/210
f 874/1834/208 875/3450/208 873/1835/208
f 868/1837/364 871/3451/364 875/1838/364
f 874/1840/2 872/3452/2 869/1841/2
f 876/1843/212 877/3453/212 878/1844/212
f 881/1846/213 877/3454/213 876/1847/213
f 883/1849/214 881/3455/214 880/1850/214
f 878/1852/215 883/3456/215 882/1853/215
f 881/1855/2 883/3457/2 878/1856/2
f 880/1858/4 876/3458/4 879/1859/4
f 807/1861/2 836/3459/2 884/1862/2
f 838/1864/4 837/3460/4 885/1865/4
f 837/1867/216 839/3461/216 887/1868/216
f 838/1870/217 886/3462/217 884/1871/217
f 840/1873/2 888/3463/2 856/1874/2
f 810/1876/4 809/3464/4 857/1877/4
f 806/1879/4 854/3465/4 889/1880/4
f 811/1882/2 859/3466/2 887/1883/2
f 889/1885/218 888/3467/218 840/1886/218
f 797/1888/201 845/3468/201 848/1889/201
f 847/1891/221 849/3469/221 801/1892/221
f 798/1894/202 846/3470/202 853/1895/202
f 891/1897/365 843/3471/365 842/1898/365
f 892/1900/2 893/3472/2 845/1901/2
f 846/1903/4 843/3473/4 891/1904/4
f 847/1906/4 848/3474/4 896/1907/4
f 842/1909/2 849/3475/2 897/1910/2
f 898/1912/224 850/3476/224 851/1913/224
f 844/1915/224 852/3477/224 900/1916/224
f 852/1918/4 850/3478/4 898/1919/4
f 899/1921/2 851/3479/2 853/1922/2
f 854/1924/225 855/3480/225 903/1925/225
f 904/1927/226 905/3481/226 857/1928/226
f 907/1930/366 859/3482/366 858/1931/366
f 909/1933/228 910/3483/228 911/1934/228
f 913/1936/229 909/3484/229 908/1937/229
f 915/1939/230 913/3485/230 912/1940/230
f 910/1942/231 915/3486/231 914/1943/231
f 909/1945/2 913/3487/2 915/1946/2
f 917/1948/367 918/3488/367 919/1949/367
f 917/1951/232 920/3489/232 921/1952/232
f 922/1954/230 923/3490/230 921/1955/230
f 916/1957/233 919/3491/233 923/1958/233
f 920/1960/2 917/3492/2 916/1961/2
f 925/1963/234 926/3493/234 927/1964/234
f 929/1966/235 925/3494/235 924/1967/235
f 931/1969/236 929/3495/236 928/1970/236
f 926/1972/237 931/3496/237 930/1973/237
f 925/1975/2 929/3497/2 931/1976/2
f 924/1978/4 927/3498/4 930/1979/4
f 855/1981/2 884/3499/2 932/1982/2
f 886/1984/4 885/3500/4 933/1985/4
f 887/1987/225 935/3501/225 933/1988/225
f 886/1990/225 934/3502/225 932/1991/225
f 888/1993/2 936/3503/2 904/1994/2
f 858/1996/4 857/3504/4 905/1997/4
f 854/1999/4 902/3505/4 937/2000/4
f 859/2002/2 907/3506/2 935/2003/2
f 937/2005/226 936/3507/226 888/2006/226
f 845/2008/368 893/3508/368 896/2009/368
f 895/2011/238 897/3509/238 849/2012/238
f 846/2014/224 894/3510/224 901/2015/224
f 939/2017/369 891/3511/260 890/2018/370
f 940/2020/2 941/3512/2 893/2021/2
f 894/2023/4 891/3513/4 939/2024/4
f 895/2026/4 896/3514/4 944/2027/4
f 890/2029/2 897/3515/2 945/2030/2
f 898/2032/243 899/3516/243 947/2033/243
f 940/2035/243 892/3517/243 900/2036/243
f 900/2038/4 898/3518/4 946/2039/4
f 947/2041/2 899/3519/2 901/2042/2
f 950/2044/245 902/3520/245 903/2045/245
f 952/2047/246 953/3521/246 905/2048/246
f 955/2050/371 907/3522/371 906/2051/371
f 957/2053/248 958/3523/248 959/2054/248
f 961/2056/249 957/3524/249 956/2057/249
f 963/2059/250 961/3525/250 960/2060/250
f 958/2062/251 963/3526/251 962/2063/251
f 957/2065/2 961/3527/2 963/2066/2
f 965/2068/248 966/3528/248 967/2069/248
f 968/2071/251 969/3529/251 966/2072/251
f 968/2074/250 970/3530/250 971/2075/250
f 964/2077/252 967/3531/252 971/2078/252
f 968/2080/2 965/3532/2 964/2081/2
f 973/2083/253 974/3533/253 975/2084/253
f 976/2086/252 977/3534/252 973/2087/252
f 978/2089/254 979/3535/254 977/2090/254
f 974/2092/251 979/3536/251 978/2093/251
f 973/2095/2 977/3537/2 979/2096/2
f 972/2098/4 975/3538/4 978/2099/4
f 903/2101/2 932/3539/2 980/2102/2
f 934/2104/4 933/3540/4 981/2105/4
f 935/2107/256 983/3541/256 981/2108/256
f 934/2110/256 982/3542/256 980/2111/256
f 936/2113/255 984/3543/255 952/2114/255
f 906/2116/4 905/3544/4 953/2117/4
f 902/2119/279 950/3545/279 985/2120/279
f 907/2122/2 955/3546/2 983/2123/2
f 985/2125/246 984/3547/246 936/2126/246
f 893/2128/372 941/3548/372 944/2129/373
f 943/2131/260 945/3549/260 897/2132/260
f 901/2134/261 894/3550/261 942/2135/261
f 1202/2137/374 939/3551/374 938/2138/374
f 986/2140/263 1200/3552/263 941/2141/263
f 942/2143/264 939/3553/264 1202/2144/264
f 943/2146/264 944/3554/264 988/2147/264
f 938/2149/375 945/3555/375 989/2150/375
f 946/2152/265 947/3556/265 990/2153/265
f 940/2155/265 948/3557/265 991/2156/265
f 948/2158/264 946/3558/264 1199/2159/264
f 990/2161/263 947/3559/263 949/2162/263
f 950/2164/266 951/3560/266 1221/2165/266
f 1222/2167/376 1219/3561/376 953/2168/376
f 1217/2170/377 955/3562/377 954/2171/377
f 995/2173/268 996/3563/268 997/2174/268
f 999/2176/269 995/3564/269 994/2177/269
f 1001/2179/270 999/3565/270 998/2180/270
f 996/2182/271 1001/3566/271 1000/2183/271
f 999/2185/2 1001/3567/2 996/2186/2
f 1003/2188/268 1004/3568/268 1005/2189/268
f 1006/2191/272 1007/3569/272 1004/2192/272
f 1006/2194/270 1008/3570/270 1009/2195/270
f 1002/2197/273 1005/3571/273 1009/2198/273
f 1008/2200/2 1006/3572/2 1003/2201/2
f 1011/2203/274 1012/3573/274 1013/2204/274
f 1015/2206/273 1011/3574/273 1010/2207/273
f 1016/2209/275 1017/3575/275 1015/2210/275
f 1012/2212/276 1017/3576/276 1016/2213/276
f 1015/2215/2 1017/3577/2 1012/2216/2
f 1014/2218/4 1010/3578/4 1013/2219/4
f 951/2221/255 980/3579/255 1018/2222/255
f 982/2224/4 981/3580/4 1019/2225/4
f 983/2227/378 1020/3581/378 1019/2228/378
f 982/2230/278 1218/3582/278 1018/2231/278
f 984/2233/277 1224/3583/277 1222/2234/277
f 954/2236/4 953/3584/4 1219/2237/4
f 950/2239/4 992/3585/4 1223/2240/4
f 955/2242/2 1217/3586/2 1020/2243/2
f 1223/2245/281 1224/3587/281 984/2246/280
f 941/2248/262 1200/3588/262 988/2249/262
f 943/2251/262 1201/3589/262 989/2252/262
f 949/2254/265 942/3590/265 987/2255/265
f 1021/2260/2 152/2378/2 1/219/2
f 1023/2262/2 1024/2266/2 1025/2263/2
f 1023/2262/2 1026/3591/2 1027/2265/2
f 1028/2267/4 1029/2374/4 131/217/4
f 1030/2268/4 1031/2271/4 1032/2269/4
f 1031/2271/4 1034/3592/4 1035/2272/4
f 1036/2273/5 1028/2370/5 2/213/5
f 1038/2275/5 1031/2279/5 1030/2276/5
f 1039/2278/5 1034/3593/5 1031/2279/5
f 1029/2280/5 1021/2366/5 155/210/5
f 1033/2282/5 1032/2286/5 1023/2283/5
f 1035/2285/5 1026/3594/5 1023/2283/5
f 1040/2287/2 159/2362/2 154/208/2
f 1042/2288/2 1043/2292/2 1044/2289/2
f 1042/2288/2 1045/3595/2 1046/2291/2
f 158/2293/4 161/2358/4 132/205/4
f 1047/2294/4 1048/2297/4 1049/2295/4
f 1048/2297/4 1051/3596/4 1052/2298/4
f 1054/2299/3 1049/2354/3 1052/2300/3
f 714/2302/3 160/276/3 161/275/3
f 1048/2304/3 1043/2350/3 1046/2305/3
f 158/273/3 159/272/3 709/2307/3
f 153/2309/4 1055/2346/4 156/195/4
f 1057/2311/4 1058/2315/4 1059/2312/4
f 1057/2311/4 1060/3597/4 1061/2314/4
f 157/2316/2 160/2341/2 1036/2317/2
f 1037/2318/2 1062/3598/2 1054/2319/2
f 1054/2319/2 1053/3599/2 1039/2321/2
f 156/188/3 1055/2337/3 1040/2322/3
f 1059/2324/3 1058/2327/3 1042/2325/3
f 1058/2327/3 1061/3600/3 1045/2328/3
f 1060/2329/5 1057/2333/5 1024/2330/5
f 707/2332/5 706/3601/5 153/269/5
f 1057/2333/5 1056/2335/5 1025/2334/5
f 1056/2335/5 1063/3602/5 1064/2336/5
f 1055/2337/3 711/3603/3 710/2338/3
f 1066/2339/3 1059/2324/3 1041/2326/3
f 160/2341/2 714/3604/2 713/2342/2
f 1068/2343/2 1062/3598/2 1037/2318/2
f 706/2345/4 711/3605/4 1055/2346/4
f 1056/2313/4 1059/2312/4 1066/2347/4
f 1047/2349/3 1044/2352/3 1043/2350/3
f 1069/2351/3 1070/3606/3 1044/2352/3
f 1054/2299/3 1062/2356/3 1050/2353/3
f 1068/2355/3 1071/3607/3 1050/2353/3
f 712/2357/4 715/3608/4 161/2358/4
f 1069/2359/4 1047/2294/4 1050/2296/4
f 1040/2287/2 710/3609/2 709/2361/2
f 1065/2363/2 1041/2290/2 1044/2289/2
f 716/2365/5 708/3610/5 1021/2366/5
f 1033/2282/5 1022/2284/5 1073/2367/5
f 713/2369/5 717/3611/5 1028/2370/5
f 1037/2277/5 1030/2276/5 1074/2371/5
f 717/2373/4 716/3612/4 1029/2374/4
f 1074/2375/4 1030/2268/4 1033/2270/4
f 1021/2260/2 708/3613/2 707/2377/2
f 1022/2264/2 1025/2263/2 1064/2379/2
f 1067/2381/1 1074/3614/1 1072/2382/1
f 1068/2383/1 1072/2382/1 1069/2384/1
f 1063/2386/1 1070/2390/1 1073/2387/1
f 1066/2389/1 1065/3615/1 1070/2390/1
f 1069/2384/1 1072/2382/1 1073/2387/1
f 688/2391/283 693/2394/283 658/2392/283
f 693/2394/379 688/2391/379 660/2395/379
f 660/2395/285 688/2391/285 690/2397/286
f 661/2398/288 690/2397/380 663/2399/289
f 691/2401/381 663/2399/382 690/2397/292
f 1076/2403/6 1077/3616/6 1078/2404/6
f 1076/2406/3 1079/3617/3 1080/2407/3
f 1081/2409/1 1082/3618/1 1080/2410/1
f 1075/2412/5 1078/3619/5 1082/2413/5
f 1079/2415/2 1076/3620/2 1075/2416/2
f 479/2418/383 516/2422/383 506/2419/383
f 485/2421/384 506/2419/384 516/2422/384
f 506/2419/295 485/2421/295 484/2424/296
f 484/2424/385 489/3621/386 488/2426/299
f 508/2425/301 488/2426/387 512/2427/388
f 1026/2429/6 1061/2432/6 1060/2430/6
f 1061/2432/6 1026/2429/6 1046/2433/6
f 1026/2429/6 1035/2439/6 1051/2435/6
f 1051/2435/6 1039/2438/6 1053/2436/6
f 1039/2438/6 1051/2435/6 1035/2439/6
f 1084/2441/304 1085/3622/304 1086/2442/304
f 1088/2444/305 1084/3623/305 1083/2445/305
f 1090/2447/306 1088/3624/306 1087/2448/306
f 1085/2450/307 1090/3625/307 1089/2451/307
f 1084/2453/2 1088/3626/2 1090/2454/2
f 1113/2470/1 1114/3627/1 1115/2471/1
f 1117/2473/3 1113/3628/3 1112/2474/3
f 1118/2476/6 1119/3629/6 1117/2477/6
f 1114/2479/5 1119/3630/5 1118/2480/5
f 1113/2482/2 1117/3631/2 1119/2483/2
f 1121/2485/1 1122/3632/1 1123/2486/1
f 1127/2488/5 1124/3633/5 1122/2489/5
f 1125/2491/6 1126/3634/6 1124/2492/6
f 1120/2494/3 1123/3635/3 1126/2495/3
f 1125/2501/2 1127/3636/2 1121/2502/2
f 1132/2504/1 1133/3637/1 1134/2505/1
f 1136/2507/3 1132/3638/3 1131/2508/3
f 1137/2510/6 1138/3639/6 1136/2511/6
f 1134/2513/5 1133/3640/5 1138/2514/5
f 1132/2516/2 1136/3641/2 1138/2517/2
f 1131/2519/4 1134/3642/4 1137/2520/4
f 1096/2523/5 14/72/5 8/98/5
f 11/2525/4 14/3643/4 1096/2526/4
f 1094/2528/5 1100/2500/5 7/2529/5
f 1092/2531/5 1093/3644/5 3/2532/5
f 1094/2534/4 18/3645/4 3/2535/4
f 8/2537/2 7/71/2 1100/2538/2
f 17/74/3 4/73/3 1099/2499/3
f 16/65/3 15/3646/3 1095/2463/3
f 1095/2540/4 15/67/4 17/66/4
f 1150/2544/1 1140/3647/1 1141/2545/1
f 1151/2547/3 1150/3648/3 1139/2548/3
f 1144/2550/6 1151/3649/6 1142/2551/6
f 1140/2553/5 1144/3650/5 1143/2554/5
f 1151/2556/2 1144/3651/2 1140/2557/2
f 1153/2559/1 1145/3652/1 1146/2560/1
f 1152/2562/5 1147/3653/5 1145/2563/5
f 1148/2565/6 1149/3654/6 1147/2566/6
f 1148/2568/3 1154/3655/3 1146/2569/3
f 1102/2459/2 1092/3656/2 22/2571/2
f 1152/2572/2 1153/3657/2 1154/2573/2
f 1156/2575/1 1157/3658/1 1158/2576/1
f 1160/2578/3 1156/3659/3 1155/2579/3
f 1162/2581/6 1160/3660/6 1159/2582/6
f 1157/2584/5 1162/3661/5 1161/2585/5
f 1160/2587/2 1162/3662/2 1157/2588/2
f 1159/2590/4 1155/3663/4 1158/2591/4
f 1164/2593/389 1166/3664/390 1130/2594/5
f 1111/2595/3 1110/3665/3 1192/2596/3
f 1128/2598/2 1106/3666/2 1167/2599/2
f 1163/2601/391 1164/3667/392 1129/2602/4
f 1108/2258/3 1105/2257/3 1169/2603/3
f 1103/2605/3 1128/3668/3 1168/2606/3
f 1169/2608/4 1105/3669/4 1103/2609/4
f 1192/2611/2 1110/2469/2 1108/2612/2
f 1165/2614/5 1197/3670/5 1104/2259/5
f 1167/2616/5 1106/2457/5 1107/2456/5
f 1196/2618/4 1107/3671/4 1104/2458/4
f 1165/2620/2 1109/2465/2 1130/2464/2
f 1193/2622/1 1171/3672/1 1172/2623/1
f 1194/2625/3 1193/3673/3 1170/2626/3
f 1174/2628/6 1175/3674/6 1194/2629/6
f 1171/2631/5 1175/3675/5 1174/2632/5
f 1193/2634/2 1194/3676/2 1175/2635/2
f 1176/2637/1 1177/3677/1 1178/2638/1
f 1188/2640/5 1179/3678/5 1177/2641/5
f 1180/2643/6 1181/3679/6 1179/2644/6
f 1190/2646/3 1178/3680/3 1181/2647/3
f 1187/2649/1 1183/3681/1 1189/2650/1
f 1185/2652/3 1187/3682/3 1182/2653/3
f 1182/2655/4 1189/3683/4 1186/2656/4
f 1180/2658/2 1188/3684/2 1176/2659/2
f 1191/2661/6 1185/3685/6 1184/2662/6
f 1183/2664/5 1191/3686/5 1186/2665/5
f 1187/2667/2 1185/3687/2 1191/2668/2
f 987/2670/312 1205/3688/312 1206/2671/312
f 1208/2673/313 1206/3689/313 1205/2674/313
f 1209/2676/313 1210/3690/313 1207/2675/313
f 1212/2677/313 1213/3691/313 1214/2678/313
f 1215/2680/313 1216/3692/313 1211/2679/313
f 1207/2675/313 1212/2677/313 1211/2679/313
f 1209/2681/314 1202/3693/314 1204/2682/314
f 1214/2684/2 1200/3694/2 986/2685/2
f 987/2687/4 1202/3695/4 1209/2688/4
f 1212/2690/314 1207/3696/314 989/2691/314
f 1214/2693/314 1213/3697/314 988/2694/314
f 1201/2696/4 988/3698/4 1213/2697/4
f 1204/2699/2 989/3699/2 1207/2700/2
f 1199/2702/312 990/3700/312 1208/2703/312
f 986/2705/312 991/3701/312 1216/2706/312
f 991/2708/4 1199/3702/4 1211/2709/4
f 990/2711/2 1203/3703/2 1206/2712/2
f 992/2714/314 1221/3704/314 1226/2715/314
f 1227/2717/313 1225/2721/313 1228/2718/313
f 1230/2720/313 1228/2718/313 1225/2721/313
f 1232/2723/313 1233/2727/313 1234/2724/313
f 1235/2726/313 1236/3705/313 1233/2727/313
f 1233/2727/313 1228/2718/313 1230/2720/313
f 1223/2728/312 1227/3706/312 1229/2729/312
f 1235/2731/2 1232/3707/2 1220/2732/2
f 992/2734/4 1225/3708/4 1227/2735/4
f 1233/2737/312 1219/3709/312 1222/2738/312
f 1235/2740/312 1217/3710/312 993/2741/312
f 1219/2743/4 1233/3711/4 1236/2744/4
f 1224/2746/2 1229/3712/2 1228/2747/2
f 1218/2749/314 1234/3713/314 1230/2750/314
f 1220/2752/314 1232/3714/314 1231/2753/314
f 1019/2755/4 1231/3715/4 1234/2756/4
f 1018/2758/2 1230/3716/2 1226/2759/2
f 1238/2761/315 1239/3717/315 1240/2762/315
f 1242/2764/312 1238/3718/312 1237/2765/312
f 1244/2767/313 1242/3719/313 1241/2768/313
f 1239/2770/314 1244/3720/314 1243/2771/314
f 1242/2773/2 1244/3721/2 1239/2774/2
f 1246/2776/315 1247/3722/315 1248/2777/315
f 1249/2779/314 1250/3723/314 1247/2780/314
f 1251/2782/313 1252/3724/313 1250/2783/313
f 1245/2785/312 1248/3725/312 1252/2786/312
f 1249/2788/2 1246/3726/2 1245/2789/2
f 1254/2791/315 1255/3727/315 1256/2792/315
f 1257/2794/312 1258/3728/312 1254/2795/312
f 1260/2797/313 1258/3729/313 1257/2798/313
f 1255/2800/314 1260/3730/314 1259/2801/314
f 1258/2803/2 1260/3731/2 1255/2804/2
f 1262/2806/315 1263/3732/315 1264/2807/315
f 1262/2809/314 1265/3733/314 1266/2810/314
f 1267/2812/313 1268/3734/313 1266/2813/313
f 1261/2815/312 1264/3735/312 1268/2816/312
f 1265/2818/2 1262/3736/2 1261/2819/2
f 1270/2821/315 1271/3737/315 1272/2822/315
f 1273/2824/312 1274/3738/312 1270/2825/312
f 1276/2827/313 1274/3739/313 1273/2828/313
f 1271/2830/314 1276/3740/314 1275/2831/314
f 1274/2833/2 1276/3741/2 1271/2834/2
f 1278/2836/315 1279/3742/315 1280/2837/315
f 1281/2839/312 1282/3743/312 1278/2840/312
f 1284/2842/313 1282/3744/313 1281/2843/313
f 1279/2845/314 1284/3745/314 1283/2846/314
f 1282/2848/2 1284/3746/2 1279/2849/2
f 1269/2851/4 1272/3747/4 1275/2852/4
f 1277/2854/4 1280/3748/4 1283/2855/4
