# Blender v3.1.2 OBJ File: '45degswitch_left.blend'
# www.blender.org
mtllib 4x3_switch_45_left.mtl
o track_normal.001_track_normal.008
v -2.816522 0.041289 -2.306731
v -2.810786 0.071584 -2.312466
v -2.781056 0.071584 -3.217466
v -2.756913 0.041289 -3.241609
v -2.786643 0.071584 -2.336609
v -2.774096 0.041289 -2.349157
v -2.774244 0.041289 -3.224278
v -2.786791 0.041289 -3.211730
v -3.217466 0.085803 -2.781056
v -3.217466 0.071584 -2.781056
v -2.744365 0.025803 -3.254156
v -2.701093 0.054721 -3.108199
v -2.722306 0.054721 -3.129412
v -2.786791 0.025803 -3.211730
v -2.750100 0.071584 -3.248421
v -2.750100 0.085803 -3.248421
v -2.756913 0.071584 -3.241609
v -2.774244 0.071584 -3.224278
v -2.701093 0.054721 -3.150625
v -3.211730 0.041289 -2.786791
v -3.224278 0.041289 -2.774244
v -2.781056 0.085803 -3.217466
v -3.049255 0.085803 -2.612846
v -3.056068 0.041289 -2.606034
v -3.043520 0.041289 -2.618582
v -3.085947 0.041289 -2.576155
v -3.073399 0.041289 -2.588703
v -3.080211 0.085803 -2.581890
v -3.056068 0.071584 -2.606034
v -3.073399 0.071584 -2.588703
v -3.049255 0.071584 -2.612846
v -3.248421 0.085803 -2.750100
v -3.241609 0.071584 -2.756913
v -3.248421 0.071584 -2.750100
v -3.129412 -0.025279 -2.722306
v -3.129412 0.054721 -2.722306
v -3.150625 0.054721 -2.701093
v -3.150625 -0.025279 -2.701093
v -3.108199 -0.025279 -2.701093
v -3.129412 -0.025279 -2.679880
v -3.129412 0.054721 -2.679880
v -2.722306 -0.025279 -3.129412
v -2.701093 -0.025279 -3.150625
v -2.701093 -0.025279 -3.108199
v -2.679880 0.054721 -3.129412
v -2.679880 -0.025279 -3.129412
v -2.632410 -0.030000 -3.297090
v -2.632410 0.030000 -3.297090
v -3.297090 0.030000 -2.632410
v -3.198095 -0.030000 -2.533415
v -3.224278 0.071584 -2.774244
v -3.254156 0.041289 -2.744365
v -3.254156 0.025803 -2.744365
v -3.241609 0.041289 -2.756913
v -3.211730 0.025803 -2.786791
v -3.085947 0.025803 -2.576155
v -3.043520 0.025803 -2.618582
v -3.198095 0.030000 -2.533415
v -2.533415 0.030000 -3.198095
v -2.533415 -0.030000 -3.198095
v -3.297090 -0.030000 -2.632410
v -3.080211 0.071584 -2.581890
v -3.108199 0.054721 -2.701093
v -2.914185 0.071584 -2.415865
v -2.914185 0.085803 -2.415865
v -3.142512 -0.030000 -2.477832
v -3.043517 -0.030000 -2.378837
v -3.086631 0.025803 -2.576839
v -2.919921 0.025803 -2.410129
v -3.086631 0.041289 -2.576839
v -3.049940 0.085803 -2.613530
v -3.074083 0.071584 -2.589387
v -3.056752 0.071584 -2.606718
v -3.080895 0.085803 -2.582574
v -3.080895 0.071584 -2.582574
v -3.056752 0.041289 -2.606718
v -3.074083 0.041289 -2.589387
v -3.044204 0.025803 -2.619265
v -3.044204 0.041289 -2.619265
v -2.919921 0.041289 -2.410129
v -2.877494 0.025803 -2.452556
v -2.890042 0.041289 -2.440008
v -2.907373 0.041289 -2.422677
v -2.890042 0.071584 -2.440008
v -2.907373 0.071584 -2.422677
v -2.883230 0.085803 -2.446820
v -2.883230 0.071584 -2.446820
v -2.974834 -0.025279 -2.567728
v -2.974834 0.054721 -2.567728
v -2.996047 0.054721 -2.546515
v -2.996047 -0.025279 -2.546515
v -2.953621 -0.025279 -2.546515
v -2.953621 0.054721 -2.546515
v -2.974834 -0.025279 -2.525302
v -2.974834 0.054721 -2.525302
v -2.567728 0.054721 -2.974834
v -2.567728 -0.025279 -2.974834
v -2.546515 -0.025279 -2.996047
v -2.546515 0.054721 -2.953621
v -2.546515 -0.025279 -2.953621
v -2.525302 0.054721 -2.974834
v -2.525302 -0.025279 -2.974834
v -2.477832 -0.030000 -3.142512
v -2.378837 0.030000 -3.043517
v -2.477832 0.030000 -3.142512
v -3.049940 0.071584 -2.613530
v -2.546515 0.054721 -2.996047
v -3.043517 0.030000 -2.378837
v -2.378837 -0.030000 -3.043517
v -3.142512 0.030000 -2.477832
v -2.377299 0.054721 -2.826831
v -2.398512 0.054721 -2.848044
v -2.230834 -0.030000 -2.895514
v -2.895514 -0.030000 -2.230834
v -2.230834 0.030000 -2.895514
v -2.994509 0.030000 -2.329829
v -2.329829 0.030000 -2.994509
v -2.419725 0.054721 -2.826831
v -2.398512 0.054721 -2.805617
v -2.883384 0.071584 -2.446975
v -2.907528 0.071584 -2.422831
v -2.890196 0.071584 -2.440163
v -2.914340 0.085803 -2.416019
v -2.914340 0.071584 -2.416019
v -2.920075 0.041289 -2.410284
v -2.920075 0.025803 -2.410284
v -2.890196 0.041289 -2.440163
v -2.877649 0.041289 -2.452710
v -2.816522 0.025803 -2.306731
v -2.810786 0.085803 -2.312466
v -2.803974 0.071584 -2.319278
v -2.779831 0.071584 -2.343421
v -2.826831 -0.025279 -2.419725
v -2.848044 0.054721 -2.398512
v -2.848044 -0.025279 -2.398512
v -2.805617 -0.025279 -2.398512
v -2.805617 0.054721 -2.398512
v -2.826831 -0.025279 -2.377299
v -2.826831 0.054721 -2.377299
v -2.419725 -0.025279 -2.826831
v -2.398512 -0.025279 -2.848044
v -2.398512 -0.025279 -2.805617
v -2.377299 -0.025279 -2.826831
v -2.329829 -0.030000 -2.994509
v -2.994509 -0.030000 -2.329829
v -2.895514 0.030000 -2.230834
v -2.907528 0.041289 -2.422831
v -2.826831 0.054721 -2.419725
v -2.877649 0.025803 -2.452710
v -2.877494 0.041289 -2.452556
v -2.883384 0.085803 -2.446975
v -2.286192 0.041289 -1.776400
v -2.286192 0.025803 -1.776400
v -2.786643 0.041289 -2.336609
v -2.803974 0.041289 -2.319278
v -2.774096 0.025803 -2.349157
v -2.779831 0.085803 -2.343421
v -2.256313 0.071584 -1.806279
v -2.256313 0.041289 -1.806279
v -2.249501 0.085803 -1.813091
v -2.249501 0.071584 -1.813091
v -0.491311 -0.025279 -0.898417
v -0.491311 0.054721 -0.898417
v -0.470098 0.054721 -0.919630
v -0.470098 -0.025279 -0.919630
v -0.512524 -0.025279 -0.919630
v -0.512524 0.054721 -0.919630
v -0.491311 -0.025279 -0.940843
v -0.491311 0.054721 -0.940843
v -0.668088 -0.025279 -1.075194
v -0.668088 0.054721 -1.075194
v -0.646875 0.054721 -1.096407
v -0.646875 -0.025279 -1.096407
v -0.689301 -0.025279 -1.096407
v -0.689301 0.054721 -1.096407
v -0.668088 -0.025279 -1.117620
v -0.668088 0.054721 -1.117620
v -0.844865 -0.025279 -1.251970
v -0.844865 0.054721 -1.251970
v -0.823652 0.054721 -1.273183
v -0.823652 -0.025279 -1.273183
v -0.866078 -0.025279 -1.273183
v -0.866078 0.054721 -1.273183
v -0.844865 -0.025279 -1.294397
v -0.844865 0.054721 -1.294397
v -1.341867 -0.030000 -0.677186
v -1.341867 0.030000 -0.677186
v -0.677186 0.030000 -1.341867
v -0.677186 -0.030000 -1.341867
v -1.440862 -0.030000 -0.776181
v -1.440862 0.030000 -0.776181
v -0.776181 -0.030000 -1.440862
v -0.776181 0.030000 -1.440862
v -1.165090 -0.030000 -0.500410
v -1.165090 0.030000 -0.500410
v -0.500410 0.030000 -1.165090
v -0.500410 -0.030000 -1.165090
v -1.264085 -0.030000 -0.599405
v -1.264085 0.030000 -0.599405
v -0.599405 -0.030000 -1.264085
v -0.599405 0.030000 -1.264085
v -0.988313 -0.030000 -0.323633
v -0.988313 0.030000 -0.323633
v -0.323633 0.030000 -0.988313
v -0.323633 -0.030000 -0.988313
v -1.087308 -0.030000 -0.422628
v -1.087308 0.030000 -0.422628
v -0.422628 -0.030000 -1.087308
v -0.422628 0.030000 -1.087308
v -0.811537 -0.030000 -0.146856
v -0.811537 0.030000 -0.146856
v -0.146856 0.030000 -0.811537
v -0.146856 -0.030000 -0.811537
v -0.910532 -0.030000 -0.245851
v -0.910532 0.030000 -0.245851
v -0.245851 -0.030000 -0.910532
v -0.245851 0.030000 -0.910532
v -1.021641 -0.025279 -1.428747
v -1.021641 0.054721 -1.428747
v -1.000428 0.054721 -1.449960
v -1.000428 -0.025279 -1.449960
v -1.042855 -0.025279 -1.449960
v -1.042855 0.054721 -1.449960
v -1.021641 -0.025279 -1.471173
v -1.021641 0.054721 -1.471173
v -1.198418 -0.025279 -1.605524
v -1.198418 0.054721 -1.605524
v -1.177205 0.054721 -1.626737
v -1.177205 -0.025279 -1.626737
v -1.219631 -0.025279 -1.626737
v -1.219631 0.054721 -1.626737
v -1.198418 -0.025279 -1.647950
v -1.198418 0.054721 -1.647950
v -1.375195 -0.025279 -1.782300
v -1.375195 0.054721 -1.782300
v -1.353981 0.054721 -1.803513
v -1.353981 -0.025279 -1.803513
v -1.396408 -0.025279 -1.803514
v -1.396408 0.054721 -1.803514
v -1.375195 -0.025279 -1.824727
v -1.375195 0.054721 -1.824727
v -1.803513 0.054721 -1.353982
v -1.782300 0.054721 -1.375195
v -1.782300 -0.025279 -1.375195
v -1.803513 -0.025279 -1.353982
v -1.803513 0.054721 -1.396408
v -1.803513 -0.025279 -1.396408
v -1.824727 0.054721 -1.375195
v -1.824727 -0.025279 -1.375195
v -1.551971 -0.025279 -1.959077
v -1.551971 0.054721 -1.959077
v -1.530758 0.054721 -1.980290
v -1.530758 -0.025279 -1.980290
v -1.573185 -0.025279 -1.980290
v -1.573185 0.054721 -1.980290
v -1.551972 -0.025279 -2.001503
v -1.551972 0.054721 -2.001503
v -2.048974 -0.030000 -1.384293
v -2.048974 0.030000 -1.384293
v -1.384293 0.030000 -2.048974
v -1.384293 -0.030000 -2.048974
v -2.147969 -0.030000 -1.483288
v -2.147969 0.030000 -1.483288
v -1.483288 -0.030000 -2.147968
v -1.483288 0.030000 -2.147968
v -1.872197 -0.030000 -1.207517
v -1.872197 0.030000 -1.207517
v -1.207516 0.030000 -1.872197
v -1.207516 -0.030000 -1.872197
v -1.971192 -0.030000 -1.306512
v -1.971192 0.030000 -1.306512
v -1.306511 -0.030000 -1.971192
v -1.306511 0.030000 -1.971192
v -1.695420 -0.030000 -1.030740
v -1.695420 0.030000 -1.030740
v -1.030740 0.030000 -1.695420
v -1.030740 -0.030000 -1.695420
v -1.794415 -0.030000 -1.129735
v -1.794415 0.030000 -1.129735
v -1.129735 -0.030000 -1.794415
v -1.129735 0.030000 -1.794415
v -1.518643 -0.030000 -0.853963
v -1.518643 0.030000 -0.853963
v -0.853963 0.030000 -1.518643
v -0.853963 -0.030000 -1.518643
v -1.617638 -0.030000 -0.952958
v -1.617638 0.030000 -0.952958
v -0.952958 -0.030000 -1.617638
v -0.952958 0.030000 -1.617638
v -1.728748 -0.025279 -2.135854
v -1.728748 0.054721 -2.135854
v -1.707535 0.054721 -2.157067
v -1.707535 -0.025279 -2.157067
v -1.749961 -0.025279 -2.157067
v -1.749961 0.054721 -2.157067
v -1.728748 -0.025279 -2.178280
v -1.728748 0.054721 -2.178280
v -2.157067 0.054721 -1.707535
v -2.135854 0.054721 -1.728748
v -2.135854 -0.025279 -1.728748
v -2.157067 -0.025279 -1.707535
v -2.157067 0.054721 -1.749961
v -2.157067 -0.025279 -1.749961
v -2.178280 0.054721 -1.728748
v -2.178280 -0.025279 -1.728748
v -1.905525 -0.025279 -2.312630
v -1.905525 0.054721 -2.312630
v -1.884312 0.054721 -2.333843
v -1.884312 -0.025279 -2.333843
v -1.926738 -0.025279 -2.333843
v -1.926738 0.054721 -2.333843
v -1.905525 -0.025279 -2.355057
v -1.905525 0.054721 -2.355057
v -2.333843 0.054721 -1.884312
v -2.312630 0.054721 -1.905525
v -2.312630 -0.025279 -1.905525
v -2.333843 -0.025279 -1.884312
v -2.333844 0.054721 -1.926738
v -2.333844 -0.025279 -1.926738
v -2.355057 0.054721 -1.905525
v -2.355057 -0.025279 -1.905525
v -2.082302 -0.025279 -2.489407
v -2.082302 0.054721 -2.489407
v -2.061088 0.054721 -2.510620
v -2.061088 -0.025279 -2.510620
v -2.103515 -0.025279 -2.510620
v -2.103515 0.054721 -2.510620
v -2.082302 -0.025279 -2.531834
v -2.082302 0.054721 -2.531834
v -2.510620 0.054721 -2.061088
v -2.489407 0.054721 -2.082301
v -2.489407 -0.025279 -2.082301
v -2.510620 -0.025279 -2.061088
v -2.510620 0.054721 -2.103515
v -2.510620 -0.025279 -2.103515
v -2.531833 0.054721 -2.082302
v -2.531833 -0.025279 -2.082302
v -2.259078 -0.025279 -2.666184
v -2.259078 0.054721 -2.666184
v -2.237865 0.054721 -2.687397
v -2.237865 -0.025279 -2.687397
v -2.280292 -0.025279 -2.687397
v -2.280292 0.054721 -2.687397
v -2.259079 -0.025279 -2.708610
v -2.259079 0.054721 -2.708610
v -2.687397 0.054721 -2.237865
v -2.666184 0.054721 -2.259078
v -2.666184 -0.025279 -2.259078
v -2.687397 -0.025279 -2.237865
v -2.687397 0.054721 -2.280292
v -2.687397 -0.025279 -2.280292
v -2.708610 0.054721 -2.259079
v -2.708610 -0.025279 -2.259079
v -2.756081 -0.030000 -2.091400
v -2.756081 0.030000 -2.091400
v -2.091400 0.030000 -2.756080
v -2.091400 -0.030000 -2.756080
v -2.855075 -0.030000 -2.190395
v -2.855075 0.030000 -2.190395
v -2.190395 -0.030000 -2.855075
v -2.190395 0.030000 -2.855075
v -2.579304 -0.030000 -1.914623
v -2.579304 0.030000 -1.914623
v -1.914623 0.030000 -2.579304
v -1.914623 -0.030000 -2.579304
v -2.678299 -0.030000 -2.013618
v -2.678299 0.030000 -2.013618
v -2.013618 -0.030000 -2.678298
v -2.013618 0.030000 -2.678298
v -2.402527 -0.030000 -1.737847
v -2.402527 0.030000 -1.737847
v -1.737846 0.030000 -2.402527
v -1.737846 -0.030000 -2.402527
v -2.501522 -0.030000 -1.836841
v -2.501522 0.030000 -1.836841
v -1.836841 -0.030000 -2.501522
v -1.836841 0.030000 -2.501522
v -2.225750 -0.030000 -1.561070
v -2.225750 0.030000 -1.561070
v -1.561070 0.030000 -2.225750
v -1.561070 -0.030000 -2.225750
v -2.324745 -0.030000 -1.660065
v -2.324745 0.030000 -1.660065
v -1.660065 -0.030000 -2.324745
v -1.660065 0.030000 -2.324745
v -0.809630 0.040830 -0.382338
v -0.809108 0.025344 -0.381836
v -0.652775 0.025344 -0.227836
v -0.652775 0.040830 -0.227836
v -0.844662 0.085343 -0.344068
v -0.815105 0.085343 -0.376356
v -0.658519 0.085343 -0.222110
v -0.689523 0.085343 -0.191202
v -0.850218 0.025344 -0.338163
v -0.695267 0.025344 -0.185476
v -0.821271 0.071124 -0.368923
v -0.665342 0.071124 -0.215309
v -0.658519 0.071124 -0.222110
v -0.814668 0.071124 -0.375933
v -0.665342 0.040830 -0.215309
v -0.821271 0.040830 -0.368923
v -0.838063 0.071124 -0.351083
v -0.682700 0.071124 -0.198004
v -0.682700 0.040830 -0.198004
v -0.838063 0.040830 -0.351083
v -0.689523 0.071124 -0.191202
v -0.844662 0.071124 -0.344068
v -0.695267 0.040830 -0.185476
v -0.850218 0.040830 -0.338163
v -0.306551 -0.025739 -0.712226
v -0.306551 0.054262 -0.712226
v -0.285306 0.054262 -0.733406
v -0.285306 -0.025739 -0.733406
v -0.329395 -0.025739 -0.734159
v -0.329395 0.054262 -0.734159
v -0.308272 -0.025739 -0.755462
v -0.308272 0.054262 -0.755462
v -0.735532 0.054262 -0.284570
v -0.714285 0.054262 -0.305750
v -0.714285 -0.025739 -0.305750
v -0.735532 -0.025739 -0.284570
v -0.734773 0.054262 -0.325333
v -0.734773 -0.025739 -0.325333
v -0.755896 0.054262 -0.304031
v -0.755896 -0.025739 -0.304031
v -0.965137 0.040830 -0.514921
v -0.964571 0.025344 -0.514468
v -0.996763 0.085343 -0.473791
v -0.970081 0.085343 -0.508492
v -1.001794 0.025344 -0.467430
v -0.975583 0.071124 -0.500559
v -0.969605 0.071124 -0.508110
v -0.975583 0.040830 -0.500559
v -0.990788 0.071124 -0.481345
v -0.990788 0.040830 -0.481345
v -0.996763 0.071124 -0.473791
v -1.001794 0.040830 -0.467430
v -1.132159 0.040830 -0.634591
v -1.131551 0.025344 -0.634188
v -1.160288 0.085343 -0.590995
v -1.136557 0.085343 -0.627777
v -1.164779 0.025344 -0.584242
v -1.141382 0.071124 -0.619419
v -1.136044 0.071124 -0.627436
v -1.141382 0.040830 -0.619419
v -1.154954 0.071124 -0.599016
v -1.154954 0.040830 -0.599016
v -1.160288 0.071124 -0.590995
v -1.164779 0.040830 -0.584242
v -1.043366 0.054262 -0.550770
v -1.025908 0.054262 -0.575167
v -1.025908 -0.025739 -0.575167
v -1.043366 -0.025739 -0.550770
v -1.047666 0.054262 -0.591020
v -1.047666 -0.025739 -0.591020
v -1.064858 0.054262 -0.566434
v -1.064858 -0.025739 -0.566434
v -1.094884 -0.030460 -0.400196
v -1.094884 0.029540 -0.400196
v -0.532765 0.029540 -1.153602
v -0.532765 -0.030460 -1.153602
v -1.190145 -0.030460 -0.467359
v -1.190145 0.029540 -0.467359
v -0.666626 -0.030460 -1.248080
v -0.666626 0.029540 -1.248080
v -1.309501 0.040830 -0.741288
v -1.308855 0.025344 -0.740936
v -1.334152 0.085343 -0.695636
v -1.313355 0.085343 -0.734152
v -1.338106 0.025344 -0.688553
v -1.317509 0.071124 -0.725446
v -1.312810 0.071124 -0.733855
v -1.317509 0.040830 -0.725446
v -1.329457 0.071124 -0.704048
v -1.329457 0.040830 -0.704048
v -1.334152 0.071124 -0.695636
v -1.338106 0.040830 -0.688553
v -1.029276 0.025344 -1.273009
v -0.834649 0.025344 -1.112652
v -0.834649 0.040830 -1.112652
v -1.029276 0.040830 -1.273009
v -1.050071 0.040830 -1.235309
v -1.050076 0.071124 -1.235305
v -0.857687 0.071124 -1.077235
v -0.857687 0.040830 -1.077235
v -1.054904 0.071124 -1.226847
v -1.054757 0.085343 -1.226768
v -0.862940 0.085343 -1.069159
v -0.863080 0.071124 -1.069252
v -1.213467 0.054262 -0.664384
v -1.198035 0.054262 -0.690109
v -1.198035 -0.025739 -0.690109
v -1.213467 -0.025739 -0.664384
v -1.221271 0.054262 -0.704088
v -1.221272 -0.025739 -0.704087
v -1.236440 0.054262 -0.678205
v -1.236440 -0.025739 -0.678205
v -1.252003 -0.030460 -0.510148
v -1.252003 0.029540 -0.510148
v -0.753400 0.029540 -1.307012
v -0.753400 -0.030460 -1.307013
v -1.353606 -0.030460 -0.570095
v -1.353606 0.029540 -0.570095
v -0.893396 -0.030460 -1.389732
v -0.893396 0.029540 -1.389732
v -0.843962 0.040830 -1.097541
v -1.037612 0.040830 -1.256991
v -0.843962 0.071124 -1.097541
v -0.838567 0.071124 -1.105521
v -1.032783 0.071124 -1.265443
v -1.037612 0.071124 -1.256991
v -0.838567 0.085343 -1.105521
v -1.032732 0.085343 -1.265494
v -0.867619 0.040830 -1.062532
v -1.059010 0.040830 -1.219689
v -0.867619 0.025344 -1.062532
v -1.059010 0.025344 -1.219689
v -1.495837 0.040830 -0.835259
v -1.495158 0.025344 -0.834958
v -1.517119 0.085343 -0.787942
v -1.499165 0.085343 -0.827863
v -1.520551 0.025344 -0.780591
v -1.502671 0.071124 -0.818881
v -1.498592 0.071124 -0.827610
v -1.502671 0.040830 -0.818881
v -1.513043 0.071124 -0.796672
v -1.513043 0.040830 -0.796672
v -1.517119 0.071124 -0.787942
v -1.520551 0.040830 -0.780591
v -1.219852 0.025344 -1.427441
v -1.219655 0.040830 -1.427639
v -1.237765 0.040830 -1.388502
v -1.237707 0.071124 -1.388560
v -1.241884 0.071124 -1.379808
v -1.241740 0.085343 -1.379732
v -1.393371 0.054262 -0.765269
v -1.379930 0.054262 -0.792090
v -1.379930 -0.025739 -0.792089
v -1.393370 -0.025739 -0.765269
v -1.404473 0.054262 -0.804172
v -1.404473 -0.025739 -0.804172
v -1.417659 0.054262 -0.777225
v -1.417659 -0.025739 -0.777225
v -1.419604 -0.030460 -0.608213
v -1.419604 0.029540 -0.608213
v -0.983817 0.029540 -1.441093
v -0.983817 -0.030460 -1.441093
v -1.526646 -0.030460 -0.661421
v -1.526646 0.029540 -0.661421
v -1.128178 -0.030460 -1.512786
v -1.128178 0.029540 -1.512786
v -1.226721 0.040830 -1.411180
v -1.222549 0.071124 -1.419923
v -1.226721 0.071124 -1.411180
v -1.222713 0.085343 -1.419759
v -1.245491 0.040830 -1.372350
v -1.245491 0.025344 -1.372350
v -1.689823 0.040830 -0.917019
v -1.689115 0.025344 -0.916768
v -1.707901 0.085343 -0.868387
v -1.692648 0.085343 -0.909417
v -1.710836 0.025344 -0.860823
v -1.695542 0.071124 -0.900223
v -1.692052 0.071124 -0.909206
v -1.695542 0.040830 -0.900223
v -1.704414 0.071124 -0.877371
v -1.704414 0.040830 -0.877371
v -1.707901 0.071124 -0.868387
v -1.710836 0.040830 -0.860823
v -1.448629 0.025344 -1.532574
v -1.448629 0.040830 -1.532574
v -1.463464 0.040830 -1.493013
v -1.463464 0.071124 -1.493013
v -1.467002 0.071124 -1.484048
v -1.466846 0.085343 -1.483992
v -1.581763 0.054262 -0.853782
v -1.570236 0.054262 -0.881479
v -1.570236 -0.025739 -0.881479
v -1.581763 -0.025739 -0.853782
v -1.595900 0.054262 -0.891677
v -1.595900 -0.025739 -0.891677
v -1.607189 0.054262 -0.863881
v -1.607189 -0.025739 -0.863881
v -1.596644 -0.030460 -0.694466
v -1.596644 0.029540 -0.694466
v -1.221351 0.029540 -1.556298
v -1.221351 -0.030460 -1.556298
v -1.708795 -0.030460 -0.740615
v -1.708795 0.029540 -0.740615
v -1.368863 -0.030460 -1.616996
v -1.368863 0.029540 -1.616996
v -1.454461 0.040830 -1.515819
v -1.450922 0.071124 -1.524783
v -1.454461 0.071124 -1.515819
v -1.450922 0.085343 -1.524783
v -1.469979 0.040830 -1.476501
v -1.469979 0.025344 -1.476501
v -1.890536 0.040830 -0.986466
v -1.889816 0.025344 -0.986238
v -1.905630 0.085343 -0.936827
v -1.892895 0.085343 -0.978707
v -1.908102 0.025344 -0.929102
v -1.895227 0.071124 -0.969342
v -1.892289 0.071124 -0.978515
v -1.895227 0.040830 -0.969342
v -1.902696 0.071124 -0.946002
v -1.902696 0.040830 -0.946002
v -1.905630 0.071124 -0.936827
v -1.908102 0.040830 -0.929102
v -1.687253 0.025344 -1.615285
v -1.687254 0.040830 -1.615286
v -1.699656 0.040830 -1.574895
v -1.699656 0.071124 -1.574895
v -1.702639 0.071124 -1.565735
v -1.702483 0.085343 -1.565686
v -1.581303 -0.025739 -1.502759
v -1.581303 0.054262 -1.502759
v -1.571576 0.054262 -1.531138
v -1.571576 -0.025739 -1.531138
v -1.611928 -0.025739 -1.513363
v -1.611928 0.054262 -1.513363
v -1.602429 -0.025739 -1.541819
v -1.602429 0.054262 -1.541819
v -1.777709 0.054262 -0.929751
v -1.767981 0.054262 -0.958130
v -1.767981 -0.025739 -0.958130
v -1.777709 -0.025739 -0.929751
v -1.794220 0.054262 -0.967250
v -1.794221 -0.025739 -0.967249
v -1.803719 0.054262 -0.938793
v -1.803719 -0.025739 -0.938793
v -1.781667 -0.030460 -0.769663
v -1.781667 0.029540 -0.769663
v -1.463642 0.029540 -1.654230
v -1.463642 -0.030460 -1.654230
v -1.898196 -0.030460 -0.809050
v -1.898196 0.029540 -0.809050
v -1.613170 -0.030460 -1.704794
v -1.613170 0.029540 -1.704794
v -1.692062 0.040830 -1.598197
v -1.689075 0.071124 -1.607357
v -1.692062 0.071124 -1.598197
v -1.689075 0.085343 -1.607357
v -1.705150 0.040830 -1.558024
v -1.705150 0.025344 -1.558024
v -2.096630 0.040830 -1.044529
v -2.095890 0.025344 -1.044350
v -2.108973 0.085343 -0.994136
v -2.098559 0.085343 -1.036652
v -2.111017 0.025344 -0.986285
v -2.100366 0.071124 -1.027178
v -2.097935 0.071124 -1.036500
v -2.100366 0.040830 -1.027178
v -2.106545 0.071124 -1.003459
v -2.106545 0.040830 -1.003459
v -2.108973 0.071124 -0.994136
v -2.111017 0.040830 -0.986285
v -1.928299 0.025344 -1.683730
v -1.928299 0.040830 -1.683730
v -1.938448 0.040830 -1.642716
v -1.938449 0.071124 -1.642715
v -1.940920 0.071124 -1.633403
v -1.940763 0.085343 -1.633364
v -1.817088 -0.025739 -1.577485
v -1.817088 0.054262 -1.577485
v -1.809029 0.054262 -1.606383
v -1.809029 -0.025739 -1.606383
v -1.848100 -0.025739 -1.586104
v -1.848100 0.054262 -1.586104
v -1.840252 -0.025739 -1.615060
v -1.840252 0.054262 -1.615060
v -1.979792 0.054262 -0.994011
v -1.971734 0.054262 -1.022909
v -1.971734 -0.025739 -1.022909
v -1.979792 -0.025739 -0.994011
v -1.998722 0.054262 -1.030422
v -1.998722 -0.025739 -1.030422
v -2.006570 0.054262 -1.001468
v -2.006570 -0.025739 -1.001468
v -1.973494 -0.030460 -0.834396
v -1.973494 0.029540 -0.834396
v -1.708994 0.029540 -1.736416
v -1.708994 -0.030460 -1.736416
v -2.093700 -0.030460 -0.867410
v -2.093700 0.029540 -0.867410
v -1.859680 -0.030460 -1.777813
v -1.859680 0.029540 -1.777813
v -1.932156 0.040830 -1.666408
v -1.929682 0.071124 -1.675719
v -1.932156 0.071124 -1.666408
v -1.929682 0.085343 -1.675719
v -1.943002 0.040830 -1.625563
v -1.943002 0.025344 -1.625563
v -2.306812 0.040830 -1.092745
v -2.306055 0.025344 -1.092612
v -2.316618 0.085343 -1.041798
v -2.308345 0.085343 -1.084782
v -2.318268 0.025344 -1.033853
v -2.309670 0.071124 -1.075234
v -2.307708 0.071124 -1.084669
v -2.309670 0.040830 -1.075234
v -2.314658 0.071124 -1.051232
v -2.314658 0.040830 -1.051232
v -2.316618 0.071124 -1.041798
v -2.318268 0.040830 -1.033853
v -2.185838 0.025803 -1.676046
v -2.185838 0.041289 -1.676046
v -2.173290 0.041289 -1.688594
v -2.155959 0.041289 -1.705925
v -2.143411 0.041289 -1.718473
v -2.143411 0.025803 -1.718473
v -2.155959 0.071584 -1.705925
v -2.180102 0.085803 -1.681782
v -2.149147 0.085803 -1.712737
v -2.149147 0.071584 -1.712737
v -2.173290 0.071584 -1.688594
v -2.180102 0.071584 -1.681782
v -2.186635 0.054262 -1.047964
v -2.180120 0.054262 -1.077247
v -2.180120 -0.025739 -1.077247
v -2.186635 -0.025739 -1.047964
v -2.207784 0.054262 -1.083018
v -2.207784 -0.025739 -1.083018
v -2.214111 0.054262 -1.053693
v -2.214111 -0.025739 -1.053693
v -2.171554 -0.030460 -0.888207
v -2.171554 0.029540 -0.888207
v -1.956169 0.029540 -1.803198
v -1.956169 -0.030460 -1.803198
v -2.294819 -0.030460 -0.915150
v -2.294819 0.029540 -0.915150
v -2.107355 -0.030460 -1.836266
v -2.107355 0.029540 -1.836266
v -2.520758 0.040830 -1.130228
v -2.519994 0.025344 -1.130116
v -2.528269 0.085343 -1.078892
v -2.521932 0.085343 -1.122204
v -2.529562 0.025344 -1.070884
v -2.522827 0.071124 -1.112599
v -2.521288 0.071124 -1.122109
v -2.522827 0.040830 -1.112599
v -2.526735 0.071124 -1.088403
v -2.526735 0.040830 -1.088403
v -2.528269 0.071124 -1.078892
v -2.529562 0.040830 -1.070884
v -2.413925 0.025344 -1.782494
v -2.170769 0.025344 -1.739519
v -2.170769 0.040830 -1.739519
v -2.413925 0.040830 -1.782494
v -2.420123 0.040830 -1.740701
v -2.420124 0.071124 -1.740700
v -2.178844 0.071124 -1.698047
v -2.178844 0.040830 -1.698047
v -2.421696 0.071124 -1.731195
v -2.421537 0.085343 -1.731171
v -2.180686 0.085343 -1.688590
v -2.180845 0.071124 -1.688623
v -2.294545 -0.025739 -1.688006
v -2.294545 0.054262 -1.688006
v -2.289434 0.054262 -1.717568
v -2.289435 -0.025739 -1.717568
v -2.325890 -0.025739 -1.693557
v -2.325890 0.054262 -1.693557
v -2.320956 -0.025739 -1.723148
v -2.320956 0.054262 -1.723148
v -2.397748 0.054262 -1.091129
v -2.392636 0.054262 -1.120690
v -2.392636 -0.025739 -1.120690
v -2.397748 -0.025739 -1.091129
v -2.420577 0.054262 -1.125663
v -2.420577 -0.025739 -1.125663
v -2.425512 0.054262 -1.096071
v -2.425512 -0.025739 -1.096071
v -2.374407 -0.030460 -0.932480
v -2.374407 0.029540 -0.932480
v -2.204084 0.029540 -1.856921
v -2.204084 -0.030460 -1.856921
v -2.500134 -0.030460 -0.953874
v -2.500134 0.029540 -0.953874
v -2.355331 -0.030460 -1.882653
v -2.355330 0.029540 -1.882652
v -2.173755 0.040830 -1.722018
v -2.416122 0.040830 -1.764884
v -2.173755 0.071124 -1.722018
v -2.171754 0.071124 -1.731441
v -2.414548 0.071124 -1.774389
v -2.416122 0.071124 -1.764884
v -2.171754 0.085343 -1.731441
v -2.414548 0.085343 -1.774389
v -2.182528 0.040830 -1.680691
v -2.423020 0.040830 -1.723193
v -2.182528 0.025344 -1.680691
v -2.423020 0.025344 -1.723193
v -2.737157 0.040830 -1.159601
v -2.736384 0.025344 -1.159530
v -2.742559 0.085343 -1.108000
v -2.738002 0.085343 -1.151535
v -2.743525 0.025344 -1.099944
v -2.738498 0.071124 -1.141908
v -2.737350 0.071124 -1.151475
v -2.738498 0.040830 -1.141908
v -2.741414 0.071124 -1.117568
v -2.741414 0.040830 -1.117568
v -2.742560 0.071124 -1.108000
v -2.743525 0.040830 -1.099944
v -2.657200 0.025344 -1.815703
v -2.657200 0.040830 -1.815703
v -2.661674 0.040830 -1.773691
v -2.661674 0.071124 -1.773691
v -2.662853 0.071124 -1.764129
v -2.662694 0.085343 -1.764111
v -2.534655 -0.025739 -1.726123
v -2.534655 0.054262 -1.726123
v -2.530828 0.054262 -1.755879
v -2.530828 -0.025739 -1.755879
v -2.566046 -0.025739 -1.729872
v -2.566046 0.054262 -1.729872
v -2.562376 -0.025739 -1.759647
v -2.562376 0.054262 -1.759647
v -2.611910 0.054262 -1.125337
v -2.608084 0.054262 -1.155091
v -2.608084 -0.025739 -1.155091
v -2.611910 -0.025739 -1.125337
v -2.636477 0.054262 -1.158462
v -2.636477 -0.025739 -1.158462
v -2.640147 0.054262 -1.128688
v -2.640147 -0.025739 -1.128688
v -2.581254 -0.030460 -0.967742
v -2.581254 0.029540 -0.967742
v -2.452080 0.029540 -1.898823
v -2.452080 -0.030460 -1.898823
v -2.709070 -0.030460 -0.983691
v -2.709070 0.029540 -0.983691
v -2.603055 -0.030460 -1.917692
v -2.603055 0.029540 -1.917692
v -2.658672 0.040830 -1.798013
v -2.657491 0.071124 -1.807572
v -2.658672 0.071124 -1.798013
v -2.657491 0.085343 -1.807572
v -2.663846 0.040830 -1.756081
v -2.663846 0.025344 -1.756081
v -2.955863 0.040830 -1.179754
v -2.955085 0.025344 -1.179701
v -2.959366 0.085343 -1.127989
v -2.956411 0.085343 -1.171662
v -2.960035 0.025344 -1.119905
v -2.956551 0.071124 -1.162017
v -2.955755 0.071124 -1.171618
v -2.956551 0.040830 -1.162017
v -2.958572 0.071124 -1.137590
v -2.958573 0.040830 -1.137591
v -2.959366 0.071124 -1.127989
v -2.960035 0.040830 -1.119905
v -2.900126 0.025344 -1.838381
v -2.900126 0.040830 -1.838381
v -2.903045 0.040830 -1.796231
v -2.903046 0.071124 -1.796230
v -2.903870 0.071124 -1.786630
v -2.903711 0.085343 -1.786620
v -2.774953 -0.025739 -1.753819
v -2.774953 0.054262 -1.753819
v -2.772291 0.054262 -1.783700
v -2.772291 -0.025739 -1.783700
v -2.806337 -0.025739 -1.756699
v -2.806337 0.054262 -1.756699
v -2.803823 -0.025739 -1.786593
v -2.803823 0.054262 -1.786593
v -2.828692 0.054262 -1.150473
v -2.826031 0.054262 -1.180354
v -2.826031 -0.025739 -1.180354
v -2.828692 -0.025739 -1.150473
v -2.854604 0.054262 -1.182992
v -2.854604 -0.025739 -1.182992
v -2.857119 0.054262 -1.153098
v -2.857119 -0.025739 -1.153098
v -2.791434 -0.030460 -0.994274
v -2.791434 0.029540 -0.994274
v -2.699628 0.029540 -1.929779
v -2.699628 -0.030460 -1.929779
v -2.920794 -0.030460 -1.005595
v -2.920794 0.029540 -1.005595
v -2.850158 -0.030460 -1.942937
v -2.850158 0.029540 -1.942937
v -2.900947 0.040830 -1.820653
v -2.900121 0.071124 -1.830253
v -2.900947 0.071124 -1.820653
v -2.900121 0.085343 -1.830253
v -2.904564 0.040830 -1.778549
v -2.904564 0.025344 -1.778549
v -3.176034 0.040830 -1.192934
v -3.175252 0.025344 -1.192901
v -3.177793 0.085343 -1.141081
v -3.176309 0.085343 -1.184829
v -3.178191 0.025344 -1.132980
v -3.176123 0.071124 -1.175179
v -3.175650 0.071124 -1.184801
v -3.176123 0.040830 -1.175179
v -3.177323 0.071124 -1.150702
v -3.177323 0.040830 -1.150702
v -3.177793 0.071124 -1.141081
v -3.178191 0.040830 -1.132980
v -3.142523 0.025344 -1.852967
v -3.142523 0.040830 -1.852967
v -3.144020 0.040830 -1.810743
v -3.144020 0.071124 -1.810743
v -3.144520 0.071124 -1.801121
v -3.144361 0.085343 -1.801115
v -3.015099 -0.025739 -1.773073
v -3.015099 0.054262 -1.773073
v -3.013505 0.054262 -1.803030
v -3.013505 -0.025739 -1.803030
v -3.046402 -0.025739 -1.774396
v -3.046402 0.054262 -1.774396
v -3.044936 -0.025739 -1.804361
v -3.044936 0.054262 -1.804361
v -3.047293 0.054262 -1.168195
v -3.045699 0.054262 -1.198153
v -3.045699 -0.025739 -1.198153
v -3.047293 -0.025739 -1.168195
v -3.074543 0.054262 -1.199351
v -3.074543 -0.025739 -1.199351
v -3.076010 0.054262 -1.169386
v -3.076010 -0.025739 -1.169386
v -3.004205 -0.030460 -1.013001
v -3.004205 0.029540 -1.013001
v -2.946429 0.029540 -1.951223
v -2.946429 -0.030460 -1.951223
v -3.134902 -0.030460 -1.019580
v -3.134902 0.029540 -1.019580
v -3.096314 -0.030460 -1.958787
v -3.096314 0.029540 -1.958787
v -3.142747 0.040830 -1.835219
v -3.142247 0.071124 -1.844839
v -3.142747 0.071124 -1.835219
v -3.142247 0.085343 -1.844839
v -3.144940 0.040830 -1.793023
v -3.144940 0.025344 -1.793023
v -3.397432 0.040830 -1.198802
v -3.396645 0.025344 -1.198806
v -3.397606 0.085343 -1.146920
v -3.397459 0.085343 -1.190693
v -3.397757 0.025344 -1.138808
v -3.396976 0.071124 -1.181062
v -3.396795 0.071124 -1.190695
v -3.396976 0.040830 -1.181062
v -3.397429 0.071124 -1.156554
v -3.397429 0.040830 -1.156554
v -3.397607 0.071124 -1.146920
v -3.397757 0.040830 -1.138808
v -3.384166 0.025347 -1.859710
v -3.384166 0.040833 -1.859710
v -3.384364 0.040831 -1.817459
v -3.384364 0.071125 -1.817459
v -3.384566 0.071125 -1.807824
v -3.384409 0.085345 -1.807826
v -3.254750 -0.025739 -1.783344
v -3.254750 0.054262 -1.783344
v -3.254117 0.054262 -1.813336
v -3.254117 -0.025739 -1.813336
v -3.285994 -0.025739 -1.783924
v -3.285994 0.054262 -1.783924
v -3.285481 -0.025739 -1.813920
v -3.285481 0.054262 -1.813920
v -3.267515 0.054262 -1.177745
v -3.266883 0.054262 -1.207737
v -3.266883 -0.025739 -1.207737
v -3.267515 -0.025739 -1.177745
v -3.295830 0.054262 -1.208274
v -3.295830 -0.025739 -1.208274
v -3.296343 0.054262 -1.178278
v -3.296343 -0.025739 -1.178278
v -3.218982 -0.030460 -1.024704
v -3.218982 0.029540 -1.024704
v -3.192299 0.029540 -1.964324
v -3.192299 -0.030460 -1.964324
v -3.350679 -0.030460 -1.027145
v -3.350679 0.029540 -1.027145
v -3.341495 -0.030457 -1.967100
v -3.341495 0.029543 -1.967100
v -3.383846 0.040831 -1.841969
v -3.383643 0.071125 -1.851601
v -3.383846 0.071125 -1.841969
v -3.383643 0.085345 -1.851601
v -3.384737 0.040830 -1.799715
v -3.384737 0.025344 -1.799715
v -3.629804 0.085803 -1.147634
v -3.629804 0.025803 -1.139523
v -3.629804 0.071584 -1.191412
v -3.629804 0.041289 -1.181778
v -3.629804 0.041289 -1.157268
v -3.629804 0.071584 -1.147634
v -3.629306 0.025803 -1.860477
v -3.629306 0.071584 -1.808588
v -3.493855 -0.025736 -1.786716
v -3.493855 0.054265 -1.786716
v -3.494107 0.054265 -1.816715
v -3.494107 -0.025736 -1.816715
v -3.525033 -0.025736 -1.786593
v -3.525033 0.054265 -1.786593
v -3.525400 -0.025736 -1.816591
v -3.525400 0.054265 -1.816591
v -3.488732 0.054262 -1.181004
v -3.488985 0.054262 -1.211002
v -3.488985 -0.025739 -1.211002
v -3.488732 -0.025739 -1.181004
v -3.518009 0.054262 -1.210902
v -3.518009 -0.025739 -1.210902
v -3.517643 0.054262 -1.180905
v -3.517643 -0.025739 -1.180905
v -3.435486 -0.030460 -1.029063
v -3.435486 0.029540 -1.029063
v -3.436981 0.029543 -1.969061
v -3.436981 -0.030457 -1.969061
v -3.569798 -0.030460 -1.028593
v -3.569798 0.029540 -1.028593
v -3.583365 -0.030457 -1.968494
v -3.583365 0.029543 -1.968494
v -3.629306 0.041289 -1.842732
v -3.629306 0.071584 -1.852366
v -3.629381 0.085345 -1.852604
v -2.273644 0.041289 -1.788948
v -1.875896 0.041289 -1.391200
v -1.743314 0.041289 -1.258618
v -1.755862 0.041289 -1.246070
v -1.888444 0.041289 -1.378653
v -1.212984 0.041289 -0.728288
v -1.225531 0.041289 -0.715740
v -2.280456 0.071584 -1.782135
v -2.273644 0.071584 -1.788948
v -1.882709 0.071584 -1.384388
v -1.750126 0.071584 -1.251805
v -1.743314 0.071584 -1.258618
v -1.875896 0.071584 -1.391200
v -1.219796 0.071584 -0.721475
v -1.212984 0.071584 -0.728288
v -2.280456 0.085803 -1.782135
v -1.882709 0.085803 -1.384388
v -1.750126 0.085803 -1.251805
v -1.219796 0.085803 -0.721475
v -2.243765 0.041289 -1.818827
v -1.846017 0.041289 -1.421079
v -1.713435 0.041289 -1.288496
v -1.725983 0.041289 -1.275949
v -1.858565 0.041289 -1.408532
v -1.183105 0.041289 -0.758166
v -1.195653 0.041289 -0.745619
v -1.858565 0.071584 -1.408531
v -1.725983 0.071584 -1.275949
v -1.719170 0.071584 -1.282761
v -1.851753 0.071584 -1.415344
v -1.195653 0.071584 -0.745619
v -1.188840 0.071584 -0.752431
v -1.188840 0.085803 -0.752431
v -1.719170 0.085803 -1.282761
v -2.243765 0.025803 -1.818827
v -1.888444 0.025803 -1.378653
v -1.755862 0.025803 -1.246070
v -1.713435 0.025803 -1.288496
v -1.846017 0.025803 -1.421079
v -1.225531 0.025803 -0.715740
v -1.183105 0.025803 -0.758166
v -1.851753 0.085803 -1.415344
v -2.035169 0.025803 -1.525377
v -2.035169 0.041289 -1.525377
v -1.992742 0.041289 -1.567804
v -1.992742 0.025803 -1.567804
v -2.029433 0.085803 -1.531113
v -1.998478 0.085803 -1.562068
v -2.005290 0.071584 -1.555256
v -2.005290 0.041289 -1.555256
v -1.998478 0.071584 -1.562068
v -2.022621 0.071584 -1.537925
v -2.022621 0.041289 -1.537925
v -2.029433 0.071584 -1.531113
v -1.973219 0.054721 -1.523687
v -1.952006 0.054721 -1.544901
v -1.952006 -0.025279 -1.544901
v -1.973219 -0.025279 -1.523687
v -1.973219 0.054721 -1.566114
v -1.973219 -0.025279 -1.566114
v -1.994432 0.054721 -1.544900
v -1.994432 -0.025279 -1.544900
v -0.907735 -0.025279 -0.451722
v -0.907735 0.054721 -0.451722
v -0.888990 0.054721 -0.475145
v -0.888990 -0.025279 -0.475145
v -0.931159 -0.025279 -0.470466
v -0.931159 0.054721 -0.470466
v -0.912414 -0.025279 -0.493889
v -0.912414 0.054721 -0.493889
v 0.241515 0.071584 -0.243181
v 0.217372 0.085803 -0.219037
v 0.217372 0.071584 -0.219037
v 0.224184 0.071584 -0.225850
v 0.248328 0.071584 -0.249993
v 0.211637 0.025803 -0.213302
v 0.254063 0.025803 -0.255728
v 0.254063 0.041289 -0.255728
v 0.241515 0.041289 -0.243181
v 0.224184 0.041289 -0.225850
v 0.211637 0.041289 -0.213302
v 0.248328 0.085803 -0.249993
v -0.219037 0.071584 0.217372
v -0.243181 0.071584 0.241515
v -0.225850 0.071584 0.224184
v -0.249993 0.085803 0.248328
v -0.249993 0.071584 0.248328
v -0.225850 0.041289 0.224184
v -0.243181 0.041289 0.241515
v -0.213302 0.041289 0.211637
v -0.213302 0.025803 0.211637
v -0.297528 -0.025279 0.109577
v -0.297528 0.054721 0.109577
v -0.318742 0.054721 0.130790
v -0.318742 -0.025279 0.130790
v -0.276315 -0.025279 0.130790
v -0.276315 0.054721 0.130790
v -0.297528 -0.025279 0.152003
v -0.297528 0.054721 0.152003
v 0.130790 0.054721 -0.318742
v 0.109577 0.054721 -0.297528
v 0.109577 -0.025279 -0.297528
v 0.130790 -0.025279 -0.318742
v 0.130790 -0.025279 -0.276315
v 0.152003 0.054721 -0.297528
v 0.152003 -0.025279 -0.297528
v 0.130790 0.054721 -0.276315
v -0.219037 0.085803 0.217372
v -0.255728 0.025803 0.254063
v -0.255728 0.041289 0.254063
v 0.199474 -0.030000 -0.465207
v 0.199474 0.030000 -0.465207
v -0.465207 0.030000 0.199474
v -0.465207 -0.030000 0.199474
v 0.298469 -0.030000 -0.366212
v 0.298469 0.030000 -0.366212
v -0.366212 -0.030000 0.298469
v -0.366212 0.030000 0.298469
v -0.448974 -0.025279 -0.041868
v -0.470187 0.054721 -0.020655
v -0.470187 -0.025279 -0.020655
v -0.427761 -0.025279 -0.020655
v -0.448974 -0.025279 0.000558
v -0.448974 0.054721 0.000558
v -0.041868 -0.025279 -0.448974
v -0.020655 -0.025279 -0.470187
v -0.020655 -0.025279 -0.427761
v 0.000558 0.054721 -0.448974
v 0.000558 -0.025279 -0.448974
v -0.448974 0.054721 -0.041868
v -0.427761 0.054721 -0.020655
v -0.020655 0.054721 -0.427761
v -0.041868 0.054721 -0.448974
v -0.020655 0.054721 -0.470187
v 0.048028 -0.030000 -0.616652
v 0.048028 0.030000 -0.616652
v -0.616652 0.030000 0.048028
v -0.616652 -0.030000 0.048028
v 0.147023 -0.030000 -0.517657
v 0.147023 0.030000 -0.517657
v -0.517657 -0.030000 0.147023
v -0.517657 0.030000 0.147023
v -0.652832 0.025803 -0.227893
v -0.695258 0.025803 -0.185467
v -0.682711 0.041289 -0.198014
v -0.695258 0.041289 -0.185467
v -0.689523 0.085803 -0.191202
v -0.658567 0.085803 -0.222158
v -0.665380 0.071584 -0.215346
v -0.598810 -0.025279 -0.191704
v -0.620023 0.054721 -0.170491
v -0.620023 -0.025279 -0.170491
v -0.577597 -0.025279 -0.170491
v -0.598810 -0.025279 -0.149278
v -0.598810 0.054721 -0.149278
v -0.191704 0.054721 -0.598810
v -0.191704 -0.025279 -0.598810
v -0.170491 -0.025279 -0.620023
v -0.170491 -0.025279 -0.577597
v -0.149278 0.054721 -0.598810
v -0.149278 -0.025279 -0.598810
v -0.101808 -0.030000 -0.766488
v -0.766488 0.030000 -0.101808
v -0.002813 -0.030000 -0.667493
v -0.002813 0.030000 -0.667493
v -0.667493 -0.030000 -0.002813
v -0.101808 0.030000 -0.766488
v -0.170491 0.054721 -0.577597
v -0.766488 -0.030000 -0.101808
v -0.170491 0.054721 -0.620023
v -0.667493 0.030000 -0.002813
v -0.652832 0.041289 -0.227893
v -0.598810 0.054721 -0.191704
v -0.577597 0.054721 -0.170491
v -0.665390 0.041289 -0.215357
v -0.689534 0.071584 -0.191213
v -0.682722 0.071584 -0.198025
v -0.658578 0.071584 -0.222169
v -3.629804 0.071584 -1.157268
v -3.629804 0.085803 -1.191412
v -3.629804 0.071584 -1.181778
v -3.629804 0.025803 -1.199523
v -3.629804 0.041289 -1.139523
v -3.629804 0.041289 -1.199523
v -4.000000 0.025803 -1.139523
v -4.000000 0.041289 -1.139523
v -4.000000 0.041289 -1.181778
v -4.000000 0.041289 -1.157268
v -4.000000 0.025803 -1.199523
v -4.000000 0.041289 -1.199523
v -4.000000 0.071584 -1.157268
v -4.000000 0.071584 -1.181778
v -4.000000 0.071584 -1.191412
v -4.000000 0.085803 -1.191412
v -4.000000 0.085803 -1.147634
v -4.000000 0.071584 -1.147634
v -3.629306 0.085803 -1.808588
v -3.629306 0.071584 -1.842732
v -3.629306 0.071584 -1.818222
v -3.629306 0.085803 -1.852366
v -3.629306 0.041289 -1.860477
v -3.629306 0.041289 -1.818222
v -3.629306 0.025803 -1.800477
v -3.629306 0.041289 -1.800477
v -4.000000 0.025803 -1.860477
v -4.000000 0.041289 -1.860477
v -4.000000 0.025803 -1.800477
v -4.000000 0.041289 -1.818222
v -4.000000 0.041289 -1.800477
v -4.000000 0.041289 -1.842732
v -4.000000 0.071584 -1.852366
v -4.000000 0.085803 -1.852366
v -4.000000 0.071584 -1.818222
v -4.000000 0.071584 -1.842732
v -4.000000 0.085803 -1.808588
v -4.000000 0.071584 -1.808588
v -3.680850 -0.025279 -1.787867
v -3.680850 0.054721 -1.787867
v -3.680850 0.054721 -1.817867
v -3.680850 -0.025279 -1.817867
v -3.710850 -0.025279 -1.787867
v -3.710850 0.054721 -1.787867
v -3.710850 -0.025279 -1.817867
v -3.710850 0.054721 -1.817867
v -3.680850 0.054721 -1.182133
v -3.680850 0.054721 -1.212133
v -3.680850 -0.025279 -1.212133
v -3.680850 -0.025279 -1.182133
v -3.710850 0.054721 -1.212133
v -3.710850 -0.025279 -1.212133
v -3.710850 0.054721 -1.182133
v -3.710850 -0.025279 -1.182133
v -3.875202 -0.025279 -1.787867
v -3.875202 0.054721 -1.787867
v -3.875202 0.054721 -1.817867
v -3.875202 -0.025279 -1.817867
v -3.905202 -0.025279 -1.787867
v -3.905202 0.054721 -1.787867
v -3.905202 -0.025279 -1.817867
v -3.905202 0.054721 -1.817867
v -3.875202 0.054721 -1.182133
v -3.875202 0.054721 -1.212133
v -3.875202 -0.025279 -1.212133
v -3.875202 -0.025279 -1.182133
v -3.905202 0.054721 -1.212133
v -3.905202 -0.025279 -1.212133
v -3.905202 0.054721 -1.182133
v -3.905202 -0.025279 -1.182133
v -3.820202 -0.030000 -1.030000
v -3.820202 0.030000 -1.030000
v -3.820202 0.030000 -1.970000
v -3.820202 -0.030000 -1.970000
v -3.960202 -0.030000 -1.030000
v -3.960202 0.030000 -1.030000
v -3.960202 -0.030000 -1.970000
v -3.960202 0.030000 -1.970000
v -3.625850 -0.030000 -1.030000
v -3.625850 0.030000 -1.030000
v -3.625850 0.030000 -1.970000
v -3.625850 -0.030000 -1.970000
v -3.765850 -0.030000 -1.030000
v -3.765850 0.030000 -1.030000
v -3.765850 -0.030000 -1.970000
v -3.765850 0.030000 -1.970000
v -2.744365 0.041289 -3.254156
vt 0.906075 0.259595
vt 0.906075 0.219937
vt 0.000000 0.000000
vt 0.000512 0.321630
vt 0.000512 0.312903
vt 0.000000 0.089593
vt 0.905875 0.093759
vt 0.000000 0.062150
vt 0.905875 0.121202
vt 0.906075 0.312903
vt 0.905875 0.048121
vt 0.905875 0.034093
vt 0.000200 0.219937
vt 0.000000 0.121202
vt 0.000000 0.093759
vt 0.000000 0.025761
vt 0.000000 0.012881
vt 0.905875 0.012881
vt 0.000512 0.321630
vt 0.906387 0.321630
vt 0.906387 0.330358
vt 0.906075 0.296828
vt 0.000200 0.312903
vt 0.905875 0.062150
vt 0.000000 0.012881
vt 0.000000 0.000000
vt 0.905875 0.000000
vt 0.906387 0.312903
vt 0.999050 0.183297
vt 0.939310 0.183297
vt 0.939310 0.342604
vt 0.999050 0.183297
vt 0.939310 0.183297
vt 0.939310 0.342604
vt 0.999050 0.342604
vt 0.999050 0.183297
vt 0.939310 0.183297
vt 0.999050 0.342604
vt 0.999050 0.183297
vt 0.939310 0.183297
vt 0.985655 0.132863
vt 0.939081 0.132863
vt 0.939081 0.179437
vt 0.939310 0.342604
vt 0.939310 0.183297
vt 0.999050 0.183297
vt 0.939310 0.342604
vt 0.939310 0.183297
vt 0.999050 0.183297
vt 0.939310 0.342604
vt 0.939310 0.183297
vt 0.999050 0.183297
vt 0.999050 0.342604
vt 0.939310 0.342604
vt 0.939310 0.183297
vt 0.979692 0.844034
vt 0.979692 0.781451
vt -0.000781 0.781451
vt 0.146184 0.656284
vt 0.000156 0.656284
vt 0.000156 0.718868
vt 0.998987 0.850355
vt 0.001647 0.850355
vt 0.001647 0.998895
vt 0.000000 0.012881
vt 0.000512 0.321630
vt 0.000512 0.312903
vt 0.980127 0.103062
vt 0.958243 0.103062
vt 0.000000 0.000000
vt 0.905875 0.034093
vt 0.906075 0.312903
vt 0.000000 0.062150
vt 0.000000 0.089593
vt 0.000000 0.000000
vt 0.905875 0.048121
vt 0.905875 0.062150
vt 0.000000 0.062150
vt 0.000000 0.034093
vt -0.000122 0.210448
vt -0.000122 0.156096
vt 0.905753 0.156096
vt 0.906075 0.297453
vt 0.000200 0.297453
vt 0.000200 0.281378
vt 0.985655 0.179437
vt 0.939081 0.179437
vt 0.939081 0.132863
vt 0.980629 0.781451
vt 0.980629 0.718868
vt 0.000156 0.718868
vt 0.302823 0.718868
vt 0.302823 0.656284
vt 0.156795 0.656284
vt 0.999534 0.654611
vt 0.999534 0.505675
vt -0.000466 0.505675
vt 0.905875 0.048121
vt 0.000512 0.330358
vt 0.905875 0.025761
vt 0.000000 0.048121
vt 0.905875 0.048121
vt 0.905875 0.062150
vt 0.905875 0.034093
vt 0.905875 0.048121
vt 0.000000 0.048121
vt -0.000122 0.156096
vt 0.905753 0.156096
vt 0.905753 0.210448
vt 0.000000 0.121202
vt 0.000000 0.093759
vt 0.905875 0.093759
vt 0.000512 0.321630
vt 0.906387 0.321630
vt 0.906387 0.330358
vt 0.906075 0.296828
vt 0.906075 0.312903
vt 0.000200 0.312903
vt 0.000000 0.062150
vt 0.905875 0.062150
vt 0.905875 0.089593
vt 0.000000 0.012881
vt 0.000000 0.000000
vt 0.905875 0.000000
vt 0.000512 0.321630
vt 0.000512 0.312903
vt 0.906387 0.312903
vt 0.906075 0.281378
vt 0.906075 0.297453
vt 0.000200 0.297453
vt 0.999050 0.183297
vt 0.939310 0.183297
vt 0.939310 0.342604
vt 0.999050 0.183297
vt 0.939310 0.183297
vt 0.939310 0.342604
vt 0.999050 0.342604
vt 0.999050 0.183297
vt 0.939310 0.183297
vt 0.999050 0.342604
vt 0.999050 0.183297
vt 0.939310 0.183297
vt 0.985655 0.132863
vt 0.939081 0.132863
vt 0.939081 0.179437
vt 0.999050 0.342604
vt 0.939310 0.342604
vt 0.939310 0.183297
vt 0.939310 0.342604
vt 0.939310 0.183297
vt 0.999050 0.183297
vt 0.999050 0.342604
vt 0.939310 0.342604
vt 0.939310 0.183297
vt 0.939310 0.342604
vt 0.939310 0.183297
vt 0.999050 0.183297
vt 0.979692 0.844034
vt 0.979692 0.781451
vt -0.000781 0.781451
vt 0.146184 0.718868
vt 0.146184 0.656284
vt 0.000156 0.656284
vt 0.998987 0.998895
vt 0.998987 0.850355
vt 0.001647 0.850355
vt 0.000200 0.219937
vt 0.906075 0.219937
vt 0.906075 0.259595
vt 0.000000 0.025761
vt 0.000000 0.012881
vt 0.905875 0.012881
vt 0.985655 0.179437
vt 0.939081 0.179437
vt 0.939081 0.132863
vt 0.980629 0.718868
vt 0.000156 0.718868
vt 0.000156 0.781451
vt 0.302823 0.656284
vt 0.156795 0.656284
vt 0.156795 0.718868
vt 0.999534 0.654611
vt 0.999534 0.505675
vt -0.000466 0.505675
vt 0.905875 0.048121
vt 0.905875 0.062150
vt 0.000000 0.062150
vt 0.000000 0.034093
vt 0.905875 0.034093
vt 0.905875 0.048121
vt 0.906075 0.219937
vt 0.906075 0.259595
vt 0.000200 0.259595
vt -0.000122 0.210448
vt -0.000122 0.156096
vt 0.905753 0.156096
vt 0.000000 0.093759
vt 0.905875 0.093759
vt 0.905875 0.121202
vt 0.000000 0.012881
vt 0.905875 0.012881
vt 0.905875 0.025761
vt 0.000512 0.321630
vt 0.906387 0.321630
vt 0.906387 0.330358
vt 0.906075 0.312903
vt 0.000200 0.312903
vt 0.000200 0.296828
vt 0.000000 0.089593
vt 0.000000 0.062150
vt 0.905875 0.062150
vt 0.000000 0.012881
vt 0.000000 0.000000
vt 0.905875 0.000000
vt 0.000512 0.312903
vt 0.906387 0.312903
vt 0.906387 0.321630
vt 0.906075 0.281378
vt 0.906075 0.297453
vt 0.000200 0.297453
vt 0.999050 0.183297
vt 0.939310 0.183297
vt 0.939310 0.342604
vt 0.999050 0.342604
vt 0.999050 0.183297
vt 0.939310 0.183297
vt 0.999050 0.342604
vt 0.999050 0.183297
vt 0.939310 0.183297
vt 0.999050 0.342604
vt 0.999050 0.183297
vt 0.939310 0.183297
vt 0.985655 0.132863
vt 0.939081 0.132863
vt 0.939081 0.179437
vt 0.999050 0.342604
vt 0.939310 0.342604
vt 0.939310 0.183297
vt 0.999050 0.342604
vt 0.939310 0.342604
vt 0.939310 0.183297
vt 0.999050 0.342604
vt 0.939310 0.342604
vt 0.939310 0.183297
vt 0.999050 0.342604
vt 0.939310 0.342604
vt 0.939310 0.183297
vt 0.979692 0.844034
vt 0.979692 0.781451
vt -0.000781 0.781451
vt 0.146184 0.656284
vt 0.000156 0.656284
vt 0.000156 0.718868
vt 0.998987 0.998895
vt 0.998987 0.850355
vt 0.001647 0.850355
vt 0.939081 0.179437
vt 0.939081 0.132863
vt 0.985655 0.132863
vt 0.980629 0.781451
vt 0.980629 0.718868
vt 0.000156 0.718868
vt 0.302823 0.718868
vt 0.302823 0.656284
vt 0.156795 0.656284
vt 0.999534 0.654611
vt 0.999534 0.505675
vt -0.000466 0.505675
vt 0.679406 0.048121
vt 0.679406 0.062150
vt 0.000000 0.121202
vt 0.226469 0.121202
vt 0.226469 0.093759
vt 0.000000 0.025761
vt 0.226469 0.025761
vt 0.226469 0.012881
vt 0.999050 0.342604
vt 0.999050 0.183297
vt 0.939310 0.183297
vt 0.999050 0.342604
vt 0.999050 0.183297
vt 0.939310 0.183297
vt 0.999050 0.342604
vt 0.999050 0.183297
vt 0.939310 0.183297
vt 0.999050 0.342604
vt 0.999050 0.183297
vt 0.939310 0.183297
vt 0.985655 0.179437
vt 0.985655 0.132863
vt 0.939081 0.132863
vt 0.999050 0.342604
vt 0.999050 0.183297
vt 0.939310 0.183297
vt 0.999050 0.342604
vt 0.999050 0.183297
vt 0.939310 0.183297
vt 0.999050 0.342604
vt 0.999050 0.183297
vt 0.939310 0.183297
vt 0.999050 0.342604
vt 0.999050 0.183297
vt 0.939310 0.183297
vt 0.985655 0.132863
vt 0.939081 0.132863
vt 0.939081 0.179437
vt 0.999050 0.342604
vt 0.999050 0.183297
vt 0.939310 0.183297
vt 0.999050 0.342604
vt 0.999050 0.183297
vt 0.939310 0.183297
vt 0.999050 0.342604
vt 0.999050 0.183297
vt 0.939310 0.183297
vt 0.999050 0.342604
vt 0.999050 0.183297
vt 0.939310 0.183297
vt 0.985655 0.179437
vt 0.985655 0.132863
vt 0.939081 0.132863
vt 0.979692 0.844034
vt 0.979692 0.781451
vt -0.000781 0.781451
vt 0.146184 0.656284
vt 0.000156 0.656284
vt 0.000156 0.718868
vt 0.980629 0.781451
vt 0.980629 0.718868
vt 0.000156 0.718868
vt 0.302823 0.718868
vt 0.302823 0.656284
vt 0.156795 0.656284
vt 0.999534 0.654611
vt 0.999534 0.505675
vt -0.000466 0.505675
vt 0.979692 0.844034
vt 0.979692 0.781451
vt -0.000781 0.781451
vt 0.145247 0.718868
vt 0.145247 0.656284
vt -0.000781 0.656284
vt 0.979692 0.781451
vt 0.979692 0.718868
vt -0.000781 0.718868
vt 0.302823 0.718868
vt 0.302823 0.656284
vt 0.156795 0.656284
vt 1.000000 1.000000
vt 1.000000 0.851064
vt 0.000000 0.851064
vt 0.979692 0.844034
vt 0.979692 0.781451
vt -0.000781 0.781451
vt 0.145247 0.718868
vt 0.145247 0.656284
vt -0.000781 0.656284
vt 0.979692 0.781451
vt 0.979692 0.718868
vt -0.000781 0.718868
vt 0.302823 0.718868
vt 0.302823 0.656284
vt 0.156795 0.656284
vt 0.999897 0.498042
vt 0.999897 0.349106
vt -0.000103 0.349106
vt 0.979692 0.844034
vt 0.979692 0.781451
vt -0.000781 0.781451
vt 0.145247 0.656284
vt -0.000781 0.656284
vt -0.000781 0.718868
vt 0.979692 0.781451
vt 0.979692 0.718868
vt -0.000781 0.718868
vt 0.302823 0.718868
vt 0.302823 0.656284
vt 0.156795 0.656284
vt 1.000000 0.851064
vt 0.000000 0.851064
vt 0.000000 1.000000
vt 0.998987 0.998895
vt 0.998987 0.850355
vt 0.001647 0.850355
vt 0.998987 0.849509
vt 0.001647 0.849509
vt 0.001647 0.998049
vt 0.997339 0.500556
vt 0.997339 0.352016
vt 0.000000 0.352016
vt 0.998987 0.504118
vt 0.001647 0.504118
vt 0.001647 0.652658
vt 0.999050 0.342604
vt 0.999050 0.183297
vt 0.939310 0.183297
vt 0.999050 0.342604
vt 0.999050 0.183297
vt 0.939310 0.183297
vt 0.999050 0.342604
vt 0.999050 0.183297
vt 0.939310 0.183297
vt 0.999050 0.342604
vt 0.999050 0.183297
vt 0.939310 0.183297
vt 0.985655 0.132863
vt 0.939081 0.132863
vt 0.939081 0.179437
vt 0.999050 0.342604
vt 0.999050 0.183297
vt 0.939310 0.183297
vt 0.999050 0.183297
vt 0.939310 0.183297
vt 0.939310 0.342604
vt 0.999050 0.342604
vt 0.999050 0.183297
vt 0.939310 0.183297
vt 0.999050 0.342604
vt 0.999050 0.183297
vt 0.939310 0.183297
vt 0.985655 0.179437
vt 0.985655 0.132863
vt 0.939081 0.132863
vt 0.999050 0.342604
vt 0.999050 0.183297
vt 0.939310 0.183297
vt 0.999050 0.342604
vt 0.999050 0.183297
vt 0.939310 0.183297
vt 0.999050 0.342604
vt 0.999050 0.183297
vt 0.939310 0.183297
vt 0.999050 0.342604
vt 0.999050 0.183297
vt 0.939310 0.183297
vt 0.985655 0.179437
vt 0.985655 0.132863
vt 0.939081 0.132863
vt 0.999050 0.342604
vt 0.939310 0.342604
vt 0.939310 0.183297
vt 0.999050 0.342604
vt 0.939310 0.342604
vt 0.939310 0.183297
vt 0.999050 0.342604
vt 0.939310 0.342604
vt 0.939310 0.183297
vt 0.999050 0.342604
vt 0.939310 0.342604
vt 0.939310 0.183297
vt 0.985655 0.179437
vt 0.939081 0.179437
vt 0.939081 0.132863
vt 0.999050 0.342604
vt 0.999050 0.183297
vt 0.939310 0.183297
vt 0.999050 0.183297
vt 0.939310 0.183297
vt 0.939310 0.342604
vt 0.999050 0.342604
vt 0.999050 0.183297
vt 0.939310 0.183297
vt 0.999050 0.342604
vt 0.999050 0.183297
vt 0.939310 0.183297
vt 0.985655 0.179437
vt 0.985655 0.132863
vt 0.939081 0.132863
vt 0.979692 0.844034
vt 0.979692 0.781451
vt -0.000781 0.781451
vt 0.146184 0.656284
vt 0.000156 0.656284
vt 0.000156 0.718868
vt 0.980629 0.781451
vt 0.980629 0.718868
vt 0.000156 0.718868
vt 0.302823 0.718868
vt 0.302823 0.656284
vt 0.156795 0.656284
vt 0.999534 0.654611
vt 0.999534 0.505675
vt -0.000466 0.505675
vt 0.979692 0.844034
vt 0.979692 0.781451
vt -0.000781 0.781451
vt 0.145247 0.656284
vt -0.000781 0.656284
vt -0.000781 0.718868
vt 0.979692 0.781451
vt 0.979692 0.718868
vt -0.000781 0.718868
vt 0.302823 0.718868
vt 0.302823 0.656284
vt 0.156795 0.656284
vt 1.000000 1.000000
vt 1.000000 0.851064
vt 0.000000 0.851064
vt 0.979692 0.844034
vt 0.979692 0.781451
vt -0.000781 0.781451
vt 0.145247 0.718868
vt 0.145247 0.656284
vt -0.000781 0.656284
vt 0.979692 0.781451
vt 0.979692 0.718868
vt -0.000781 0.718868
vt 0.302823 0.718868
vt 0.302823 0.656284
vt 0.156795 0.656284
vt 0.999897 0.498042
vt 0.999897 0.349106
vt -0.000103 0.349106
vt 0.979692 0.844034
vt 0.979692 0.781451
vt -0.000781 0.781451
vt 0.145247 0.656284
vt -0.000781 0.656284
vt -0.000781 0.718868
vt 0.979692 0.781451
vt 0.979692 0.718868
vt -0.000781 0.718868
vt 0.302823 0.718868
vt 0.302823 0.656284
vt 0.156795 0.656284
vt 1.000000 1.000000
vt 1.000000 0.851064
vt 0.000000 0.851064
vt 0.998987 0.850355
vt 0.001647 0.850355
vt 0.001647 0.998895
vt 0.998987 0.998049
vt 0.998987 0.849509
vt 0.001647 0.849509
vt 0.997339 0.500556
vt 0.997339 0.352016
vt 0.000000 0.352016
vt 0.998987 0.652658
vt 0.998987 0.504118
vt 0.001647 0.504118
vt 0.999050 0.342604
vt 0.999050 0.183297
vt 0.939310 0.183297
vt 0.999050 0.342604
vt 0.999050 0.183297
vt 0.939310 0.183297
vt 0.999050 0.342604
vt 0.999050 0.183297
vt 0.939310 0.183297
vt 0.999050 0.342604
vt 0.999050 0.183297
vt 0.939310 0.183297
vt 0.985655 0.132863
vt 0.939081 0.132863
vt 0.939081 0.179437
vt 0.999050 0.342604
vt 0.939310 0.342604
vt 0.939310 0.183297
vt 0.999050 0.342604
vt 0.939310 0.342604
vt 0.939310 0.183297
vt 0.999050 0.342604
vt 0.939310 0.342604
vt 0.939310 0.183297
vt 0.999050 0.342604
vt 0.939310 0.342604
vt 0.939310 0.183297
vt 0.985655 0.179437
vt 0.939081 0.179437
vt 0.939081 0.132863
vt 0.999050 0.342604
vt 0.999050 0.183297
vt 0.939310 0.183297
vt 0.999050 0.183297
vt 0.939310 0.183297
vt 0.939310 0.342604
vt 0.999050 0.342604
vt 0.999050 0.183297
vt 0.939310 0.183297
vt 0.999050 0.342604
vt 0.999050 0.183297
vt 0.939310 0.183297
vt 0.985655 0.179437
vt 0.985655 0.132863
vt 0.939081 0.132863
vt 0.999050 0.342604
vt 0.939310 0.342604
vt 0.939310 0.183297
vt 0.939310 0.342604
vt 0.939310 0.183297
vt 0.999050 0.183297
vt 0.999050 0.342604
vt 0.939310 0.342604
vt 0.939310 0.183297
vt 0.999050 0.342604
vt 0.939310 0.342604
vt 0.939310 0.183297
vt 0.939081 0.179437
vt 0.939081 0.132863
vt 0.985655 0.132863
vt 0.999050 0.342604
vt 0.999050 0.183297
vt 0.939310 0.183297
vt 0.999050 0.342604
vt 0.999050 0.183297
vt 0.939310 0.183297
vt 0.999050 0.342604
vt 0.999050 0.183297
vt 0.939310 0.183297
vt 0.999050 0.342604
vt 0.999050 0.183297
vt 0.939310 0.183297
vt 0.985655 0.179437
vt 0.985655 0.132863
vt 0.939081 0.132863
vt 0.999050 0.342604
vt 0.939310 0.342604
vt 0.939310 0.183297
vt 0.999050 0.342604
vt 0.939310 0.342604
vt 0.939310 0.183297
vt 0.999050 0.342604
vt 0.939310 0.342604
vt 0.939310 0.183297
vt 0.999050 0.342604
vt 0.939310 0.342604
vt 0.939310 0.183297
vt 0.939081 0.179437
vt 0.939081 0.132863
vt 0.985655 0.132863
vt 0.999050 0.342604
vt 0.999050 0.183297
vt 0.939310 0.183297
vt 0.999050 0.342604
vt 0.999050 0.183297
vt 0.939310 0.183297
vt 0.999050 0.342604
vt 0.999050 0.183297
vt 0.939310 0.183297
vt 0.999050 0.342604
vt 0.999050 0.183297
vt 0.939310 0.183297
vt 0.985655 0.132863
vt 0.939081 0.132863
vt 0.939081 0.179437
vt 0.999050 0.342604
vt 0.939310 0.342604
vt 0.939310 0.183297
vt 0.999050 0.342604
vt 0.939310 0.342604
vt 0.939310 0.183297
vt 0.999050 0.342604
vt 0.939310 0.342604
vt 0.939310 0.183297
vt 0.999050 0.342604
vt 0.939310 0.342604
vt 0.939310 0.183297
vt 0.985655 0.179437
vt 0.939081 0.179437
vt 0.939081 0.132863
vt 0.979692 0.844034
vt 0.979692 0.781451
vt -0.000781 0.781451
vt 0.146184 0.718868
vt 0.146184 0.656284
vt 0.000156 0.656284
vt 0.980629 0.781451
vt 0.980629 0.718868
vt 0.000156 0.718868
vt 0.302823 0.718868
vt 0.302823 0.656284
vt 0.156795 0.656284
vt 0.999534 0.654611
vt 0.999534 0.505675
vt -0.000466 0.505675
vt 0.979692 0.844034
vt 0.979692 0.781451
vt -0.000781 0.781451
vt 0.145247 0.718868
vt 0.145247 0.656284
vt -0.000781 0.656284
vt 0.979692 0.781451
vt 0.979692 0.718868
vt -0.000781 0.718868
vt 0.302823 0.718868
vt 0.302823 0.656284
vt 0.156795 0.656284
vt 1.000000 1.000000
vt 1.000000 0.851064
vt 0.000000 0.851064
vt 0.979692 0.844034
vt 0.979692 0.781451
vt -0.000781 0.781451
vt 0.145247 0.656284
vt -0.000781 0.656284
vt -0.000781 0.718868
vt 0.979692 0.781451
vt 0.979692 0.718868
vt -0.000781 0.718868
vt 0.302823 0.718868
vt 0.302823 0.656284
vt 0.156795 0.656284
vt 0.999897 0.349106
vt -0.000103 0.349106
vt -0.000103 0.498042
vt 0.979692 0.844034
vt 0.979692 0.781451
vt -0.000781 0.781451
vt 0.145247 0.718868
vt 0.145247 0.656284
vt -0.000781 0.656284
vt 0.979692 0.781451
vt 0.979692 0.718868
vt -0.000781 0.718868
vt 0.302823 0.718868
vt 0.302823 0.656284
vt 0.156795 0.656284
vt 1.000000 1.000000
vt 1.000000 0.851064
vt 0.000000 0.851064
vt 0.998987 0.998895
vt 0.998987 0.850355
vt 0.001647 0.850355
vt 0.998987 0.998049
vt 0.998987 0.849509
vt 0.001647 0.849509
vt 0.997339 0.500556
vt 0.997339 0.352016
vt 0.000000 0.352016
vt 0.998987 0.652658
vt 0.998987 0.504118
vt 0.001647 0.504118
vt 0.679406 0.034093
vt 0.679406 0.048121
vt 0.905875 0.048121
vt 0.679606 0.259595
vt 0.906075 0.259595
vt 0.906075 0.219937
vt 0.226347 0.210448
vt 0.226347 0.156096
vt -0.000122 0.156096
vt 0.226981 0.330358
vt 0.226981 0.321630
vt 0.000512 0.321630
vt 0.906075 0.296828
vt 0.679606 0.296828
vt 0.679606 0.312903
vt 0.226469 0.089593
vt 0.226469 0.062150
vt 0.000000 0.062150
vt 0.000000 0.012881
vt 0.226469 0.012881
vt 0.226469 0.000000
vt 0.226981 0.321630
vt 0.226981 0.312903
vt 0.000512 0.312903
vt 0.906075 0.281378
vt 0.679606 0.281378
vt 0.679606 0.297453
vt 0.999050 0.342604
vt 0.999050 0.183297
vt 0.939310 0.183297
vt 0.999050 0.342604
vt 0.999050 0.183297
vt 0.939310 0.183297
vt 0.999050 0.342604
vt 0.999050 0.183297
vt 0.939310 0.183297
vt 0.999050 0.342604
vt 0.999050 0.183297
vt 0.939310 0.183297
vt 0.985655 0.132863
vt 0.939081 0.132863
vt 0.939081 0.179437
vt 0.999050 0.342604
vt 0.939310 0.342604
vt 0.939310 0.183297
vt 0.939310 0.342604
vt 0.939310 0.183297
vt 0.999050 0.183297
vt 0.999050 0.342604
vt 0.939310 0.342604
vt 0.939310 0.183297
vt 0.999050 0.342604
vt 0.939310 0.342604
vt 0.939310 0.183297
vt 0.985655 0.179437
vt 0.939081 0.179437
vt 0.939081 0.132863
vt 0.905875 0.025761
vt 0.905875 0.012881
vt 0.679406 0.012881
vt 0.679406 0.121202
vt 0.905875 0.121202
vt 0.905875 0.093759
vt 0.000000 0.048121
vt 0.000000 0.062150
vt 0.226469 0.062150
vt 0.679406 0.034093
vt 0.679406 0.048121
vt 0.905875 0.048121
vt 0.679606 0.259595
vt 0.906075 0.259595
vt 0.906075 0.219937
vt -0.000122 0.210448
vt 0.226347 0.210448
vt 0.226347 0.156096
vt 0.000512 0.330358
vt 0.226981 0.330358
vt 0.226981 0.321630
vt 0.906075 0.296828
vt 0.679606 0.296828
vt 0.679606 0.312903
vt 0.000000 0.089593
vt 0.226469 0.089593
vt 0.226469 0.062150
vt 0.000000 0.012881
vt 0.226469 0.012881
vt 0.226469 0.000000
vt 0.000512 0.321630
vt 0.226981 0.321630
vt 0.226981 0.312903
vt 0.679606 0.281378
vt 0.679606 0.297453
vt 0.906075 0.297453
vt 0.905875 0.025761
vt 0.905875 0.012881
vt 0.679406 0.012881
vt 0.679406 0.121202
vt 0.905875 0.121202
vt 0.905875 0.093759
vt 0.000000 0.048121
vt 0.000000 0.062150
vt 0.226469 0.062150
vt 0.679406 0.034093
vt 0.679406 0.048121
vt 0.905875 0.048121
vt 0.679606 0.259595
vt 0.906075 0.259595
vt 0.906075 0.219937
vt -0.000122 0.210448
vt 0.226347 0.210448
vt 0.226347 0.156096
vt 0.000512 0.330358
vt 0.226981 0.330358
vt 0.226981 0.321630
vt 0.906075 0.296828
vt 0.679606 0.296828
vt 0.679606 0.312903
vt 0.000000 0.089593
vt 0.226469 0.089593
vt 0.226469 0.062150
vt 0.000000 0.012881
vt 0.226469 0.012881
vt 0.226469 0.000000
vt 0.000512 0.321630
vt 0.226981 0.321630
vt 0.226981 0.312903
vt 0.679606 0.281378
vt 0.679606 0.297453
vt 0.906075 0.297453
vt 0.999050 0.342604
vt 0.939310 0.342604
vt 0.939310 0.183297
vt 0.999050 0.342604
vt 0.939310 0.342604
vt 0.939310 0.183297
vt 0.939310 0.342604
vt 0.939310 0.183297
vt 0.999050 0.183297
vt 0.999050 0.342604
vt 0.939310 0.342604
vt 0.939310 0.183297
vt 0.939081 0.179437
vt 0.939081 0.132863
vt 0.985655 0.132863
vt 0.979692 0.844034
vt 0.979692 0.781451
vt -0.000781 0.781451
vt 0.145247 0.656284
vt -0.000781 0.656284
vt -0.000781 0.718868
vt 0.979692 0.781451
vt 0.979692 0.718868
vt -0.000781 0.718868
vt 0.302823 0.718868
vt 0.302823 0.656284
vt 0.156795 0.656284
vt 1.000000 0.851064
vt 0.000000 0.851064
vt 0.000000 1.000000
vt 0.998987 0.652658
vt 0.998987 0.504118
vt 0.001647 0.504118
vt 0.905875 0.025761
vt 0.905875 0.012881
vt 0.679406 0.012881
vt 0.679406 0.121202
vt 0.905875 0.121202
vt 0.905875 0.093759
vt 0.000000 0.048121
vt 0.000000 0.062150
vt 0.226469 0.062150
vt 0.679406 0.034093
vt 0.679406 0.048121
vt 0.905875 0.048121
vt 0.679606 0.259595
vt 0.906075 0.259595
vt 0.906075 0.219937
vt -0.000122 0.210448
vt 0.226347 0.210448
vt 0.226347 0.156096
vt 0.000512 0.330358
vt 0.226981 0.330358
vt 0.226981 0.321630
vt 0.906075 0.296828
vt 0.679606 0.296828
vt 0.679606 0.312903
vt 0.000000 0.089593
vt 0.226469 0.089593
vt 0.226469 0.062150
vt 0.000000 0.012881
vt 0.226469 0.012881
vt 0.226469 0.000000
vt 0.000512 0.321630
vt 0.226981 0.321630
vt 0.226981 0.312903
vt 0.679606 0.281378
vt 0.679606 0.297453
vt 0.906075 0.297453
vt 0.000000 0.048121
vt 0.226469 0.048121
vt 0.226469 0.062150
vt 0.679406 0.093759
vt 0.905875 0.093759
vt 0.905875 0.121202
vt 0.679406 0.025761
vt 0.679406 0.012881
vt 0.905875 0.012881
vt 0.999050 0.342604
vt 0.939310 0.342604
vt 0.939310 0.183297
vt 0.999050 0.342604
vt 0.939310 0.342604
vt 0.939310 0.183297
vt 0.999050 0.342604
vt 0.939310 0.342604
vt 0.939310 0.183297
vt 0.999050 0.342604
vt 0.939310 0.342604
vt 0.939310 0.183297
vt 0.939081 0.179437
vt 0.939081 0.132863
vt 0.985655 0.132863
vt 0.979692 0.781451
vt -0.000781 0.781451
vt -0.000781 0.844034
vt 0.145247 0.718868
vt 0.145247 0.656284
vt -0.000781 0.656284
vt 0.979692 0.781451
vt 0.979692 0.718868
vt -0.000781 0.718868
vt 0.302823 0.656284
vt 0.156795 0.656284
vt 0.156795 0.718868
vt 1.000000 0.851064
vt 0.000000 0.851064
vt 0.000000 1.000000
vt 0.998987 0.652658
vt 0.998987 0.504118
vt 0.001647 0.504118
vt 0.906075 0.297453
vt 0.679606 0.297453
vt 0.679606 0.281378
vt 0.000512 0.321630
vt 0.000512 0.312903
vt 0.226981 0.312903
vt 0.000000 0.000000
vt 0.226469 0.000000
vt 0.226469 0.012881
vt 0.000000 0.089593
vt 0.000000 0.062150
vt 0.226469 0.062150
vt 0.906075 0.312903
vt 0.679606 0.312903
vt 0.679606 0.296828
vt 0.000512 0.330358
vt 0.000512 0.321630
vt 0.226981 0.321630
vt -0.000122 0.210448
vt -0.000122 0.156096
vt 0.226347 0.156096
vt 0.679606 0.219937
vt 0.906075 0.219937
vt 0.906075 0.259595
vt 0.679406 0.034093
vt 0.905875 0.034093
vt 0.905875 0.048121
vt 0.905875 0.025761
vt 0.905875 0.012881
vt 0.679406 0.012881
vt 0.679406 0.121202
vt 0.905875 0.121202
vt 0.905875 0.093759
vt 0.000000 0.048121
vt 0.000000 0.062150
vt 0.226469 0.062150
vt 0.679406 0.034093
vt 0.679406 0.048121
vt 0.905875 0.048121
vt 0.679606 0.259595
vt 0.906075 0.259595
vt 0.906075 0.219937
vt -0.000122 0.210448
vt 0.226347 0.210448
vt 0.226347 0.156096
vt 0.000512 0.330358
vt 0.226981 0.330358
vt 0.226981 0.321630
vt 0.906075 0.296828
vt 0.679606 0.296828
vt 0.679606 0.312903
vt 0.000000 0.089593
vt 0.226469 0.089593
vt 0.226469 0.062150
vt 0.000000 0.012881
vt 0.226469 0.012881
vt 0.226469 0.000000
vt 0.000512 0.321630
vt 0.226981 0.321630
vt 0.226981 0.312903
vt 0.679606 0.281378
vt 0.679606 0.297453
vt 0.906075 0.297453
vt 0.000000 0.048121
vt 0.226469 0.048121
vt 0.226469 0.062150
vt 0.679406 0.121202
vt 0.679406 0.093759
vt 0.905875 0.093759
vt 0.679406 0.025761
vt 0.679406 0.012881
vt 0.905875 0.012881
vt 0.939310 0.342604
vt 0.939310 0.183297
vt 0.999050 0.183297
vt 0.939310 0.342604
vt 0.939310 0.183297
vt 0.999050 0.183297
vt 0.999050 0.342604
vt 0.939310 0.342604
vt 0.939310 0.183297
vt 0.999050 0.342604
vt 0.939310 0.342604
vt 0.939310 0.183297
vt 0.985655 0.179437
vt 0.939081 0.179437
vt 0.939081 0.132863
vt 0.979692 0.844034
vt 0.979692 0.781451
vt -0.000781 0.781451
vt 0.145247 0.718868
vt 0.145247 0.656284
vt -0.000781 0.656284
vt 0.979692 0.781451
vt 0.979692 0.718868
vt -0.000781 0.718868
vt 0.302823 0.718868
vt 0.302823 0.656284
vt 0.156795 0.656284
vt 1.000000 1.000000
vt 1.000000 0.851064
vt 0.000000 0.851064
vt 0.998987 0.504118
vt 0.001647 0.504118
vt 0.001647 0.652658
vt 0.906075 0.297453
vt 0.679606 0.297453
vt 0.679606 0.281378
vt 0.000512 0.321630
vt 0.000512 0.312903
vt 0.226981 0.312903
vt 0.000000 0.012881
vt 0.000000 0.000000
vt 0.226469 0.000000
vt 0.000000 0.062150
vt 0.226469 0.062150
vt 0.226469 0.089593
vt 0.906075 0.312903
vt 0.679606 0.312903
vt 0.679606 0.296828
vt 0.000512 0.330358
vt 0.000512 0.321630
vt 0.226981 0.321630
vt -0.000122 0.210448
vt -0.000122 0.156096
vt 0.226347 0.156096
vt 0.679606 0.219937
vt 0.906075 0.219937
vt 0.906075 0.259595
vt 0.679406 0.034093
vt 0.905875 0.034093
vt 0.905875 0.048121
vt 0.905875 0.025761
vt 0.905875 0.012881
vt 0.679406 0.012881
vt 0.679406 0.121202
vt 0.905875 0.121202
vt 0.905875 0.093759
vt 0.000000 0.048121
vt 0.000000 0.062150
vt 0.226469 0.062150
vt 0.679406 0.034093
vt 0.679406 0.048121
vt 0.905875 0.048121
vt 0.679606 0.259595
vt 0.906075 0.259595
vt 0.906075 0.219937
vt -0.000122 0.210448
vt 0.226347 0.210448
vt 0.226347 0.156096
vt 0.000512 0.330358
vt 0.226981 0.330358
vt 0.226981 0.321630
vt 0.906075 0.296828
vt 0.679606 0.296828
vt 0.679606 0.312903
vt 0.000000 0.089593
vt 0.226469 0.089593
vt 0.226469 0.062150
vt 0.000000 0.012881
vt 0.226469 0.012881
vt 0.226469 0.000000
vt 0.000512 0.321630
vt 0.226981 0.321630
vt 0.226981 0.312903
vt 0.679606 0.281378
vt 0.679606 0.297453
vt 0.906075 0.297453
vt 0.000000 0.048121
vt 0.226469 0.048121
vt 0.226469 0.062150
vt 0.679406 0.121202
vt 0.679406 0.093759
vt 0.905875 0.093759
vt 0.679406 0.025761
vt 0.679406 0.012881
vt 0.905875 0.012881
vt 0.939310 0.342604
vt 0.939310 0.183297
vt 0.999050 0.183297
vt 0.939310 0.342604
vt 0.939310 0.183297
vt 0.999050 0.183297
vt 0.939310 0.342604
vt 0.939310 0.183297
vt 0.999050 0.183297
vt 0.999050 0.342604
vt 0.939310 0.342604
vt 0.939310 0.183297
vt 0.985655 0.179437
vt 0.939081 0.179437
vt 0.939081 0.132863
vt 0.979692 0.844034
vt 0.979692 0.781451
vt -0.000781 0.781451
vt 0.145247 0.718868
vt 0.145247 0.656284
vt -0.000781 0.656284
vt 0.979692 0.718868
vt -0.000781 0.718868
vt -0.000781 0.781451
vt 0.302823 0.718868
vt 0.302823 0.656284
vt 0.156795 0.656284
vt 1.000000 1.000000
vt 1.000000 0.851064
vt 0.000000 0.851064
vt 0.998987 0.504118
vt 0.001647 0.504118
vt 0.001647 0.652658
vt 0.906075 0.297453
vt 0.679606 0.297453
vt 0.679606 0.281378
vt 0.000512 0.321630
vt 0.000512 0.312903
vt 0.226981 0.312903
vt 0.000000 0.012881
vt 0.000000 0.000000
vt 0.226469 0.000000
vt 0.000000 0.062150
vt 0.226469 0.062150
vt 0.226469 0.089593
vt 0.906075 0.312903
vt 0.679606 0.312903
vt 0.679606 0.296828
vt 0.000512 0.330358
vt 0.000512 0.321630
vt 0.226981 0.321630
vt -0.000122 0.210448
vt -0.000122 0.156096
vt 0.226347 0.156096
vt 0.679606 0.219937
vt 0.906075 0.219937
vt 0.906075 0.259595
vt 0.679406 0.034093
vt 0.905875 0.034093
vt 0.905875 0.048121
vt 0.905875 0.025761
vt 0.905875 0.012881
vt 0.679406 0.012881
vt 0.905875 0.121202
vt 0.905875 0.093759
vt 0.679406 0.093759
vt 0.000000 0.062150
vt 0.226469 0.062150
vt 0.226469 0.048121
vt 0.679406 0.034093
vt 0.679406 0.048121
vt 0.905875 0.048121
vt 0.679606 0.259595
vt 0.906075 0.259595
vt 0.906075 0.219937
vt -0.000122 0.210448
vt 0.226347 0.210448
vt 0.226347 0.156096
vt 0.000512 0.330358
vt 0.226981 0.330358
vt 0.226981 0.321630
vt 0.906075 0.296828
vt 0.679606 0.296828
vt 0.679606 0.312903
vt 0.000000 0.089593
vt 0.226469 0.089593
vt 0.226469 0.062150
vt 0.000000 0.012881
vt 0.226469 0.012881
vt 0.226469 0.000000
vt 0.000512 0.321630
vt 0.226981 0.321630
vt 0.226981 0.312903
vt 0.679606 0.281378
vt 0.679606 0.297453
vt 0.906075 0.297453
vt 0.226469 0.048121
vt 0.226469 0.062150
vt 0.000000 0.062150
vt 0.679406 0.121202
vt 0.679406 0.093759
vt 0.905875 0.093759
vt 0.679406 0.025761
vt 0.679406 0.012881
vt 0.905875 0.012881
vt 0.999050 0.342604
vt 0.999050 0.183297
vt 0.939310 0.183297
vt 0.999050 0.183297
vt 0.939310 0.183297
vt 0.939310 0.342604
vt 0.999050 0.342604
vt 0.999050 0.183297
vt 0.939310 0.183297
vt 0.999050 0.342604
vt 0.999050 0.183297
vt 0.939310 0.183297
vt 0.985655 0.179437
vt 0.985655 0.132863
vt 0.939081 0.132863
vt 0.999050 0.342604
vt 0.939310 0.342604
vt 0.939310 0.183297
vt 0.999050 0.342604
vt 0.939310 0.342604
vt 0.939310 0.183297
vt 0.999050 0.342604
vt 0.939310 0.342604
vt 0.939310 0.183297
vt 0.999050 0.342604
vt 0.939310 0.342604
vt 0.939310 0.183297
vt 0.939081 0.179437
vt 0.939081 0.132863
vt 0.985655 0.132863
vt 0.979692 0.844034
vt 0.979692 0.781451
vt -0.000781 0.781451
vt 0.145247 0.718868
vt 0.145247 0.656284
vt -0.000781 0.656284
vt 0.979692 0.718868
vt -0.000781 0.718868
vt -0.000781 0.781451
vt 0.302823 0.656284
vt 0.156795 0.656284
vt 0.156795 0.718868
vt 1.000000 0.851064
vt 0.000000 0.851064
vt 0.000000 1.000000
vt 0.998987 0.652658
vt 0.998987 0.504118
vt 0.001647 0.504118
vt 0.906075 0.297453
vt 0.679606 0.297453
vt 0.679606 0.281378
vt 0.000512 0.312903
vt 0.226981 0.312903
vt 0.226981 0.321630
vt 0.000000 0.012881
vt 0.000000 0.000000
vt 0.226469 0.000000
vt 0.000000 0.089593
vt 0.000000 0.062150
vt 0.226469 0.062150
vt 0.906075 0.296828
vt 0.906075 0.312903
vt 0.679606 0.312903
vt 0.000512 0.321630
vt 0.226981 0.321630
vt 0.226981 0.330358
vt -0.000122 0.210448
vt -0.000122 0.156096
vt 0.226347 0.156096
vt 0.906075 0.219937
vt 0.906075 0.259595
vt 0.679606 0.259595
vt 0.679406 0.034093
vt 0.905875 0.034093
vt 0.905875 0.048121
vt 0.905875 0.025761
vt 0.905875 0.012881
vt 0.679406 0.012881
vt 0.679406 0.121202
vt 0.905875 0.121202
vt 0.905875 0.093759
vt 0.000000 0.062150
vt 0.226469 0.062150
vt 0.226469 0.048121
vt 0.679406 0.034093
vt 0.679406 0.048121
vt 0.905875 0.048121
vt 0.679606 0.259595
vt 0.906075 0.259595
vt 0.906075 0.219937
vt -0.000122 0.210448
vt 0.226347 0.210448
vt 0.226347 0.156096
vt 0.000512 0.330358
vt 0.226981 0.330358
vt 0.226981 0.321630
vt 0.906075 0.296828
vt 0.679606 0.296828
vt 0.679606 0.312903
vt 0.000000 0.089593
vt 0.226469 0.089593
vt 0.226469 0.062150
vt 0.000000 0.012881
vt 0.226469 0.012881
vt 0.226469 0.000000
vt 0.000512 0.321630
vt 0.226981 0.321630
vt 0.226981 0.312903
vt 0.679606 0.281378
vt 0.679606 0.297453
vt 0.906075 0.297453
vt 0.226469 0.048121
vt 0.226469 0.062150
vt 0.000000 0.062150
vt 0.679406 0.093759
vt 0.905875 0.093759
vt 0.905875 0.121202
vt 0.679406 0.025761
vt 0.679406 0.012881
vt 0.905875 0.012881
vt 0.999050 0.342604
vt 0.999050 0.183297
vt 0.939310 0.183297
vt 0.999050 0.183297
vt 0.939310 0.183297
vt 0.939310 0.342604
vt 0.999050 0.342604
vt 0.999050 0.183297
vt 0.939310 0.183297
vt 0.999050 0.342604
vt 0.999050 0.183297
vt 0.939310 0.183297
vt 0.985655 0.179437
vt 0.985655 0.132863
vt 0.939081 0.132863
vt 0.999050 0.342604
vt 0.939310 0.342604
vt 0.939310 0.183297
vt 0.999050 0.342604
vt 0.939310 0.342604
vt 0.939310 0.183297
vt 0.999050 0.342604
vt 0.939310 0.342604
vt 0.939310 0.183297
vt 0.939310 0.342604
vt 0.939310 0.183297
vt 0.999050 0.183297
vt 0.939081 0.179437
vt 0.939081 0.132863
vt 0.985655 0.132863
vt 0.979692 0.844034
vt 0.979692 0.781451
vt -0.000781 0.781451
vt 0.145247 0.718868
vt 0.145247 0.656284
vt -0.000781 0.656284
vt 0.979692 0.718868
vt -0.000781 0.718868
vt -0.000781 0.781451
vt 0.302823 0.718868
vt 0.302823 0.656284
vt 0.156795 0.656284
vt 1.000000 0.851064
vt 0.000000 0.851064
vt 0.000000 1.000000
vt 0.998987 0.652658
vt 0.998987 0.504118
vt 0.001647 0.504118
vt 0.906075 0.297453
vt 0.679606 0.297453
vt 0.679606 0.281378
vt 0.000512 0.312903
vt 0.226981 0.312903
vt 0.226981 0.321630
vt 0.000000 0.012881
vt 0.000000 0.000000
vt 0.226469 0.000000
vt 0.000000 0.062150
vt 0.226469 0.062150
vt 0.226469 0.089593
vt 0.906075 0.296828
vt 0.906075 0.312903
vt 0.679606 0.312903
vt 0.000512 0.321630
vt 0.226981 0.321630
vt 0.226981 0.330358
vt -0.000122 0.210448
vt -0.000122 0.156096
vt 0.226347 0.156096
vt 0.906075 0.219937
vt 0.906075 0.259595
vt 0.679606 0.259595
vt 0.679406 0.034093
vt 0.905875 0.034093
vt 0.905875 0.048121
vt 0.905875 0.025761
vt 0.905875 0.012881
vt 0.679406 0.012881
vt 0.905875 0.121202
vt 0.905875 0.093759
vt 0.679406 0.093759
vt 0.000000 0.048121
vt 0.000000 0.062150
vt 0.226469 0.062150
vt 0.679406 0.034093
vt 0.679406 0.048121
vt 0.905875 0.048121
vt 0.679606 0.259595
vt 0.906075 0.259595
vt 0.906075 0.219937
vt -0.000122 0.210448
vt 0.226347 0.210448
vt 0.226347 0.156096
vt 0.000512 0.330358
vt 0.226981 0.330358
vt 0.226981 0.321630
vt 0.906075 0.296828
vt 0.679606 0.296828
vt 0.679606 0.312903
vt 0.000000 0.089593
vt 0.226469 0.089593
vt 0.226469 0.062150
vt 0.000000 0.012881
vt 0.226469 0.012881
vt 0.226469 0.000000
vt 0.000512 0.321630
vt 0.226981 0.321630
vt 0.226981 0.312903
vt 0.679606 0.281378
vt 0.679606 0.297453
vt 0.906075 0.297453
vt 0.415989 0.075507
vt 0.415989 0.075507
vt 0.415989 0.075507
vt 0.415989 0.075507
vt 0.415989 0.075507
vt 0.415989 0.075507
vt 0.415989 0.075507
vt 0.415989 0.075507
vt 0.415989 0.075507
vt 0.999050 0.342604
vt 0.939310 0.342604
vt 0.939310 0.183297
vt 0.999050 0.342604
vt 0.939310 0.342604
vt 0.939310 0.183297
vt 0.939310 0.342604
vt 0.939310 0.183297
vt 0.999050 0.183297
vt 0.999050 0.342604
vt 0.939310 0.342604
vt 0.939310 0.183297
vt 0.985655 0.179437
vt 0.939081 0.179437
vt 0.939081 0.132863
vt 0.979692 0.844034
vt 0.979692 0.781451
vt -0.000781 0.781451
vt 0.145247 0.656284
vt -0.000781 0.656284
vt -0.000781 0.718868
vt 0.979692 0.781451
vt 0.979692 0.718868
vt -0.000781 0.718868
vt 0.302823 0.656284
vt 0.156795 0.656284
vt 0.156795 0.718868
vt 1.000000 0.851064
vt 0.000000 0.851064
vt 0.000000 1.000000
vt 0.998987 0.652658
vt 0.998987 0.504118
vt 0.001647 0.504118
vt 0.905875 0.025761
vt 0.905875 0.012881
vt 0.679406 0.012881
vt 0.679406 0.121202
vt 0.905875 0.121202
vt 0.905875 0.093759
vt 0.000000 0.048121
vt 0.000000 0.062150
vt 0.226469 0.062150
vt 0.679406 0.034093
vt 0.679406 0.048121
vt 0.905875 0.048121
vt 0.679606 0.259595
vt 0.906075 0.259595
vt 0.906075 0.219937
vt -0.000122 0.210448
vt 0.226347 0.210448
vt 0.226347 0.156096
vt 0.000512 0.330358
vt 0.226981 0.330358
vt 0.226981 0.321630
vt 0.906075 0.296828
vt 0.679606 0.296828
vt 0.679606 0.312903
vt 0.000000 0.089593
vt 0.226469 0.089593
vt 0.226469 0.062150
vt 0.000000 0.012881
vt 0.226469 0.012881
vt 0.226469 0.000000
vt 0.000512 0.321630
vt 0.226981 0.321630
vt 0.226981 0.312903
vt 0.679606 0.281378
vt 0.679606 0.297453
vt 0.906075 0.297453
vt 0.226469 0.048121
vt 0.226469 0.062150
vt 0.000000 0.062150
vt 0.679406 0.093759
vt 0.905875 0.093759
vt 0.905875 0.121202
vt 0.679406 0.025761
vt 0.679406 0.012881
vt 0.905875 0.012881
vt 0.999050 0.342604
vt 0.999050 0.183297
vt 0.939310 0.183297
vt 0.999050 0.183297
vt 0.939310 0.183297
vt 0.939310 0.342604
vt 0.999050 0.342604
vt 0.999050 0.183297
vt 0.939310 0.183297
vt 0.999050 0.183297
vt 0.939310 0.183297
vt 0.939310 0.342604
vt 0.985655 0.179437
vt 0.985655 0.132863
vt 0.939081 0.132863
vt 0.999050 0.342604
vt 0.939310 0.342604
vt 0.939310 0.183297
vt 0.939310 0.342604
vt 0.939310 0.183297
vt 0.999050 0.183297
vt 0.939310 0.342604
vt 0.939310 0.183297
vt 0.999050 0.183297
vt 0.999050 0.342604
vt 0.939310 0.342604
vt 0.939310 0.183297
vt 0.939081 0.179437
vt 0.939081 0.132863
vt 0.985655 0.132863
vt 0.979692 0.844034
vt 0.979692 0.781451
vt -0.000781 0.781451
vt 0.145247 0.656284
vt -0.000781 0.656284
vt -0.000781 0.718868
vt 0.979692 0.781451
vt 0.979692 0.718868
vt -0.000781 0.718868
vt 0.302823 0.656284
vt 0.156795 0.656284
vt 0.156795 0.718868
vt 1.000000 1.000000
vt 1.000000 0.851064
vt 0.000000 0.851064
vt 0.998987 0.504118
vt 0.001647 0.504118
vt 0.001647 0.652658
vt 0.906075 0.297453
vt 0.679606 0.297453
vt 0.679606 0.281378
vt 0.000512 0.312903
vt 0.226981 0.312903
vt 0.226981 0.321630
vt 0.000000 0.012881
vt 0.000000 0.000000
vt 0.226469 0.000000
vt 0.000000 0.089593
vt 0.000000 0.062150
vt 0.226469 0.062150
vt 0.906075 0.296828
vt 0.906075 0.312903
vt 0.679606 0.312903
vt 0.000512 0.321630
vt 0.226981 0.321630
vt 0.226981 0.330358
vt -0.000122 0.210448
vt -0.000122 0.156096
vt 0.226347 0.156096
vt 0.906075 0.219937
vt 0.906075 0.259595
vt 0.679606 0.259595
vt 0.679406 0.034093
vt 0.905875 0.034093
vt 0.905875 0.048121
vt 0.905875 0.025761
vt 0.905875 0.012881
vt 0.679406 0.012881
vt 0.679406 0.121202
vt 0.905875 0.121202
vt 0.905875 0.093759
vt 0.000000 0.048121
vt 0.000000 0.062150
vt 0.226469 0.062150
vt 0.679406 0.034093
vt 0.679406 0.048121
vt 0.905875 0.048121
vt 0.679606 0.259595
vt 0.906075 0.259595
vt 0.906075 0.219937
vt -0.000122 0.210448
vt 0.226347 0.210448
vt 0.226347 0.156096
vt 0.000512 0.330358
vt 0.226981 0.330358
vt 0.226981 0.321630
vt 0.906075 0.296828
vt 0.679606 0.296828
vt 0.679606 0.312903
vt 0.000000 0.089593
vt 0.226469 0.089593
vt 0.226469 0.062150
vt 0.226469 0.012881
vt 0.226469 0.000000
vt 0.000000 0.000000
vt 0.000512 0.321630
vt 0.226981 0.321630
vt 0.226981 0.312903
vt 0.679606 0.281378
vt 0.679606 0.297453
vt 0.906075 0.297453
vt 0.000000 0.048121
vt 0.226469 0.048121
vt 0.226469 0.062150
vt 0.679406 0.093759
vt 0.905875 0.093759
vt 0.905875 0.121202
vt 0.679406 0.025761
vt 0.679406 0.012881
vt 0.905875 0.012881
vt 0.999050 0.342604
vt 0.999050 0.183297
vt 0.939310 0.183297
vt 0.999050 0.183297
vt 0.939310 0.183297
vt 0.939310 0.342604
vt 0.999050 0.342604
vt 0.999050 0.183297
vt 0.939310 0.183297
vt 0.999050 0.342604
vt 0.999050 0.183297
vt 0.939310 0.183297
vt 0.985655 0.132863
vt 0.939081 0.132863
vt 0.939081 0.179437
vt 0.999050 0.342604
vt 0.939310 0.342604
vt 0.939310 0.183297
vt 0.939310 0.342604
vt 0.939310 0.183297
vt 0.999050 0.183297
vt 0.999050 0.342604
vt 0.939310 0.342604
vt 0.939310 0.183297
vt 0.999050 0.342604
vt 0.939310 0.342604
vt 0.939310 0.183297
vt 0.985655 0.179437
vt 0.939081 0.179437
vt 0.939081 0.132863
vt 0.979692 0.844034
vt 0.979692 0.781451
vt -0.000781 0.781451
vt 0.145247 0.718868
vt 0.145247 0.656284
vt -0.000781 0.656284
vt 0.979692 0.781451
vt 0.979692 0.718868
vt -0.000781 0.718868
vt 0.302823 0.718868
vt 0.302823 0.656284
vt 0.156795 0.656284
vt 1.000000 0.851064
vt 0.000000 0.851064
vt 0.000000 1.000000
vt 0.998987 0.652658
vt 0.998987 0.504118
vt 0.001647 0.504118
vt 0.906075 0.297453
vt 0.679606 0.297453
vt 0.679606 0.281378
vt 0.000512 0.312903
vt 0.226981 0.312903
vt 0.226981 0.321630
vt 0.000000 0.012881
vt 0.000000 0.000000
vt 0.226469 0.000000
vt 0.000000 0.089593
vt 0.000000 0.062150
vt 0.226469 0.062150
vt 0.906075 0.296828
vt 0.906075 0.312903
vt 0.679606 0.312903
vt 0.000512 0.321630
vt 0.226981 0.321630
vt 0.226981 0.330358
vt -0.000122 0.210448
vt -0.000122 0.156096
vt 0.226347 0.156096
vt 0.906075 0.219937
vt 0.906075 0.259595
vt 0.679606 0.259595
vt 0.679406 0.034093
vt 0.905875 0.034093
vt 0.905875 0.048121
vt 0.905875 0.025761
vt 0.905875 0.012881
vt 0.679406 0.012881
vt 0.905875 0.121202
vt 0.905875 0.093759
vt 0.679406 0.093759
vt 0.000000 0.048121
vt 0.000000 0.062150
vt 0.226469 0.062150
vt 0.679406 0.034093
vt 0.679406 0.048121
vt 0.905875 0.048121
vt 0.679606 0.259595
vt 0.906075 0.259595
vt 0.906075 0.219937
vt -0.000122 0.210448
vt 0.226347 0.210448
vt 0.226347 0.156096
vt 0.000512 0.330358
vt 0.226981 0.330358
vt 0.226981 0.321630
vt 0.906075 0.296828
vt 0.679606 0.296828
vt 0.679606 0.312903
vt 0.226469 0.089593
vt 0.226469 0.062150
vt 0.000000 0.062150
vt 0.226469 0.012881
vt 0.226469 0.000000
vt 0.000000 0.000000
vt 0.000512 0.321630
vt 0.226981 0.321630
vt 0.226981 0.312903
vt 0.679606 0.281378
vt 0.679606 0.297453
vt 0.906075 0.297453
vt 0.000000 0.048121
vt 0.226469 0.048121
vt 0.226469 0.062150
vt 0.679406 0.093759
vt 0.905875 0.093759
vt 0.905875 0.121202
vt 0.679406 0.025761
vt 0.679406 0.012881
vt 0.905875 0.012881
vt 0.999050 0.342604
vt 0.999050 0.183297
vt 0.939310 0.183297
vt 0.999050 0.183297
vt 0.939310 0.183297
vt 0.939310 0.342604
vt 0.999050 0.342604
vt 0.999050 0.183297
vt 0.939310 0.183297
vt 0.999050 0.342604
vt 0.999050 0.183297
vt 0.939310 0.183297
vt 0.985655 0.179437
vt 0.985655 0.132863
vt 0.939081 0.132863
vt 0.999050 0.342604
vt 0.939310 0.342604
vt 0.939310 0.183297
vt 0.999050 0.342604
vt 0.939310 0.342604
vt 0.939310 0.183297
vt 0.999050 0.342604
vt 0.939310 0.342604
vt 0.939310 0.183297
vt 0.999050 0.342604
vt 0.939310 0.342604
vt 0.939310 0.183297
vt 0.939081 0.179437
vt 0.939081 0.132863
vt 0.985655 0.132863
vt 0.979692 0.781451
vt -0.000781 0.781451
vt -0.000781 0.844034
vt 0.145247 0.718868
vt 0.145247 0.656284
vt -0.000781 0.656284
vt 0.979692 0.781451
vt 0.979692 0.718868
vt -0.000781 0.718868
vt 0.302823 0.718868
vt 0.302823 0.656284
vt 0.156795 0.656284
vt 1.000000 1.000000
vt 1.000000 0.851064
vt 0.000000 0.851064
vt 0.998987 0.504118
vt 0.001647 0.504118
vt 0.001647 0.652658
vt 0.906075 0.297453
vt 0.679606 0.297453
vt 0.679606 0.281378
vt 0.000512 0.312903
vt 0.226981 0.312903
vt 0.226981 0.321630
vt 0.000000 0.000000
vt 0.226469 0.000000
vt 0.226469 0.012881
vt 0.000000 0.089593
vt 0.000000 0.062150
vt 0.226469 0.062150
vt 0.906075 0.296828
vt 0.906075 0.312903
vt 0.679606 0.312903
vt 0.000512 0.321630
vt 0.226981 0.321630
vt 0.226981 0.330358
vt -0.000122 0.210448
vt -0.000122 0.156096
vt 0.226347 0.156096
vt 0.906075 0.219937
vt 0.906075 0.259595
vt 0.679606 0.259595
vt 0.679406 0.034093
vt 0.905875 0.034093
vt 0.905875 0.048121
vt 0.905875 0.025761
vt 0.905875 0.012881
vt 0.679406 0.012881
vt 0.679406 0.121202
vt 0.905875 0.121202
vt 0.905875 0.093759
vt 0.000000 0.048121
vt 0.000000 0.062150
vt 0.226469 0.062150
vt 0.679406 0.034093
vt 0.679406 0.048121
vt 0.905875 0.048121
vt 0.679606 0.259595
vt 0.906075 0.259595
vt 0.906075 0.219937
vt -0.000122 0.210448
vt 0.226347 0.210448
vt 0.226347 0.156096
vt 0.000512 0.330358
vt 0.226981 0.330358
vt 0.226981 0.321630
vt 0.906075 0.296828
vt 0.679606 0.296828
vt 0.679606 0.312903
vt 0.226469 0.089593
vt 0.226469 0.062150
vt 0.000000 0.062150
vt 0.000000 0.012881
vt 0.226469 0.012881
vt 0.226469 0.000000
vt 0.000512 0.321630
vt 0.226981 0.321630
vt 0.226981 0.312903
vt 0.679606 0.281378
vt 0.679606 0.297453
vt 0.906075 0.297453
vt 0.000000 0.048121
vt 0.226469 0.048121
vt 0.226469 0.062150
vt 0.679406 0.093759
vt 0.905875 0.093759
vt 0.905875 0.121202
vt 0.679406 0.025761
vt 0.679406 0.012881
vt 0.905875 0.012881
vt 0.999050 0.342604
vt 0.999050 0.183297
vt 0.939310 0.183297
vt 0.999050 0.342604
vt 0.999050 0.183297
vt 0.939310 0.183297
vt 0.999050 0.342604
vt 0.999050 0.183297
vt 0.939310 0.183297
vt 0.999050 0.342604
vt 0.999050 0.183297
vt 0.939310 0.183297
vt 0.985655 0.132863
vt 0.939081 0.132863
vt 0.939081 0.179437
vt 0.999050 0.342604
vt 0.939310 0.342604
vt 0.939310 0.183297
vt 0.939310 0.342604
vt 0.939310 0.183297
vt 0.999050 0.183297
vt 0.999050 0.342604
vt 0.939310 0.342604
vt 0.939310 0.183297
vt 0.999050 0.342604
vt 0.939310 0.342604
vt 0.939310 0.183297
vt 0.985655 0.179437
vt 0.939081 0.179437
vt 0.939081 0.132863
vt 0.979692 0.844034
vt 0.979692 0.781451
vt -0.000781 0.781451
vt 0.145247 0.718868
vt 0.145247 0.656284
vt -0.000781 0.656284
vt 0.979692 0.781451
vt 0.979692 0.718868
vt -0.000781 0.718868
vt 0.302823 0.718868
vt 0.302823 0.656284
vt 0.156795 0.656284
vt 1.000000 0.851064
vt 0.000000 0.851064
vt 0.000000 1.000000
vt 0.998987 0.652658
vt 0.998987 0.504118
vt 0.001647 0.504118
vt 0.906075 0.297453
vt 0.679606 0.297453
vt 0.679606 0.281378
vt 0.000512 0.312903
vt 0.226981 0.312903
vt 0.226981 0.321630
vt 0.000000 0.012881
vt 0.000000 0.000000
vt 0.226469 0.000000
vt 0.000000 0.089593
vt 0.000000 0.062150
vt 0.226469 0.062150
vt 0.906075 0.296828
vt 0.906075 0.312903
vt 0.679606 0.312903
vt 0.000512 0.321630
vt 0.226981 0.321630
vt 0.226981 0.330358
vt -0.000122 0.210448
vt -0.000122 0.156096
vt 0.226347 0.156096
vt 0.906075 0.219937
vt 0.906075 0.259595
vt 0.679606 0.259595
vt 0.679406 0.034093
vt 0.905875 0.034093
vt 0.905875 0.048121
vt 0.905875 0.025761
vt 0.905875 0.012881
vt 0.679406 0.012881
vt 0.679406 0.121202
vt 0.905875 0.121202
vt 0.905875 0.093759
vt 0.000000 0.048121
vt 0.000000 0.062150
vt 0.226469 0.062150
vt 0.679406 0.034093
vt 0.679406 0.048121
vt 0.905875 0.048121
vt 0.679606 0.259595
vt 0.906075 0.259595
vt 0.906075 0.219937
vt -0.000122 0.210448
vt 0.226347 0.210448
vt 0.226347 0.156096
vt 0.000512 0.330358
vt 0.226981 0.330358
vt 0.226981 0.321630
vt 0.906075 0.296828
vt 0.679606 0.296828
vt 0.679606 0.312903
vt 0.000000 0.089593
vt 0.226469 0.089593
vt 0.226469 0.062150
vt 0.226469 0.012881
vt 0.226469 0.000000
vt 0.000000 0.000000
vt 0.000512 0.321630
vt 0.226981 0.321630
vt 0.226981 0.312903
vt 0.679606 0.281378
vt 0.679606 0.297453
vt 0.906075 0.297453
vt 0.226469 0.048121
vt 0.226469 0.062150
vt 0.000000 0.062150
vt 0.679406 0.093759
vt 0.905875 0.093759
vt 0.905875 0.121202
vt 0.679406 0.025761
vt 0.679406 0.012881
vt 0.905875 0.012881
vt 0.999050 0.342604
vt 0.999050 0.183297
vt 0.939310 0.183297
vt 0.999050 0.342604
vt 0.999050 0.183297
vt 0.939310 0.183297
vt 0.999050 0.342604
vt 0.999050 0.183297
vt 0.939310 0.183297
vt 0.999050 0.342604
vt 0.999050 0.183297
vt 0.939310 0.183297
vt 0.985655 0.132863
vt 0.939081 0.132863
vt 0.939081 0.179437
vt 0.999050 0.342604
vt 0.939310 0.342604
vt 0.939310 0.183297
vt 0.999050 0.342604
vt 0.939310 0.342604
vt 0.939310 0.183297
vt 0.939310 0.342604
vt 0.939310 0.183297
vt 0.999050 0.183297
vt 0.999050 0.342604
vt 0.939310 0.342604
vt 0.939310 0.183297
vt 0.985655 0.179437
vt 0.939081 0.179437
vt 0.939081 0.132863
vt 0.979692 0.844034
vt 0.979692 0.781451
vt -0.000781 0.781451
vt 0.145247 0.656284
vt -0.000781 0.656284
vt -0.000781 0.718868
vt 0.979692 0.718868
vt -0.000781 0.718868
vt -0.000781 0.781451
vt 0.302823 0.718868
vt 0.302823 0.656284
vt 0.156795 0.656284
vt 1.000000 0.851064
vt 0.000000 0.851064
vt 0.000000 1.000000
vt 0.998987 0.652658
vt 0.998987 0.504118
vt 0.001647 0.504118
vt 0.906075 0.297453
vt 0.679606 0.297453
vt 0.679606 0.281378
vt 0.000512 0.312903
vt 0.226981 0.312903
vt 0.226981 0.321630
vt 0.000000 0.012881
vt 0.000000 0.000000
vt 0.226469 0.000000
vt 0.000000 0.089593
vt 0.000000 0.062150
vt 0.226469 0.062150
vt 0.906075 0.296828
vt 0.906075 0.312903
vt 0.679606 0.312903
vt 0.000512 0.321630
vt 0.226981 0.321630
vt 0.226981 0.330358
vt -0.000122 0.210448
vt -0.000122 0.156096
vt 0.226347 0.156096
vt 0.906075 0.219937
vt 0.906075 0.259595
vt 0.679606 0.259595
vt 0.679406 0.034093
vt 0.905875 0.034093
vt 0.905875 0.048121
vt 0.905875 0.025761
vt 0.905875 0.012881
vt 0.679406 0.012881
vt 0.679406 0.121202
vt 0.905875 0.121202
vt 0.905875 0.093759
vt 0.000000 0.062150
vt 0.226469 0.062150
vt 0.226469 0.048121
vt 0.679406 0.034093
vt 0.679406 0.048121
vt 0.905875 0.048121
vt 0.679606 0.259595
vt 0.906075 0.259595
vt 0.906075 0.219937
vt -0.000122 0.210448
vt 0.226347 0.210448
vt 0.226347 0.156096
vt 0.000512 0.330358
vt 0.226981 0.330358
vt 0.226981 0.321630
vt 0.906075 0.296828
vt 0.679606 0.296828
vt 0.679606 0.312903
vt 0.000000 0.089593
vt 0.226469 0.089593
vt 0.226469 0.062150
vt 0.000000 0.012881
vt 0.226469 0.012881
vt 0.226469 0.000000
vt 0.000512 0.321630
vt 0.226981 0.321630
vt 0.226981 0.312903
vt 0.679606 0.281378
vt 0.679606 0.297453
vt 0.906075 0.297453
vt 0.000000 0.048121
vt 0.226469 0.048121
vt 0.226469 0.062150
vt 0.679406 0.093759
vt 0.905875 0.093759
vt 0.905875 0.121202
vt 0.679406 0.025761
vt 0.679406 0.012881
vt 0.905875 0.012881
vt 0.999050 0.342604
vt 0.999050 0.183297
vt 0.939310 0.183297
vt 0.999050 0.342604
vt 0.999050 0.183297
vt 0.939310 0.183297
vt 0.999050 0.342604
vt 0.999050 0.183297
vt 0.939310 0.183297
vt 0.999050 0.342604
vt 0.999050 0.183297
vt 0.939310 0.183297
vt 0.985655 0.179437
vt 0.985655 0.132863
vt 0.939081 0.132863
vt 0.999050 0.342604
vt 0.939310 0.342604
vt 0.939310 0.183297
vt 0.999050 0.342604
vt 0.939310 0.342604
vt 0.939310 0.183297
vt 0.939310 0.342604
vt 0.939310 0.183297
vt 0.999050 0.183297
vt 0.999050 0.342604
vt 0.939310 0.342604
vt 0.939310 0.183297
vt 0.939081 0.179437
vt 0.939081 0.132863
vt 0.985655 0.132863
vt 0.979692 0.844034
vt 0.979692 0.781451
vt -0.000781 0.781451
vt 0.145247 0.718868
vt 0.145247 0.656284
vt -0.000781 0.656284
vt 0.979692 0.718868
vt -0.000781 0.718868
vt -0.000781 0.781451
vt 0.302823 0.718868
vt 0.302823 0.656284
vt 0.156795 0.656284
vt 1.000000 1.000000
vt 1.000000 0.851064
vt 0.000000 0.851064
vt 0.998987 0.504118
vt 0.001647 0.504118
vt 0.001647 0.652658
vt 0.906075 0.297453
vt 0.679606 0.297453
vt 0.679606 0.281378
vt 0.000512 0.312903
vt 0.226981 0.312903
vt 0.226981 0.321630
vt 0.000000 0.012881
vt 0.000000 0.000000
vt 0.226469 0.000000
vt 0.000000 0.089593
vt 0.000000 0.062150
vt 0.226469 0.062150
vt 0.906075 0.296828
vt 0.906075 0.312903
vt 0.679606 0.312903
vt 0.000512 0.321630
vt 0.226981 0.321630
vt 0.226981 0.330358
vt -0.000122 0.210448
vt -0.000122 0.156096
vt 0.226347 0.156096
vt 0.906075 0.219937
vt 0.906075 0.259595
vt 0.679606 0.259595
vt 0.679406 0.034093
vt 0.905875 0.034093
vt 0.905875 0.048121
vt 0.905875 0.025761
vt 0.905875 0.012881
vt 0.679406 0.012881
vt 0.905875 0.121202
vt 0.905875 0.093759
vt 0.679406 0.093759
vt 0.000000 0.062150
vt 0.226469 0.062150
vt 0.226469 0.048121
vt 0.000000 0.121202
vt 0.905875 0.089593
vt 0.000000 0.093759
vt 0.226669 0.281378
vt 0.000200 0.281378
vt 0.453137 0.281378
vt 0.396520 0.281378
vt 0.396520 0.297453
vt 0.453137 0.297453
vt 0.679606 0.297453
vt 0.679918 0.321630
vt 0.510067 0.321630
vt 0.510067 0.312903
vt 0.453449 0.312903
vt 0.453449 0.321630
vt 0.226981 0.312903
vt 0.679406 0.012881
vt 0.905875 0.012881
vt 0.452938 0.012881
vt 0.509555 0.012881
vt 0.509555 0.000000
vt 0.226469 0.012881
vt 0.452938 0.000000
vt 0.679406 0.089593
vt 0.905875 0.089593
vt 0.509555 0.089593
vt 0.509555 0.062150
vt 0.452938 0.062150
vt 0.226469 0.089593
vt 0.452938 0.089593
vt 0.226669 0.296828
vt 0.453137 0.296828
vt 0.396520 0.296828
vt 0.396520 0.312903
vt 0.453137 0.312903
vt 0.679606 0.312903
vt 0.679918 0.330358
vt 0.510067 0.330358
vt 0.510067 0.321630
vt 0.453449 0.321630
vt 0.453449 0.330358
vt 0.226981 0.321630
vt 0.452937 0.025761
vt 0.679406 0.025761
vt 0.679406 0.012881
vt 0.283086 0.025761
vt 0.283086 0.012881
vt 0.452937 0.121202
vt 0.679406 0.121202
vt 0.679406 0.093759
vt 0.283086 0.121202
vt 0.283086 0.093759
vt 0.679284 0.210448
vt 0.905753 0.210448
vt 0.452816 0.210448
vt 0.509433 0.210448
vt 0.509433 0.156096
vt 0.452816 0.156096
vt 0.226347 0.156096
vt 0.000200 0.219937
vt 0.226669 0.259595
vt 0.396520 0.259595
vt 0.453137 0.259595
vt 0.453137 0.219937
vt 0.679606 0.259595
vt 0.000000 0.048121
vt 0.226469 0.048121
vt 0.396320 0.034093
vt 0.396320 0.048121
vt 0.452937 0.048121
vt 0.452937 0.034093
vt 0.679406 0.048121
vt 0.226469 0.048121
vt 0.226469 0.062150
vt 0.452938 0.062150
vt 0.622789 0.062150
vt 0.452938 0.048121
vt 0.509555 0.062150
vt 0.509555 0.048121
vt 0.566172 0.062150
vt 0.226469 0.034093
vt 0.283086 0.048121
vt 0.339703 0.034093
vt 0.339703 0.048121
vt 0.226669 0.219937
vt 0.283286 0.259595
vt 0.339903 0.219937
vt 0.339903 0.259595
vt 0.622667 0.210448
vt 0.679284 0.156096
vt 0.566050 0.210448
vt 0.566050 0.156096
vt 0.396320 0.121202
vt 0.452937 0.093759
vt 0.339703 0.121202
vt 0.396320 0.093759
vt 0.452937 0.012881
vt 0.396320 0.012881
vt 0.339703 0.025761
vt 0.396320 0.025761
vt 0.623301 0.330358
vt 0.679918 0.321630
vt 0.566684 0.330358
vt 0.566684 0.321630
vt 0.226669 0.312903
vt 0.283286 0.312903
vt 0.339903 0.296828
vt 0.339903 0.312903
vt 0.622789 0.089593
vt 0.679406 0.062150
vt 0.566172 0.089593
vt 0.566172 0.062150
vt 0.622789 0.012881
vt 0.679406 0.000000
vt 0.566172 0.012881
vt 0.566172 0.000000
vt 0.623301 0.321630
vt 0.679918 0.312903
vt 0.566684 0.321630
vt 0.566684 0.312903
vt 0.226669 0.297453
vt 0.283286 0.297453
vt 0.339903 0.281378
vt 0.339903 0.297453
vt 0.982037 0.022561
vt 0.982037 0.022561
vt 0.982037 0.022561
vt 0.982037 0.022561
vt 0.982037 0.022561
vt 0.982037 0.022561
vt 0.982037 0.022561
vt 0.982037 0.022561
vt 0.982037 0.022561
vt 0.982037 0.022561
vt 0.982037 0.022561
vt 0.982037 0.022561
vt 0.982037 0.022561
vt 0.982037 0.022561
vt 0.982037 0.022561
vt 0.982037 0.022561
vt 0.982037 0.022561
vt 0.982037 0.022561
vt 0.982037 0.022561
vt 0.982037 0.022561
vt 0.982037 0.022561
vt 0.982037 0.022561
vt 0.999050 0.342604
vt 0.939310 0.342604
vt 0.939310 0.183297
vt 0.939310 0.342604
vt 0.939310 0.183297
vt 0.999050 0.183297
vt 0.999050 0.342604
vt 0.939310 0.342604
vt 0.939310 0.183297
vt 0.999050 0.342604
vt 0.939310 0.342604
vt 0.939310 0.183297
vt 0.985655 0.179437
vt 0.939081 0.179437
vt 0.939081 0.132863
vt 0.955240 0.109372
vt 0.955240 0.109372
vt 0.955240 0.109372
vt 0.955240 0.109372
vt 0.955240 0.109372
vt 0.955240 0.109372
vt 0.955240 0.109372
vt 0.955240 0.109372
vt 0.955240 0.109372
vt 0.955240 0.109372
vt 0.955240 0.109372
vt 0.955240 0.109372
vt 0.955240 0.109372
vt 0.955240 0.109372
vt 0.955240 0.109372
vt 0.955240 0.109372
vt 0.955240 0.109372
vt 0.955240 0.109372
vt 0.955240 0.109372
vt 0.955240 0.109372
vt 0.955240 0.109372
vt 0.955240 0.109372
vt 0.955240 0.109372
vt 0.999050 0.342604
vt 0.999050 0.183297
vt 0.939310 0.183297
vt 0.999050 0.342604
vt 0.999050 0.183297
vt 0.939310 0.183297
vt 0.999050 0.342604
vt 0.999050 0.183297
vt 0.939310 0.183297
vt 0.999050 0.342604
vt 0.999050 0.183297
vt 0.939310 0.183297
vt 0.985655 0.132863
vt 0.939081 0.132863
vt 0.939081 0.179437
vt 0.905875 0.000000
vt 0.906387 0.312903
vt 0.905875 0.012881
vt 0.000200 0.259595
vt 0.906075 0.219937
vt 0.906075 0.259595
vt 0.905875 0.012881
vt 0.905875 0.000000
vt 0.000200 0.297453
vt 0.905875 0.048121
vt 0.000200 0.281378
vt 0.905753 0.156096
vt 0.000200 0.296828
vt 0.000000 0.000000
vt 0.999050 0.342604
vt 0.999050 0.183297
vt 0.939310 0.183297
vt 0.999050 0.342604
vt 0.999050 0.183297
vt 0.939310 0.183297
vt 0.999050 0.183297
vt 0.939310 0.183297
vt 0.939310 0.342604
vt 0.999050 0.342604
vt 0.999050 0.183297
vt 0.939310 0.183297
vt 0.985655 0.132863
vt 0.939081 0.132863
vt 0.939081 0.179437
vt 0.999050 0.342604
vt 0.939310 0.342604
vt 0.939310 0.183297
vt 0.999050 0.342604
vt 0.939310 0.342604
vt 0.939310 0.183297
vt 0.999050 0.342604
vt 0.939310 0.342604
vt 0.939310 0.183297
vt 0.999050 0.342604
vt 0.939310 0.342604
vt 0.939310 0.183297
vt 0.000000 0.000000
vt 0.905875 0.062150
vt 0.905875 0.089593
vt 0.000000 0.093759
vt 0.939081 0.179437
vt 0.939081 0.132863
vt 0.985655 0.132863
vt 0.979692 0.844034
vt 0.979692 0.781451
vt -0.000781 0.781451
vt 0.146184 0.718868
vt 0.146184 0.656284
vt 0.000156 0.656284
vt 0.980629 0.718868
vt 0.000156 0.718868
vt 0.000156 0.781451
vt 0.302823 0.656284
vt 0.156795 0.656284
vt 0.156795 0.718868
vt 0.999534 0.505675
vt -0.000466 0.505675
vt -0.000466 0.654611
vt 0.998987 0.998895
vt 0.998987 0.850355
vt 0.001647 0.850355
vt 0.000000 0.000000
vt 0.000000 0.034093
vt 0.000000 0.048121
vt -0.000122 0.210448
vt 0.905753 0.210448
vt 0.905753 0.156096
vt 0.000000 0.121202
vt 0.905875 0.121202
vt 0.905875 0.093759
vt 0.000000 0.025761
vt 0.905875 0.025761
vt 0.905875 0.012881
vt 0.906387 0.330358
vt 0.906387 0.321630
vt 0.000512 0.321630
vt 0.906075 0.296828
vt 0.000200 0.296828
vt 0.000200 0.312903
vt 0.906387 0.321630
vt 0.906387 0.312903
vt 0.000200 0.297453
vt 0.905875 0.048121
vt 0.999050 0.342604
vt 0.999050 0.183297
vt 0.939310 0.183297
vt 0.999050 0.342604
vt 0.999050 0.183297
vt 0.939310 0.183297
vt 0.999050 0.342604
vt 0.999050 0.183297
vt 0.939310 0.183297
vt 0.999050 0.342604
vt 0.999050 0.183297
vt 0.939310 0.183297
vt 0.985655 0.179437
vt 0.985655 0.132863
vt 0.939081 0.132863
vt 0.999050 0.342604
vt 0.939310 0.342604
vt 0.939310 0.183297
vt 0.999050 0.342604
vt 0.939310 0.342604
vt 0.939310 0.183297
vt 0.999050 0.342604
vt 0.939310 0.342604
vt 0.939310 0.183297
vt 0.939310 0.342604
vt 0.939310 0.183297
vt 0.999050 0.183297
vt 0.906075 0.219937
vt 0.985655 0.179437
vt 0.939081 0.179437
vt 0.939081 0.132863
vt 0.979692 0.844034
vt 0.979692 0.781451
vt -0.000781 0.781451
vt 0.146184 0.718868
vt 0.146184 0.656284
vt 0.000156 0.656284
vt 0.980629 0.781451
vt 0.980629 0.718868
vt 0.000156 0.718868
vt 0.302823 0.718868
vt 0.302823 0.656284
vt 0.156795 0.656284
vt 0.999534 0.654611
vt 0.999534 0.505675
vt -0.000466 0.505675
vt 0.998987 0.850355
vt 0.001647 0.850355
vt 0.001647 0.998895
vt 0.000000 0.048121
vt 0.905875 0.062150
vt 0.000000 0.034093
vt 0.905875 0.034093
vt 0.905875 0.048121
vt 0.000200 0.219937
vt 0.906075 0.219937
vt 0.906075 0.259595
vt -0.000122 0.156096
vt 0.905753 0.210448
vt 0.905875 0.093759
vt 0.905875 0.121202
vt 0.000000 0.012881
vt 0.905875 0.012881
vt 0.905875 0.025761
vt 0.000512 0.330358
vt 0.000512 0.321630
vt 0.906387 0.321630
vt 0.906075 0.296828
vt 0.906075 0.312903
vt 0.000200 0.312903
vt 0.000000 0.062150
vt 0.905875 0.062150
vt 0.000000 0.012881
vt 0.000000 0.000000
vt 0.000512 0.321630
vt 0.000512 0.312903
vt 0.906075 0.281378
vt 0.906075 0.297453
vt 0.999050 0.342604
vt 0.999050 0.183297
vt 0.939310 0.183297
vt 0.999050 0.342604
vt 0.999050 0.183297
vt 0.939310 0.183297
vt 0.999050 0.183297
vt 0.939310 0.183297
vt 0.939310 0.342604
vt 0.999050 0.342604
vt 0.999050 0.183297
vt 0.939310 0.183297
vt 0.985655 0.132863
vt 0.939081 0.132863
vt 0.939081 0.179437
vt 0.999050 0.342604
vt 0.939310 0.342604
vt 0.939310 0.183297
vt 0.999050 0.342604
vt 0.939310 0.342604
vt 0.939310 0.183297
vt 0.999050 0.342604
vt 0.939310 0.342604
vt 0.939310 0.183297
vt 0.999050 0.342604
vt 0.939310 0.342604
vt 0.939310 0.183297
vt 0.979692 0.844034
vt 0.979692 0.781451
vt -0.000781 0.781451
vt 0.146184 0.718868
vt 0.146184 0.656284
vt 0.000156 0.656284
vt 0.998987 0.998895
vt 0.998987 0.850355
vt 0.001647 0.850355
vt 0.939081 0.179437
vt 0.939081 0.132863
vt 0.985655 0.132863
vt 0.980629 0.781451
vt 0.980629 0.718868
vt 0.000156 0.718868
vt 0.302823 0.718868
vt 0.302823 0.656284
vt 0.156795 0.656284
vt 0.999534 0.505675
vt -0.000466 0.505675
vt -0.000466 0.654611
vt 0.000000 0.048121
vt 0.000000 0.062150
vt 0.905875 0.062150
vt 0.959024 0.014240
vt 0.980908 0.014240
vt 0.943180 0.000413
vt 0.996752 0.000413
vt 0.980908 0.041289
vt 0.959024 0.041289
vt 0.989510 0.053985
vt 0.950422 0.053985
vt 0.000000 0.034093
vt 0.000000 0.048121
vt 0.905875 0.048121
vt 0.000200 0.219937
vt 0.000200 0.259595
vt 0.906075 0.259595
vt -0.000122 0.210448
vt 0.905753 0.210448
vt 0.905753 0.156096
vt 0.000000 0.121202
vt 0.905875 0.121202
vt 0.905875 0.093759
vt 0.000000 0.025761
vt 0.905875 0.025761
vt 0.905875 0.012881
vt 0.000512 0.330358
vt 0.906387 0.330358
vt 0.906387 0.321630
vt 0.906075 0.296828
vt 0.000200 0.296828
vt 0.000200 0.312903
vt 0.000000 0.089593
vt 0.905875 0.089593
vt 0.905875 0.062150
vt 0.000000 0.012881
vt 0.905875 0.012881
vt 0.905875 0.000000
vt 0.000512 0.321630
vt 0.906387 0.321630
vt 0.906387 0.312903
vt 0.906075 0.281378
vt 0.000200 0.281378
vt 0.000200 0.297453
vt 0.000000 0.048121
vt 0.905875 0.048121
vt 0.905875 0.062150
vt 0.996752 0.000413
vt 0.996752 0.014240
vt 0.980908 0.014240
vt 0.959024 0.014240
vt 0.943180 0.014240
vt 0.943180 0.000413
vt 0.950422 0.053985
vt 0.950422 0.041289
vt 0.959024 0.041289
vt 0.989510 0.053985
vt 0.980908 0.041289
vt 0.905875 0.034093
vt 0.905875 0.048121
vt 0.000000 0.048121
vt 0.000200 0.219937
vt 0.906075 0.219937
vt 0.906075 0.259595
vt -0.000122 0.210448
vt -0.000122 0.156096
vt 0.905753 0.156096
vt 0.000000 0.121202
vt 0.000000 0.093759
vt 0.905875 0.093759
vt 0.000000 0.025761
vt 0.000000 0.012881
vt 0.905875 0.012881
vt 0.000512 0.330358
vt 0.000512 0.321630
vt 0.906387 0.321630
vt 0.906075 0.296828
vt 0.906075 0.312903
vt 0.000200 0.312903
vt 0.000000 0.089593
vt 0.000000 0.062150
vt 0.905875 0.062150
vt 0.000000 0.012881
vt 0.000000 0.000000
vt 0.905875 0.000000
vt 0.000512 0.321630
vt 0.000512 0.312903
vt 0.906387 0.312903
vt 0.906075 0.281378
vt 0.906075 0.297453
vt 0.000200 0.297453
vt 0.999050 0.342604
vt 0.999050 0.183297
vt 0.939310 0.183297
vt 0.999050 0.342604
vt 0.999050 0.183297
vt 0.939310 0.183297
vt 0.999050 0.342604
vt 0.999050 0.183297
vt 0.939310 0.183297
vt 0.999050 0.342604
vt 0.999050 0.183297
vt 0.939310 0.183297
vt 0.985655 0.179437
vt 0.985655 0.132863
vt 0.939081 0.132863
vt 0.999050 0.342604
vt 0.939310 0.342604
vt 0.939310 0.183297
vt 0.999050 0.342604
vt 0.939310 0.342604
vt 0.939310 0.183297
vt 0.999050 0.342604
vt 0.939310 0.342604
vt 0.939310 0.183297
vt 0.999050 0.342604
vt 0.939310 0.342604
vt 0.939310 0.183297
vt 0.985655 0.179437
vt 0.939081 0.179437
vt 0.939081 0.132863
vt 0.999050 0.342604
vt 0.999050 0.183297
vt 0.939310 0.183297
vt 0.999050 0.183297
vt 0.939310 0.183297
vt 0.939310 0.342604
vt 0.999050 0.342604
vt 0.999050 0.183297
vt 0.939310 0.183297
vt 0.999050 0.342604
vt 0.999050 0.183297
vt 0.939310 0.183297
vt 0.985655 0.179437
vt 0.985655 0.132863
vt 0.939081 0.132863
vt 0.999050 0.342604
vt 0.939310 0.342604
vt 0.939310 0.183297
vt 0.939310 0.342604
vt 0.939310 0.183297
vt 0.999050 0.183297
vt 0.999050 0.342604
vt 0.939310 0.342604
vt 0.939310 0.183297
vt 0.999050 0.342604
vt 0.939310 0.342604
vt 0.939310 0.183297
vt 0.985655 0.179437
vt 0.939081 0.179437
vt 0.939081 0.132863
vt 0.979692 0.844034
vt 0.979692 0.781451
vt -0.000781 0.781451
vt 0.146184 0.656284
vt 0.000156 0.656284
vt 0.000156 0.718868
vt 0.980629 0.781451
vt 0.980629 0.718868
vt 0.000156 0.718868
vt 0.302823 0.718868
vt 0.302823 0.656284
vt 0.156795 0.656284
vt 0.999534 0.654611
vt 0.999534 0.505675
vt -0.000466 0.505675
vt 0.979692 0.844034
vt 0.979692 0.781451
vt -0.000781 0.781451
vt 0.145247 0.656284
vt -0.000781 0.656284
vt -0.000781 0.718868
vt 0.979692 0.781451
vt 0.979692 0.718868
vt -0.000781 0.718868
vt 0.302823 0.718868
vt 0.302823 0.656284
vt 0.156795 0.656284
vt 1.000000 1.000000
vt 1.000000 0.851064
vt 0.000000 0.851064
vt 0.998987 0.998895
vt 0.998987 0.850355
vt 0.001647 0.850355
vt 0.998987 0.998049
vt 0.998987 0.849509
vt 0.001647 0.849509
vt 0.000200 0.281378
vt 0.000200 0.259595
vt 0.000200 0.296828
vt 0.905875 0.089593
vt 0.905875 0.012881
vt 0.906387 0.321630
vt 0.999050 0.342604
vt 0.999050 0.342604
vt 0.939310 0.342604
vt 0.939310 0.342604
vt 0.985655 0.179437
vt 0.999050 0.342604
vt 0.999050 0.342604
vt 0.999050 0.342604
vt 0.999050 0.183297
vt -0.000781 0.844034
vt 0.146184 0.718868
vt 0.998987 0.998895
vt 0.000000 0.048121
vt 0.000000 0.048121
vt 0.905753 0.210448
vt 0.906075 0.281378
vt 0.985655 0.132863
vt 0.000156 0.781451
vt 0.156795 0.718868
vt -0.000466 0.654611
vt 0.000000 0.062150
vt 0.000000 0.034093
vt -0.000122 0.210448
vt 0.905875 0.121202
vt 0.000512 0.330358
vt 0.000200 0.296828
vt 0.000000 0.089593
vt 0.905875 0.012881
vt 0.906387 0.321630
vt 0.000200 0.281378
vt 0.999050 0.342604
vt 0.999050 0.342604
vt 0.939310 0.342604
vt 0.939310 0.342604
vt 0.985655 0.179437
vt 0.999050 0.183297
vt 0.999050 0.342604
vt 0.999050 0.183297
vt 0.999050 0.342604
vt -0.000781 0.844034
vt 0.000156 0.718868
vt 0.001647 0.998895
vt 0.000200 0.259595
vt 0.905875 0.025761
vt 0.985655 0.132863
vt 0.980629 0.781451
vt 0.302823 0.718868
vt -0.000466 0.654611
vt 0.000000 0.048121
vt 0.000512 0.330358
vt 0.906075 0.296828
vt 0.000512 0.321630
vt 0.999050 0.342604
vt 0.939310 0.342604
vt 0.939310 0.342604
vt 0.939310 0.342604
vt 0.985655 0.179437
vt 0.999050 0.183297
vt 0.999050 0.183297
vt 0.999050 0.183297
vt 0.999050 0.183297
vt -0.000781 0.844034
vt 0.146184 0.718868
vt 0.001647 0.998895
vt 0.985655 0.179437
vt 0.000156 0.781451
vt 0.156795 0.718868
vt -0.000466 0.654611
vt 0.939310 0.342604
vt 0.939310 0.342604
vt 0.939310 0.342604
vt 0.939310 0.342604
vt 0.939081 0.179437
vt 0.939310 0.342604
vt 0.939310 0.342604
vt 0.939310 0.342604
vt 0.939310 0.342604
vt 0.985655 0.179437
vt 0.939310 0.342604
vt 0.939310 0.342604
vt 0.939310 0.342604
vt 0.939310 0.342604
vt 0.939081 0.179437
vt -0.000781 0.844034
vt 0.146184 0.718868
vt 0.000156 0.781451
vt 0.156795 0.718868
vt -0.000466 0.654611
vt -0.000781 0.844034
vt -0.000781 0.718868
vt -0.000781 0.781451
vt 0.156795 0.718868
vt 0.000000 1.000000
vt -0.000781 0.844034
vt -0.000781 0.718868
vt -0.000781 0.781451
vt 0.156795 0.718868
vt -0.000103 0.498042
vt -0.000781 0.844034
vt 0.145247 0.718868
vt -0.000781 0.781451
vt 0.156795 0.718868
vt 1.000000 1.000000
vt 0.001647 0.998895
vt 0.998987 0.998049
vt 0.000000 0.500556
vt 0.998987 0.652658
vt 0.939310 0.342604
vt 0.939310 0.342604
vt 0.939310 0.342604
vt 0.939310 0.342604
vt 0.985655 0.179437
vt 0.939310 0.342604
vt 0.999050 0.342604
vt 0.939310 0.342604
vt 0.939310 0.342604
vt 0.939081 0.179437
vt 0.939310 0.342604
vt 0.939310 0.342604
vt 0.939310 0.342604
vt 0.939310 0.342604
vt 0.939081 0.179437
vt 0.999050 0.183297
vt 0.999050 0.183297
vt 0.999050 0.183297
vt 0.999050 0.183297
vt 0.985655 0.132863
vt 0.939310 0.342604
vt 0.999050 0.342604
vt 0.939310 0.342604
vt 0.939310 0.342604
vt 0.939081 0.179437
vt -0.000781 0.844034
vt 0.146184 0.718868
vt 0.000156 0.781451
vt 0.156795 0.718868
vt -0.000466 0.654611
vt -0.000781 0.844034
vt 0.145247 0.718868
vt -0.000781 0.781451
vt 0.156795 0.718868
vt 0.000000 1.000000
vt -0.000781 0.844034
vt -0.000781 0.718868
vt -0.000781 0.781451
vt 0.156795 0.718868
vt -0.000103 0.498042
vt -0.000781 0.844034
vt 0.145247 0.718868
vt -0.000781 0.781451
vt 0.156795 0.718868
vt 0.000000 1.000000
vt 0.998987 0.998895
vt 0.001647 0.998049
vt 0.000000 0.500556
vt 0.001647 0.652658
vt 0.939310 0.342604
vt 0.939310 0.342604
vt 0.939310 0.342604
vt 0.939310 0.342604
vt 0.985655 0.179437
vt 0.999050 0.183297
vt 0.999050 0.183297
vt 0.999050 0.183297
vt 0.999050 0.183297
vt 0.985655 0.132863
vt 0.939310 0.342604
vt 0.999050 0.342604
vt 0.939310 0.342604
vt 0.939310 0.342604
vt 0.939081 0.179437
vt 0.999050 0.183297
vt 0.999050 0.342604
vt 0.999050 0.183297
vt 0.999050 0.183297
vt 0.985655 0.179437
vt 0.939310 0.342604
vt 0.939310 0.342604
vt 0.939310 0.342604
vt 0.939310 0.342604
vt 0.939081 0.179437
vt 0.999050 0.183297
vt 0.999050 0.183297
vt 0.999050 0.183297
vt 0.999050 0.183297
vt 0.985655 0.179437
vt 0.939310 0.342604
vt 0.939310 0.342604
vt 0.939310 0.342604
vt 0.939310 0.342604
vt 0.985655 0.179437
vt 0.999050 0.183297
vt 0.999050 0.183297
vt 0.999050 0.183297
vt 0.999050 0.183297
vt 0.985655 0.132863
vt -0.000781 0.844034
vt 0.000156 0.718868
vt 0.000156 0.781451
vt 0.156795 0.718868
vt -0.000466 0.654611
vt -0.000781 0.844034
vt -0.000781 0.718868
vt -0.000781 0.781451
vt 0.156795 0.718868
vt 0.000000 1.000000
vt -0.000781 0.844034
vt 0.145247 0.718868
vt -0.000781 0.781451
vt 0.156795 0.718868
vt 0.999897 0.498042
vt -0.000781 0.844034
vt -0.000781 0.718868
vt -0.000781 0.781451
vt 0.156795 0.718868
vt 0.000000 1.000000
vt 0.001647 0.998895
vt 0.001647 0.998049
vt 0.000000 0.500556
vt 0.001647 0.652658
vt 0.905875 0.034093
vt 0.679606 0.219937
vt -0.000122 0.210448
vt 0.000512 0.330358
vt 0.906075 0.312903
vt 0.000000 0.089593
vt 0.000000 0.000000
vt 0.000512 0.321630
vt 0.906075 0.297453
vt 0.939310 0.342604
vt 0.939310 0.342604
vt 0.939310 0.342604
vt 0.939310 0.342604
vt 0.985655 0.179437
vt 0.999050 0.183297
vt 0.999050 0.342604
vt 0.999050 0.183297
vt 0.999050 0.183297
vt 0.985655 0.132863
vt 0.679406 0.025761
vt 0.679406 0.093759
vt 0.226469 0.048121
vt 0.905875 0.034093
vt 0.679606 0.219937
vt -0.000122 0.156096
vt 0.000512 0.321630
vt 0.906075 0.312903
vt 0.000000 0.062150
vt 0.000000 0.000000
vt 0.000512 0.312903
vt 0.906075 0.281378
vt 0.679406 0.025761
vt 0.679406 0.093759
vt 0.226469 0.048121
vt 0.905875 0.034093
vt 0.679606 0.219937
vt -0.000122 0.156096
vt 0.000512 0.321630
vt 0.906075 0.312903
vt 0.000000 0.062150
vt 0.000000 0.000000
vt 0.000512 0.312903
vt 0.906075 0.281378
vt 0.999050 0.183297
vt 0.999050 0.183297
vt 0.999050 0.342604
vt 0.999050 0.183297
vt 0.985655 0.179437
vt -0.000781 0.844034
vt 0.145247 0.718868
vt -0.000781 0.781451
vt 0.156795 0.718868
vt 1.000000 1.000000
vt 0.001647 0.652658
vt 0.679406 0.025761
vt 0.679406 0.093759
vt 0.226469 0.048121
vt 0.905875 0.034093
vt 0.679606 0.219937
vt -0.000122 0.156096
vt 0.000512 0.321630
vt 0.906075 0.312903
vt 0.000000 0.062150
vt 0.000000 0.000000
vt 0.000512 0.312903
vt 0.906075 0.281378
vt 0.000000 0.062150
vt 0.679406 0.121202
vt 0.905875 0.025761
vt 0.999050 0.183297
vt 0.999050 0.183297
vt 0.999050 0.183297
vt 0.999050 0.183297
vt 0.985655 0.179437
vt 0.979692 0.844034
vt -0.000781 0.718868
vt -0.000781 0.781451
vt 0.302823 0.718868
vt 1.000000 1.000000
vt 0.001647 0.652658
vt 0.906075 0.281378
vt 0.226981 0.321630
vt 0.000000 0.012881
vt 0.226469 0.089593
vt 0.906075 0.296828
vt 0.226981 0.330358
vt 0.226347 0.210448
vt 0.679606 0.259595
vt 0.679406 0.048121
vt 0.679406 0.025761
vt 0.679406 0.093759
vt 0.226469 0.048121
vt 0.905875 0.034093
vt 0.679606 0.219937
vt -0.000122 0.156096
vt 0.000512 0.321630
vt 0.906075 0.312903
vt 0.000000 0.062150
vt 0.000000 0.000000
vt 0.000512 0.312903
vt 0.906075 0.281378
vt 0.000000 0.062150
vt 0.905875 0.121202
vt 0.905875 0.025761
vt 0.999050 0.342604
vt 0.999050 0.342604
vt 0.999050 0.183297
vt 0.999050 0.183297
vt 0.985655 0.132863
vt -0.000781 0.844034
vt -0.000781 0.718868
vt -0.000781 0.781451
vt 0.156795 0.718868
vt 0.000000 1.000000
vt 0.998987 0.652658
vt 0.906075 0.281378
vt 0.226981 0.321630
vt 0.226469 0.012881
vt 0.000000 0.089593
vt 0.906075 0.296828
vt 0.226981 0.330358
vt 0.226347 0.210448
vt 0.679606 0.259595
vt 0.679406 0.048121
vt 0.679406 0.025761
vt 0.679406 0.093759
vt 0.226469 0.048121
vt 0.905875 0.034093
vt 0.679606 0.219937
vt -0.000122 0.156096
vt 0.000512 0.321630
vt 0.906075 0.312903
vt 0.000000 0.062150
vt 0.000000 0.000000
vt 0.000512 0.312903
vt 0.906075 0.281378
vt 0.000000 0.062150
vt 0.905875 0.121202
vt 0.905875 0.025761
vt 0.999050 0.342604
vt 0.999050 0.342604
vt 0.999050 0.342604
vt 0.999050 0.183297
vt 0.985655 0.132863
vt -0.000781 0.844034
vt -0.000781 0.718868
vt 0.979692 0.781451
vt 0.156795 0.718868
vt 0.000000 1.000000
vt 0.998987 0.652658
vt 0.906075 0.281378
vt 0.226981 0.321630
vt 0.226469 0.012881
vt 0.000000 0.089593
vt 0.906075 0.296828
vt 0.226981 0.330358
vt 0.226347 0.210448
vt 0.679606 0.259595
vt 0.679406 0.048121
vt 0.679406 0.025761
vt 0.679406 0.121202
vt 0.000000 0.048121
vt 0.905875 0.034093
vt 0.679606 0.219937
vt -0.000122 0.156096
vt 0.000512 0.321630
vt 0.906075 0.312903
vt 0.000000 0.062150
vt 0.000000 0.000000
vt 0.000512 0.312903
vt 0.906075 0.281378
vt 0.000000 0.048121
vt 0.905875 0.121202
vt 0.905875 0.025761
vt 0.939310 0.342604
vt 0.999050 0.342604
vt 0.939310 0.342604
vt 0.939310 0.342604
vt 0.939081 0.179437
vt 0.999050 0.183297
vt 0.999050 0.183297
vt 0.999050 0.183297
vt 0.999050 0.183297
vt 0.985655 0.179437
vt -0.000781 0.844034
vt -0.000781 0.718868
vt 0.979692 0.781451
vt 0.302823 0.718868
vt 1.000000 1.000000
vt 0.001647 0.652658
vt 0.906075 0.281378
vt 0.000512 0.321630
vt 0.226469 0.012881
vt 0.226469 0.089593
vt 0.679606 0.296828
vt 0.000512 0.330358
vt 0.226347 0.210448
vt 0.679606 0.219937
vt 0.679406 0.048121
vt 0.679406 0.025761
vt 0.679406 0.093759
vt 0.000000 0.048121
vt 0.905875 0.034093
vt 0.679606 0.219937
vt -0.000122 0.156096
vt 0.000512 0.321630
vt 0.906075 0.312903
vt 0.000000 0.062150
vt 0.000000 0.000000
vt 0.000512 0.312903
vt 0.906075 0.281378
vt 0.000000 0.048121
vt 0.679406 0.121202
vt 0.905875 0.025761
vt 0.939310 0.342604
vt 0.999050 0.342604
vt 0.939310 0.342604
vt 0.939310 0.342604
vt 0.939081 0.179437
vt 0.999050 0.183297
vt 0.999050 0.183297
vt 0.999050 0.183297
vt 0.999050 0.342604
vt 0.985655 0.179437
vt -0.000781 0.844034
vt -0.000781 0.718868
vt 0.979692 0.781451
vt 0.156795 0.718868
vt 1.000000 1.000000
vt 0.001647 0.652658
vt 0.906075 0.281378
vt 0.000512 0.321630
vt 0.226469 0.012881
vt 0.000000 0.089593
vt 0.679606 0.296828
vt 0.000512 0.330358
vt 0.226347 0.210448
vt 0.679606 0.219937
vt 0.679406 0.048121
vt 0.679406 0.025761
vt 0.679406 0.121202
vt 0.226469 0.048121
vt 0.905875 0.034093
vt 0.679606 0.219937
vt -0.000122 0.156096
vt 0.000512 0.321630
vt 0.906075 0.312903
vt 0.000000 0.062150
vt 0.000000 0.000000
vt 0.000512 0.312903
vt 0.906075 0.281378
vt 0.415989 0.075507
vt 0.415989 0.075507
vt 0.415989 0.075507
vt 0.999050 0.183297
vt 0.999050 0.183297
vt 0.999050 0.342604
vt 0.999050 0.183297
vt 0.985655 0.132863
vt -0.000781 0.844034
vt 0.145247 0.718868
vt -0.000781 0.781451
vt 0.302823 0.718868
vt 1.000000 1.000000
vt 0.001647 0.652658
vt 0.679406 0.025761
vt 0.679406 0.093759
vt 0.226469 0.048121
vt 0.905875 0.034093
vt 0.679606 0.219937
vt -0.000122 0.156096
vt 0.000512 0.321630
vt 0.906075 0.312903
vt 0.000000 0.062150
vt 0.000000 0.000000
vt 0.000512 0.312903
vt 0.906075 0.281378
vt 0.000000 0.048121
vt 0.679406 0.121202
vt 0.905875 0.025761
vt 0.939310 0.342604
vt 0.999050 0.342604
vt 0.939310 0.342604
vt 0.999050 0.342604
vt 0.939081 0.179437
vt 0.999050 0.183297
vt 0.999050 0.342604
vt 0.999050 0.342604
vt 0.999050 0.183297
vt 0.985655 0.179437
vt -0.000781 0.844034
vt 0.145247 0.718868
vt -0.000781 0.781451
vt 0.302823 0.718868
vt 0.000000 1.000000
vt 0.998987 0.652658
vt 0.906075 0.281378
vt 0.000512 0.321630
vt 0.226469 0.012881
vt 0.226469 0.089593
vt 0.679606 0.296828
vt 0.000512 0.330358
vt 0.226347 0.210448
vt 0.679606 0.219937
vt 0.679406 0.048121
vt 0.679406 0.025761
vt 0.679406 0.093759
vt 0.226469 0.048121
vt 0.905875 0.034093
vt 0.679606 0.219937
vt -0.000122 0.156096
vt 0.000512 0.321630
vt 0.906075 0.312903
vt 0.000000 0.062150
vt 0.000000 0.012881
vt 0.000512 0.312903
vt 0.906075 0.281378
vt 0.000000 0.062150
vt 0.679406 0.121202
vt 0.905875 0.025761
vt 0.939310 0.342604
vt 0.999050 0.342604
vt 0.939310 0.342604
vt 0.939310 0.342604
vt 0.985655 0.179437
vt 0.999050 0.183297
vt 0.999050 0.342604
vt 0.999050 0.183297
vt 0.999050 0.183297
vt 0.985655 0.132863
vt -0.000781 0.844034
vt -0.000781 0.718868
vt -0.000781 0.781451
vt 0.156795 0.718868
vt 1.000000 1.000000
vt 0.001647 0.652658
vt 0.906075 0.281378
vt 0.000512 0.321630
vt 0.226469 0.012881
vt 0.226469 0.089593
vt 0.679606 0.296828
vt 0.000512 0.330358
vt 0.226347 0.210448
vt 0.679606 0.219937
vt 0.679406 0.048121
vt 0.679406 0.025761
vt 0.679406 0.121202
vt 0.226469 0.048121
vt 0.905875 0.034093
vt 0.679606 0.219937
vt -0.000122 0.156096
vt 0.000512 0.321630
vt 0.906075 0.312903
vt 0.000000 0.089593
vt 0.000000 0.012881
vt 0.000512 0.312903
vt 0.906075 0.281378
vt 0.000000 0.062150
vt 0.679406 0.121202
vt 0.905875 0.025761
vt 0.939310 0.342604
vt 0.999050 0.342604
vt 0.939310 0.342604
vt 0.939310 0.342604
vt 0.939081 0.179437
vt 0.999050 0.183297
vt 0.999050 0.183297
vt 0.999050 0.183297
vt 0.999050 0.183297
vt 0.985655 0.179437
vt 0.979692 0.844034
vt -0.000781 0.718868
vt -0.000781 0.781451
vt 0.156795 0.718868
vt 0.000000 1.000000
vt 0.998987 0.652658
vt 0.906075 0.281378
vt 0.000512 0.321630
vt 0.000000 0.012881
vt 0.226469 0.089593
vt 0.679606 0.296828
vt 0.000512 0.330358
vt 0.226347 0.210448
vt 0.679606 0.219937
vt 0.679406 0.048121
vt 0.679406 0.025761
vt 0.679406 0.093759
vt 0.226469 0.048121
vt 0.905875 0.034093
vt 0.679606 0.219937
vt -0.000122 0.156096
vt 0.000512 0.321630
vt 0.906075 0.312903
vt 0.000000 0.089593
vt 0.000000 0.000000
vt 0.000512 0.312903
vt 0.906075 0.281378
vt 0.000000 0.062150
vt 0.679406 0.121202
vt 0.905875 0.025761
vt 0.939310 0.342604
vt 0.939310 0.342604
vt 0.939310 0.342604
vt 0.939310 0.342604
vt 0.985655 0.179437
vt 0.999050 0.183297
vt 0.999050 0.342604
vt 0.999050 0.183297
vt 0.999050 0.183297
vt 0.985655 0.132863
vt -0.000781 0.844034
vt -0.000781 0.718868
vt -0.000781 0.781451
vt 0.156795 0.718868
vt 1.000000 1.000000
vt 0.001647 0.652658
vt 0.906075 0.281378
vt 0.000512 0.321630
vt 0.226469 0.012881
vt 0.226469 0.089593
vt 0.679606 0.296828
vt 0.000512 0.330358
vt 0.226347 0.210448
vt 0.679606 0.219937
vt 0.679406 0.048121
vt 0.679406 0.025761
vt 0.679406 0.093759
vt 0.226469 0.048121
vt 0.905875 0.034093
vt 0.679606 0.219937
vt -0.000122 0.156096
vt 0.000512 0.321630
vt 0.906075 0.312903
vt 0.000000 0.062150
vt 0.000000 0.012881
vt 0.000512 0.312903
vt 0.906075 0.281378
vt 0.000000 0.048121
vt 0.679406 0.121202
vt 0.905875 0.025761
vt 0.939310 0.342604
vt 0.939310 0.342604
vt 0.939310 0.342604
vt 0.939310 0.342604
vt 0.985655 0.179437
vt 0.999050 0.183297
vt 0.999050 0.183297
vt 0.999050 0.342604
vt 0.999050 0.183297
vt 0.985655 0.132863
vt -0.000781 0.844034
vt 0.145247 0.718868
vt 0.979692 0.781451
vt 0.156795 0.718868
vt 1.000000 1.000000
vt 0.001647 0.652658
vt 0.906075 0.281378
vt 0.000512 0.321630
vt 0.226469 0.012881
vt 0.226469 0.089593
vt 0.679606 0.296828
vt 0.000512 0.330358
vt 0.226347 0.210448
vt 0.679606 0.219937
vt 0.679406 0.048121
vt 0.679406 0.025761
vt 0.679406 0.093759
vt 0.000000 0.048121
vt 0.905875 0.034093
vt 0.679606 0.219937
vt -0.000122 0.156096
vt 0.000512 0.321630
vt 0.906075 0.312903
vt 0.000000 0.062150
vt 0.000000 0.000000
vt 0.000512 0.312903
vt 0.906075 0.281378
vt 0.000000 0.062150
vt 0.679406 0.121202
vt 0.905875 0.025761
vt 0.939310 0.342604
vt 0.939310 0.342604
vt 0.939310 0.342604
vt 0.939310 0.342604
vt 0.939081 0.179437
vt 0.999050 0.183297
vt 0.999050 0.183297
vt 0.999050 0.342604
vt 0.999050 0.183297
vt 0.985655 0.179437
vt -0.000781 0.844034
vt -0.000781 0.718868
vt 0.979692 0.781451
vt 0.156795 0.718868
vt 0.000000 1.000000
vt 0.998987 0.652658
vt 0.906075 0.281378
vt 0.000512 0.321630
vt 0.226469 0.012881
vt 0.226469 0.089593
vt 0.679606 0.296828
vt 0.000512 0.330358
vt 0.226347 0.210448
vt 0.679606 0.219937
vt 0.679406 0.048121
vt 0.679406 0.025761
vt 0.679406 0.121202
vt 0.000000 0.048121
vt 0.679606 0.281378
vt 0.226981 0.321630
vt 0.226469 0.000000
vt 0.226469 0.062150
vt 0.679606 0.296828
vt 0.226981 0.330358
vt 0.226347 0.210448
vt 0.396520 0.219937
vt 0.679606 0.219937
vt 0.679406 0.034093
vt 0.622789 0.048121
vt 0.566172 0.048121
vt 0.283086 0.034093
vt 0.283286 0.219937
vt 0.622667 0.156096
vt 0.339703 0.093759
vt 0.339703 0.012881
vt 0.623301 0.321630
vt 0.283286 0.296828
vt 0.622789 0.062150
vt 0.622789 0.000000
vt 0.623301 0.312903
vt 0.283286 0.281378
vt 0.982037 0.022561
vt 0.982037 0.022561
vt 0.999050 0.183297
vt 0.999050 0.342604
vt 0.999050 0.183297
vt 0.999050 0.183297
vt 0.985655 0.132863
vt 0.955240 0.109372
vt 0.939310 0.342604
vt 0.939310 0.342604
vt 0.939310 0.342604
vt 0.939310 0.342604
vt 0.985655 0.179437
vt 0.939310 0.342604
vt 0.939310 0.342604
vt 0.999050 0.342604
vt 0.939310 0.342604
vt 0.985655 0.179437
vt 0.999050 0.183297
vt 0.999050 0.183297
vt 0.999050 0.183297
vt 0.999050 0.183297
vt 0.985655 0.179437
vt -0.000781 0.844034
vt 0.000156 0.718868
vt 0.980629 0.781451
vt 0.302823 0.718868
vt 0.999534 0.654611
vt 0.001647 0.998895
vt -0.000122 0.156096
vt 0.000000 0.012881
vt 0.000512 0.330358
vt 0.000000 0.000000
vt 0.939310 0.342604
vt 0.939310 0.342604
vt 0.939310 0.342604
vt 0.939310 0.342604
vt 0.939081 0.179437
vt 0.999050 0.183297
vt 0.999050 0.183297
vt 0.999050 0.183297
vt 0.999050 0.342604
vt 0.000200 0.219937
vt 0.985655 0.132863
vt -0.000781 0.844034
vt 0.000156 0.718868
vt 0.000156 0.781451
vt 0.156795 0.718868
vt -0.000466 0.654611
vt 0.998987 0.998895
vt 0.000000 0.062150
vt 0.000000 0.048121
vt 0.000200 0.259595
vt -0.000122 0.210448
vt 0.000000 0.025761
vt 0.906387 0.330358
vt 0.000000 0.089593
vt 0.906387 0.321630
vt 0.939310 0.342604
vt 0.939310 0.342604
vt 0.999050 0.342604
vt 0.939310 0.342604
vt 0.985655 0.179437
vt 0.999050 0.183297
vt 0.999050 0.183297
vt 0.999050 0.183297
vt 0.999050 0.183297
vt -0.000781 0.844034
vt 0.000156 0.718868
vt 0.001647 0.998895
vt 0.985655 0.179437
vt 0.000156 0.781451
vt 0.156795 0.718868
vt 0.999534 0.654611
vt 0.905875 0.048121
vt 0.943180 0.014240
vt 0.996752 0.014240
vt 0.989510 0.041289
vt 0.950422 0.041289
vt 0.905875 0.034093
vt 0.906075 0.219937
vt -0.000122 0.156096
vt 0.000000 0.093759
vt 0.000000 0.012881
vt 0.000512 0.321630
vt 0.906075 0.312903
vt 0.000000 0.062150
vt 0.000000 0.000000
vt 0.000512 0.312903
vt 0.906075 0.297453
vt 0.000000 0.062150
vt 0.989510 0.041289
vt 0.000000 0.034093
vt 0.000200 0.259595
vt 0.905753 0.210448
vt 0.905875 0.121202
vt 0.905875 0.025761
vt 0.906387 0.330358
vt 0.000200 0.296828
vt 0.905875 0.089593
vt 0.905875 0.012881
vt 0.906387 0.321630
vt 0.000200 0.281378
vt 0.939310 0.342604
vt 0.939310 0.342604
vt 0.939310 0.342604
vt 0.939310 0.342604
vt 0.939081 0.179437
vt 0.999050 0.183297
vt 0.999050 0.183297
vt 0.999050 0.183297
vt 0.999050 0.183297
vt 0.985655 0.132863
vt 0.939310 0.342604
vt 0.999050 0.342604
vt 0.939310 0.342604
vt 0.939310 0.342604
vt 0.939081 0.179437
vt 0.999050 0.183297
vt 0.999050 0.342604
vt 0.999050 0.183297
vt 0.999050 0.183297
vt 0.985655 0.132863
vt -0.000781 0.844034
vt 0.146184 0.718868
vt 0.000156 0.781451
vt 0.156795 0.718868
vt -0.000466 0.654611
vt -0.000781 0.844034
vt 0.145247 0.718868
vt -0.000781 0.781451
vt 0.156795 0.718868
vt 0.000000 1.000000
vt 0.001647 0.998895
vt 0.001647 0.998049
vn -0.7071 0.0000 -0.7071
vn -0.7072 0.0000 -0.7070
vn -0.0000 1.0000 -0.0000
vn 0.7071 0.0000 -0.7071
vn 0.0000 -1.0000 0.0000
vn -0.7071 0.0000 0.7071
vn 0.7071 0.0000 0.7071
vn -0.7070 0.0000 -0.7072
vn 0.7017 0.0006 -0.7124
vn -0.7019 0.0000 0.7123
vn 0.7060 0.0000 0.7082
vn -0.6926 0.0000 0.7213
vn -0.7101 0.0000 -0.7041
vn 0.6927 0.0000 -0.7213
vn 0.6910 0.0000 -0.7229
vn -0.6909 0.0000 0.7230
vn 0.7018 0.0000 -0.7124
vn 0.6487 0.0035 -0.7611
vn -0.6489 0.0000 0.7608
vn -0.6489 0.0000 0.7609
vn 0.6491 -0.0046 -0.7607
vn 0.6491 -0.0045 -0.7607
vn 0.6490 0.0000 -0.7608
vn 0.5823 0.0037 -0.8130
vn 0.5823 0.0036 -0.8130
vn -0.5826 0.0000 0.8128
vn 0.8132 0.0000 0.5819
vn 0.5889 0.0000 -0.8082
vn -0.8195 0.0000 -0.5730
vn -0.5890 0.0000 0.8081
vn 0.8015 0.0000 0.5980
vn -0.5762 0.0000 0.8173
vn -0.8306 0.0000 -0.5569
vn 0.5766 0.0000 -0.8170
vn 0.5827 -0.0037 -0.8127
vn 0.5827 -0.0034 -0.8127
vn 0.5828 -0.0040 -0.8126
vn 0.5826 0.0000 -0.8127
vn -0.5825 0.0000 0.8128
vn 0.5154 0.0040 -0.8569
vn 0.5154 0.0037 -0.8569
vn -0.5157 0.0000 0.8568
vn 0.6359 0.0000 -0.7718
vn -0.6348 0.0000 0.7726
vn -0.6348 0.0023 0.7727
vn -0.6348 0.0026 0.7727
vn 0.8575 0.0000 0.5144
vn 0.5155 0.0000 -0.8569
vn -0.8628 0.0000 -0.5056
vn -0.5155 0.0000 0.8569
vn 0.8477 -0.0000 0.5304
vn -0.5082 0.0000 0.8613
vn -0.8720 0.0000 -0.4896
vn 0.5087 0.0000 -0.8609
vn 0.6355 -0.0073 -0.7720
vn 0.6356 -0.0071 -0.7720
vn 0.6355 -0.0075 -0.7720
vn 0.6356 0.0000 -0.7720
vn -0.6346 0.0000 0.7728
vn 0.5159 -0.0037 -0.8567
vn 0.5158 0.0000 -0.8567
vn -0.5156 0.0000 0.8568
vn 0.4502 0.0041 -0.8929
vn 0.4502 0.0042 -0.8929
vn 0.4502 0.0043 -0.8929
vn -0.4504 0.0000 0.8928
vn 0.6289 -0.0269 -0.7770
vn -0.6322 0.0037 0.7748
vn -0.6322 0.0041 0.7748
vn -0.6332 0.0023 0.7740
vn 0.8940 0.0000 0.4480
vn 0.4417 -0.0000 -0.8972
vn -0.8982 0.0000 -0.4395
vn -0.4416 0.0000 0.8972
vn 0.8860 0.0000 0.4636
vn -0.4451 0.0000 0.8955
vn -0.9057 0.0000 -0.4239
vn 0.4448 0.0000 -0.8956
vn 0.6317 -0.0157 -0.7750
vn 0.6319 0.0000 -0.7750
vn -0.6335 0.0000 0.7738
vn 0.4506 -0.0032 -0.8927
vn 0.4506 -0.0033 -0.8927
vn 0.4505 0.0000 -0.8928
vn 0.3883 0.0046 -0.9215
vn -0.3886 0.0000 0.9214
vn -0.3885 0.0000 0.9214
vn 0.4180 0.0084 -0.9084
vn -0.4203 -0.0013 0.9074
vn -0.4201 0.0018 0.9075
vn -0.4201 0.0019 0.9075
vn -0.4202 0.0016 0.9074
vn 0.9232 0.0000 0.3842
vn 0.3693 0.0000 -0.9293
vn -0.9265 0.0000 -0.3763
vn -0.3691 0.0000 0.9294
vn 0.9168 0.0000 0.3992
vn -0.3805 0.0000 0.9248
vn -0.9323 0.0000 -0.3616
vn 0.3805 0.0000 -0.9248
vn 0.4168 0.0230 -0.9087
vn 0.4168 0.0229 -0.9087
vn 0.4175 0.0000 -0.9087
vn -0.4209 0.0000 0.9071
vn 0.3887 -0.0025 -0.9214
vn 0.3887 -0.0025 -0.9213
vn 0.3887 -0.0024 -0.9214
vn 0.3886 0.0000 -0.9214
vn 0.3269 0.0023 -0.9451
vn 0.3269 0.0021 -0.9450
vn -0.3271 0.0000 0.9450
vn 0.3275 -0.0000 -0.9449
vn -0.3276 0.0000 0.9448
vn -0.3275 0.0004 0.9448
vn 0.9460 0.0000 0.3242
vn -0.3272 0.0000 0.9450
vn -0.9485 0.0000 -0.3166
vn 0.3271 0.0000 -0.9450
vn 0.9460 0.0000 0.3243
vn 0.3283 0.0000 -0.9446
vn -0.3284 0.0000 0.9445
vn 0.9410 0.0000 0.3383
vn -0.3202 0.0000 0.9473
vn -0.9529 0.0000 -0.3032
vn 0.3203 -0.0000 -0.9473
vn 0.3276 0.0000 -0.9448
vn -0.3275 0.0000 0.9448
vn 0.3272 -0.0013 -0.9450
vn 0.3271 -0.0003 -0.9450
vn 0.2711 0.0035 -0.9626
vn 0.2711 0.0029 -0.9625
vn 0.2711 0.0034 -0.9626
vn -0.2713 0.0000 0.9625
vn 0.2732 0.0000 -0.9620
vn -0.2732 0.0000 0.9620
vn -0.2732 0.0007 0.9620
vn -0.2732 0.0004 0.9620
vn 0.9632 0.0000 0.2686
vn -0.2678 0.0000 0.9635
vn -0.9652 0.0000 -0.2616
vn 0.2678 0.0000 -0.9635
vn 0.9633 0.0000 0.2686
vn 0.2682 0.0000 -0.9634
vn -0.2682 0.0000 0.9634
vn 0.9596 0.0000 0.2814
vn -0.2648 0.0000 0.9643
vn -0.9685 0.0000 -0.2490
vn 0.2649 0.0000 -0.9643
vn 0.2733 0.0000 -0.9619
vn 0.2715 -0.0029 -0.9624
vn 0.2715 -0.0030 -0.9624
vn 0.2714 0.0000 -0.9625
vn -0.2712 0.0000 0.9625
vn 0.2235 0.0041 -0.9747
vn -0.2237 0.0000 0.9746
vn -0.2237 0.0000 0.9747
vn 0.9761 0.0000 0.2172
vn 0.2042 0.0000 -0.9789
vn -0.9775 0.0000 -0.2109
vn -0.2041 0.0000 0.9789
vn 0.9734 0.0000 0.2291
vn -0.2135 0.0000 0.9769
vn -0.9799 0.0000 -0.1994
vn 0.2137 0.0000 -0.9769
vn 0.2239 -0.0016 -0.9746
vn 0.2239 -0.0020 -0.9746
vn 0.2238 0.0000 -0.9746
vn 0.1726 0.0014 -0.9850
vn -0.1726 0.0000 0.9850
vn 0.1740 0.0000 -0.9847
vn -0.1741 0.0000 0.9847
vn -0.1741 0.0003 0.9847
vn 0.9854 0.0000 0.1704
vn -0.1744 0.0000 0.9847
vn -0.9864 0.0000 -0.1645
vn 0.1743 0.0000 -0.9847
vn 0.1752 0.0000 -0.9845
vn -0.1752 0.0000 0.9845
vn 0.9834 0.0000 0.1812
vn -0.1677 0.0000 0.9858
vn -0.9881 0.0000 -0.1540
vn 0.1677 0.0000 -0.9858
vn 0.1742 0.0000 -0.9847
vn -0.1740 0.0000 0.9847
vn 0.1727 -0.0007 -0.9850
vn 0.1727 -0.0006 -0.9850
vn 0.1727 0.0000 -0.9850
vn 0.1344 0.0035 -0.9909
vn 0.1344 0.0036 -0.9909
vn -0.1346 0.0000 0.9909
vn 0.1353 0.0000 -0.9908
vn -0.1353 -0.0000 0.9908
vn -0.1353 0.0002 0.9908
vn 0.9918 0.0000 0.1276
vn -0.1186 0.0000 0.9929
vn -0.9925 0.0000 -0.1223
vn 0.1186 0.0000 -0.9929
vn 0.9918 0.0000 0.1275
vn 0.1179 0.0000 -0.9930
vn -0.1178 0.0000 0.9930
vn 0.9905 0.0000 0.1374
vn -0.1238 0.0000 0.9923
vn -0.9936 0.0000 -0.1128
vn 0.1240 0.0000 -0.9923
vn 0.1348 -0.0018 -0.9909
vn 0.1348 -0.0019 -0.9909
vn 0.1347 0.0000 -0.9909
vn 0.0918 0.0012 -0.9958
vn -0.0918 -0.0000 0.9958
vn 0.0929 0.0000 -0.9957
vn -0.0930 0.0000 0.9957
vn -0.0930 0.0003 0.9957
vn 0.9961 0.0000 0.0887
vn -0.0914 0.0000 0.9958
vn -0.9965 0.0000 -0.0838
vn 0.0914 0.0000 -0.9958
vn 0.0919 0.0000 -0.9958
vn -0.0919 0.0000 0.9958
vn 0.9952 0.0000 0.0977
vn -0.0872 0.0000 0.9962
vn -0.9972 0.0000 -0.0751
vn 0.0871 0.0000 -0.9962
vn 0.0931 0.0000 -0.9957
vn 0.0930 0.0000 -0.9957
vn -0.0929 0.0000 0.9957
vn 0.0919 -0.0008 -0.9958
vn 0.0919 -0.0007 -0.9958
vn 0.0919 -0.0003 -0.9958
vn 0.0918 0.0000 -0.9958
vn 0.0597 0.0012 -0.9982
vn 0.0597 0.0013 -0.9982
vn -0.0598 0.0000 0.9982
vn 0.0601 0.0000 -0.9982
vn -0.0601 -0.0000 0.9982
vn -0.0601 0.0002 0.9982
vn 0.9986 0.0000 0.0531
vn -0.0422 0.0000 0.9991
vn -0.9988 0.0000 -0.0489
vn 0.0423 0.0000 -0.9991
vn 0.9986 0.0000 0.0532
vn 0.0415 0.0000 -0.9991
vn -0.0414 0.0000 0.9991
vn 0.9981 0.0000 0.0615
vn -0.0503 0.0000 0.9987
vn -0.9992 0.0000 -0.0411
vn 0.0504 0.0000 -0.9987
vn 0.0599 -0.0008 -0.9982
vn 0.0598 -0.0003 -0.9982
vn 0.0599 -0.0006 -0.9982
vn 0.0598 0.0000 -0.9982
vn 0.0264 0.0027 -0.9996
vn -0.0266 0.0000 0.9996
vn -0.0266 0.0001 0.9996
vn 0.0279 0.0000 -0.9996
vn -0.0279 0.0000 0.9996
vn -0.0279 0.0004 0.9996
vn 0.9998 0.0000 0.0211
vn -0.0186 0.0000 0.9998
vn -0.9999 0.0000 -0.0171
vn 0.0186 0.0000 -0.9998
vn -0.0185 0.0000 0.9998
vn 0.9996 0.0000 0.0284
vn -1.0000 0.0000 -0.0098
vn 0.0000 1.0000 0.0001
vn 0.0280 0.0000 -0.9996
vn 0.0267 -0.0021 -0.9996
vn 0.0267 -0.0022 -0.9996
vn 0.0267 -0.0023 -0.9996
vn 0.0266 0.0000 -0.9996
vn -0.0265 0.0000 0.9996
vn 0.0031 0.0000 -1.0000
vn 0.0020 1.0000 0.0000
vn -0.0020 -1.0000 0.0000
vn -0.0031 0.0000 1.0000
vn 0.0021 0.0000 -1.0000
vn -0.0026 -0.0001 1.0000
vn 1.0000 0.0000 -0.0084
vn 0.0039 0.0000 1.0000
vn -0.9999 0.0000 0.0122
vn -0.0040 0.0000 -1.0000
vn -0.0035 0.0000 -1.0000
vn 0.0035 0.0000 1.0000
vn 1.0000 0.0000 -0.0016
vn -0.9999 0.0000 0.0144
vn -0.0039 0.0000 -1.0000
vn 0.0034 1.0000 -0.0000
vn -0.0037 -1.0000 -0.0000
vn 0.0022 0.0000 -1.0000
vn 0.0037 1.0000 0.0001
vn -0.0036 -1.0000 -0.0000
vn -0.0037 -1.0000 -0.0001
vn -0.0028 -0.0000 1.0000
vn -0.0026 -0.0000 1.0000
vn 0.0031 0.0003 -1.0000
vn -0.9803 -0.0252 -0.1958
vn -0.9665 0.0000 -0.2566
vn -0.9665 -0.0000 -0.2567
vn -0.9665 0.0060 -0.2567
vn -0.9651 0.0023 -0.2618
vn -0.9680 0.0114 -0.2506
vn -0.9665 0.0114 -0.2565
vn -0.9660 0.0166 -0.2581
vn -0.9657 -0.0021 -0.2597
vn -0.9668 -0.0059 -0.2556
vn 0.8627 0.0261 0.5050
vn 0.8628 0.0261 0.5050
vn 0.8286 0.0000 0.5598
vn 0.8285 -0.0000 0.5600
vn 0.8288 0.0060 0.5594
vn 0.8255 0.0031 0.5645
vn 0.8301 -0.0174 0.5573
vn 0.8318 -0.0121 0.5550
vn 0.8266 -0.0167 0.5626
vn 0.8295 -0.0011 0.5586
vn 0.8266 0.0023 0.5628
vn 0.8266 0.0022 0.5628
vn 0.7808 0.0000 0.6248
vn -0.6248 0.0000 0.7808
vn -0.7808 0.0000 -0.6248
vn 0.6248 0.0000 -0.7808
vn 0.7072 0.0000 0.7071
vn 0.8232 -0.4990 0.2708
vn -0.8647 -0.4390 0.2441
vn 0.3186 -0.8315 -0.4551
vn -0.0000 0.0000 1.0000
vn -1.0000 0.0000 0.0000
vn 0.0000 0.0000 -1.0000
vn 1.0000 0.0000 0.0000
vn 0.7071 0.0000 0.7072
vn 0.7071 -0.0001 0.7071
vn -0.7071 -0.0001 -0.7071
vn 0.9895 -0.1003 0.1045
vn 0.7018 0.0005 -0.7124
vn 0.6491 -0.0049 -0.7606
vn 0.6492 -0.0050 -0.7606
vn 0.6487 0.0030 -0.7610
vn 0.6487 0.0031 -0.7610
vn 0.5828 -0.0044 -0.8126
vn 0.5828 -0.0042 -0.8126
vn 0.5828 -0.0041 -0.8126
vn 0.5824 0.0027 -0.8129
vn 0.5824 0.0030 -0.8129
vn 0.5159 -0.0040 -0.8566
vn 0.5159 -0.0035 -0.8566
vn 0.5159 -0.0037 -0.8566
vn -0.6348 -0.0002 0.7727
vn -0.6348 0.0012 0.7726
vn 0.6360 0.0025 -0.7717
vn 0.5154 0.0036 -0.8569
vn 0.4507 -0.0034 -0.8927
vn 0.4507 -0.0033 -0.8927
vn 0.6309 0.0089 -0.7758
vn -0.6327 -0.0016 0.7744
vn -0.6332 0.0022 0.7740
vn -0.4417 0.0000 0.8972
vn 0.6296 0.0268 -0.7764
vn 0.4502 0.0038 -0.8929
vn 0.4502 0.0039 -0.8929
vn 0.3888 -0.0028 -0.9213
vn 0.3888 -0.0027 -0.9213
vn 0.4160 -0.0253 -0.9090
vn -0.4198 0.0038 0.9076
vn -0.4203 -0.0006 0.9074
vn -0.4203 -0.0014 0.9074
vn 0.4184 -0.0077 -0.9082
vn 0.3883 0.0041 -0.9215
vn 0.3884 0.0035 -0.9215
vn 0.3271 -0.0004 -0.9450
vn -0.3276 -0.0001 0.9448
vn -0.9486 0.0000 -0.3166
vn 0.3270 0.0017 -0.9450
vn 0.3270 0.0012 -0.9450
vn 0.3270 0.0015 -0.9450
vn 0.2715 -0.0033 -0.9624
vn -0.2732 -0.0003 0.9620
vn -0.2683 0.0000 0.9633
vn 0.2711 0.0030 -0.9625
vn 0.2711 0.0028 -0.9625
vn 0.2239 -0.0024 -0.9746
vn 0.2239 -0.0023 -0.9746
vn 0.2239 -0.0022 -0.9746
vn 0.2235 0.0038 -0.9747
vn 0.1727 -0.0004 -0.9850
vn -0.1741 -0.0004 0.9847
vn 0.1726 0.0013 -0.9850
vn 0.1725 0.0018 -0.9850
vn 0.1348 -0.0017 -0.9909
vn -0.1353 -0.0001 0.9908
vn 0.1344 0.0031 -0.9909
vn 0.1344 0.0032 -0.9909
vn 0.1344 0.0033 -0.9909
vn 0.0919 -0.0005 -0.9958
vn 0.0919 -0.0004 -0.9958
vn -0.0930 -0.0002 0.9957
vn -0.0920 0.0000 0.9958
vn 0.0598 -0.0004 -0.9982
vn -0.0415 0.0000 0.9991
vn 0.0597 0.0014 -0.9982
vn 0.0267 -0.0016 -0.9996
vn 0.0267 -0.0008 -0.9996
vn -0.0279 -0.0001 0.9996
vn -0.0000 -1.0000 -0.0001
vn 0.0264 0.0023 -0.9996
vn 0.0264 0.0024 -0.9996
vn 0.0031 0.0004 -1.0000
vn 0.0020 1.0000 -0.0001
vn -0.0031 0.0001 1.0000
vn 0.0023 0.0000 -1.0000
vn -0.0023 -0.0000 1.0000
vn -0.0028 0.0001 1.0000
vn 0.0034 0.0000 1.0000
vn 0.0037 1.0000 0.0000
vn 0.0041 -0.0344 -0.9994
vn 0.0033 1.0000 -0.0000
vn -0.0036 -1.0000 -0.0001
vn 0.0038 0.9998 -0.0208
vn -0.9671 0.0400 -0.2512
vn -0.9665 -0.0001 -0.2567
vn -0.9651 0.0024 -0.2617
vn -0.9680 0.0115 -0.2508
vn -0.9659 0.0168 -0.2584
vn -0.9650 0.0099 -0.2621
vn -0.9676 0.0031 -0.2523
vn -0.9687 -0.0008 -0.2483
vn -0.9686 0.0068 -0.2486
vn 0.8310 -0.0415 0.5547
vn 0.8285 0.0003 0.5600
vn 0.8254 0.0031 0.5645
vn 0.8303 -0.0171 0.5571
vn 0.8267 -0.0165 0.5623
vn 0.8285 -0.0118 0.5598
vn 0.8338 -0.0064 0.5520
vn 0.8309 -0.0030 0.5564
vn 0.8311 -0.0089 0.5561
vn -0.7793 0.4851 0.3966
vn 0.3185 -0.8315 -0.4552
vn -0.6207 -0.7840 0.0000
usemtl Default_OBJ.001
s off
f 32/1/1 9/2/1 33/3/1
f 34/4/2 32/1/2 33/5/2
f 33/6/1 21/7/1 54/8/1
f 21/7/1 33/3/1 51/9/1
f 21/10/1 20/11/1 55/12/1
f 23/13/3 9/2/3 32/1/3
f 29/14/4 24/15/4 21/7/4
f 23/16/4 31/17/4 10/18/4
f 10/19/5 31/20/5 29/21/5
f 20/22/3 21/10/3 24/23/3
f 33/6/6 54/8/6 27/24/6
f 32/25/6 34/26/6 62/27/6
f 34/4/5 33/5/5 30/28/5
f 35/29/1 38/30/1 37/31/1
f 39/32/4 35/33/4 36/34/4
f 41/35/7 40/36/7 39/37/7
f 37/38/6 38/39/6 40/40/6
f 36/41/3 37/42/3 41/43/3
f 19/44/1 43/45/1 42/46/1
f 13/47/6 42/48/6 44/49/6
f 12/50/7 44/51/7 46/52/7
f 19/53/4 45/54/4 46/55/4
f 48/56/1 47/57/1 61/58/1
f 60/59/4 47/60/4 48/61/4
f 60/62/5 50/63/5 61/64/5
f 16/65/8 15/66/8 17/67/8
f 17/68/1 18/69/1 16/65/1
f 4/70/1 14/71/1 7/72/1
f 4/73/1 7/72/1 17/74/1
f 14/71/1 4/70/1 11/75/1
f 56/76/6 26/77/6 52/78/6
f 57/79/4 55/12/4 20/11/4
f 53/80/5 55/81/5 57/82/5
f 52/83/3 26/84/3 27/85/3
f 12/86/3 45/87/3 19/88/3
f 58/89/7 50/90/7 60/91/7
f 49/92/6 61/93/6 50/94/6
f 59/95/3 48/96/3 49/97/3
f 18/69/1 17/68/1 7/72/1
f 8/98/1 7/72/1 14/71/1
f 51/99/1 9/100/1 10/19/1
f 51/9/1 33/3/1 9/100/1
f 54/8/1 21/10/1 55/12/1
f 68/101/6 69/102/6 80/103/6
f 78/104/4 79/105/4 150/106/4
f 78/107/5 81/108/5 69/109/5
f 84/110/4 82/111/4 76/112/4
f 106/113/5 87/114/5 84/115/5
f 79/116/3 76/117/3 82/118/3
f 77/119/6 83/120/6 85/121/6
f 74/122/6 75/123/6 64/124/6
f 75/125/5 72/126/5 85/127/5
f 77/128/3 70/129/3 80/130/3
f 88/131/1 91/132/1 90/133/1
f 92/134/4 88/135/4 89/136/4
f 95/137/7 94/138/7 92/139/7
f 90/140/6 91/141/6 94/142/6
f 89/143/3 90/144/3 95/145/3
f 96/146/1 107/147/1 98/148/1
f 96/149/6 97/150/6 100/151/6
f 101/152/7 99/153/7 100/154/7
f 101/155/4 102/156/4 98/157/4
f 105/158/1 103/159/1 66/160/1
f 104/161/4 109/162/4 103/163/4
f 103/164/5 109/165/5 67/166/5
f 86/167/3 71/168/3 74/169/3
f 86/170/4 87/171/4 106/172/4
f 99/173/3 101/174/3 107/175/3
f 67/176/7 109/177/7 104/178/7
f 66/179/6 67/180/6 108/181/6
f 104/182/3 105/183/3 110/184/3
f 129/185/6 1/186/6 125/187/6
f 156/188/4 149/189/4 128/190/4
f 151/191/3 123/192/3 130/193/3
f 126/194/5 149/195/5 156/196/5
f 154/197/4 127/198/4 122/199/4
f 132/200/4 120/201/4 151/202/4
f 120/203/5 132/204/5 5/205/5
f 127/206/3 154/207/3 6/208/3
f 121/209/6 147/210/6 155/211/6
f 123/212/6 124/213/6 2/214/6
f 121/215/5 131/216/5 2/217/5
f 147/218/3 125/219/3 1/220/3
f 133/221/1 135/222/1 134/223/1
f 137/224/4 136/225/4 133/226/4
f 139/227/7 138/228/7 136/229/7
f 134/230/6 135/231/6 138/232/6
f 148/233/3 134/234/3 139/235/3
f 118/236/1 112/237/1 141/238/1
f 119/239/6 118/240/6 140/241/6
f 111/242/7 119/243/7 142/244/7
f 112/245/4 111/246/4 143/247/4
f 117/248/1 144/249/1 145/250/1
f 113/251/4 144/252/4 117/253/4
f 144/254/5 113/255/5 114/256/5
f 111/257/3 112/258/3 118/259/3
f 146/260/7 114/261/7 113/262/7
f 116/263/6 145/264/6 114/265/6
f 115/266/3 117/267/3 116/268/3
f 153/269/6 152/270/6 1/186/6
f 5/271/4 158/272/4 159/273/4
f 157/274/4 160/275/4 161/276/4
f 163/277/7 162/278/7 165/279/7
f 167/280/6 166/281/6 162/282/6
f 169/283/1 168/284/1 166/285/1
f 164/286/4 165/287/4 168/288/4
f 167/289/3 163/290/3 164/291/3
f 171/292/7 170/293/7 173/294/7
f 175/295/6 174/296/6 170/297/6
f 177/298/1 176/299/1 174/300/1
f 172/301/4 173/302/4 176/303/4
f 171/304/3 172/305/3 177/306/3
f 179/307/7 178/308/7 181/309/7
f 183/310/6 182/311/6 178/312/6
f 185/313/1 184/314/1 182/315/1
f 180/316/4 181/317/4 184/318/4
f 183/319/3 179/320/3 180/321/3
f 187/322/7 186/323/7 189/324/7
f 190/325/6 186/326/6 187/327/6
f 193/328/1 192/329/1 190/330/1
f 188/331/4 189/332/4 192/333/4
f 191/334/3 187/335/3 188/336/3
f 195/337/7 194/338/7 197/339/7
f 199/340/6 198/341/6 194/342/6
f 201/343/1 200/344/1 198/345/1
f 196/346/4 197/347/4 200/348/4
f 199/349/3 195/350/3 196/351/3
f 203/352/7 202/353/7 205/354/7
f 207/355/6 206/356/6 202/357/6
f 209/358/1 208/359/1 206/360/1
f 204/361/4 205/362/4 208/363/4
f 207/364/3 203/365/3 204/366/3
f 211/367/7 210/368/7 213/369/7
f 214/370/6 210/371/6 211/372/6
f 217/373/1 216/374/1 214/375/1
f 212/376/4 213/377/4 216/378/4
f 211/379/3 212/380/3 217/381/3
f 186/382/5 190/383/5 192/384/5
f 198/385/5 200/386/5 197/387/5
f 202/388/5 206/389/5 208/390/5
f 214/391/5 216/392/5 213/393/5
f 219/394/7 218/395/7 221/396/7
f 223/397/6 222/398/6 218/399/6
f 225/400/1 224/401/1 222/402/1
f 220/403/4 221/404/4 224/405/4
f 219/406/3 220/407/3 225/408/3
f 227/409/7 226/410/7 229/411/7
f 230/412/6 226/413/6 227/414/6
f 233/415/1 232/416/1 230/417/1
f 228/418/4 229/419/4 232/420/4
f 231/421/3 227/422/3 228/423/3
f 235/424/7 234/425/7 237/426/7
f 239/427/6 238/428/6 234/429/6
f 241/430/1 240/431/1 238/432/1
f 236/433/4 237/434/4 240/435/4
f 239/436/3 235/437/3 236/438/3
f 243/439/7 242/440/7 245/441/7
f 246/442/4 243/443/4 244/444/4
f 248/445/1 246/446/1 247/447/1
f 242/448/6 248/449/6 249/450/6
f 246/451/3 248/452/3 242/453/3
f 251/454/7 250/455/7 253/456/7
f 254/457/6 250/458/6 251/459/6
f 257/460/1 256/461/1 254/462/1
f 252/463/4 253/464/4 256/465/4
f 255/466/3 251/467/3 252/468/3
f 259/469/7 258/470/7 261/471/7
f 262/472/6 258/473/6 259/474/6
f 265/475/1 264/476/1 262/477/1
f 260/478/4 261/479/4 264/480/4
f 263/481/3 259/482/3 260/483/3
f 267/484/7 266/485/7 269/486/7
f 270/487/6 266/488/6 267/489/6
f 273/490/1 272/491/1 270/492/1
f 268/493/4 269/494/4 272/495/4
f 271/496/3 267/497/3 268/498/3
f 275/499/7 274/500/7 277/501/7
f 279/502/6 278/503/6 274/504/6
f 281/505/1 280/506/1 278/507/1
f 276/508/4 277/509/4 280/510/4
f 279/511/3 275/512/3 276/513/3
f 283/514/7 282/515/7 285/516/7
f 286/517/6 282/518/6 283/519/6
f 289/520/1 288/521/1 286/522/1
f 284/523/4 285/524/4 288/525/4
f 287/526/3 283/527/3 284/528/3
f 262/529/5 264/530/5 261/531/5
f 266/532/5 270/533/5 272/534/5
f 274/535/5 278/536/5 280/537/5
f 282/538/5 286/539/5 288/540/5
f 291/541/7 290/542/7 293/543/7
f 295/544/6 294/545/6 290/546/6
f 297/547/1 296/548/1 294/549/1
f 292/550/4 293/551/4 296/552/4
f 291/553/3 292/554/3 297/555/3
f 299/556/7 298/557/7 301/558/7
f 302/559/4 299/560/4 300/561/4
f 304/562/1 302/563/1 303/564/1
f 298/565/6 304/566/6 305/567/6
f 302/568/3 304/569/3 298/570/3
f 307/571/7 306/572/7 309/573/7
f 310/574/6 306/575/6 307/576/6
f 313/577/1 312/578/1 310/579/1
f 308/580/4 309/581/4 312/582/4
f 311/583/3 307/584/3 308/585/3
f 315/586/7 314/587/7 317/588/7
f 315/589/4 316/590/4 319/591/4
f 320/592/1 318/593/1 319/594/1
f 314/595/6 320/596/6 321/597/6
f 320/598/3 314/599/3 315/600/3
f 323/601/7 322/602/7 325/603/7
f 327/604/6 326/605/6 322/606/6
f 329/607/1 328/608/1 326/609/1
f 324/610/4 325/611/4 328/612/4
f 327/613/3 323/614/3 324/615/3
f 331/616/7 330/617/7 333/618/7
f 334/619/4 331/620/4 332/621/4
f 336/622/1 334/623/1 335/624/1
f 330/625/6 336/626/6 337/627/6
f 336/628/3 330/629/3 331/630/3
f 339/631/7 338/632/7 341/633/7
f 343/634/6 342/635/6 338/636/6
f 345/637/1 344/638/1 342/639/1
f 340/640/4 341/641/4 344/642/4
f 339/643/3 340/644/3 345/645/3
f 347/646/7 346/647/7 349/648/7
f 350/649/4 347/650/4 348/651/4
f 352/652/1 350/653/1 351/654/1
f 346/655/6 352/656/6 353/657/6
f 350/658/3 352/659/3 346/660/3
f 355/661/7 354/662/7 357/663/7
f 359/664/6 358/665/6 354/666/6
f 361/667/1 360/668/1 358/669/1
f 356/670/4 357/671/4 360/672/4
f 359/673/3 355/674/3 356/675/3
f 363/676/7 362/677/7 365/678/7
f 367/679/6 366/680/6 362/681/6
f 369/682/1 368/683/1 366/684/1
f 364/685/4 365/686/4 368/687/4
f 367/688/3 363/689/3 364/690/3
f 371/691/7 370/692/7 373/693/7
f 374/694/6 370/695/6 371/696/6
f 377/697/1 376/698/1 374/699/1
f 372/700/4 373/701/4 376/702/4
f 371/703/3 372/704/3 377/705/3
f 379/706/7 378/707/7 381/708/7
f 383/709/6 382/710/6 378/711/6
f 385/712/1 384/713/1 382/714/1
f 380/715/4 381/716/4 384/717/4
f 383/718/3 379/719/3 380/720/3
f 354/721/5 358/722/5 360/723/5
f 362/724/5 366/725/5 368/726/5
f 370/727/5 374/728/5 376/729/5
f 378/730/5 382/731/5 384/732/5
f 387/733/9 386/734/9 389/735/9
f 390/736/3 393/737/3 392/738/3
f 394/739/5 387/740/5 388/741/5
f 396/742/5 399/743/5 398/744/5
f 389/745/3 386/746/3 401/747/3
f 402/748/10 405/749/10 404/750/10
f 393/751/10 390/752/10 407/753/10
f 407/754/5 402/755/5 403/756/5
f 404/757/3 405/758/3 409/759/3
f 411/760/11 410/761/11 413/762/11
f 415/763/12 414/764/12 410/765/12
f 417/766/13 416/767/13 414/768/13
f 412/769/14 413/770/14 416/771/14
f 411/772/3 412/773/3 417/774/3
f 419/775/11 418/776/11 421/777/11
f 419/778/15 420/779/15 423/780/15
f 424/781/13 422/782/13 423/783/13
f 418/784/16 424/785/16 425/786/16
f 422/787/3 424/788/3 418/789/3
f 392/790/17 398/791/17 399/792/17
f 396/793/17 397/794/17 400/795/17
f 395/796/10 408/797/10 409/798/10
f 427/799/18 426/800/18 386/801/18
f 428/802/3 390/803/3 391/804/3
f 394/805/5 430/806/5 427/807/5
f 396/808/5 431/809/5 432/810/5
f 386/811/3 426/812/3 433/813/3
f 402/814/19 434/815/19 435/816/19
f 390/817/20 428/818/20 436/819/20
f 407/820/5 436/821/5 434/822/5
f 435/823/3 437/824/3 409/825/3
f 391/826/21 399/827/22 432/828/21
f 431/829/23 396/830/23 401/831/23
f 394/832/20 409/833/20 437/834/20
f 439/835/24 438/836/25 426/837/24
f 440/838/3 428/839/3 429/840/3
f 430/841/5 442/842/5 439/843/5
f 431/844/5 443/845/5 444/846/5
f 426/847/3 438/848/3 445/849/3
f 434/850/26 446/851/26 447/852/26
f 428/853/26 440/854/26 448/855/26
f 436/856/5 448/857/5 446/858/5
f 447/859/3 449/860/3 437/861/3
f 451/862/27 450/863/27 453/864/27
f 454/865/28 451/866/28 452/867/28
f 454/868/29 455/869/29 457/870/29
f 450/871/30 456/872/30 457/873/30
f 456/874/3 450/875/3 451/876/3
f 459/877/31 458/878/31 461/879/31
f 462/880/32 458/881/32 459/882/32
f 465/883/33 464/884/33 462/885/33
f 460/886/34 461/887/34 464/888/34
f 459/889/3 460/890/3 465/891/3
f 458/892/5 462/893/5 464/894/5
f 429/895/35 432/896/36 444/897/37
f 443/898/38 431/899/38 433/900/38
f 430/901/39 437/902/39 449/903/39
f 467/904/40 466/905/40 438/906/41
f 468/907/3 440/908/3 441/909/3
f 442/910/5 470/911/5 467/912/5
f 443/913/5 471/914/5 472/915/5
f 438/916/3 466/917/3 473/918/3
f 446/919/42 474/920/42 475/921/42
f 440/922/42 468/923/42 476/924/42
f 448/925/5 476/926/5 474/927/5
f 475/928/3 477/929/3 449/930/3
f 479/931/43 478/932/43 481/933/43
f 482/934/44 485/935/44 484/936/44
f 487/937/45 486/938/45 489/939/46
f 491/940/47 490/941/47 493/942/47
f 494/943/48 491/944/48 492/945/48
f 496/946/49 494/947/49 495/948/49
f 490/949/50 496/950/50 497/951/50
f 496/952/3 490/953/3 491/954/3
f 498/955/51 501/956/51 500/957/51
f 503/958/52 502/959/52 498/960/52
f 505/961/53 504/962/53 502/963/53
f 501/964/54 504/965/54 505/966/54
f 499/967/3 500/968/3 505/969/3
f 498/970/5 502/971/5 504/972/5
f 480/973/3 481/974/3 507/975/3
f 509/976/5 508/977/5 511/978/5
f 509/979/55 510/980/56 513/981/57
f 508/982/58 506/983/58 507/984/58
f 485/985/3 482/986/3 515/987/3
f 484/988/5 489/989/5 486/990/5
f 479/991/5 516/992/5 517/993/5
f 487/994/3 488/995/3 512/996/3
f 517/997/59 516/998/59 514/999/59
f 441/1000/60 444/1001/60 472/1002/60
f 471/1003/61 443/1004/61 445/1005/61
f 442/1006/62 449/1007/62 477/1008/62
f 519/1009/63 518/1010/64 466/1011/65
f 520/1012/3 468/1013/3 469/1014/3
f 470/1015/5 522/1016/5 519/1017/5
f 471/1018/5 523/1019/5 524/1020/5
f 466/1021/3 518/1022/3 525/1023/3
f 474/1024/66 526/1025/66 527/1026/66
f 468/1027/66 520/1028/66 528/1029/66
f 476/1030/5 528/1031/5 526/1032/5
f 527/1033/3 529/1034/3 477/1035/3
f 478/1036/67 530/1037/67 531/1038/67
f 533/1039/68 532/1040/69 482/1041/69
f 535/1042/70 534/1043/70 486/1044/70
f 536/1045/71 539/1046/71 538/1047/71
f 537/1048/72 538/1049/72 541/1050/72
f 542/1051/73 540/1052/73 541/1053/73
f 536/1054/74 542/1055/74 543/1056/74
f 540/1057/3 542/1058/3 536/1059/3
f 545/1060/75 544/1061/75 547/1062/75
f 549/1063/76 548/1064/76 544/1065/76
f 551/1066/77 550/1067/77 548/1068/77
f 546/1069/78 547/1070/78 550/1071/78
f 549/1072/3 545/1073/3 546/1074/3
f 548/1075/5 550/1076/5 547/1077/5
f 481/1078/3 531/1079/3 552/1080/3
f 510/1081/5 511/1082/5 554/1083/5
f 513/1084/79 510/1085/79 553/1086/79
f 507/1087/80 552/1088/80 554/1089/80
f 482/1090/3 532/1091/3 556/1092/3
f 483/1093/5 486/1094/5 534/1095/5
f 478/1096/5 517/1097/5 557/1098/5
f 535/1099/3 487/1100/3 513/1101/3
f 557/1102/81 517/1103/81 515/1104/81
f 469/1105/82 472/1106/83 524/1107/83
f 523/1108/84 471/1109/84 473/1110/84
f 470/1111/66 477/1112/66 529/1113/66
f 559/1114/85 558/1115/85 518/1116/85
f 560/1117/3 520/1118/3 521/1119/3
f 522/1120/5 562/1121/5 559/1122/5
f 523/1123/5 563/1124/5 564/1125/5
f 518/1126/3 558/1127/3 565/1128/3
f 526/1129/86 566/1130/86 567/1131/86
f 520/1132/87 560/1133/87 568/1134/87
f 528/1135/5 568/1136/5 566/1137/5
f 567/1138/3 569/1139/3 529/1140/3
f 530/1141/88 570/1142/88 571/1143/88
f 573/1144/89 572/1145/89 532/1146/89
f 575/1147/90 574/1148/91 534/1149/92
f 576/1150/93 579/1151/93 578/1152/93
f 577/1153/94 578/1154/94 581/1155/94
f 580/1156/95 581/1157/95 583/1158/95
f 576/1159/96 582/1160/96 583/1161/96
f 580/1162/3 582/1163/3 576/1164/3
f 585/1165/97 584/1166/97 587/1167/97
f 589/1168/98 588/1169/98 584/1170/98
f 590/1171/99 588/1172/99 589/1173/99
f 586/1174/100 587/1175/100 590/1176/100
f 589/1177/3 585/1178/3 586/1179/3
f 588/1180/5 590/1181/5 587/1182/5
f 531/1183/3 571/1184/3 592/1185/3
f 553/1186/5 554/1187/5 594/1188/5
f 555/1189/101 553/1190/102 593/1191/101
f 552/1192/103 592/1193/103 594/1194/103
f 532/1195/3 572/1196/3 596/1197/3
f 533/1198/5 534/1199/5 574/1200/5
f 530/1201/5 557/1202/5 597/1203/5
f 575/1204/3 535/1205/3 555/1206/3
f 597/1207/104 557/1208/104 556/1209/104
f 521/1210/105 524/1211/106 564/1212/107
f 523/1213/108 525/1214/108 565/1215/108
f 529/1216/87 569/1217/87 562/1218/87
f 599/1219/109 598/1220/109 558/1221/110
f 600/1222/3 560/1223/3 561/1224/3
f 562/1225/5 602/1226/5 599/1227/5
f 563/1228/5 603/1229/5 604/1230/5
f 558/1231/3 598/1232/3 605/1233/3
f 566/1234/111 606/1235/111 607/1236/111
f 560/1237/111 600/1238/111 608/1239/111
f 568/1240/5 608/1241/5 606/1242/5
f 607/1243/3 609/1244/3 569/1245/3
f 610/1246/112 611/1247/112 571/1248/112
f 613/1249/113 612/1250/113 572/1251/113
f 615/1252/114 614/1253/114 574/1254/114
f 617/1255/115 616/1256/115 619/1257/115
f 620/1258/116 616/1259/116 617/1260/116
f 623/1261/117 622/1262/117 620/1263/117
f 618/1264/118 619/1265/118 622/1266/118
f 621/1267/3 617/1268/3 618/1269/3
f 625/1270/119 624/1271/119 627/1272/119
f 628/1273/120 625/1274/120 626/1275/120
f 630/1276/117 628/1277/117 629/1278/117
f 624/1279/121 630/1280/121 631/1281/121
f 630/1282/3 624/1283/3 625/1284/3
f 633/1285/122 632/1286/122 635/1287/122
f 637/1288/123 636/1289/123 632/1290/123
f 638/1291/124 636/1292/124 637/1293/124
f 635/1294/125 638/1295/125 639/1296/125
f 633/1297/3 634/1298/3 639/1299/3
f 632/1300/5 636/1301/5 638/1302/5
f 571/1303/3 611/1304/3 640/1305/3
f 594/1306/5 642/1307/5 641/1308/5
f 595/1309/126 593/1310/126 641/1311/126
f 594/1312/126 592/1313/126 640/1314/126
f 596/1315/3 572/1316/3 612/1317/3
f 574/1318/5 614/1319/5 613/1320/5
f 570/1321/5 597/1322/5 645/1323/5
f 575/1324/3 595/1325/3 643/1326/3
f 645/1327/127 597/1328/127 596/1329/127
f 561/1330/128 564/1331/129 604/1332/128
f 603/1333/118 563/1334/118 565/1335/118
f 569/1336/111 609/1337/111 602/1338/111
f 647/1339/130 646/1340/131 598/1341/132
f 648/1342/3 600/1343/3 601/1344/3
f 602/1345/5 650/1346/5 647/1347/5
f 603/1348/5 651/1349/5 652/1350/5
f 598/1351/3 646/1352/3 653/1353/3
f 606/1354/133 654/1355/133 655/1356/133
f 600/1357/133 648/1358/133 656/1359/133
f 608/1360/5 656/1361/5 654/1362/5
f 655/1363/3 657/1364/3 609/1365/3
f 658/1366/134 659/1367/134 611/1368/134
f 660/1369/135 612/1370/135 613/1371/135
f 663/1372/136 662/1373/137 614/1374/137
f 665/1375/138 664/1376/138 667/1377/138
f 668/1378/139 664/1379/139 665/1380/139
f 671/1381/140 670/1382/140 668/1383/140
f 666/1384/141 667/1385/141 670/1386/141
f 669/1387/3 665/1388/3 666/1389/3
f 673/1390/142 672/1391/142 675/1392/142
f 676/1393/143 673/1394/143 674/1395/143
f 678/1396/140 676/1397/140 677/1398/140
f 678/1399/144 679/1400/144 675/1401/144
f 678/1402/3 672/1403/3 673/1404/3
f 681/1405/145 680/1406/145 683/1407/145
f 685/1408/146 684/1409/146 680/1410/146
f 686/1411/147 684/1412/147 685/1413/147
f 682/1414/148 683/1415/148 686/1416/148
f 681/1417/3 682/1418/3 687/1419/3
f 680/1420/5 684/1421/5 686/1422/5
f 611/1423/3 659/1424/3 688/1425/3
f 642/1426/5 690/1427/5 689/1428/5
f 643/1429/149 641/1430/149 689/1431/149
f 640/1432/149 688/1433/149 690/1434/149
f 644/1435/3 612/1436/3 660/1437/3
f 614/1438/5 662/1439/5 661/1440/5
f 610/1441/5 645/1442/5 693/1443/5
f 615/1444/3 643/1445/3 691/1446/3
f 693/1447/135 645/1448/135 644/1449/135
f 601/1450/150 604/1451/151 652/1452/150
f 603/1453/152 605/1454/152 653/1455/152
f 602/1456/153 609/1457/153 657/1458/153
f 695/1459/154 694/1460/154 646/1461/154
f 696/1462/3 648/1463/3 649/1464/3
f 650/1465/5 698/1466/5 695/1467/5
f 651/1468/5 699/1469/5 700/1470/5
f 646/1471/3 694/1472/3 701/1473/3
f 654/1474/155 702/1475/155 703/1476/155
f 648/1477/156 696/1478/156 704/1479/156
f 656/1480/5 704/1481/5 702/1482/5
f 703/1483/3 705/1484/3 657/1485/3
f 706/1486/7 709/1487/7 708/1488/7
f 709/1487/7 706/1486/7 711/1489/7
f 712/1490/7 715/1491/7 714/1492/7
f 716/1493/7 712/1490/7 713/1494/7
f 712/1490/7 716/1493/7 708/1488/7
f 719/1495/157 718/1496/157 721/1497/157
f 722/1498/158 719/1499/158 720/1500/158
f 722/1501/159 723/1502/159 725/1503/159
f 718/1504/160 724/1505/160 725/1506/160
f 722/1507/3 724/1508/3 718/1509/3
f 727/1510/161 726/1511/161 729/1512/161
f 730/1513/162 726/1514/162 727/1515/162
f 733/1516/163 732/1517/163 730/1518/163
f 729/1519/164 732/1520/164 733/1521/164
f 727/1522/3 728/1523/3 733/1524/3
f 726/1525/5 730/1526/5 732/1527/5
f 649/1528/165 652/1529/166 700/1530/166
f 699/1531/167 651/1532/167 653/1533/167
f 650/1534/156 657/1535/156 705/1536/156
f 735/1537/168 734/1538/168 694/1539/168
f 736/1540/3 696/1541/3 697/1542/3
f 698/1543/5 738/1544/5 735/1545/5
f 699/1546/5 739/1547/5 740/1548/5
f 694/1549/3 734/1550/3 741/1551/3
f 702/1552/169 742/1553/169 743/1554/169
f 696/1555/169 736/1556/169 744/1557/169
f 704/1558/5 744/1559/5 742/1560/5
f 743/1561/3 745/1562/3 705/1563/3
f 746/1564/170 749/1565/170 748/1566/170
f 750/1567/171 753/1568/171 752/1569/171
f 755/1570/172 754/1571/172 757/1572/172
f 759/1573/173 758/1574/173 761/1575/173
f 762/1576/174 758/1577/174 759/1578/174
f 765/1579/175 764/1580/175 762/1581/175
f 761/1582/176 764/1583/176 765/1584/176
f 763/1585/3 759/1586/3 760/1587/3
f 767/1588/173 766/1589/173 769/1590/173
f 767/1591/177 768/1592/177 771/1593/177
f 770/1594/175 771/1595/175 773/1596/175
f 766/1597/178 772/1598/178 773/1599/178
f 772/1600/3 766/1601/3 767/1602/3
f 775/1603/179 774/1604/179 777/1605/179
f 778/1606/180 774/1607/180 775/1608/180
f 781/1609/181 780/1610/181 778/1611/181
f 777/1612/182 780/1613/182 781/1614/182
f 779/1615/3 775/1616/3 776/1617/3
f 778/1618/5 780/1619/5 777/1620/5
f 748/1621/3 749/1622/3 783/1623/3
f 784/1624/5 787/1625/5 786/1626/5
f 788/1627/183 785/1628/183 786/1629/183
f 784/1630/183 782/1631/183 783/1632/183
f 790/1633/3 753/1634/3 750/1635/3
f 757/1636/5 754/1637/5 751/1638/5
f 747/1639/5 792/1640/5 793/1641/5
f 756/1642/3 788/1643/3 789/1644/3
f 793/1645/184 792/1646/184 790/1647/184
f 697/1648/185 700/1649/186 740/1650/186
f 739/1651/187 699/1652/187 701/1653/187
f 698/1654/169 705/1655/169 745/1656/169
f 795/1657/188 794/1658/188 734/1659/189
f 796/1660/3 736/1661/3 737/1662/3
f 738/1663/5 798/1664/5 795/1665/5
f 739/1666/5 799/1667/5 800/1668/5
f 734/1669/3 794/1670/3 801/1671/3
f 742/1672/190 802/1673/190 803/1674/190
f 796/1675/190 804/1676/190 744/1677/190
f 744/1678/5 804/1679/5 802/1680/5
f 803/1681/3 805/1682/3 745/1683/3
f 746/1684/191 806/1685/191 807/1686/191
f 808/1687/192 750/1688/192 751/1689/192
f 811/1690/193 810/1691/193 754/1692/193
f 813/1693/194 812/1694/194 815/1695/194
f 816/1696/195 812/1697/195 813/1698/195
f 819/1699/196 818/1700/196 816/1701/196
f 814/1702/197 815/1703/197 818/1704/197
f 813/1705/3 814/1706/3 819/1707/3
f 821/1708/198 820/1709/198 823/1710/198
f 821/1711/199 822/1712/199 825/1713/199
f 826/1714/196 824/1715/196 825/1716/196
f 820/1717/200 826/1718/200 827/1719/200
f 824/1720/3 826/1721/3 820/1722/3
f 829/1723/201 828/1724/201 831/1725/201
f 833/1726/202 832/1727/202 828/1728/202
f 835/1729/203 834/1730/203 832/1731/203
f 830/1732/204 831/1733/204 834/1734/204
f 829/1735/3 830/1736/3 835/1737/3
f 828/1738/5 832/1739/5 834/1740/5
f 749/1741/3 807/1742/3 836/1743/3
f 787/1744/5 838/1745/5 837/1746/5
f 789/1747/191 786/1748/191 837/1749/191
f 787/1750/191 783/1751/191 836/1752/191
f 791/1753/3 750/1754/3 808/1755/3
f 754/1756/5 810/1757/5 809/1758/5
f 746/1759/5 793/1760/5 841/1761/5
f 755/1762/3 789/1763/3 839/1764/3
f 841/1765/192 793/1766/192 791/1767/192
f 737/1768/205 740/1769/206 800/1770/205
f 739/1771/207 741/1772/207 801/1773/207
f 738/1774/190 745/1775/190 805/1776/190
f 843/1777/208 842/1778/208 794/1779/208
f 844/1780/3 796/1781/3 797/1782/3
f 798/1783/5 846/1784/5 843/1785/5
f 799/1786/5 847/1787/5 848/1788/5
f 794/1789/3 842/1790/3 849/1791/3
f 850/1792/209 851/1793/209 803/1794/209
f 844/1795/209 852/1796/209 804/1797/209
f 804/1798/5 852/1799/5 850/1800/5
f 851/1801/3 853/1802/3 805/1803/3
f 806/1804/210 854/1805/210 855/1806/210
f 856/1807/211 808/1808/211 809/1809/211
f 859/1810/212 858/1811/212 810/1812/212
f 861/1813/213 860/1814/213 863/1815/213
f 864/1816/214 860/1817/214 861/1818/214
f 867/1819/215 866/1820/215 864/1821/215
f 862/1822/216 863/1823/216 866/1824/216
f 865/1825/3 861/1826/3 862/1827/3
f 869/1828/213 868/1829/213 871/1830/213
f 872/1831/217 869/1832/217 870/1833/217
f 874/1834/215 872/1835/215 873/1836/215
f 868/1837/218 874/1838/218 875/1839/218
f 874/1840/3 868/1841/3 869/1842/3
f 876/1843/219 879/1844/219 878/1845/219
f 881/1846/220 880/1847/220 876/1848/220
f 883/1849/221 882/1850/221 880/1851/221
f 878/1852/222 879/1853/222 882/1854/222
f 881/1855/3 877/1856/3 878/1857/3
f 880/1858/5 882/1859/5 879/1860/5
f 807/1861/3 855/1862/3 884/1863/3
f 838/1864/5 886/1865/5 885/1866/5
f 837/1867/223 885/1868/223 887/1869/223
f 838/1870/224 836/1871/224 884/1872/224
f 840/1873/3 808/1874/3 856/1875/3
f 810/1876/5 858/1877/5 857/1878/5
f 806/1879/5 841/1880/5 889/1881/5
f 811/1882/3 839/1883/3 887/1884/3
f 889/1885/225 841/1886/225 840/1887/225
f 797/1888/226 800/1889/227 848/1890/228
f 847/1891/229 799/1892/229 801/1893/229
f 798/1894/209 805/1895/209 853/1896/209
f 891/1897/230 890/1898/230 842/1899/231
f 892/1900/3 844/1901/3 845/1902/3
f 846/1903/5 894/1904/5 891/1905/5
f 847/1906/5 895/1907/5 896/1908/5
f 842/1909/3 890/1910/3 897/1911/3
f 898/1912/232 899/1913/232 851/1914/232
f 844/1915/232 892/1916/232 900/1917/232
f 852/1918/5 900/1919/5 898/1920/5
f 899/1921/3 901/1922/3 853/1923/3
f 854/1924/233 902/1925/233 903/1926/233
f 904/1927/234 856/1928/234 857/1929/234
f 907/1930/235 906/1931/235 858/1932/235
f 909/1933/236 908/1934/236 911/1935/236
f 913/1936/237 912/1937/237 908/1938/237
f 915/1939/238 914/1940/238 912/1941/238
f 910/1942/239 911/1943/239 914/1944/239
f 909/1945/3 910/1946/3 915/1947/3
f 917/1948/240 916/1949/240 919/1950/240
f 917/1951/241 918/1952/241 921/1953/241
f 922/1954/238 920/1955/238 921/1956/238
f 916/1957/242 922/1958/242 923/1959/242
f 920/1960/3 922/1961/3 916/1962/3
f 925/1963/243 924/1964/243 927/1965/243
f 929/1966/244 928/1967/244 924/1968/244
f 931/1969/245 930/1970/245 928/1971/245
f 926/1972/246 927/1973/246 930/1974/246
f 925/1975/3 926/1976/3 931/1977/3
f 924/1978/5 928/1979/5 930/1980/5
f 855/1981/3 903/1982/3 932/1983/3
f 886/1984/5 934/1985/5 933/1986/5
f 887/1987/233 885/1988/233 933/1989/233
f 886/1990/233 884/1991/233 932/1992/233
f 888/1993/3 856/1994/3 904/1995/3
f 858/1996/5 906/1997/5 905/1998/5
f 854/1999/5 889/2000/5 937/2001/5
f 859/2002/3 887/2003/3 935/2004/3
f 937/2005/234 889/2006/234 888/2007/234
f 845/2008/247 848/2009/248 896/2010/249
f 895/2011/250 847/2012/250 849/2013/250
f 846/2014/232 853/2015/232 901/2016/232
f 939/2017/251 938/2018/251 890/2019/251
f 940/2020/3 892/2021/3 893/2022/3
f 894/2023/5 942/2024/5 939/2025/5
f 895/2026/5 943/2027/5 944/2028/5
f 890/2029/3 938/2030/3 945/2031/3
f 898/2032/252 946/2033/252 947/2034/252
f 940/2035/253 948/2036/253 900/2037/253
f 900/2038/5 948/2039/5 946/2040/5
f 947/2041/3 949/2042/3 901/2043/3
f 950/2044/254 951/2045/254 903/2046/254
f 952/2047/255 904/2048/255 905/2049/255
f 955/2050/256 954/2051/256 906/2052/256
f 957/2053/257 956/2054/257 959/2055/257
f 961/2056/258 960/2057/258 956/2058/258
f 963/2059/259 962/2060/259 960/2061/259
f 958/2062/260 959/2063/260 962/2064/260
f 957/2065/3 958/2066/3 963/2067/3
f 965/2068/257 964/2069/257 967/2070/257
f 968/2071/260 965/2072/260 966/2073/260
f 968/2074/259 969/2075/259 971/2076/259
f 964/2077/261 970/2078/261 971/2079/261
f 968/2080/3 970/2081/3 964/2082/3
f 973/2083/262 972/2084/262 975/2085/262
f 976/2086/261 972/2087/261 973/2088/261
f 978/2089/263 976/2090/263 977/2091/263
f 974/2092/260 975/2093/260 978/2094/260
f 973/2095/3 974/2096/3 979/2097/3
f 972/2098/5 976/2099/5 978/2100/5
f 903/2101/264 951/2102/264 980/2103/264
f 934/2104/5 982/2105/5 981/2106/5
f 935/2107/265 933/2108/265 981/2109/265
f 934/2110/265 932/2111/265 980/2112/265
f 936/2113/3 904/2114/3 952/2115/3
f 906/2116/5 954/2117/5 953/2118/5
f 902/2119/5 937/2120/5 985/2121/5
f 907/2122/3 935/2123/3 983/2124/3
f 985/2125/255 937/2126/255 936/2127/255
f 893/2128/266 896/2129/267 944/2130/268
f 943/2131/269 895/2132/269 897/2133/269
f 901/2134/270 949/2135/270 942/2136/270
f 1202/2137/271 1204/2138/271 938/2139/271
f 986/2140/272 940/2141/272 941/2142/272
f 942/2143/273 987/2144/273 1202/2145/273
f 943/2146/273 1201/2147/273 988/2148/273
f 938/2149/272 1204/2150/272 989/2151/272
f 946/2152/274 1199/2153/274 990/2154/274
f 940/2155/274 986/2156/274 991/2157/274
f 948/2158/273 991/2159/273 1199/2160/273
f 990/2161/272 1203/2162/272 949/2163/272
f 950/2164/275 992/2165/275 1221/2166/275
f 1222/2167/274 952/2168/274 953/2169/274
f 1217/2170/276 993/2171/276 954/2172/276
f 995/2173/277 994/2174/277 997/2175/277
f 999/2176/278 998/2177/278 994/2178/278
f 1001/2179/279 1000/2180/279 998/2181/279
f 996/2182/280 997/2183/280 1000/2184/280
f 999/2185/3 995/2186/3 996/2187/3
f 1003/2188/277 1002/2189/277 1005/2190/277
f 1006/2191/281 1003/2192/281 1004/2193/281
f 1006/2194/279 1007/2195/279 1009/2196/279
f 1002/2197/282 1008/2198/282 1009/2199/282
f 1008/2200/3 1002/2201/3 1003/2202/3
f 1011/2203/283 1010/2204/283 1013/2205/283
f 1015/2206/282 1014/2207/282 1010/2208/282
f 1016/2209/284 1014/2210/284 1015/2211/284
f 1012/2212/285 1013/2213/285 1016/2214/285
f 1015/2215/3 1011/2216/3 1012/2217/3
f 1014/2218/5 1016/2219/5 1013/2220/5
f 951/2221/286 1221/2222/286 1018/2223/286
f 982/2224/287 1218/2225/287 1019/2226/287
f 983/2227/288 981/2228/288 1019/2229/288
f 982/2230/288 980/2231/288 1018/2232/288
f 984/2233/289 952/2234/289 1222/2235/289
f 954/2236/290 993/2237/290 1219/2238/290
f 950/2239/291 985/2240/291 1223/2241/291
f 955/2242/3 983/2243/3 1020/2244/3
f 1223/2245/292 985/2246/293 984/2247/293
f 941/2248/294 944/2249/294 988/2250/294
f 943/2251/271 945/2252/271 989/2253/271
f 949/2254/274 1203/2255/274 987/2256/274
f 1105/2257/7 1104/2258/7 1108/2259/7
f 1021/2260/3 155/2261/3 1/220/3
f 1023/2262/3 1022/2263/3 1025/2264/3
f 1023/2262/3 1024/2265/3 1027/2266/3
f 1028/2267/5 2/217/5 131/216/5
f 1030/2268/5 1033/2269/5 1032/2270/5
f 1031/2271/5 1032/2270/5 1035/2272/5
f 1036/2273/6 130/2274/6 2/214/6
f 1038/2275/6 1037/2276/6 1030/2277/6
f 1039/2278/6 1038/2275/6 1031/2279/6
f 1029/2280/6 131/2281/6 155/211/6
f 1033/2282/6 1022/2283/6 1023/2284/6
f 1035/2285/6 1032/2286/6 1023/2284/6
f 1040/2287/3 6/208/3 154/207/3
f 1042/2288/3 1041/2289/3 1044/2290/3
f 1042/2288/3 1043/2291/3 1046/2292/3
f 158/2293/5 5/205/5 132/204/5
f 1047/2294/5 1050/2295/5 1049/2296/5
f 1048/2297/5 1049/2296/5 1052/2298/5
f 1054/2299/4 1053/2300/4 1052/2301/4
f 714/2302/4 715/2303/4 161/276/4
f 1048/2304/4 1051/2305/4 1046/2306/4
f 158/272/4 712/2307/4 709/2308/4
f 153/2309/5 129/2310/5 156/196/5
f 1057/2311/5 1056/2312/5 1059/2313/5
f 1057/2311/5 1058/2314/5 1061/2315/5
f 157/2316/3 130/193/3 1036/2317/3
f 1037/2318/3 1038/2319/3 1054/2320/3
f 1054/2320/3 1038/2319/3 1039/2321/3
f 156/188/4 6/2322/4 1040/2323/4
f 1059/2324/4 1041/2325/4 1042/2326/4
f 1058/2327/4 1042/2326/4 1045/2328/4
f 1060/2329/6 1027/2330/6 1024/2331/6
f 707/2332/6 152/270/6 153/269/6
f 1057/2333/6 1024/2331/6 1025/2334/6
f 1056/2335/6 1025/2334/6 1064/2336/6
f 1055/2337/4 1040/2323/4 710/2338/4
f 1066/2339/4 1065/2340/4 1041/2325/4
f 160/2341/3 1036/2317/3 713/2342/3
f 1068/2343/3 1067/2344/3 1037/2318/3
f 706/2345/5 153/2309/5 1055/2346/5
f 1056/2312/5 1063/2347/5 1066/2348/5
f 1047/2349/4 1048/2304/4 1043/2350/4
f 1069/2351/4 1047/2349/4 1044/2352/4
f 1054/2299/4 1049/2353/4 1050/2354/4
f 1068/2355/4 1062/2356/4 1050/2354/4
f 712/2357/5 158/2293/5 161/2358/5
f 1069/2359/5 1071/2360/5 1050/2295/5
f 1040/2287/3 159/2361/3 709/2362/3
f 1065/2363/3 1070/2364/3 1044/2290/3
f 716/2365/6 1029/2280/6 1021/2366/6
f 1033/2282/6 1072/2367/6 1073/2368/6
f 713/2369/6 1036/2273/6 1028/2370/6
f 1037/2276/6 1067/2371/6 1074/2372/6
f 717/2373/5 1028/2267/5 1029/2374/5
f 1074/2375/5 1072/2376/5 1033/2269/5
f 1021/2260/3 152/2377/3 707/2378/3
f 1022/2263/3 1073/2379/3 1064/2380/3
f 1067/2381/1 1068/2382/1 1072/2383/1
f 1068/2382/1 1071/2384/1 1069/2385/1
f 1063/2386/1 1064/2387/1 1073/2388/1
f 1066/2389/1 1063/2386/1 1070/2390/1
f 1069/2385/1 1070/2390/1 1073/2388/1
f 688/2391/295 659/2392/295 658/2393/295
f 693/2394/296 692/2395/296 660/2396/296
f 660/2396/297 661/2397/298 690/2398/299
f 661/2397/300 662/2399/301 663/2400/302
f 691/2401/303 689/2402/303 690/2398/304
f 1076/2403/7 1075/2404/7 1078/2405/7
f 1076/2406/4 1077/2407/4 1080/2408/4
f 1081/2409/1 1079/2410/1 1080/2411/1
f 1075/2412/6 1081/2413/6 1082/2414/6
f 1079/2415/3 1081/2416/3 1075/2417/3
f 479/2418/305 480/2419/305 506/2420/306
f 485/2421/307 514/2422/307 516/2423/307
f 506/2420/308 508/2424/309 484/2425/310
f 484/2425/311 508/2424/312 488/2426/313
f 508/2424/314 509/2427/315 512/2428/316
f 1026/2429/7 1027/2430/7 1060/2431/7
f 1061/2432/7 1045/2433/7 1046/2434/7
f 1026/2429/7 1046/2434/7 1051/2435/7
f 1051/2435/7 1052/2436/7 1053/2437/7
f 1039/2438/7 1034/2439/7 1035/2440/7
f 1084/2441/317 1083/2442/317 1086/2443/317
f 1088/2444/318 1087/2445/318 1083/2446/318
f 1090/2447/319 1089/2448/319 1087/2449/319
f 1085/2450/320 1086/2451/320 1089/2452/320
f 1084/2453/3 1085/2454/3 1090/2455/3
f 1107/2456/321 1104/2457/321 1106/2458/321
f 1102/2459/5 1092/2460/5 16/2461/5
f 1102/2462/4 1095/2463/4 16/65/4
f 1130/2464/7 1129/2465/7 1109/2466/7
f 1111/2467/322 1110/2468/7 1108/2469/7
f 1113/2470/1 1112/2471/1 1115/2472/1
f 1117/2473/4 1116/2474/4 1112/2475/4
f 1118/2476/7 1116/2477/7 1117/2478/7
f 1114/2479/6 1115/2480/6 1118/2481/6
f 1113/2482/3 1114/2483/3 1119/2484/3
f 1121/2485/1 1120/2486/1 1123/2487/1
f 1127/2488/6 1121/2489/6 1122/2490/6
f 1125/2491/7 1127/2492/7 1124/2493/7
f 1120/2494/4 1125/2495/4 1126/2496/4
f 1094/2497/7 1099/2498/7 1091/2499/7
f 1094/2497/7 1100/2500/7 1099/2498/7
f 1125/2501/3 1120/2502/3 1121/2503/3
f 1132/2504/1 1131/2505/1 1134/2506/1
f 1136/2507/4 1135/2508/4 1131/2509/4
f 1137/2510/7 1135/2511/7 1136/2512/7
f 1134/2513/6 1137/2514/6 1138/2515/6
f 1132/2516/3 1133/2517/3 1138/2518/3
f 1131/2519/5 1135/2520/5 1137/2521/5
f 11/75/1 4/70/1 1285/2522/1
f 1096/2523/6 1101/2524/6 8/98/6
f 11/2525/5 1097/2526/5 1096/2527/5
f 1094/2528/6 18/2529/6 7/2530/6
f 1092/2531/6 22/2532/6 3/2533/6
f 1094/2534/5 1093/2535/5 3/2536/5
f 8/2537/3 1101/2538/3 1100/2539/3
f 17/74/4 1091/2499/4 1099/2498/4
f 1095/2540/5 1091/2541/5 17/67/5
f 1098/2542/4 1097/2543/4 1285/2522/4
f 1150/2544/1 1139/2545/1 1141/2546/1
f 1151/2547/4 1142/2548/4 1139/2549/4
f 1144/2550/7 1143/2551/7 1142/2552/7
f 1140/2553/6 1141/2554/6 1143/2555/6
f 1151/2556/3 1150/2557/3 1140/2558/3
f 1153/2559/1 1154/2560/1 1146/2561/1
f 1152/2562/6 1153/2563/6 1145/2564/6
f 1148/2565/7 1152/2566/7 1147/2567/7
f 1148/2568/4 1149/2569/4 1146/2570/4
f 1102/2459/3 16/2461/3 22/2571/3
f 1152/2572/3 1148/2573/3 1154/2574/3
f 1156/2575/1 1155/2576/1 1158/2577/1
f 1160/2578/4 1159/2579/4 1155/2580/4
f 1162/2581/7 1161/2582/7 1159/2583/7
f 1157/2584/6 1158/2585/6 1161/2586/6
f 1160/2587/3 1156/2588/3 1157/2589/3
f 1159/2590/5 1161/2591/5 1158/2592/5
f 1164/2593/323 1129/2465/6 1130/2594/6
f 1111/2595/4 1163/2596/4 1192/2597/4
f 1128/2598/3 1168/2599/3 1167/2600/3
f 1163/2601/324 1111/2467/5 1129/2602/5
f 1108/2259/4 1195/2603/4 1169/2604/4
f 1103/2605/4 1198/2606/4 1168/2607/4
f 1169/2608/5 1198/2609/5 1103/2610/5
f 1192/2611/3 1195/2612/3 1108/2613/3
f 1165/2614/6 1109/2615/6 1104/2258/6
f 1167/2616/6 1196/2617/6 1107/2456/6
f 1196/2618/5 1197/2619/5 1104/2457/5
f 1165/2620/3 1166/2621/3 1130/2464/3
f 1193/2622/1 1170/2623/1 1172/2624/1
f 1194/2625/4 1173/2626/4 1170/2627/4
f 1174/2628/7 1173/2629/7 1194/2630/7
f 1171/2631/6 1172/2632/6 1174/2633/6
f 1193/2634/3 1171/2635/3 1175/2636/3
f 1176/2637/1 1190/2638/1 1178/2639/1
f 1188/2640/6 1176/2641/6 1177/2642/6
f 1180/2643/7 1188/2644/7 1179/2645/7
f 1190/2646/4 1180/2647/4 1181/2648/4
f 1187/2649/1 1182/2650/1 1189/2651/1
f 1185/2652/4 1184/2653/4 1182/2654/4
f 1182/2655/5 1184/2656/5 1186/2657/5
f 1180/2658/3 1190/2659/3 1176/2660/3
f 1191/2661/7 1186/2662/7 1184/2663/7
f 1183/2664/6 1189/2665/6 1186/2666/6
f 1187/2667/3 1183/2668/3 1191/2669/3
f 987/2670/325 1203/2671/325 1206/2672/325
f 1208/2673/326 1207/2674/326 1205/2675/326
f 1209/2676/326 1205/2675/326 1207/2674/326
f 1212/2677/326 1211/2678/326 1214/2679/326
f 1215/2680/326 1214/2679/326 1211/2678/326
f 1207/2674/326 1208/2673/326 1211/2678/326
f 1209/2681/327 1210/2682/327 1204/2683/327
f 1214/2684/3 1215/2685/3 986/2686/3
f 987/2687/5 1205/2688/5 1209/2689/5
f 1212/2690/327 1201/2691/327 989/2692/327
f 1214/2693/327 1200/2694/327 988/2695/327
f 1201/2696/5 1212/2697/5 1213/2698/5
f 1204/2699/3 1210/2700/3 1207/2701/3
f 1199/2702/325 1211/2703/325 1208/2704/325
f 986/2705/325 1215/2706/325 1216/2707/325
f 991/2708/5 1216/2709/5 1211/2710/5
f 990/2711/3 1208/2712/3 1206/2713/3
f 992/2714/327 1225/2715/327 1226/2716/327
f 1227/2717/326 1229/2718/326 1228/2719/326
f 1230/2720/326 1226/2721/326 1225/2722/326
f 1232/2723/326 1231/2724/326 1234/2725/326
f 1235/2726/326 1232/2723/326 1233/2727/326
f 1233/2727/326 1234/2725/326 1230/2720/326
f 1223/2728/325 1224/2729/325 1229/2730/325
f 1235/2731/3 1217/2732/3 1220/2733/3
f 992/2734/5 1223/2735/5 1227/2736/5
f 1233/2737/325 1228/2738/325 1222/2739/325
f 1235/2740/325 1236/2741/325 993/2742/325
f 1219/2743/5 993/2744/5 1236/2745/5
f 1224/2746/3 1222/2747/3 1228/2748/3
f 1218/2749/327 1018/2750/327 1230/2751/327
f 1220/2752/327 1019/2753/327 1231/2754/327
f 1019/2755/5 1218/2756/5 1234/2757/5
f 1018/2758/3 1221/2759/3 1226/2760/3
f 1238/2761/328 1237/2762/328 1240/2763/328
f 1242/2764/325 1241/2765/325 1237/2766/325
f 1244/2767/326 1243/2768/326 1241/2769/326
f 1239/2770/327 1240/2771/327 1243/2772/327
f 1242/2773/3 1238/2774/3 1239/2775/3
f 1246/2776/328 1245/2777/328 1248/2778/328
f 1249/2779/327 1246/2780/327 1247/2781/327
f 1251/2782/326 1249/2783/326 1250/2784/326
f 1245/2785/325 1251/2786/325 1252/2787/325
f 1249/2788/3 1251/2789/3 1245/2790/3
f 1254/2791/328 1253/2792/328 1256/2793/328
f 1257/2794/325 1253/2795/325 1254/2796/325
f 1260/2797/326 1259/2798/326 1257/2799/326
f 1255/2800/327 1256/2801/327 1259/2802/327
f 1258/2803/3 1254/2804/3 1255/2805/3
f 1262/2806/328 1261/2807/328 1264/2808/328
f 1262/2809/327 1263/2810/327 1266/2811/327
f 1267/2812/326 1265/2813/326 1266/2814/326
f 1261/2815/325 1267/2816/325 1268/2817/325
f 1265/2818/3 1267/2819/3 1261/2820/3
f 1270/2821/328 1269/2822/328 1272/2823/328
f 1273/2824/325 1269/2825/325 1270/2826/325
f 1276/2827/326 1275/2828/326 1273/2829/326
f 1271/2830/327 1272/2831/327 1275/2832/327
f 1274/2833/3 1270/2834/3 1271/2835/3
f 1278/2836/328 1277/2837/328 1280/2838/328
f 1281/2839/325 1277/2840/325 1278/2841/325
f 1284/2842/326 1283/2843/326 1281/2844/326
f 1279/2845/327 1280/2846/327 1283/2847/327
f 1282/2848/3 1278/2849/3 1279/2850/3
f 1269/2851/5 1273/2852/5 1275/2853/5
f 1277/2854/5 1281/2855/5 1283/2856/5
f 1098/2542/7 1099/2857/7 1097/2543/7
f 1099/2857/7 1096/2527/7 1097/2543/7
f 1091/2541/329 1095/2463/329 1102/2462/329
f 1093/2535/321 1094/2534/321 1092/2531/321
f 1092/2531/7 1094/2534/7 1102/2459/7
f 1094/2534/330 1091/2541/330 1102/2459/330
f 1101/2538/7 1096/2523/7 1100/2539/7
f 1099/2498/7 1100/2500/7 1096/2523/7
f 1097/2543/4 11/75/4 1285/2522/4
f 1099/2498/3 1285/2522/3 4/70/3
f 1099/2498/3 1098/2542/3 1285/2522/3
f 16/65/1 18/69/1 22/2571/1
f 3/2533/1 22/2532/1 18/69/1
f 55/12/331 53/80/331 54/8/331
f 53/80/1 52/83/1 54/8/1
f 1104/2457/330 1105/2257/330 1106/2458/330
f 1106/2458/7 1105/2257/7 1128/2598/7
f 1105/2257/329 1103/2605/329 1128/2598/329
f 1104/2258/7 1109/2615/7 1108/2259/7
f 1109/2615/7 1129/2465/7 1108/2259/7
f 1111/2467/332 1108/2469/7 1129/2465/7
f 23/13/3 32/1/3 28/2858/3
f 29/14/4 21/7/4 51/9/4
f 23/16/4 10/18/4 9/100/4
f 10/19/5 29/21/5 51/99/5
f 20/22/3 24/23/3 25/2859/3
f 33/6/6 27/24/6 30/2860/6
f 32/25/6 62/27/6 28/2861/6
f 34/4/5 30/28/5 62/2862/5
f 35/29/1 37/31/1 36/2863/1
f 39/32/4 36/34/4 63/2864/4
f 41/35/7 39/37/7 63/2865/7
f 37/38/6 40/40/6 41/2866/6
f 36/41/3 41/43/3 63/2867/3
f 19/44/1 42/46/1 13/2868/1
f 13/47/6 44/49/6 12/2869/6
f 12/50/7 46/52/7 45/2870/7
f 19/53/4 46/55/4 43/2871/4
f 48/56/1 61/58/1 49/2872/1
f 60/59/4 48/61/4 59/2873/4
f 60/62/5 61/64/5 47/2874/5
f 56/76/6 52/78/6 53/2875/6
f 57/79/4 20/11/4 25/2876/4
f 53/80/5 57/82/5 56/2877/5
f 52/83/3 27/85/3 54/2878/3
f 12/86/3 19/88/3 13/2879/3
f 58/89/7 60/91/7 59/2880/7
f 49/92/6 50/94/6 58/2881/6
f 59/95/3 49/97/3 58/2882/3
f 68/101/6 80/103/6 70/2883/6
f 78/104/4 150/106/4 81/2884/4
f 78/107/5 69/109/5 68/2885/5
f 84/110/4 76/112/4 73/2886/4
f 106/113/5 84/115/5 73/2887/5
f 79/116/3 82/118/3 150/2888/3
f 77/119/6 85/121/6 72/2889/6
f 74/122/6 64/124/6 65/2890/6
f 75/125/5 85/127/5 64/2891/5
f 77/128/3 80/130/3 83/2892/3
f 88/131/1 90/133/1 89/2893/1
f 92/134/4 89/136/4 93/2894/4
f 95/137/7 92/139/7 93/2895/7
f 90/140/6 94/142/6 95/2896/6
f 89/143/3 95/145/3 93/2897/3
f 96/146/1 98/148/1 97/2898/1
f 96/149/6 100/151/6 99/2899/6
f 101/152/7 100/154/7 102/2900/7
f 101/155/4 98/157/4 107/2901/4
f 105/158/1 66/160/1 110/2902/1
f 104/161/4 103/163/4 105/2903/4
f 103/164/5 67/166/5 66/2904/5
f 86/167/3 74/169/3 65/2905/3
f 86/170/4 106/172/4 71/2906/4
f 99/173/3 107/175/3 96/2907/3
f 67/176/7 104/178/7 108/2908/7
f 66/179/6 108/181/6 110/2909/6
f 104/182/3 110/184/3 108/2910/3
f 129/185/6 125/187/6 126/2911/6
f 156/188/4 128/190/4 6/2322/4
f 151/191/3 130/193/3 157/2316/3
f 126/194/5 156/196/5 129/2310/5
f 154/197/4 122/199/4 5/271/4
f 132/200/4 151/202/4 157/274/4
f 120/203/5 5/205/5 122/2912/5
f 127/206/3 6/208/3 128/2913/3
f 121/209/6 155/211/6 131/2281/6
f 123/212/6 2/214/6 130/2274/6
f 121/215/5 2/217/5 124/2914/5
f 147/218/3 1/220/3 155/2261/3
f 133/221/1 134/223/1 148/2915/1
f 137/224/4 133/226/4 148/2916/4
f 139/227/7 136/229/7 137/2917/7
f 134/230/6 138/232/6 139/2918/6
f 148/233/3 139/235/3 137/2919/3
f 118/236/1 141/238/1 140/2920/1
f 119/239/6 140/241/6 142/2921/6
f 111/242/7 142/244/7 143/2922/7
f 112/245/4 143/247/4 141/2923/4
f 117/248/1 145/250/1 116/2924/1
f 113/251/4 117/253/4 115/2925/4
f 144/254/5 114/256/5 145/2926/5
f 111/257/3 118/259/3 119/2927/3
f 146/260/7 113/262/7 115/2928/7
f 116/263/6 114/265/6 146/2929/6
f 115/266/3 116/268/3 146/2930/3
f 153/269/6 1/186/6 129/185/6
f 5/271/4 159/273/4 154/197/4
f 157/274/4 161/276/4 132/200/4
f 163/277/7 165/279/7 164/2931/7
f 167/280/6 162/282/6 163/2932/6
f 169/283/1 166/285/1 167/2933/1
f 164/286/4 168/288/4 169/2934/4
f 167/289/3 164/291/3 169/2935/3
f 171/292/7 173/294/7 172/2936/7
f 175/295/6 170/297/6 171/2937/6
f 177/298/1 174/300/1 175/2938/1
f 172/301/4 176/303/4 177/2939/4
f 171/304/3 177/306/3 175/2940/3
f 179/307/7 181/309/7 180/2941/7
f 183/310/6 178/312/6 179/2942/6
f 185/313/1 182/315/1 183/2943/1
f 180/316/4 184/318/4 185/2944/4
f 183/319/3 180/321/3 185/2945/3
f 187/322/7 189/324/7 188/2946/7
f 190/325/6 187/327/6 191/2947/6
f 193/328/1 190/330/1 191/2948/1
f 188/331/4 192/333/4 193/2949/4
f 191/334/3 188/336/3 193/2950/3
f 195/337/7 197/339/7 196/2951/7
f 199/340/6 194/342/6 195/2952/6
f 201/343/1 198/345/1 199/2953/1
f 196/346/4 200/348/4 201/2954/4
f 199/349/3 196/351/3 201/2955/3
f 203/352/7 205/354/7 204/2956/7
f 207/355/6 202/357/6 203/2957/6
f 209/358/1 206/360/1 207/2958/1
f 204/361/4 208/363/4 209/2959/4
f 207/364/3 204/366/3 209/2960/3
f 211/367/7 213/369/7 212/2961/7
f 214/370/6 211/372/6 215/2962/6
f 217/373/1 214/375/1 215/2963/1
f 212/376/4 216/378/4 217/2964/4
f 211/379/3 217/381/3 215/2965/3
f 186/382/5 192/384/5 189/2966/5
f 198/385/5 197/387/5 194/2967/5
f 202/388/5 208/390/5 205/2968/5
f 214/391/5 213/393/5 210/2969/5
f 219/394/7 221/396/7 220/2970/7
f 223/397/6 218/399/6 219/2971/6
f 225/400/1 222/402/1 223/2972/1
f 220/403/4 224/405/4 225/2973/4
f 219/406/3 225/408/3 223/2974/3
f 227/409/7 229/411/7 228/2975/7
f 230/412/6 227/414/6 231/2976/6
f 233/415/1 230/417/1 231/2977/1
f 228/418/4 232/420/4 233/2978/4
f 231/421/3 228/423/3 233/2979/3
f 235/424/7 237/426/7 236/2980/7
f 239/427/6 234/429/6 235/2981/6
f 241/430/1 238/432/1 239/2982/1
f 236/433/4 240/435/4 241/2983/4
f 239/436/3 236/438/3 241/2984/3
f 243/439/7 245/441/7 244/2985/7
f 246/442/4 244/444/4 247/2986/4
f 248/445/1 247/447/1 249/2987/1
f 242/448/6 249/450/6 245/2988/6
f 246/451/3 242/453/3 243/2989/3
f 251/454/7 253/456/7 252/2990/7
f 254/457/6 251/459/6 255/2991/6
f 257/460/1 254/462/1 255/2992/1
f 252/463/4 256/465/4 257/2993/4
f 255/466/3 252/468/3 257/2994/3
f 259/469/7 261/471/7 260/2995/7
f 262/472/6 259/474/6 263/2996/6
f 265/475/1 262/477/1 263/2997/1
f 260/478/4 264/480/4 265/2998/4
f 263/481/3 260/483/3 265/2999/3
f 267/484/7 269/486/7 268/3000/7
f 270/487/6 267/489/6 271/3001/6
f 273/490/1 270/492/1 271/3002/1
f 268/493/4 272/495/4 273/3003/4
f 271/496/3 268/498/3 273/3004/3
f 275/499/7 277/501/7 276/3005/7
f 279/502/6 274/504/6 275/3006/6
f 281/505/1 278/507/1 279/3007/1
f 276/508/4 280/510/4 281/3008/4
f 279/511/3 276/513/3 281/3009/3
f 283/514/7 285/516/7 284/3010/7
f 286/517/6 283/519/6 287/3011/6
f 289/520/1 286/522/1 287/3012/1
f 284/523/4 288/525/4 289/3013/4
f 287/526/3 284/528/3 289/3014/3
f 262/529/5 261/531/5 258/3015/5
f 266/532/5 272/534/5 269/3016/5
f 274/535/5 280/537/5 277/3017/5
f 282/538/5 288/540/5 285/3018/5
f 291/541/7 293/543/7 292/3019/7
f 295/544/6 290/546/6 291/3020/6
f 297/547/1 294/549/1 295/3021/1
f 292/550/4 296/552/4 297/3022/4
f 291/553/3 297/555/3 295/3023/3
f 299/556/7 301/558/7 300/3024/7
f 302/559/4 300/561/4 303/3025/4
f 304/562/1 303/564/1 305/3026/1
f 298/565/6 305/567/6 301/3027/6
f 302/568/3 298/570/3 299/3028/3
f 307/571/7 309/573/7 308/3029/7
f 310/574/6 307/576/6 311/3030/6
f 313/577/1 310/579/1 311/3031/1
f 308/580/4 312/582/4 313/3032/4
f 311/583/3 308/585/3 313/3033/3
f 315/586/7 317/588/7 316/3034/7
f 315/589/4 319/591/4 318/3035/4
f 320/592/1 319/594/1 321/3036/1
f 314/595/6 321/597/6 317/3037/6
f 320/598/3 315/600/3 318/3038/3
f 323/601/7 325/603/7 324/3039/7
f 327/604/6 322/606/6 323/3040/6
f 329/607/1 326/609/1 327/3041/1
f 324/610/4 328/612/4 329/3042/4
f 327/613/3 324/615/3 329/3043/3
f 331/616/7 333/618/7 332/3044/7
f 334/619/4 332/621/4 335/3045/4
f 336/622/1 335/624/1 337/3046/1
f 330/625/6 337/627/6 333/3047/6
f 336/628/3 331/630/3 334/3048/3
f 339/631/7 341/633/7 340/3049/7
f 343/634/6 338/636/6 339/3050/6
f 345/637/1 342/639/1 343/3051/1
f 340/640/4 344/642/4 345/3052/4
f 339/643/3 345/645/3 343/3053/3
f 347/646/7 349/648/7 348/3054/7
f 350/649/4 348/651/4 351/3055/4
f 352/652/1 351/654/1 353/3056/1
f 346/655/6 353/657/6 349/3057/6
f 350/658/3 346/660/3 347/3058/3
f 355/661/7 357/663/7 356/3059/7
f 359/664/6 354/666/6 355/3060/6
f 361/667/1 358/669/1 359/3061/1
f 356/670/4 360/672/4 361/3062/4
f 359/673/3 356/675/3 361/3063/3
f 363/676/7 365/678/7 364/3064/7
f 367/679/6 362/681/6 363/3065/6
f 369/682/1 366/684/1 367/3066/1
f 364/685/4 368/687/4 369/3067/4
f 367/688/3 364/690/3 369/3068/3
f 371/691/7 373/693/7 372/3069/7
f 374/694/6 371/696/6 375/3070/6
f 377/697/1 374/699/1 375/3071/1
f 372/700/4 376/702/4 377/3072/4
f 371/703/3 377/705/3 375/3073/3
f 379/706/7 381/708/7 380/3074/7
f 383/709/6 378/711/6 379/3075/6
f 385/712/1 382/714/1 383/3076/1
f 380/715/4 384/717/4 385/3077/4
f 383/718/3 380/720/3 385/3078/3
f 354/721/5 360/723/5 357/3079/5
f 362/724/5 368/726/5 365/3080/5
f 370/727/5 376/729/5 373/3081/5
f 378/730/5 384/732/5 381/3082/5
f 387/733/17 389/735/17 388/3083/17
f 390/736/3 392/738/3 391/3084/3
f 394/739/5 388/741/5 395/3085/5
f 396/742/5 398/744/5 397/3086/5
f 389/745/3 401/747/3 400/3087/3
f 402/748/10 404/750/10 403/3088/10
f 393/751/10 407/753/10 406/3089/10
f 407/754/5 403/756/5 406/3090/5
f 404/757/3 409/759/3 408/3091/3
f 411/760/11 413/762/11 412/3092/11
f 415/763/12 410/765/12 411/3093/12
f 417/766/13 414/768/13 415/3094/13
f 412/769/14 416/771/14 417/3095/14
f 411/772/3 417/774/3 415/3096/3
f 419/775/11 421/777/11 420/3097/11
f 419/778/15 423/780/15 422/3098/15
f 424/781/13 423/783/13 425/3099/13
f 418/784/16 425/786/16 421/3100/16
f 422/787/3 418/789/3 419/3101/3
f 392/790/333 399/792/333 391/3102/333
f 396/793/17 400/795/17 401/3103/17
f 395/796/10 409/798/10 394/3104/10
f 427/799/334 386/801/334 387/3105/335
f 428/802/3 391/804/3 429/3106/3
f 394/805/5 427/807/5 387/3107/5
f 396/808/5 432/810/5 399/3108/5
f 386/811/3 433/813/3 401/3109/3
f 402/814/19 435/816/19 405/3110/19
f 390/817/20 436/819/20 407/3111/20
f 407/820/5 434/822/5 402/3112/5
f 435/823/3 409/825/3 405/3113/3
f 391/826/336 432/828/336 429/3114/337
f 431/829/23 401/831/23 433/3115/23
f 394/832/20 437/834/20 430/3116/20
f 439/835/338 426/837/339 427/3117/340
f 440/838/3 429/840/3 441/3118/3
f 430/841/5 439/843/5 427/3119/5
f 431/844/5 444/846/5 432/3120/5
f 426/847/3 445/849/3 433/3121/3
f 434/850/26 447/852/26 435/3122/26
f 428/853/26 448/855/26 436/3123/26
f 436/856/5 446/858/5 434/3124/5
f 447/859/3 437/861/3 435/3125/3
f 451/862/27 453/864/27 452/3126/27
f 454/865/28 452/867/28 455/3127/28
f 454/868/29 457/870/29 456/3128/29
f 450/871/30 457/873/30 453/3129/30
f 456/874/3 451/876/3 454/3130/3
f 459/877/31 461/879/31 460/3131/31
f 462/880/32 459/882/32 463/3132/32
f 465/883/33 462/885/33 463/3133/33
f 460/886/34 464/888/34 465/3134/34
f 459/889/3 465/891/3 463/3135/3
f 458/892/5 464/894/5 461/3136/5
f 429/895/341 444/897/342 441/3137/341
f 443/898/38 433/900/38 445/3138/38
f 430/901/39 449/903/39 442/3139/39
f 467/904/343 438/906/344 439/3140/345
f 468/907/3 441/909/3 469/3141/3
f 442/910/5 467/912/5 439/3142/5
f 443/913/5 472/915/5 444/3143/5
f 438/916/3 473/918/3 445/3144/3
f 446/919/42 475/921/42 447/3145/42
f 440/922/42 476/924/42 448/3146/42
f 448/925/5 474/927/5 446/3147/5
f 475/928/3 449/930/3 447/3148/3
f 479/931/43 481/933/43 480/3149/43
f 482/934/346 484/936/346 483/3150/346
f 487/937/347 489/939/347 488/3151/347
f 491/940/47 493/942/47 492/3152/47
f 494/943/48 492/945/48 495/3153/48
f 496/946/49 495/948/49 497/3154/49
f 490/949/50 497/951/50 493/3155/50
f 496/952/3 491/954/3 494/3156/3
f 498/955/51 500/957/51 499/3157/51
f 503/958/52 498/960/52 499/3158/52
f 505/961/53 502/963/53 503/3159/53
f 501/964/54 505/966/54 500/3160/54
f 499/967/3 505/969/3 503/3161/3
f 498/970/5 504/972/5 501/3162/5
f 480/973/3 507/975/3 506/3163/3
f 509/976/5 511/978/5 510/3164/5
f 509/979/348 513/981/348 512/3165/348
f 508/982/58 507/984/58 511/3166/58
f 485/985/3 515/987/3 514/3167/3
f 484/988/5 486/990/5 483/3168/5
f 479/991/5 517/993/5 478/3169/5
f 487/994/3 512/996/3 513/3170/3
f 517/997/59 514/999/59 515/3171/59
f 441/1000/41 472/1002/349 469/3172/41
f 471/1003/61 445/1005/61 473/3173/61
f 442/1006/62 477/1008/62 470/3174/62
f 519/1009/350 466/1011/351 467/3175/350
f 520/1012/3 469/1014/3 521/3176/3
f 470/1015/5 519/1017/5 467/3177/5
f 471/1018/5 524/1020/5 472/3178/5
f 466/1021/3 525/1023/3 473/3179/3
f 474/1024/66 527/1026/66 475/3180/66
f 468/1027/66 528/1029/66 476/3181/66
f 476/1030/5 526/1032/5 474/3182/5
f 527/1033/3 477/1035/3 475/3183/3
f 478/1036/352 531/1038/352 481/3184/352
f 533/1039/353 482/1041/353 483/3185/353
f 535/1042/354 486/1044/354 487/3186/354
f 536/1045/71 538/1047/71 537/3187/71
f 537/1048/72 541/1050/72 540/3188/72
f 542/1051/73 541/1053/73 543/3189/73
f 536/1054/355 543/1056/355 539/3190/355
f 540/1057/3 536/1059/3 537/3191/3
f 545/1060/75 547/1062/75 546/3192/75
f 549/1063/76 544/1065/76 545/3193/76
f 551/1066/77 548/1068/77 549/3194/77
f 546/1069/78 550/1071/78 551/3195/78
f 549/1072/3 546/1074/3 551/3196/3
f 548/1075/5 547/1077/5 544/3197/5
f 481/1078/3 552/1080/3 507/3198/3
f 510/1081/5 554/1083/5 553/3199/5
f 513/1084/356 553/1086/356 555/3200/356
f 507/1087/80 554/1089/80 511/3201/80
f 482/1090/3 556/1092/3 515/3202/3
f 483/1093/5 534/1095/5 533/3203/5
f 478/1096/5 557/1098/5 530/3204/5
f 535/1099/3 513/1101/3 555/3205/3
f 557/1102/81 515/1104/81 556/3206/81
f 469/1105/357 524/1107/357 521/3207/358
f 523/1108/84 473/1110/84 525/3208/84
f 470/1111/66 529/1113/66 522/3209/66
f 559/1114/359 518/1116/360 519/3210/360
f 560/1117/3 521/1119/3 561/3211/3
f 522/1120/5 559/1122/5 519/3212/5
f 523/1123/5 564/1125/5 524/3213/5
f 518/1126/3 565/1128/3 525/3214/3
f 526/1129/86 567/1131/86 527/3215/86
f 520/1132/87 568/1134/87 528/3216/87
f 528/1135/5 566/1137/5 526/3217/5
f 567/1138/3 529/1140/3 527/3218/3
f 530/1141/361 571/1143/361 531/3219/361
f 573/1144/362 532/1146/362 533/3220/362
f 575/1147/89 534/1149/363 535/3221/364
f 576/1150/93 578/1152/93 577/3222/93
f 577/1153/94 581/1155/94 580/3223/94
f 580/1156/95 583/1158/95 582/3224/95
f 576/1159/96 583/1161/96 579/3225/96
f 580/1162/3 576/1164/3 577/3226/3
f 585/1165/97 587/1167/97 586/3227/97
f 589/1168/98 584/1170/98 585/3228/98
f 590/1171/99 589/1173/99 591/3229/99
f 586/1174/100 590/1176/100 591/3230/100
f 589/1177/3 586/1179/3 591/3231/3
f 588/1180/5 587/1182/5 584/3232/5
f 531/1183/3 592/1185/3 552/3233/3
f 553/1186/5 594/1188/5 593/3234/5
f 555/1189/365 593/1191/365 595/3235/365
f 552/1192/103 594/1194/103 554/3236/103
f 532/1195/3 596/1197/3 556/3237/3
f 533/1198/5 574/1200/5 573/3238/5
f 530/1201/5 597/1203/5 570/3239/5
f 575/1204/3 555/1206/3 595/3240/3
f 597/1207/104 556/1209/104 596/3241/104
f 521/1210/366 564/1212/367 561/3242/366
f 523/1213/108 565/1215/108 563/3243/108
f 529/1216/87 562/1218/87 522/3244/87
f 599/1219/368 558/1221/368 559/3245/368
f 600/1222/3 561/1224/3 601/3246/3
f 562/1225/5 599/1227/5 559/3247/5
f 563/1228/5 604/1230/5 564/3248/5
f 558/1231/3 605/1233/3 565/3249/3
f 566/1234/111 607/1236/111 567/3250/111
f 560/1237/111 608/1239/111 568/3251/111
f 568/1240/5 606/1242/5 566/3252/5
f 607/1243/3 569/1245/3 567/3253/3
f 610/1246/112 571/1248/112 570/3254/112
f 613/1249/113 572/1251/113 573/3255/113
f 615/1252/369 574/1254/369 575/3256/369
f 617/1255/115 619/1257/115 618/3257/115
f 620/1258/116 617/1260/116 621/3258/116
f 623/1261/370 620/1263/370 621/3259/370
f 618/1264/118 622/1266/118 623/3260/118
f 621/1267/3 618/1269/3 623/3261/3
f 625/1270/119 627/1272/119 626/3262/119
f 628/1273/120 626/1275/120 629/3263/120
f 630/1276/117 629/1278/117 631/3264/117
f 624/1279/121 631/1281/121 627/3265/121
f 630/1282/3 625/1284/3 628/3266/3
f 633/1285/122 635/1287/122 634/3267/122
f 637/1288/123 632/1290/123 633/3268/123
f 638/1291/124 637/1293/124 639/3269/124
f 635/1294/125 639/1296/125 634/3270/125
f 633/1297/3 639/1299/3 637/3271/3
f 632/1300/5 638/1302/5 635/3272/5
f 571/1303/3 640/1305/3 592/3273/3
f 594/1306/5 641/1308/5 593/3274/5
f 595/1309/126 641/1311/126 643/3275/126
f 594/1312/126 640/1314/126 642/3276/126
f 596/1315/3 612/1317/3 644/3277/3
f 574/1318/5 613/1320/5 573/3278/5
f 570/1321/5 645/1323/5 610/3279/5
f 575/1324/3 643/1326/3 615/3280/3
f 645/1327/127 596/1329/127 644/3281/127
f 561/1330/371 604/1332/372 601/3282/373
f 603/1333/118 565/1335/118 605/3283/118
f 569/1336/111 602/1338/111 562/3284/111
f 647/1339/374 598/1341/374 599/3285/374
f 648/1342/3 601/1344/3 649/3286/3
f 602/1345/5 647/1347/5 599/3287/5
f 603/1348/5 652/1350/5 604/3288/5
f 598/1351/3 653/1353/3 605/3289/3
f 606/1354/133 655/1356/133 607/3290/133
f 600/1357/133 656/1359/133 608/3291/133
f 608/1360/5 654/1362/5 606/3292/5
f 655/1363/3 609/1365/3 607/3293/3
f 658/1366/134 611/1368/134 610/3294/134
f 660/1369/135 613/1371/135 661/3295/135
f 663/1372/375 614/1374/375 615/3296/375
f 665/1375/138 667/1377/138 666/3297/138
f 668/1378/139 665/1380/139 669/3298/139
f 671/1381/140 668/1383/140 669/3299/140
f 666/1384/141 670/1386/141 671/3300/141
f 669/1387/3 666/1389/3 671/3301/3
f 673/1390/142 675/1392/142 674/3302/142
f 676/1393/143 674/1395/143 677/3303/143
f 678/1396/140 677/1398/140 679/3304/140
f 678/1399/376 675/1401/376 672/3305/376
f 678/1402/3 673/1404/3 676/3306/3
f 681/1405/145 683/1407/145 682/3307/145
f 685/1408/146 680/1410/146 681/3308/146
f 686/1411/147 685/1413/147 687/3309/147
f 682/1414/148 686/1416/148 687/3310/148
f 681/1417/3 687/1419/3 685/3311/3
f 680/1420/5 686/1422/5 683/3312/5
f 611/1423/3 688/1425/3 640/3313/3
f 642/1426/5 689/1428/5 641/3314/5
f 643/1429/149 689/1431/149 691/3315/149
f 640/1432/149 690/1434/149 642/3316/149
f 644/1435/3 660/1437/3 692/3317/3
f 614/1438/5 661/1440/5 613/3318/5
f 610/1441/5 693/1443/5 658/3319/5
f 615/1444/3 691/1446/3 663/3320/3
f 693/1447/135 644/1449/135 692/3321/135
f 601/1450/377 652/1452/377 649/3322/378
f 603/1453/152 653/1455/152 651/3323/152
f 602/1456/153 657/1458/153 650/3324/153
f 695/1459/379 646/1461/380 647/3325/381
f 696/1462/3 649/1464/3 697/3326/3
f 650/1465/5 695/1467/5 647/3327/5
f 651/1468/5 700/1470/5 652/3328/5
f 646/1471/3 701/1473/3 653/3329/3
f 654/1474/155 703/1476/155 655/3330/155
f 648/1477/156 704/1479/156 656/3331/156
f 656/1480/5 702/1482/5 654/3332/5
f 703/1483/3 657/1485/3 655/3333/3
f 706/1486/7 708/1488/7 707/3334/7
f 709/1487/7 711/1489/7 710/3335/7
f 712/1490/7 714/1492/7 713/1494/7
f 716/1493/7 713/1494/7 717/3336/7
f 712/1490/7 708/1488/7 709/1487/7
f 719/1495/157 721/1497/157 720/3337/157
f 722/1498/158 720/1500/158 723/3338/158
f 722/1501/159 725/1503/159 724/3339/159
f 718/1504/160 725/1506/160 721/3340/160
f 722/1507/3 718/1509/3 719/3341/3
f 727/1510/161 729/1512/161 728/3342/161
f 730/1513/162 727/1515/162 731/3343/162
f 733/1516/163 730/1518/163 731/3344/163
f 729/1519/164 733/1521/164 728/3345/164
f 727/1522/3 733/1524/3 731/3346/3
f 726/1525/5 732/1527/5 729/3347/5
f 649/1528/382 700/1530/382 697/3348/382
f 699/1531/167 653/1533/167 701/3349/167
f 650/1534/156 705/1536/156 698/3350/156
f 735/1537/187 694/1539/383 695/3351/383
f 736/1540/3 697/1542/3 737/3352/3
f 698/1543/5 735/1545/5 695/3353/5
f 699/1546/5 740/1548/5 700/3354/5
f 694/1549/3 741/1551/3 701/3355/3
f 702/1552/169 743/1554/169 703/3356/169
f 696/1555/169 744/1557/169 704/3357/169
f 704/1558/5 742/1560/5 702/3358/5
f 743/1561/3 705/1563/3 703/3359/3
f 746/1564/170 748/1566/170 747/3360/170
f 750/1567/171 752/1569/171 751/3361/171
f 755/1570/384 757/1572/384 756/3362/384
f 759/1573/173 761/1575/173 760/3363/173
f 762/1576/174 759/1578/174 763/3364/174
f 765/1579/175 762/1581/175 763/3365/175
f 761/1582/176 765/1584/176 760/3366/176
f 763/1585/3 760/1587/3 765/3367/3
f 767/1588/173 769/1590/173 768/3368/173
f 767/1591/177 771/1593/177 770/3369/177
f 770/1594/175 773/1596/175 772/3370/175
f 766/1597/178 773/1599/178 769/3371/178
f 772/1600/3 767/1602/3 770/3372/3
f 775/1603/179 777/1605/179 776/3373/179
f 778/1606/180 775/1608/180 779/3374/180
f 781/1609/181 778/1611/181 779/3375/181
f 777/1612/182 781/1614/182 776/3376/182
f 779/1615/3 776/1617/3 781/3377/3
f 778/1618/5 777/1620/5 774/3378/5
f 748/1621/3 783/1623/3 782/3379/3
f 784/1624/5 786/1626/5 785/3380/5
f 788/1627/183 786/1629/183 789/3381/183
f 784/1630/183 783/1632/183 787/3382/183
f 790/1633/3 750/1635/3 791/3383/3
f 757/1636/5 751/1638/5 752/3384/5
f 747/1639/5 793/1641/5 746/3385/5
f 756/1642/3 789/1644/3 755/3386/3
f 793/1645/184 790/1647/184 791/3387/184
f 697/1648/385 740/1650/386 737/3388/386
f 739/1651/187 701/1653/187 741/3389/187
f 698/1654/169 745/1656/169 738/3390/169
f 795/1657/387 734/1659/387 735/3391/387
f 796/1660/3 737/1662/3 797/3392/3
f 738/1663/5 795/1665/5 735/3393/5
f 739/1666/5 800/1668/5 740/3394/5
f 734/1669/3 801/1671/3 741/3395/3
f 742/1672/190 803/1674/190 743/3396/190
f 796/1675/190 744/1677/190 736/3397/190
f 744/1678/5 802/1680/5 742/3398/5
f 803/1681/3 745/1683/3 743/3399/3
f 746/1684/191 807/1686/191 749/3400/191
f 808/1687/192 751/1689/192 809/3401/192
f 811/1690/388 754/1692/388 755/3402/388
f 813/1693/194 815/1695/194 814/3403/194
f 816/1696/195 813/1698/195 817/3404/195
f 819/1699/196 816/1701/196 817/3405/196
f 814/1702/197 818/1704/197 819/3406/197
f 813/1705/3 819/1707/3 817/3407/3
f 821/1708/198 823/1710/198 822/3408/198
f 821/1711/199 825/1713/199 824/3409/199
f 826/1714/196 825/1716/196 827/3410/196
f 820/1717/200 827/1719/200 823/3411/200
f 824/1720/3 820/1722/3 821/3412/3
f 829/1723/201 831/1725/201 830/3413/201
f 833/1726/202 828/1728/202 829/3414/202
f 835/1729/203 832/1731/203 833/3415/203
f 830/1732/204 834/1734/204 835/3416/204
f 829/1735/3 835/1737/3 833/3417/3
f 828/1738/5 834/1740/5 831/3418/5
f 749/1741/3 836/1743/3 783/3419/3
f 787/1744/5 837/1746/5 786/3420/5
f 789/1747/191 837/1749/191 839/3421/191
f 787/1750/191 836/1752/191 838/3422/191
f 791/1753/3 808/1755/3 840/3423/3
f 754/1756/5 809/1758/5 751/3424/5
f 746/1759/5 841/1761/5 806/3425/5
f 755/1762/3 839/1764/3 811/3426/3
f 841/1765/192 791/1767/192 840/3427/192
f 737/1768/389 800/1770/390 797/3428/391
f 739/1771/207 801/1773/207 799/3429/207
f 738/1774/190 805/1776/190 798/3430/190
f 843/1777/392 794/1779/228 795/3431/393
f 844/1780/3 797/1782/3 845/3432/3
f 798/1783/5 843/1785/5 795/3433/5
f 799/1786/5 848/1788/5 800/3434/5
f 794/1789/3 849/1791/3 801/3435/3
f 850/1792/209 803/1794/209 802/3436/209
f 844/1795/209 804/1797/209 796/3437/209
f 804/1798/5 850/1800/5 802/3438/5
f 851/1801/3 805/1803/3 803/3439/3
f 806/1804/210 855/1806/210 807/3440/210
f 856/1807/211 809/1809/211 857/3441/211
f 859/1810/394 810/1812/394 811/3442/394
f 861/1813/213 863/1815/213 862/3443/213
f 864/1816/214 861/1818/214 865/3444/214
f 867/1819/215 864/1821/215 865/3445/215
f 862/1822/216 866/1824/216 867/3446/216
f 865/1825/3 862/1827/3 867/3447/3
f 869/1828/213 871/1830/213 870/3448/213
f 872/1831/217 870/1833/217 873/3449/217
f 874/1834/215 873/1836/215 875/3450/215
f 868/1837/395 875/1839/395 871/3451/395
f 874/1840/3 869/1842/3 872/3452/3
f 876/1843/219 878/1845/219 877/3453/219
f 881/1846/220 876/1848/220 877/3454/220
f 883/1849/221 880/1851/221 881/3455/221
f 878/1852/222 882/1854/222 883/3456/222
f 881/1855/3 878/1857/3 883/3457/3
f 880/1858/5 879/1860/5 876/3458/5
f 807/1861/3 884/1863/3 836/3459/3
f 838/1864/5 885/1866/5 837/3460/5
f 837/1867/223 887/1869/223 839/3461/223
f 838/1870/224 884/1872/224 886/3462/224
f 840/1873/3 856/1875/3 888/3463/3
f 810/1876/5 857/1878/5 809/3464/5
f 806/1879/5 889/1881/5 854/3465/5
f 811/1882/3 887/1884/3 859/3466/3
f 889/1885/225 840/1887/225 888/3467/225
f 797/1888/208 848/1890/208 845/3468/208
f 847/1891/229 801/1893/229 849/3469/229
f 798/1894/209 853/1896/209 846/3470/209
f 891/1897/396 842/1899/396 843/3471/396
f 892/1900/3 845/1902/3 893/3472/3
f 846/1903/5 891/1905/5 843/3473/5
f 847/1906/5 896/1908/5 848/3474/5
f 842/1909/3 897/1911/3 849/3475/3
f 898/1912/232 851/1914/232 850/3476/232
f 844/1915/232 900/1917/232 852/3477/232
f 852/1918/5 898/1920/5 850/3478/5
f 899/1921/3 853/1923/3 851/3479/3
f 854/1924/233 903/1926/233 855/3480/233
f 904/1927/234 857/1929/234 905/3481/234
f 907/1930/234 858/1932/234 859/3482/234
f 909/1933/236 911/1935/236 910/3483/236
f 913/1936/237 908/1938/237 909/3484/237
f 915/1939/238 912/1941/238 913/3485/238
f 910/1942/239 914/1944/239 915/3486/239
f 909/1945/3 915/1947/3 913/3487/3
f 917/1948/240 919/1950/240 918/3488/240
f 917/1951/241 921/1953/241 920/3489/241
f 922/1954/238 921/1956/238 923/3490/238
f 916/1957/397 923/1959/397 919/3491/397
f 920/1960/3 916/1962/3 917/3492/3
f 925/1963/243 927/1965/243 926/3493/243
f 929/1966/244 924/1968/244 925/3494/244
f 931/1969/245 928/1971/245 929/3495/245
f 926/1972/246 930/1974/246 931/3496/246
f 925/1975/3 931/1977/3 929/3497/3
f 924/1978/5 930/1980/5 927/3498/5
f 855/1981/3 932/1983/3 884/3499/3
f 886/1984/5 933/1986/5 885/3500/5
f 887/1987/233 933/1989/233 935/3501/233
f 886/1990/233 932/1992/233 934/3502/233
f 888/1993/3 904/1995/3 936/3503/3
f 858/1996/5 905/1998/5 857/3504/5
f 854/1999/5 937/2001/5 902/3505/5
f 859/2002/3 935/2004/3 907/3506/3
f 937/2005/234 888/2007/234 936/3507/234
f 845/2008/398 896/2010/398 893/3508/398
f 895/2011/250 849/2013/250 897/3509/250
f 846/2014/232 901/2016/232 894/3510/232
f 939/2017/399 890/2019/400 891/3511/399
f 940/2020/3 893/2022/3 941/3512/3
f 894/2023/5 939/2025/5 891/3513/5
f 895/2026/5 944/2028/5 896/3514/5
f 890/2029/3 945/2031/3 897/3515/3
f 898/2032/252 947/2034/252 899/3516/252
f 940/2035/252 900/2037/252 892/3517/252
f 900/2038/5 946/2040/5 898/3518/5
f 947/2041/3 901/2043/3 899/3519/3
f 950/2044/254 903/2046/254 902/3520/254
f 952/2047/255 905/2049/255 953/3521/255
f 955/2050/401 906/2052/401 907/3522/401
f 957/2053/257 959/2055/257 958/3523/257
f 961/2056/258 956/2058/258 957/3524/258
f 963/2059/259 960/2061/259 961/3525/259
f 958/2062/260 962/2064/260 963/3526/260
f 957/2065/3 963/2067/3 961/3527/3
f 965/2068/257 967/2070/257 966/3528/257
f 968/2071/260 966/2073/260 969/3529/260
f 968/2074/259 971/2076/259 970/3530/259
f 964/2077/261 971/2079/261 967/3531/261
f 968/2080/3 964/2082/3 965/3532/3
f 973/2083/262 975/2085/262 974/3533/262
f 976/2086/261 973/2088/261 977/3534/261
f 978/2089/263 977/2091/263 979/3535/263
f 974/2092/260 978/2094/260 979/3536/260
f 973/2095/3 979/2097/3 977/3537/3
f 972/2098/5 978/2100/5 975/3538/5
f 903/2101/3 980/2103/3 932/3539/3
f 934/2104/5 981/2106/5 933/3540/5
f 935/2107/265 981/2109/265 983/3541/265
f 934/2110/265 980/2112/265 982/3542/265
f 936/2113/264 952/2115/264 984/3543/264
f 906/2116/5 953/2118/5 905/3544/5
f 902/2119/402 985/2121/402 950/3545/402
f 907/2122/3 983/2124/3 955/3546/3
f 985/2125/255 936/2127/255 984/3547/255
f 893/2128/403 944/2130/404 941/3548/403
f 943/2131/269 897/2133/269 945/3549/269
f 901/2134/270 942/2136/270 894/3550/270
f 1202/2137/405 938/2139/405 939/3551/405
f 986/2140/272 941/2142/272 1200/3552/272
f 942/2143/273 1202/2145/273 939/3553/273
f 943/2146/273 988/2148/273 944/3554/273
f 938/2149/406 989/2151/406 945/3555/406
f 946/2152/274 990/2154/274 947/3556/274
f 940/2155/407 991/2157/407 948/3557/407
f 948/2158/273 1199/2160/273 946/3558/273
f 990/2161/272 949/2163/272 947/3559/272
f 950/2164/408 1221/2166/408 951/3560/408
f 1222/2167/409 953/2169/409 1219/3561/409
f 1217/2170/410 954/2172/410 955/3562/410
f 995/2173/277 997/2175/277 996/3563/277
f 999/2176/278 994/2178/278 995/3564/278
f 1001/2179/279 998/2181/279 999/3565/279
f 996/2182/280 1000/2184/280 1001/3566/280
f 999/2185/3 996/2187/3 1001/3567/3
f 1003/2188/277 1005/2190/277 1004/3568/277
f 1006/2191/281 1004/2193/281 1007/3569/281
f 1006/2194/279 1009/2196/279 1008/3570/279
f 1002/2197/411 1009/2199/411 1005/3571/411
f 1008/2200/3 1003/2202/3 1006/3572/3
f 1011/2203/283 1013/2205/283 1012/3573/283
f 1015/2206/282 1010/2208/282 1011/3574/282
f 1016/2209/284 1015/2211/284 1017/3575/284
f 1012/2212/285 1016/2214/285 1017/3576/285
f 1015/2215/3 1012/2217/3 1017/3577/3
f 1014/2218/5 1013/2220/5 1010/3578/5
f 951/2221/412 1018/2223/412 980/3579/412
f 982/2224/291 1019/2226/291 981/3580/291
f 983/2227/413 1019/2229/413 1020/3581/413
f 982/2230/288 1018/2232/288 1218/3582/288
f 984/2233/286 1222/2235/414 1224/3583/286
f 954/2236/415 1219/2238/415 953/3584/415
f 950/2239/287 1223/2241/287 992/3585/287
f 955/2242/416 1020/2244/416 1217/3586/416
f 1223/2245/293 984/2247/292 1224/3587/293
f 941/2248/271 988/2250/271 1200/3588/271
f 943/2251/271 989/2253/271 1201/3589/271
f 949/2254/274 987/2256/274 942/3590/274
f 1021/2260/3 1/220/3 152/2377/3
f 1023/2262/3 1025/2264/3 1024/2265/3
f 1023/2262/3 1027/2266/3 1026/3591/3
f 1028/2267/5 131/216/5 1029/2374/5
f 1030/2268/5 1032/2270/5 1031/2271/5
f 1031/2271/5 1035/2272/5 1034/3592/5
f 1036/2273/6 2/214/6 1028/2370/6
f 1038/2275/6 1030/2277/6 1031/2279/6
f 1039/2278/6 1031/2279/6 1034/3593/6
f 1029/2280/6 155/211/6 1021/2366/6
f 1033/2282/6 1023/2284/6 1032/2286/6
f 1035/2285/6 1023/2284/6 1026/3594/6
f 1040/2287/3 154/207/3 159/2361/3
f 1042/2288/3 1044/2290/3 1043/2291/3
f 1042/2288/3 1046/2292/3 1045/3595/3
f 158/2293/5 132/204/5 161/2358/5
f 1047/2294/5 1049/2296/5 1048/2297/5
f 1048/2297/5 1052/2298/5 1051/3596/5
f 1054/2299/4 1052/2301/4 1049/2353/4
f 714/2302/4 161/276/4 160/275/4
f 1048/2304/4 1046/2306/4 1043/2350/4
f 158/272/4 709/2308/4 159/273/4
f 153/2309/5 156/196/5 1055/2346/5
f 1057/2311/5 1059/2313/5 1058/2314/5
f 1057/2311/5 1061/2315/5 1060/3597/5
f 157/2316/3 1036/2317/3 160/2341/3
f 1037/2318/3 1054/2320/3 1062/3598/3
f 1054/2320/3 1039/2321/3 1053/3599/3
f 156/188/4 1040/2323/4 1055/2337/4
f 1059/2324/4 1042/2326/4 1058/2327/4
f 1058/2327/4 1045/2328/4 1061/3600/4
f 1060/2329/6 1024/2331/6 1057/2333/6
f 707/2332/6 153/269/6 706/3601/6
f 1057/2333/6 1025/2334/6 1056/2335/6
f 1056/2335/6 1064/2336/6 1063/3602/6
f 1055/2337/4 710/2338/4 711/3603/4
f 1066/2339/4 1041/2325/4 1059/2324/4
f 160/2341/3 713/2342/3 714/3604/3
f 1068/2343/3 1037/2318/3 1062/3598/3
f 706/2345/5 1055/2346/5 711/3605/5
f 1056/2312/5 1066/2348/5 1059/2313/5
f 1047/2349/4 1043/2350/4 1044/2352/4
f 1069/2351/4 1044/2352/4 1070/3606/4
f 1054/2299/4 1050/2354/4 1062/2356/4
f 1068/2355/4 1050/2354/4 1071/3607/4
f 712/2357/5 161/2358/5 715/3608/5
f 1069/2359/5 1050/2295/5 1047/2294/5
f 1040/2287/3 709/2362/3 710/3609/3
f 1065/2363/3 1044/2290/3 1041/2289/3
f 716/2365/6 1021/2366/6 708/3610/6
f 1033/2282/6 1073/2368/6 1022/2283/6
f 713/2369/6 1028/2370/6 717/3611/6
f 1037/2276/6 1074/2372/6 1030/2277/6
f 717/2373/5 1029/2374/5 716/3612/5
f 1074/2375/5 1033/2269/5 1030/2268/5
f 1021/2260/3 707/2378/3 708/3613/3
f 1022/2263/3 1064/2380/3 1025/2264/3
f 1067/2381/1 1072/2383/1 1074/3614/1
f 1068/2382/1 1069/2385/1 1072/2383/1
f 1063/2386/1 1073/2388/1 1070/2390/1
f 1066/2389/1 1070/2390/1 1065/3615/1
f 1069/2385/1 1073/2388/1 1072/2383/1
f 688/2391/417 658/2393/417 693/2394/417
f 693/2394/418 660/2396/418 688/2391/418
f 660/2396/297 690/2398/419 688/2391/297
f 661/2397/420 663/2400/421 690/2398/422
f 691/2401/423 690/2398/424 663/2400/425
f 1076/2403/7 1078/2405/7 1077/3616/7
f 1076/2406/4 1080/2408/4 1079/3617/4
f 1081/2409/1 1080/2411/1 1082/3618/1
f 1075/2412/6 1082/2414/6 1078/3619/6
f 1079/2415/3 1075/2417/3 1076/3620/3
f 479/2418/426 506/2420/426 516/2423/426
f 485/2421/427 516/2423/427 506/2420/427
f 506/2420/308 484/2425/428 485/2421/308
f 484/2425/429 488/2426/430 489/3621/431
f 508/2424/432 512/2428/433 488/2426/434
f 1026/2429/7 1060/2431/7 1061/2432/7
f 1061/2432/7 1046/2434/7 1026/2429/7
f 1026/2429/7 1051/2435/7 1035/2440/7
f 1051/2435/7 1053/2437/7 1039/2438/7
f 1039/2438/7 1035/2440/7 1051/2435/7
f 1084/2441/317 1086/2443/317 1085/3622/317
f 1088/2444/318 1083/2446/318 1084/3623/318
f 1090/2447/319 1087/2449/319 1088/3624/319
f 1085/2450/320 1089/2452/320 1090/3625/320
f 1084/2453/3 1090/2455/3 1088/3626/3
f 1113/2470/1 1115/2472/1 1114/3627/1
f 1117/2473/4 1112/2475/4 1113/3628/4
f 1118/2476/7 1117/2478/7 1119/3629/7
f 1114/2479/6 1118/2481/6 1119/3630/6
f 1113/2482/3 1119/2484/3 1117/3631/3
f 1121/2485/1 1123/2487/1 1122/3632/1
f 1127/2488/6 1122/2490/6 1124/3633/6
f 1125/2491/7 1124/2493/7 1126/3634/7
f 1120/2494/4 1126/2496/4 1123/3635/4
f 1125/2501/3 1121/2503/3 1127/3636/3
f 1132/2504/1 1134/2506/1 1133/3637/1
f 1136/2507/4 1131/2509/4 1132/3638/4
f 1137/2510/7 1136/2512/7 1138/3639/7
f 1134/2513/6 1138/2515/6 1133/3640/6
f 1132/2516/3 1138/2518/3 1136/3641/3
f 1131/2519/5 1137/2521/5 1134/3642/5
f 1096/2523/6 8/98/6 14/71/6
f 11/2525/5 1096/2527/5 14/3643/5
f 1094/2528/6 7/2530/6 1100/2500/6
f 1092/2531/6 3/2533/6 1093/3644/6
f 1094/2534/5 3/2536/5 18/3645/5
f 8/2537/3 1100/2539/3 7/72/3
f 17/74/4 1099/2498/4 4/73/4
f 16/65/4 1095/2463/4 15/3646/4
f 1095/2540/5 17/67/5 15/66/5
f 1150/2544/1 1141/2546/1 1140/3647/1
f 1151/2547/4 1139/2549/4 1150/3648/4
f 1144/2550/7 1142/2552/7 1151/3649/7
f 1140/2553/6 1143/2555/6 1144/3650/6
f 1151/2556/3 1140/2558/3 1144/3651/3
f 1153/2559/1 1146/2561/1 1145/3652/1
f 1152/2562/6 1145/2564/6 1147/3653/6
f 1148/2565/7 1147/2567/7 1149/3654/7
f 1148/2568/4 1146/2570/4 1154/3655/4
f 1102/2459/3 22/2571/3 1092/3656/3
f 1152/2572/3 1154/2574/3 1153/3657/3
f 1156/2575/1 1158/2577/1 1157/3658/1
f 1160/2578/4 1155/2580/4 1156/3659/4
f 1162/2581/7 1159/2583/7 1160/3660/7
f 1157/2584/6 1161/2586/6 1162/3661/6
f 1160/2587/3 1157/2589/3 1162/3662/3
f 1159/2590/5 1158/2592/5 1155/3663/5
f 1164/2593/323 1130/2594/6 1166/3664/435
f 1111/2595/4 1192/2597/4 1110/3665/4
f 1128/2598/3 1167/2600/3 1106/3666/3
f 1163/2601/436 1129/2602/5 1164/3667/437
f 1108/2259/4 1169/2604/4 1105/2257/4
f 1103/2605/4 1168/2607/4 1128/3668/4
f 1169/2608/5 1103/2610/5 1105/3669/5
f 1192/2611/3 1108/2613/3 1110/2468/3
f 1165/2614/6 1104/2258/6 1197/3670/6
f 1167/2616/6 1107/2456/6 1106/2458/6
f 1196/2618/5 1104/2457/5 1107/3671/5
f 1165/2620/3 1130/2464/3 1109/2466/3
f 1193/2622/1 1172/2624/1 1171/3672/1
f 1194/2625/4 1170/2627/4 1193/3673/4
f 1174/2628/7 1194/2630/7 1175/3674/7
f 1171/2631/6 1174/2633/6 1175/3675/6
f 1193/2634/3 1175/2636/3 1194/3676/3
f 1176/2637/1 1178/2639/1 1177/3677/1
f 1188/2640/6 1177/2642/6 1179/3678/6
f 1180/2643/7 1179/2645/7 1181/3679/7
f 1190/2646/4 1181/2648/4 1178/3680/4
f 1187/2649/1 1189/2651/1 1183/3681/1
f 1185/2652/4 1182/2654/4 1187/3682/4
f 1182/2655/5 1186/2657/5 1189/3683/5
f 1180/2658/3 1176/2660/3 1188/3684/3
f 1191/2661/7 1184/2663/7 1185/3685/7
f 1183/2664/6 1186/2666/6 1191/3686/6
f 1187/2667/3 1191/2669/3 1185/3687/3
f 987/2670/325 1206/2672/325 1205/3688/325
f 1208/2673/326 1205/2675/326 1206/3689/326
f 1209/2676/326 1207/2674/326 1210/3690/326
f 1212/2677/326 1214/2679/326 1213/3691/326
f 1215/2680/326 1211/2678/326 1216/3692/326
f 1207/2674/326 1211/2678/326 1212/2677/326
f 1209/2681/327 1204/2683/327 1202/3693/327
f 1214/2684/3 986/2686/3 1200/3694/3
f 987/2687/5 1209/2689/5 1202/3695/5
f 1212/2690/327 989/2692/327 1207/3696/327
f 1214/2693/327 988/2695/327 1213/3697/327
f 1201/2696/5 1213/2698/5 988/3698/5
f 1204/2699/3 1207/2701/3 989/3699/3
f 1199/2702/325 1208/2704/325 990/3700/325
f 986/2705/325 1216/2707/325 991/3701/325
f 991/2708/5 1211/2710/5 1199/3702/5
f 990/2711/3 1206/2713/3 1203/3703/3
f 992/2714/327 1226/2716/327 1221/3704/327
f 1227/2717/326 1228/2719/326 1225/2722/326
f 1230/2720/326 1225/2722/326 1228/2719/326
f 1232/2723/326 1234/2725/326 1233/2727/326
f 1235/2726/326 1233/2727/326 1236/3705/326
f 1233/2727/326 1230/2720/326 1228/2719/326
f 1223/2728/325 1229/2730/325 1227/3706/325
f 1235/2731/3 1220/2733/3 1232/3707/3
f 992/2734/5 1227/2736/5 1225/3708/5
f 1233/2737/325 1222/2739/325 1219/3709/325
f 1235/2740/325 993/2742/325 1217/3710/325
f 1219/2743/5 1236/2745/5 1233/3711/5
f 1224/2746/3 1228/2748/3 1229/3712/3
f 1218/2749/327 1230/2751/327 1234/3713/327
f 1220/2752/327 1231/2754/327 1232/3714/327
f 1019/2755/5 1234/2757/5 1231/3715/5
f 1018/2758/3 1226/2760/3 1230/3716/3
f 1238/2761/328 1240/2763/328 1239/3717/328
f 1242/2764/325 1237/2766/325 1238/3718/325
f 1244/2767/326 1241/2769/326 1242/3719/326
f 1239/2770/327 1243/2772/327 1244/3720/327
f 1242/2773/3 1239/2775/3 1244/3721/3
f 1246/2776/328 1248/2778/328 1247/3722/328
f 1249/2779/327 1247/2781/327 1250/3723/327
f 1251/2782/326 1250/2784/326 1252/3724/326
f 1245/2785/325 1252/2787/325 1248/3725/325
f 1249/2788/3 1245/2790/3 1246/3726/3
f 1254/2791/328 1256/2793/328 1255/3727/328
f 1257/2794/325 1254/2796/325 1258/3728/325
f 1260/2797/326 1257/2799/326 1258/3729/326
f 1255/2800/327 1259/2802/327 1260/3730/327
f 1258/2803/3 1255/2805/3 1260/3731/3
f 1262/2806/328 1264/2808/328 1263/3732/328
f 1262/2809/327 1266/2811/327 1265/3733/327
f 1267/2812/326 1266/2814/326 1268/3734/326
f 1261/2815/325 1268/2817/325 1264/3735/325
f 1265/2818/3 1261/2820/3 1262/3736/3
f 1270/2821/328 1272/2823/328 1271/3737/328
f 1273/2824/325 1270/2826/325 1274/3738/325
f 1276/2827/326 1273/2829/326 1274/3739/326
f 1271/2830/327 1275/2832/327 1276/3740/327
f 1274/2833/3 1271/2835/3 1276/3741/3
f 1278/2836/328 1280/2838/328 1279/3742/328
f 1281/2839/325 1278/2841/325 1282/3743/325
f 1284/2842/326 1281/2844/326 1282/3744/326
f 1279/2845/327 1283/2847/327 1284/3745/327
f 1282/2848/3 1279/2850/3 1284/3746/3
f 1269/2851/5 1275/2853/5 1272/3747/5
f 1277/2854/5 1283/2856/5 1280/3748/5
